id	conversation_id	created_at	date	time	timezone	user_id	username	name	place	tweet	language	mentions	urls	photos	replies_count	retweets_count	likes_count	hashtags	cashtags	link	retweet	quote_url	video	thumbnail	near	geo	source	user_rt_id	user_rt	retweet_id	reply_to	retweet_date	translate	trans_src	trans_dest
252084202755993601	252084202755993601	2012-09-30 01:35:32 KST	2012-09-30	01:35:32	+0900	22185437	dallasmavs	Dallas Mavericks		It's beginning to look a lot like Basketball Season!  @ American Airlines Center  http://t.co/uVa4c6bk	en	[]	['http://instagr.am/p/QKoXCqx16k/']	[]	6	95	27	[]	[]	https://twitter.com/dallasmavs/status/252084202755993601	False		0								[]				
251983514524848129	251983514524848129	2012-09-29 18:55:26 KST	2012-09-29	18:55:26	+0900	262316297	slangwise	Shawn Langlois		American Airlines and RIM - two of 10 waffling brands that may disappear in 2013  http://t.co/Z71PunB3 $RIMM	en	[]	['http://on.mktw.net/SsAoUX']	[]	3	68	14	[]	['rimm']	https://twitter.com/slangwise/status/251983514524848129	False		0								[]				
250973533080010753	250973533080010753	2012-09-27 00:02:07 KST	2012-09-27	00:02:07	+0900	22836731	moneyish	Moneyish		How to capitalize on flight delays: A guide for American Airlines passengers -- or anyone stuck at the airport.  http://t.co/DJtvjh1L	en	[]	['http://on.mktw.net/QxmqVE']	[]	3	71	49	[]	[]	https://twitter.com/Moneyish/status/250973533080010753	False		0								[]				
250796943175995393	250796943175995393	2012-09-26 12:20:25 KST	2012-09-26	12:20:25	+0900	69491538	marksalling	Mark Salling		I tweeted something I meant to dm to @americanair cuz they wanted my flight info for a voucher and I appreciate it, SAWrry followers, love u	en	[{'screen_name': 'americanair', 'name': 'americanair', 'id': '22536055'}]	[]	[]	76	116	157	[]	[]	https://twitter.com/MarkSalling/status/250796943175995393	False		0								[]				
250333951888076801	250333951888076801	2012-09-25 05:40:39 KST	2012-09-25	05:40:39	+0900	69491538	marksalling	Mark Salling		4 hour delay on American Airlines after having to get off the plane we just boarded and the rude employees won't tell us anything. Help	en	[]	[]	[]	259	169	160	[]	[]	https://twitter.com/MarkSalling/status/250333951888076801	False		0								[]				
250298969576579072	250298969576579072	2012-09-25 03:21:39 KST	2012-09-25	03:21:39	+0900	5988062	theeconomist	The Economist		The Senate unanimously passed a bill to shield American airlines from an EU law requiring them to buy emissions credits  http://t.co/vy0wimhy	en	[]	['http://econ.st/QPxrza']	[]	6	109	24	[]	[]	https://twitter.com/TheEconomist/status/250298969576579072	False		0								[]				
250147859314397184	250147859314397184	2012-09-24 17:21:11 KST	2012-09-24	17:21:11	+0900	34738598	mirandalambert	Miranda Lambert		@Americanair please don't leave me in Dallas. I'm trying to get to Nashville to play the opry! Stuck at LAX. Gotta make it. #delayed	en	[]	[]	[]	10	11	22	['delayed']	[]	https://twitter.com/mirandalambert/status/250147859314397184	False		0								[]				
249981406296567808	249981406296567808	2012-09-24 06:19:46 KST	2012-09-24	06:19:46	+0900	84763870	dangheesling	Dan Gheesling		Just touched down in Michigan. Thank you @AmericanAir for getting @cgheesling and I home safely. #NoPlaceLikeHome	en	[{'screen_name': 'americanair', 'name': 'americanair', 'id': '22536055'}, {'screen_name': 'cgheesling', 'name': 'chelsea gheesling', 'id': '19398004'}]	[]	[]	72	18	70	['noplacelikehome']	[]	https://twitter.com/DanGheesling/status/249981406296567808	False		0								[]				
249650786039119872	249650786039119872	2012-09-23 08:26:00 KST	2012-09-23	08:26:00	+0900	2890961	gizmodo	Gizmodo		American Airlines is really keen on tablets. First pilots with iPads, now flight attendants with Galaxy Notes.  http://t.co/N6BTCpAq	en	[]	['http://gizmo.do/IgcQeL']	[]	6	56	18	[]	[]	https://twitter.com/Gizmodo/status/249650786039119872	False		0								[]				
249558710534422528	249558710534422528	2012-09-23 02:20:07 KST	2012-09-23	02:20:07	+0900	14511951	huffpost	HuffPost		Marco Rubio takes on American Airlines in Twitter rant   http://t.co/VN8gWDqh	en	[]	['http://huff.to/UpfwUN']	[]	4	13	10	[]	[]	https://twitter.com/HuffPost/status/249558710534422528	False		0								[]				
249314257840267265	249314257840267265	2012-09-22 10:08:45 KST	2012-09-22	10:08:45	+0900	15745368	marcorubio	Marco Rubio		Since I am going off on #AmericanAirlines tonight, let me say pilots and flight attendants they have are top notch. #nottheirfault	en	[]	[]	[]	36	37	15	['americanairlines', 'nottheirfault']	[]	https://twitter.com/marcorubio/status/249314257840267265	False		0								[]				
249311270329806851	249311270329806851	2012-09-22 09:56:53 KST	2012-09-22	09:56:53	+0900	35909599	iamsafaree	@IAMSAFAREE		American airlines is the worst airline in the world!!! Im not surprised they on strike.. Yall suck!!!	en	[]	[]	[]	31	58	27	[]	[]	https://twitter.com/IAMSAFAREE/status/249311270329806851	False		0								[]				
249307572174196736	249307572174196736	2012-09-22 09:42:11 KST	2012-09-22	09:42:11	+0900	15745368	marcorubio	Marco Rubio		Trying to get to DC for early morning votes tonight but let's just say this has not been the best week in American Airlines history.	en	[]	[]	[]	33	54	16	[]	[]	https://twitter.com/marcorubio/status/249307572174196736	False		0								[]				
249095327578210304	249095327578210304	2012-09-21 19:38:48 KST	2012-09-21	19:38:48	+0900	69491538	marksalling	Mark Salling		So my original flight is canceled from lack of crew? then new crappy 2 leg flights delayed then 2nd leg is delayed.  AmericanAirlines #fail	en	[]	[]	[]	137	218	160	['fail']	[]	https://twitter.com/MarkSalling/status/249095327578210304	False		0								[]				
248441662630674432	248441662630674432	2012-09-20 00:21:22 KST	2012-09-20	00:21:22	+0900	759251	cnn	CNN		American Airlines cancels 250 flights as pilots call in sick, unhappy with their labor contract:  http://t.co/2DX00FFP	en	[]	['http://on.cnn.com/Rwz5Vh']	[]	16	393	25	[]	[]	https://twitter.com/CNN/status/248441662630674432	False		0								[]				
248421578126270464	248421578126270464	2012-09-19 23:01:34 KST	2012-09-19	23:01:34	+0900	3108351	wsj	The Wall Street Journal		WSJ's Scott McCartney says pilot feud has made American Airlines too unreliable, advises against booking:  http://t.co/nbzEDODS	en	[]	['http://on.wsj.com/SB0OnU']	[]	4	61	11	[]	[]	https://twitter.com/WSJ/status/248421578126270464	False		0								[]				
248159013009768448	248159013009768448	2012-09-19 05:38:13 KST	2012-09-19	05:38:13	+0900	6017542	breakingnews	Breaking News		American Airlines to cut more than 1,400 jobs; majority at Miami International Airport - @MiamiHerald  http://t.co/mUTW30lR	en	[{'screen_name': 'miamiherald', 'name': 'miami herald', 'id': '14085040'}]	['http://hrld.us/PEClxE']	[]	10	233	18	[]	[]	https://twitter.com/BreakingNews/status/248159013009768448	False		0								[]				
247881536505016320	247881536505016320	2012-09-18 11:15:38 KST	2012-09-18	11:15:38	+0900	17019152	steveaoki	Steve Aoki		las vegaaaaaaas! im almost landing on ur heads @americanair flying me into u very soon! @XSlasvegas #dimmakmondays boom!	en	[{'screen_name': 'americanair', 'name': 'americanair', 'id': '22536055'}, {'screen_name': 'xslasvegas', 'name': 'xs las vegas', 'id': '32706726'}]	[]	[]	8	15	15	['dimmakmondays']	[]	https://twitter.com/steveaoki/status/247881536505016320	False		0								[]				
247749027624529920	247749027624529920	2012-09-18 02:29:05 KST	2012-09-18	02:29:05	+0900	36987043	brianpuspos	Brian Puspos		Wifi in flight is the only thing 'American Airlines' is good for. #starallianceallday	en	[]	[]	[]	4	15	23	['starallianceallday']	[]	https://twitter.com/BrianPuspos/status/247749027624529920	False		0								[]				
247576947876577281	247576947876577281	2012-09-17 15:05:18 KST	2012-09-17	15:05:18	+0900	36690579	reba	Reba		If ur flying American airlines in the next few days u'd better ck ur flights. Pilots r in contract negotiations w American Airlines.	en	[]	[]	[]	30	83	20	[]	[]	https://twitter.com/reba/status/247576947876577281	False		0								[]				
247472495488294913	247472495488294913	2012-09-17 08:10:15 KST	2012-09-17	08:10:15	+0900	462156189	coltondixon	Colton Dixon		American airlines.  You suck.  That is all.	en	[]	[]	[]	159	214	222	[]	[]	https://twitter.com/coltondixon/status/247472495488294913	False		0								[]				
247290527039512576	247290527039512576	2012-09-16 20:07:10 KST	2012-09-16	20:07:10	+0900	462156189	coltondixon	Colton Dixon		American airlines.  Thanks for canceling my flight.  Oh, and thanks for telling me about it. #awesome	en	[]	[]	[]	68	106	127	['awesome']	[]	https://twitter.com/coltondixon/status/247290527039512576	False		0								[]				
247045922633170945	247045922633170945	2012-09-16 03:55:12 KST	2012-09-16	03:55:12	+0900	177345928	cmpunk	player/coach		Nothing ruins a day quite like @AmericanAir	en	[{'screen_name': 'americanair', 'name': 'americanair', 'id': '22536055'}]	[]	[]	133	152	88	[]	[]	https://twitter.com/CMPunk/status/247045922633170945	False		0								[]				
246054700108111872	246054700108111872	2012-09-13 10:16:26 KST	2012-09-13	10:16:26	+0900	14614833	passagensaereas	Melhores Destinos		American Airlines tem passagens para Nova York por R$1.411 ida+volta. Vale para a semana do Black Friday  http://t.co/TVoMdzlI	pt	[]	['http://voo.la/n043']	[]	2	38	12	[]	[]	https://twitter.com/passagensaereas/status/246054700108111872	False		0								[]				
245930018428026880	245930018428026880	2012-09-13 02:01:00 KST	2012-09-13	02:01:00	+0900	17067902	karijobe	Kari Jobe		I have officially flown 1 million miles with @AmericanAir ..wow. Does that mean they'll mail me a princess crown or something? 👸 of flying?	en	[{'screen_name': 'americanair', 'name': 'americanair', 'id': '22536055'}]	[]	[]	13	7	28	[]	[]	https://twitter.com/karijobe/status/245930018428026880	False		0								[]				
245868677696733184	245868677696733184	2012-09-12 21:57:15 KST	2012-09-12	21:57:15	+0900	14614833	passagensaereas	Melhores Destinos		American Airlines tem passagens para Nova York por R$1.411 ida+volta. Vale p/ semana do Black Friday  http://t.co/TVoMdzlI	pt	[]	['http://voo.la/n043']	[]	0	48	13	[]	[]	https://twitter.com/passagensaereas/status/245868677696733184	False		0								[]				
245503669083185154	245503669083185154	2012-09-11 21:46:50 KST	2012-09-11	21:46:50	+0900	15458694	huffpostpol	HuffPost Politics		At this moment on Sept. 11, 2001, American Airlines flight 11 slammed into the World Trade Center's North Tower #neverforget	en	[]	[]	[]	4	160	17	['neverforget']	[]	https://twitter.com/HuffPostPol/status/245503669083185154	False		0								[]				
245503315293663232	245503315293663232	2012-09-11 21:45:26 KST	2012-09-11	21:45:26	+0900	17366486	amhistorymuseum	National Museum of American History		9/11/2001, 8:46 AM: American Airlines Flight 11  crashed into the north tower of the World Trade Center:  http://t.co/IyrqHqnJ #Sept11	en	[]	['http://s.si.edu/dC5jW']	[]	3	232	30	['sept11']	[]	https://twitter.com/amhistorymuseum/status/245503315293663232	False		0								[]				
245359571395289088	245359571395289088	2012-09-11 12:14:15 KST	2012-09-11	12:14:15	+0900	819800	cnetnews	CNET News		American Airlines pilots to use iPads for flight manuals  http://t.co/nqaC0hgJ	en	[]	['http://cnet.co/OCkIyY']	[]	3	43	22	[]	[]	https://twitter.com/CNETNews/status/245359571395289088	False		0								[]				
244936725477085184	244936725477085184	2012-09-10 08:14:00 KST	2012-09-10	08:14:00	+0900	9313022	behance	Behance		American Airlines: an experimental identity:  http://t.co/d0HRPZnf	en	[]	['http://on.be.net/Puaj8g']	[]	2	22	21	[]	[]	https://twitter.com/Behance/status/244936725477085184	False		0								[]				
244931633252290560	244931633252290560	2012-09-10 07:53:46 KST	2012-09-10	07:53:46	+0900	139848744	shawnmichaels	Shawn Michaels		Finally on my delayed plane...does @americanair ever run on time anymore?? Nonetheless, eventually will be in the mountains of Colorado!!:-)	en	[{'screen_name': 'americanair', 'name': 'americanair', 'id': '22536055'}]	[]	[]	51	27	16	[]	[]	https://twitter.com/ShawnMichaels/status/244931633252290560	False		0								[]				
243415656203182081	243415656203182081	2012-09-06 03:29:49 KST	2012-09-06	03:29:49	+0900	21133007	onerepublic	ONEREPUBLIC		"Dear @AmericanAirlines. Why do u bother having ""mobile boarding documents"" if they don't actually open on ""mobile devices""? Give it a try"	en	[]	[]	[]	21	28	21	[]	[]	https://twitter.com/OneRepublic/status/243415656203182081	False		0								[]				
243383472863969280	243383472863969280	2012-09-06 01:21:56 KST	2012-09-06	01:21:56	+0900	19299909	postsecret	PostSecret		Bede Vanderhorst - A Teen With Down Syndrome - Was Barred From Flying First Class on American Airlines. (VIDEO)  http://t.co/uRpinf97	en	[]	['http://huff.to/RiNnrH']	[]	11	86	17	[]	[]	https://twitter.com/postsecret/status/243383472863969280	False		0								[]				
243074202020769792	243074202020769792	2012-09-05 04:53:00 KST	2012-09-05	04:53:00	+0900	17454769	glennbeck	Glenn Beck		I am investigating whether I am going to do another hour on @americanair.	en	[{'screen_name': 'americanair', 'name': 'americanair', 'id': '22536055'}]	[]	[]	129	51	21	[]	[]	https://twitter.com/glennbeck/status/243074202020769792	False		0								[]				
243012113830912002	243012113830912002	2012-09-05 00:46:17 KST	2012-09-05	00:46:17	+0900	17454769	glennbeck	Glenn Beck		I hope I am the last person who has to experience this type of treatment on @AmericanAir   http://t.co/jKoUyQ61	en	[{'screen_name': 'americanair', 'name': 'americanair', 'id': '22536055'}]	['http://bit.ly/Q1gEwG']	[]	152	241	48	[]	[]	https://twitter.com/glennbeck/status/243012113830912002	False		0								[]				
243000850778316800	243000850778316800	2012-09-05 00:01:32 KST	2012-09-05	00:01:32	+0900	352145373	whattheffacts	What The F*** Facts		In 1987, $40,000 was saved by the American Airlines company solely due to there being one less olive in each salad served in first-class!	en	[]	[]	[]	9	697	135	[]	[]	https://twitter.com/WhatTheFFacts/status/243000850778316800	False		0								[]				
242628857507766276	242628857507766276	2012-09-03 23:23:22 KST	2012-09-03	23:23:22	+0900	14614833	passagensaereas	Melhores Destinos		American Airlines e Delta fazem promoção para Miami a partir de R$ 710 (ida e volta)  http://t.co/1q2ljkWL	pt	[]	['http://ow.ly/dqosA']	[]	2	67	14	[]	[]	https://twitter.com/passagensaereas/status/242628857507766276	False		0								[]				
242334809953812480	242334809953812480	2012-09-03 03:54:55 KST	2012-09-03	03:54:55	+0900	85391668	ken_y_official	KEN-Y		Waiting for the flight !!!  @ American Airlines - Admirals Club MIA  http://t.co/nAQ5agtf	en	[]	['http://instagr.am/p/PFW2u_TJY5/']	[]	16	50	24	[]	[]	https://twitter.com/ken_y_official/status/242334809953812480	False		0								[]				
