id	conversation_id	created_at	date	time	timezone	user_id	username	name	place	tweet	language	mentions	urls	photos	replies_count	retweets_count	likes_count	hashtags	cashtags	link	retweet	quote_url	video	thumbnail	near	geo	source	user_rt_id	user_rt	retweet_id	reply_to	retweet_date	translate	trans_src	trans_dest
263422294628630528	263422294628630528	2012-10-31 08:29:03 KST	2012-10-31	08:29:03	+0900	46816296	mollyamcgrath	Molly McGrath		Surprised at how empty American Airlines Arena is right now with the ring ceremony/banner raising just minutes away. #Celticstalk	en	[]	[]	[]	21	56	14	['celticstalk']	[]	https://twitter.com/MollyAMcGrath/status/263422294628630528	False		0								[]				
263393303427420160	263393303427420160	2012-10-31 06:33:51 KST	2012-10-31	06:33:51	+0900	46816296	mollyamcgrath	Molly McGrath		On the way to American Airlines Arena with the team...less than 3 hours until the Celtics open the season against the Heat!! #celticstalk	en	[]	[]	[]	8	18	12	['celticstalk']	[]	https://twitter.com/MollyAMcGrath/status/263393303427420160	False		0								[]				
263391034615140353	263391034615140353	2012-10-31 06:24:50 KST	2012-10-31	06:24:50	+0900	19923144	nba	NBA		Don't miss the ceremony on TNT tonight! RT @MiamiHeat: The Championship Rings have arrived to AmericanAirlines Arena!  http://t.co/CXaOQ2nE	en	[{'screen_name': 'miamiheat', 'name': 'miami heat', 'id': '11026952'}]	['http://instagr.am/p/Ra96NcEMhG/']	[]	17	273	36	[]	[]	https://twitter.com/NBA/status/263391034615140353	False		0								[]				
263088744041680896	263088744041680896	2012-10-30 10:23:39 KST	2012-10-30	10:23:39	+0900	19786749	iamjonathancook	Jonathan Cook		Front and Center @JustinBieber thanks to my fam! @AlfredoFlores for hookin' @ American Airlines Center  http://t.co/mwTsrcsz	en	[{'screen_name': 'justinbieber', 'name': 'justin bieber', 'id': '27260086'}, {'screen_name': 'alfredoflores', 'name': 'alfredo flores', 'id': '19743731'}]	['http://instagr.am/p/RY0qyzxVTi/']	[]	2	27	17	[]	[]	https://twitter.com/iamjonathancook/status/263088744041680896	False		0								[]				
262990829822570497	262990829822570497	2012-10-30 03:54:34 KST	2012-10-30	03:54:34	+0900	18139461	celtics	Boston Celtics		The Celtics are in town! We turned AmericanAirlines Arena green on Instagram...  http://t.co/9NwGCwUw	en	[]	['http://instagr.am/p/RX4kUamwVT/']	[]	12	365	103	[]	[]	https://twitter.com/celtics/status/262990829822570497	False		0								[]				
258393522749706240	258393522749706240	2012-10-17 11:26:31 KST	2012-10-17	11:26:31	+0900	28628850	greggutfeld	GregGutfeld		candy crowley is like the customer service rep at american airlines.	en	[]	[]	[]	143	333	121	[]	[]	https://twitter.com/greggutfeld/status/258393522749706240	False		0								[]				
257275774682402816	257275774682402816	2012-10-14 09:24:59 KST	2012-10-14	09:24:59	+0900	23151437	kevinhart4real	Kevin Hart		"I'm about to perform In the 2012 NBA Champions House AKA ""American Airlines Arena"" MIAMI it's about to go down....it's Showtime bitches"	en	[]	[]	[]	52	396	179	[]	[]	https://twitter.com/KevinHart4real/status/257275774682402816	False		0								[]				
256754722814447616	256754722814447616	2012-10-12 22:54:30 KST	2012-10-12	22:54:30	+0900	16588111	maxlucado	Max Lucado		"Funny Jay Leno line about American Airlines- ""Your seat is free to move about the cabin."""	en	[]	[]	[]	5	115	19	[]	[]	https://twitter.com/MaxLucado/status/256754722814447616	False		0								[]				
255527960440868864	255527960440868864	2012-10-09 13:39:47 KST	2012-10-09	13:39:47	+0900	15164565	slate	Slate		Here's how American Airlines became so very terrible:  http://t.co/2072qN9x	en	[]	['http://slate.me/Rr7kPc']	[]	2	31	25	[]	[]	https://twitter.com/Slate/status/255527960440868864	False		0								[]				
254613308445970432	254613308445970432	2012-10-07 01:05:17 KST	2012-10-07	01:05:17	+0900	30333898	tom_bergeron	Tom Bergeron		American Airlines admits spilled soda residue dislodged 757 seats. Passengers with Big Gulps now on terrorist watch lists.	en	[]	[]	[]	11	65	16	[]	[]	https://twitter.com/Tom_Bergeron/status/254613308445970432	False		0								[]				
254427774486466561	254427774486466561	2012-10-06 12:48:03 KST	2012-10-06	12:48:03	+0900	205162944	mralanspencer	Alan Spencer		American Airlines is honoring the 50th anniversary of James Bond by offering ejector seats.	en	[]	[]	[]	5	112	28	[]	[]	https://twitter.com/MrAlanSpencer/status/254427774486466561	False		0								[]				
253988401311780865	253988401311780865	2012-10-05 07:42:08 KST	2012-10-05	07:42:08	+0900	48203178	chrisfranjola	Chris Franjola		American Airlines is now using the same seats that they use on The Voice	en	[]	[]	[]	5	22	14	[]	[]	https://twitter.com/ChrisFranjola/status/253988401311780865	False		0								[]				
253567044019183616	253567044019183616	2012-10-04 03:47:49 KST	2012-10-04	03:47:49	+0900	21414413	joan_rivers	Joan Rivers		Just flew in on @AmericanAir. Great flight! My seat wasn’t accidentally “upgraded” into the cockpit, and the seat next to mine was empty.	en	[{'screen_name': 'americanair', 'name': 'americanair', 'id': '22536055'}]	[]	[]	37	55	23	[]	[]	https://twitter.com/Joan_Rivers/status/253567044019183616	False		0								[]				
253425274954321920	253425274954321920	2012-10-03 18:24:28 KST	2012-10-03	18:24:28	+0900	428333	cnnbrk	CNN Breaking News		American Airlines says another flight has experienced loose seats, bringing the total to three flights in a week.  http://t.co/J5J856ay	en	[]	['http://on.cnn.com/UF5b31']	[]	32	342	31	[]	[]	https://twitter.com/cnnbrk/status/253425274954321920	False		0								[]				
253342258580054017	253342258580054017	2012-10-03 12:54:35 KST	2012-10-03	12:54:35	+0900	78194111	chelseaperetti	Chelsea Peretti		Hard to say who is more repeatedly disappointing American Airlines or all people	en	[]	[]	[]	13	49	84	[]	[]	https://twitter.com/chelseaperetti/status/253342258580054017	False		0								[]				
253303647243497473	253303647243497473	2012-10-03 10:21:10 KST	2012-10-03	10:21:10	+0900	78194111	chelseaperetti	Chelsea Peretti		".@AmericanAir HOW YALL DERN? Listen you put my reservation under first name ""PERETTI"" + last name ""CHELSEA"" doesn't that seem lil unlikely"	en	[{'screen_name': 'americanair', 'name': 'americanair', 'id': '22536055'}]	[]	[]	6	8	32	[]	[]	https://twitter.com/chelseaperetti/status/253303647243497473	False		0								[]				
253160563482443777	253160563482443777	2012-10-03 00:52:36 KST	2012-10-03	00:52:36	+0900	759251	cnn	CNN		Delays, flight cancellations and now seats coming loose - the trouble at American Airlines:  http://t.co/or6sPXuZ	en	[]	['http://on.cnn.com/QV21ar']	[]	9	131	20	[]	[]	https://twitter.com/CNN/status/253160563482443777	False		0								[]				
253060399166021634	253060399166021634	2012-10-02 18:14:35 KST	2012-10-02	18:14:35	+0900	15329368	wheezywaiter	Wheezy Waiter		No human should be up this early. Thanks American Airlines! (my dad gets up this early everyday. Thanks for ruining my complaints, dad.)	en	[]	[]	[]	5	5	21	[]	[]	https://twitter.com/wheezywaiter/status/253060399166021634	False		0								[]				
252794062145462272	252794062145462272	2012-10-02 00:36:15 KST	2012-10-02	00:36:15	+0900	15164565	slate	Slate		You seriously have to stop traveling on American Airlines. Seriously:  http://t.co/iIOI2l9l	en	[]	['http://slate.me/QGdAoO']	[]	4	46	18	[]	[]	https://twitter.com/Slate/status/252794062145462272	False		0								[]				
252600740172951552	252600740172951552	2012-10-01 11:48:04 KST	2012-10-01	11:48:04	+0900	14464766	thelittleidiot	moby XⓋX		how american airlines is still in business is a mystery to me. -A Trans-Atlantic Trip Turns Kafkaesque-  http://t.co/fVwvTrs5	en	[]	['http://nyti.ms/OwdWPX']	[]	10	50	13	[]	[]	https://twitter.com/thelittleidiot/status/252600740172951552	False		0								[]				
