id	conversation_id	created_at	date	time	timezone	user_id	username	name	place	tweet	language	mentions	urls	photos	replies_count	retweets_count	likes_count	hashtags	cashtags	link	retweet	quote_url	video	thumbnail	near	geo	source	user_rt_id	user_rt	retweet_id	reply_to	retweet_date	translate	trans_src	trans_dest
1355663614464692224	1355663614464692224	2021-01-31 08:46:07 KST	2021-01-31	08:46:07	+0900	816653	techcrunch	TechCrunch		PepsiCo, the planetary purveyor of sugary drinks, greasy chips, and (weirdly) oatmeal, and hummus is partnering with Beyond Meat  https://t.co/oZxhB52F4U	en	[]	['https://tcrn.ch/2L2SshF']	[]	9	13	61	[]	[]	https://twitter.com/TechCrunch/status/1355663614464692224	False		0								[]				
1355370578413281283	1355370578413281283	2021-01-30 13:21:42 KST	2021-01-30	13:21:42	+0900	19409508	bobbyberk	Bobby Berk		In Your Shoes Podcast Episode 17: Bobby Berk  https://t.co/ugnier7v3Q via @PepsiCo  https://t.co/lNST2hXESI	en	[{'screen_name': 'pepsico', 'name': 'pepsico', 'id': '21346619'}]	['https://youtu.be/yV7LhgKhIvY']	['https://pbs.twimg.com/media/Es8-WutXcAAQlkE.jpg']	0	1	25	[]	[]	https://twitter.com/bobbyberk/status/1355370578413281283	False		1	https://pbs.twimg.com/media/Es8-WutXcAAQlkE.jpg							[]				
1355013374132834305	1355013374132834305	2021-01-29 13:42:17 KST	2021-01-29	13:42:17	+0900	149204568	inessainzg	Inés Sainz 🇲🇽		¡Echa un vistazo al vídeo de Ines Sainz! #TikTok vaya evento!! Más de 20,000 integrantes de la familia #Pepsico   https://t.co/gkdMPh7yhQ	es	[]	['https://vm.tiktok.com/ZMJorvGfh/']	[]	4	8	126	['tiktok', 'pepsico']	[]	https://twitter.com/InesSainzG/status/1355013374132834305	False		0								[]				
1354988398298230784	1354988398298230784	2021-01-29 12:03:03 KST	2021-01-29	12:03:03	+0900	15612015	blackenterprise	Black Enterprise		PepsiCo. and Beyond Meat Form Joint Venture to Introduce Plant-Based Protein Offerings  https://t.co/bhzFvCokbc	en	[]	['https://trib.al/MpehM7B']	[]	0	3	22	[]	[]	https://twitter.com/blackenterprise/status/1354988398298230784	False		0								[]				
1354926363485077505	1354925869312184325	2021-01-29 07:56:33 KST	2021-01-29	07:56:33	+0900	14362404	bradheath	Brad Heath		It actually makes me think of Leonard v. Pepsico, because well pretty much everything does. And if you don't know what that is, I promise you'll enjoy finding out.	en	[]	[]	[]	30	10	192	[]	[]	https://twitter.com/bradheath/status/1354926363485077505	False		0								[]				
1354822123756216333	1354822123756216333	2021-01-29 01:02:20 KST	2021-01-29	01:02:20	+0900	20402945	cnbc	CNBC		Rockstar Energy to air its first-ever Super Bowl ad to introduce new branding under PepsiCo  https://t.co/v5CVx0qPgQ	en	[]	['https://cnb.cx/3orNngj']	[]	3	5	21	[]	[]	https://twitter.com/CNBC/status/1354822123756216333	False		0								[]				
1354810953489993743	1354810953489993743	2021-01-29 00:17:57 KST	2021-01-29	00:17:57	+0900	102700680	davos	World Economic Forum		See the latest updates from Forum business partners at #DavosAgenda @salesforce @Deloitte @MajidAlFuttaim @mastercard @Vista_Equity @Verizon @pwc @PepsiCo @unilever @McKinsey @Huawei @DP_World @infosys @gatesfoundation @stanchart  https://t.co/XNDpP0lHCF  https://t.co/e0iDWGz0eE	en	[{'screen_name': 'salesforce', 'name': 'salesforce', 'id': '33612317'}, {'screen_name': 'deloitte', 'name': 'deloitte', 'id': '8457092'}, {'screen_name': 'majidalfuttaim', 'name': 'majid al futtaim', 'id': '2483305190'}, {'screen_name': 'mastercard', 'name': 'mastercard', 'id': '75014376'}, {'screen_name': 'vista_equity', 'name': 'vista equity partners', 'id': '1179406524705333252'}, {'screen_name': 'verizon', 'name': 'verizon', 'id': '59889953'}, {'screen_name': 'pwc', 'name': 'pwc', 'id': '40937524'}, {'screen_name': 'pepsico', 'name': 'pepsico', 'id': '21346619'}, {'screen_name': 'unilever', 'name': 'unilever #staysafe', 'id': '109224937'}, {'screen_name': 'mckinsey', 'name': 'mckinsey & company', 'id': '34042766'}, {'screen_name': 'huawei', 'name': 'huawei', 'id': '98047213'}, {'screen_name': 'dp_world', 'name': 'dp world', 'id': '159153710'}, {'screen_name': 'infosys', 'name': 'infosys', 'id': '14462907'}, {'screen_name': 'gatesfoundation', 'name': 'gates foundation', 'id': '17899109'}, {'screen_name': 'stanchart', 'name': 'standard chartered', 'id': '58354465'}]	['https://wef.ch/36kUSQd']	['https://pbs.twimg.com/media/Es1BYdDU0AQNZvG.jpg']	5	6	23	['davosagenda']	[]	https://twitter.com/Davos/status/1354810953489993743	False		1	https://pbs.twimg.com/media/Es1BYdDU0AQNZvG.jpg							[]				
1354791344053645313	1354791344053645313	2021-01-28 23:00:01 KST	2021-01-28	23:00:01	+0900	1026414410452152320	ramonlaguarta	Ramon Laguarta		"I’m proud @PepsiCo received a perfect score on the @HRC's Corporate Equality Index and was named a ""Best Place to Work for #LGBTQ Equality.” Whilst we celebrate this recognition today, we remain focused on doing more to promote equality in our workplace.  https://t.co/z0eysjdFVe"	en	[{'screen_name': 'pepsico', 'name': 'pepsico', 'id': '21346619'}, {'screen_name': 'hrc', 'name': 'human rights campaign', 'id': '19608297'}]	[]	[]	5	7	36	['lgbtq']	[]	https://twitter.com/ramonlaguarta/status/1354791344053645313	False		1	https://pbs.twimg.com/ext_tw_video_thumb/1354521380797222918/pu/img/njcs8Zo9QWtUFl6c.jpg							[]				
1354774899684851715	1354774899684851715	2021-01-28 21:54:41 KST	2021-01-28	21:54:41	+0900	102700680	davos	World Economic Forum		Fostering Responsible AI Leadership with @KayFButterfield, @alisonmsnyder, Athina Kanioura (@PepsiCo), C. Vijayakumar (@hcltech), Herman Gref (@sberbank), @yaqinzhang #DavosAgenda  https://t.co/uf6jgyolcK	en	[{'screen_name': 'kayfbutterfield', 'name': 'kayfirth-butterfield', 'id': '217320827'}, {'screen_name': 'alisonmsnyder', 'name': 'alison snyder', 'id': '1503638581'}, {'screen_name': 'pepsico', 'name': 'pepsico', 'id': '21346619'}, {'screen_name': 'hcltech', 'name': 'hcltech', 'id': '15956519'}, {'screen_name': 'sberbank', 'name': 'сбер', 'id': '348305763'}, {'screen_name': 'yaqinzhang', 'name': 'ya-qin zhang', 'id': '33509878'}]	['https://www.pscp.tv/w/cuFaETF3QkVBZHpWcW56alB8MU1ZeE5tRWtwdndKd-ejeh456LLGCOiSDuCEUiT1ToyvxE_ax-17tw6vjz5l']	[]	3	9	24	['davosagenda']	[]	https://twitter.com/Davos/status/1354774899684851715	False		0								[]				
1354729240466386945	1354729240466386945	2021-01-28 18:53:15 KST	2021-01-28	18:53:15	+0900	2825622506	pepsicoindia	PepsiCo		As part of our continued efforts to fight Covid-19, PepsiCo India has partnered with Gurugram Police to further amplify mask compliance in the city. Reusable masks were handed over to the @gurgaonpolice in the presence of Mr. K.K Rao, IPS, Commissioner of Police. @Cmohry  https://t.co/krjE1vky2X	en	[{'screen_name': 'gurgaonpolice', 'name': 'gurugram police', 'id': '2538968462'}, {'screen_name': 'cmohry', 'name': 'cmo haryana', 'id': '2919390704'}]	[]	['https://pbs.twimg.com/media/Esz2lzjVEAMoW6x.jpg']	32	31	213	[]	[]	https://twitter.com/PepsiCoIndia/status/1354729240466386945	False		1	https://pbs.twimg.com/media/Esz2lzjVEAMoW6x.jpg							[]				
1354648405818142720	1354648405818142720	2021-01-28 13:32:02 KST	2021-01-28	13:32:02	+0900	19546277	yahoofinance	Yahoo Finance		PepsiCo, Beyond Meat unveil partnership to bring plant-based snacks, beverages to market  https://t.co/sSjonWJrRD by @BrookeDiPalma  https://t.co/b4T1orCS9A	en	[{'screen_name': 'brookedipalma', 'name': 'brooke dipalma', 'id': '889845194950148096'}]	['https://yhoo.it/3a95Skq']	['https://pbs.twimg.com/media/Esyti7kW4AE62Yc.jpg']	3	2	28	[]	[]	https://twitter.com/YahooFinance/status/1354648405818142720	False		1	https://pbs.twimg.com/media/Esyti7kW4AE62Yc.jpg							[]				
1354476072050581508	1354476072050581508	2021-01-28 02:07:15 KST	2021-01-28	02:07:15	+0900	5120691	wef	World Economic Forum		There's a lot of money going into fintech and other fields, says @PepsiCo's @ramonlaguarta, but not enough into agritech. Large companies and the public sector can help #DavosAgenda  Watch the session here:  https://t.co/n1ZWL2W005  @steve_sedgwick @CNBCi  https://t.co/okvoUK5msg	en	[{'screen_name': 'pepsico', 'name': 'pepsico', 'id': '21346619'}, {'screen_name': 'ramonlaguarta', 'name': 'ramon laguarta', 'id': '1026414410452152320'}, {'screen_name': 'steve_sedgwick', 'name': 'steve sedgwick', 'id': '3029055411'}, {'screen_name': 'cnbci', 'name': 'cnbc international', 'id': '19898168'}]	['https://wef.ch/39lijdQ']	[]	0	12	29	['davosagenda']	[]	https://twitter.com/wef/status/1354476072050581508	False		1	https://pbs.twimg.com/ext_tw_video_thumb/1354475904395866118/pu/img/ooNla-WCIwzXO_iN.jpg							[]				
1354456668168400899	1354456668168400899	2021-01-28 00:50:08 KST	2021-01-28	00:50:08	+0900	201867844	reuterslatam	Reuters Latam		🌱🥤 PepsiCo Inc y Beyond Meat Inc dijeron que formarían una empresa conjunta para desarrollar y vender bocadillos y bebidas a base de proteínas vegetales  https://t.co/sxHaoibgAo	es	[]	[]	[]	0	7	24	[]	[]	https://twitter.com/ReutersLatam/status/1354456668168400899	False		1	https://pbs.twimg.com/amplify_video_thumb/1354403350847041540/img/53iFDU2wjoHs69PP.jpg							[]				
1354441445885812736	1354441445885812736	2021-01-27 23:49:39 KST	2021-01-27	23:49:39	+0900	63805938	dfinanciero	Diario Financiero		Beyond Meat se dispara en Bolsa tras anunciar joint-venture con Pepsico para desarrollar snacks y refrescos de origen vegetal  https://t.co/Ykuo2WpUWB  https://t.co/lNiUVRuKqX	es	[]	['http://ow.ly/XSAl50DjGh3']	['https://pbs.twimg.com/media/EsvxUWHXYAAiimx.jpg']	0	9	39	[]	[]	https://twitter.com/DFinanciero/status/1354441445885812736	False		1	https://pbs.twimg.com/media/EsvxUWHXYAAiimx.jpg							[]				
1354294846631063552	1354294846631063552	2021-01-27 14:07:07 KST	2021-01-27	14:07:07	+0900	816653	techcrunch	TechCrunch		The PLANeT Partnership will combine Beyond Meat’s skills with protein prestidigitation and PepsiCo’s marketing and manufacturing  https://t.co/YeeE0ALq1S	en	[]	['https://tcrn.ch/3clasPD']	[]	2	10	29	[]	[]	https://twitter.com/TechCrunch/status/1354294846631063552	False		0								[]				
1354293054560034818	1354293054560034818	2021-01-27 14:00:00 KST	2021-01-27	14:00:00	+0900	1115874631	cgtnofficial	CGTN		Food industry colossus PepsiCo and faux-burger maker Beyond Meat announced an alliance Tuesday to cook up plant-based snacks  https://t.co/ZmNJln9fL8	en	[]	['https://news.cgtn.com/news/2021-01-27/Pepsi-Beyond-Meat-cook-up-snack-partnership-XnVSnZYTT2/index.html']	[]	1	4	19	[]	[]	https://twitter.com/CGTNOfficial/status/1354293054560034818	False		0								[]				
1354292943574757377	1354292943574757377	2021-01-27 13:59:33 KST	2021-01-27	13:59:33	+0900	15012486	cbsnews	CBS News		Beyond Meat and PepsiCo join forces to create plant-based snacks and drinks  https://t.co/bYayurGSru	en	[]	['https://cbsn.ws/3iO0pn8']	[]	30	30	100	[]	[]	https://twitter.com/CBSNews/status/1354292943574757377	False		0								[]				
1354265507810091019	1354265507810091019	2021-01-27 12:10:32 KST	2021-01-27	12:10:32	+0900	14917589	eleconomista	El Economista		PepsiCo y Beyond Meat se asocian para desarrollar y vender bocadillos y bebidas a base de plantas. 🌱   https://t.co/tSLu1cCSOb	es	[]	['https://www.eleconomista.com.mx/empresas/PepsiCo-y-Beyond-Meat-se-asocian-para-preparar-bocadillos-a-base-a-plantas-20210126-0046.html']	[]	1	10	43	[]	[]	https://twitter.com/eleconomista/status/1354265507810091019	False		0								[]				
1354255304960200706	1354255304960200706	2021-01-27 11:30:00 KST	2021-01-27	11:30:00	+0900	17134268	cbsthismorning	CBS This Morning		Beyond Meat and PepsiCo are creating a joint venture to develop snacks and drinks made from plant-based proteins.  https://t.co/GkbuAXpFD8	en	[]	['https://cbsn.ws/3cr4tJ9']	[]	5	6	31	[]	[]	https://twitter.com/CBSThisMorning/status/1354255304960200706	False		0								[]				
1354247934083280896	1354247934083280896	2021-01-27 11:00:42 KST	2021-01-27	11:00:42	+0900	12480582	adage	Ad Age		PepsiCo and Beyond Meat are forming a joint venture focused on creating, producing and marketing new plant-based snacks and drinks.  https://t.co/8GDNrM7bQ6	en	[]	['http://ow.ly/KmlO50DiZDR']	[]	1	8	24	[]	[]	https://twitter.com/adage/status/1354247934083280896	False		0								[]				
1354244001721962498	1354244001721962498	2021-01-27 10:45:05 KST	2021-01-27	10:45:05	+0900	3108351	wsj	The Wall Street Journal		PepsiCo plans to form a joint venture with imitation-meat maker Beyond Meat to develop snacks and drinks made from plant-based protein  https://t.co/WwtbJwrdLb	en	[]	['https://on.wsj.com/3j0oDeh']	[]	17	39	170	[]	[]	https://twitter.com/WSJ/status/1354244001721962498	False		0								[]				
1354231649257611269	1354231649257611269	2021-01-27 09:56:00 KST	2021-01-27	09:56:00	+0900	20402945	cnbc	CNBC		".@jimcramer is really excited about the new partnership between Beyond Meat and PepsiCo to sell new plant-based snacks and drinks. ""Millennials are being rewarded today,"" he says. Beyond Meat shares soared on the news.  https://t.co/PlXHOlSmd2  https://t.co/3sxft3ymsd"	en	[{'screen_name': 'jimcramer', 'name': 'jim cramer', 'id': '14216123'}]	['https://cnb.cx/3abKECS']	[]	5	5	32	[]	[]	https://twitter.com/CNBC/status/1354231649257611269	False		1	https://pbs.twimg.com/media/Esqk1skXIAYcT07.jpg							[]				
1354217536389320707	1354217536389320707	2021-01-27 08:59:55 KST	2021-01-27	08:59:55	+0900	15012486	cbsnews	CBS News		Beyond Meat and PepsiCo join forces to create plant-based snacks and drinks   https://t.co/PuTP5U0iV8	en	[]	['https://cbsn.ws/39kv3By']	[]	19	21	94	[]	[]	https://twitter.com/CBSNews/status/1354217536389320707	False		0								[]				
1354194421277978625	1354194421277978625	2021-01-27 07:28:04 KST	2021-01-27	07:28:04	+0900	1917731	thehill	The Hill		PepsiCo, Beyond Meat partnering on plant-based snacks and drinks  https://t.co/HdmfdinRDA  https://t.co/VrCLt5saNB	en	[]	['http://hill.cm/ZKmUD2c']	['https://pbs.twimg.com/media/EssQpc8WMAMJw5t.jpg']	15	14	48	[]	[]	https://twitter.com/thehill/status/1354194421277978625	False		1	https://pbs.twimg.com/media/EssQpc8WMAMJw5t.jpg							[]				
1354184083799240716	1354184083799240716	2021-01-27 06:46:59 KST	2021-01-27	06:46:59	+0900	759251	cnn	CNN		Beyond Meat and PepsiCo are combining forces to develop and distribute snacks and drinks made with plant-based protein  https://t.co/bn3yOxu3Tl	en	[]	['https://cnn.it/3qTAxcn']	[]	82	104	868	[]	[]	https://twitter.com/CNN/status/1354184083799240716	False		0								[]				
1354158787163258880	1354158787163258880	2021-01-27 05:06:28 KST	2021-01-27	05:06:28	+0900	3881384261	goodfoodinst	The Good Food Institute		.@PepsiCo and @BeyondMeat have just announced a joint venture—The PLANeT Partnership, LLC—to create and scale new plant-based protein offerings!  @maloneyfiles and @jacobbunge report:  https://t.co/JrTABEHJIp	en	[{'screen_name': 'pepsico', 'name': 'pepsico', 'id': '21346619'}, {'screen_name': 'beyondmeat', 'name': 'beyond meat', 'id': '569714177'}, {'screen_name': 'maloneyfiles', 'name': 'jennifer maloney', 'id': '50371114'}, {'screen_name': 'jacobbunge', 'name': 'jacob bunge', 'id': '491683083'}]	['https://www.wsj.com/articles/pepsico-beyond-meat-form-plant-based-foods-venture-11611685341']	[]	2	20	53	[]	[]	https://twitter.com/GoodFoodInst/status/1354158787163258880	False		0								[]				
1354132484586418176	1354132484586418176	2021-01-27 03:21:57 KST	2021-01-27	03:21:57	+0900	15110357	reutersbiz	Reuters Business		Beyond Meat surges on PepsiCo plant-based snack deal  https://t.co/JuV9iCoGU2  https://t.co/2n4wMv8bU7	en	[]	['http://reut.rs/39hNqHo']	['https://pbs.twimg.com/media/EsrYUWmW8AM__xS.jpg']	1	10	20	[]	[]	https://twitter.com/ReutersBiz/status/1354132484586418176	False		1	https://pbs.twimg.com/media/EsrYUWmW8AM__xS.jpg							[]				
1354129589799419905	1354129589799419905	2021-01-27 03:10:27 KST	2021-01-27	03:10:27	+0900	2883841	enews	E! News		Budweiser, Coca-Cola and PepsiCo. won't be airing commercials during the 2021 #SuperBowl for a very important reason. ❤️  https://t.co/YF5qag49QW  https://t.co/BsYtSJVyTp	en	[]	['https://eonli.ne/3a4PO3o']	['https://pbs.twimg.com/media/EsrVr37XUAI9jik.png']	2	19	122	['superbowl']	[]	https://twitter.com/enews/status/1354129589799419905	False		1	https://pbs.twimg.com/media/EsrVr37XUAI9jik.png							[]				
1354123233528840197	1354123233528840197	2021-01-27 02:45:11 KST	2021-01-27	02:45:11	+0900	12480582	adage	Ad Age		PepsiCo and Beyond Meat are forming a joint venture focused on creating, producing and marketing new plant-based snacks and drinks.  https://t.co/B710gv9DsR	en	[]	['http://ow.ly/YSrO50DiNpi']	[]	2	5	16	[]	[]	https://twitter.com/adage/status/1354123233528840197	False		0								[]				
1354122700441190408	1354122700441190408	2021-01-27 02:43:04 KST	2021-01-27	02:43:04	+0900	7744592	todayshow	TODAY		Beyond Meat, PepsiCo team up to sell plant-based snacks and drinks  https://t.co/IzirlyVJRb	en	[]	['https://on.today.com/3pnazNY']	[]	1	12	40	[]	[]	https://twitter.com/TODAYshow/status/1354122700441190408	False		0								[]				
1354121940898865159	1354121940898865159	2021-01-27 02:40:03 KST	2021-01-27	02:40:03	+0900	1652541	reuters	Reuters		Beyond Meat surges on PepsiCo plant-based snack deal  https://t.co/y8xU0x8bWN  https://t.co/0CJwJP4Sq2	en	[]	['http://reut.rs/3omw546']	['https://pbs.twimg.com/media/EsrOuprXcAEtbXu.jpg']	11	22	110	[]	[]	https://twitter.com/Reuters/status/1354121940898865159	False		1	https://pbs.twimg.com/media/EsrOuprXcAEtbXu.jpg							[]				
1354120751884824576	1354120751884824576	2021-01-27 02:35:20 KST	2021-01-27	02:35:20	+0900	322904764	obviousvc	Obvious Ventures		This quote.   From the Global Chief Commercial Officer.   Of PepsiCo.  The shift is on. 👏🏽👏🏿👏🏻 @BeyondMeat for your leadership!	en	[{'screen_name': 'beyondmeat', 'name': 'beyond meat', 'id': '569714177'}]	[]	[]	1	2	15	[]	[]	https://twitter.com/obviousvc/status/1354120751884824576	False	https://twitter.com/BeyondMeat/status/1354118354697482240	0								[]				
1354120740061196288	1354120740061196288	2021-01-27 02:35:17 KST	2021-01-27	02:35:17	+0900	17469289	nypost	New York Post		Beyond Meat inks deal with PepsiCo for snacks, drinks  https://t.co/05yfnc7DUB  https://t.co/3f9snsLgM9	en	[]	['https://trib.al/AMc7TU8']	['https://pbs.twimg.com/media/EsrNoxRW8AAHKZW.jpg']	21	10	23	[]	[]	https://twitter.com/nypost/status/1354120740061196288	False		1	https://pbs.twimg.com/media/EsrNoxRW8AAHKZW.jpg							[]				
1354118227815591937	1354118227815591937	2021-01-27 02:25:18 KST	2021-01-27	02:25:18	+0900	569714177	beyondmeat	Beyond Meat		Beyond Meat + @PepsiCo are joining forces to inspire positive choices for both people and the planet. #ThePLANeTpartnership  https://t.co/456cJXZeiz	en	[{'screen_name': 'pepsico', 'name': 'pepsico', 'id': '21346619'}]	[]	['https://pbs.twimg.com/media/EsrLWVjUcAACSTq.jpg']	15	64	300	['theplanetpartnership']	[]	https://twitter.com/BeyondMeat/status/1354118227815591937	False		1	https://pbs.twimg.com/media/EsrLWVjUcAACSTq.jpg							[]				
1354113279774355458	1354113279774355458	2021-01-27 02:05:38 KST	2021-01-27	02:05:38	+0900	18949452	ft	Financial Times		Beyond Meat shares surge after launch of joint venture with PepsiCo  https://t.co/WI5yOpvYii	en	[]	['https://on.ft.com/39jBvsw']	[]	4	16	62	[]	[]	https://twitter.com/FT/status/1354113279774355458	False		0								[]				
1354108336782761984	1354108336782761984	2021-01-27 01:46:00 KST	2021-01-27	01:46:00	+0900	20402945	cnbc	CNBC		".@jimcramer is really excited about the new partnership between Beyond Meat and PepsiCo to sell new plant-based snacks and drinks. ""Millennials are being rewarded today,"" he says. Beyond Meat shares soared on the news.   https://t.co/PlXHOlAKOs  https://t.co/f62LW8NXqB"	en	[{'screen_name': 'jimcramer', 'name': 'jim cramer', 'id': '14216123'}]	['https://cnb.cx/3abKECS']	[]	4	8	31	[]	[]	https://twitter.com/CNBC/status/1354108336782761984	False		1	https://pbs.twimg.com/media/Esqk1skXIAYcT07.jpg							[]				
1354106754582372358	1354106754582372358	2021-01-27 01:39:43 KST	2021-01-27	01:39:43	+0900	14940354	nycjim	Jim Roberts		Beyond Meat shares soar 26% as company teams up with PepsiCo to make plant-based snacks and drinks.  https://t.co/VXiMNBZxrd	en	[]	['https://cnb.cx/3qXpOOj']	[]	8	9	29	[]	[]	https://twitter.com/nycjim/status/1354106754582372358	False		0								[]				
1354106637368373249	1354106637368373249	2021-01-27 01:39:15 KST	2021-01-27	01:39:15	+0900	1278852289	tradingnation	Trading Nation		Beyond Meat soars more than 18% today to a 52-week high following the announcement of a new partnership between the plant-based substitute company and PepsiCo. $BYND $PEP  https://t.co/8OTKDYgL0k	en	[]	[]	['https://pbs.twimg.com/media/EsrApFcXEAAHf_k.jpg']	2	6	38	[]	['bynd', 'pep']	https://twitter.com/TradingNation/status/1354106637368373249	False		1	https://pbs.twimg.com/media/EsrApFcXEAAHf_k.jpg							[]				
1354097138687488000	1354097138687488000	2021-01-27 01:01:30 KST	2021-01-27	01:01:30	+0900	2424278232	braziljournal	Brazil Journal		NOVO COMBO. Vai uma Pepsi com ‘carne de planta’ aí? Beyond Meat e PepsiCo criam JV  https://t.co/oRVybccxxR $BYND  https://t.co/6St92AMPfO	pt	[]	['https://bit.ly/3qQWrNu']	['https://pbs.twimg.com/media/Esq3zb8XEAAHdCz.jpg']	0	2	18	[]	['bynd']	https://twitter.com/BrazilJournal/status/1354097138687488000	False		1	https://pbs.twimg.com/media/Esq3zb8XEAAHdCz.jpg							[]				
1354089015683776514	1354089015683776514	2021-01-27 00:29:13 KST	2021-01-27	00:29:13	+0900	27618447	eppman	mike eppel		So, Beyond Meat has spiked 39% in opening trades after announcing a partnership with PepsiCo to develop plant-based snacks.    Er, like Lays potato chips?	en	[]	[]	[]	4	2	26	[]	[]	https://twitter.com/eppman/status/1354089015683776514	False		0								[]				
1354088799979106305	1354088799979106305	2021-01-27 00:28:22 KST	2021-01-27	00:28:22	+0900	201867844	reuterslatam	Reuters Latam		🌱 PepsiCo Inc y Beyond Meat Inc dijeron que formarían una empresa conjunta para desarrollar y vender bocadillos y bebidas a base de proteínas vegetales  https://t.co/jlhiXJ246k	es	[]	[]	['https://pbs.twimg.com/media/EsqwlIvXAAILeDv.jpg']	0	12	37	[]	[]	https://twitter.com/ReutersLatam/status/1354088799979106305	False		1	https://pbs.twimg.com/media/EsqwlIvXAAILeDv.jpg							[]				
1354087471957598210	1354087471957598210	2021-01-27 00:23:05 KST	2021-01-27	00:23:05	+0900	203123011	ctvnews	CTV News		PepsiCo goes Beyond Meat in new partnership  https://t.co/6EigSm0YWs	en	[]	['https://www.ctvnews.ca/business/pepsico-goes-beyond-meat-in-new-partnership-1.5282473']	[]	2	2	21	[]	[]	https://twitter.com/CTVNews/status/1354087471957598210	False		0								[]				
1354077664915689476	1354077664915689476	2021-01-26 23:44:07 KST	2021-01-26	23:44:07	+0900	19546277	yahoofinance	Yahoo Finance		PepsiCo, Beyond Meat unveil partnership to bring plant-based snacks, beverages to market  https://t.co/sSjonWJrRD by @BrookeDiPalma  https://t.co/qbHfoOg5Oi	en	[{'screen_name': 'brookedipalma', 'name': 'brooke dipalma', 'id': '889845194950148096'}]	['https://yhoo.it/3a95Skq']	['https://pbs.twimg.com/media/EsqmdaNXIAgi6Ic.jpg']	0	9	22	[]	[]	https://twitter.com/YahooFinance/status/1354077664915689476	False		1	https://pbs.twimg.com/media/EsqmdaNXIAgi6Ic.jpg							[]				
1354074698074763264	1354074698074763264	2021-01-26 23:32:20 KST	2021-01-26	23:32:20	+0900	26574283	cnbcnow	CNBC Now		Beyond Meat shares soar 37% at the open after company teams up with PepsiCo to make plant-based snacks and drinks  https://t.co/FB3Y8Y8RB7  https://t.co/OlXWPLx88h	en	[]	['https://cnb.cx/2MrvdxQ']	['https://pbs.twimg.com/media/EsqjoWBW8AAlww5.jpg']	9	90	278	[]	[]	https://twitter.com/CNBCnow/status/1354074698074763264	False		1	https://pbs.twimg.com/media/EsqjoWBW8AAlww5.jpg							[]				
1354071480737394690	1354071480737394690	2021-01-26 23:19:33 KST	2021-01-26	23:19:33	+0900	816653	techcrunch	TechCrunch		PepsiCo and Beyond Meat launch poorly named joint venture for new plant-based food and drinks  https://t.co/TPSTZIpAyc by @jshieber	en	[{'screen_name': 'jshieber', 'name': 'jon scriber', 'id': '30783608'}]	['https://tcrn.ch/3iNqEu0']	[]	2	10	43	[]	[]	https://twitter.com/TechCrunch/status/1354071480737394690	False		0								[]				
1354067864051986433	1354067864051986433	2021-01-26 23:05:10 KST	2021-01-26	23:05:10	+0900	1652541	reuters	Reuters		PepsiCo, Beyond Meat partner to develop new plant-based snacks  https://t.co/F44Fgl4lkH  https://t.co/JEHqr0az8g	en	[]	['http://reut.rs/2Mt2YPj']	['https://pbs.twimg.com/media/Esqdi-CWMAAdgIm.jpg']	13	38	158	[]	[]	https://twitter.com/Reuters/status/1354067864051986433	False		1	https://pbs.twimg.com/media/Esqdi-CWMAAdgIm.jpg							[]				
1354066659435278336	1354066659435278336	2021-01-26 23:00:23 KST	2021-01-26	23:00:23	+0900	15110357	reutersbiz	Reuters Business		PepsiCo, Beyond Meat partner to develop new plant-based snacks  https://t.co/bEOFQop5N4  https://t.co/jaUyLI6hmi	en	[]	['http://reut.rs/3t17mG7']	['https://pbs.twimg.com/media/Esqcc2FW4AET2QW.jpg']	0	11	26	[]	[]	https://twitter.com/ReutersBiz/status/1354066659435278336	False		1	https://pbs.twimg.com/media/Esqcc2FW4AET2QW.jpg							[]				
1354064354434555907	1354064354434555907	2021-01-26 22:51:14 KST	2021-01-26	22:51:14	+0900	700784500658208768	cheddar	Cheddar News 🧀		BREAKING: PepsiCo and Beyond Meat are teaming up to make plant-based snacks and drinks. $PEP $BYND  https://t.co/TL6FIPhBxd	en	[]	[]	[]	2	11	28	[]	['pep', 'bynd']	https://twitter.com/cheddar/status/1354064354434555907	False		1	https://pbs.twimg.com/amplify_video_thumb/1354064089018896386/img/3bEB11-onYx_ymOS.jpg							[]				
1354064330929659905	1354064330929659905	2021-01-26 22:51:08 KST	2021-01-26	22:51:08	+0900	39879120	saraeisen	Sara Eisen		PepsiCo and Beyond Meat create a joint venture to develop plant based snacks and drinks, calledThe PLANeT Partnership. $pep $bynd	en	[]	[]	[]	5	19	97	[]	['pep', 'bynd']	https://twitter.com/SaraEisen/status/1354064330929659905	False		0								[]				
1354063393771159552	1354063393771159552	2021-01-26 22:47:25 KST	2021-01-26	22:47:25	+0900	14886375	stocktwits	Stocktwits		PepsiCo and Beyond Meat® Establish The PLANeT Partnership, LLC, a Joint Venture to Introduce New Plant-Based Protein Offerings    $PEP △ 1% PM  $BYND △ 23% PM     Read the press release here:  https://t.co/6hSz4RjRog  https://t.co/Qjt6E8nkgb	en	[]	['https://www.pepsico.com/news/press-release/pepsico-and-beyond-meat-establish-the-planet-partnership-llc-a-joint-venture-to-01262021']	['https://pbs.twimg.com/media/EsqZex6XAAEbjzb.jpg']	4	22	82	[]	['pep', 'bynd']	https://twitter.com/Stocktwits/status/1354063393771159552	False		1	https://pbs.twimg.com/media/EsqZex6XAAEbjzb.jpg							[]				
1354061363048374276	1354061363048374276	2021-01-26 22:39:20 KST	2021-01-26	22:39:20	+0900	569714177	beyondmeat	Beyond Meat		HUGE NEWS 🎉 Beyond Meat is partnering with @PepsiCo to create #ThePLANeTpartnership. Together we’ll be developing snacks + drinks with plant-based protein; today marks an important day in our journey to build a more sustainable food system.   More here:   https://t.co/Tx5Vun8Fk7  https://t.co/GaeVh0kk8O	en	[{'screen_name': 'pepsico', 'name': 'pepsico', 'id': '21346619'}]	['https://bit.ly/2LWbw1B']	['https://pbs.twimg.com/media/EsqXocLU0AMgSBI.jpg']	40	159	643	['theplanetpartnership']	[]	https://twitter.com/BeyondMeat/status/1354061363048374276	False		1	https://pbs.twimg.com/media/EsqXocLU0AMgSBI.jpg							[]				
1354061089726750722	1354061089726750722	2021-01-26 22:38:15 KST	2021-01-26	22:38:15	+0900	1026414410452152320	ramonlaguarta	Ramon Laguarta		I’m delighted to announce that @PepsiCo is joining forces with @BeyondMeat to create #ThePLANeTPartnership. It’s an exciting next step on our journey to build a more sustainable food system. We’re looking forward to creating great things together!  https://t.co/93lJxFsBJk  https://t.co/0nv4G3DcHM	en	[{'screen_name': 'pepsico', 'name': 'pepsico', 'id': '21346619'}, {'screen_name': 'beyondmeat', 'name': 'beyond meat', 'id': '569714177'}]	['http://pepsi.co/3pprCzi']	[]	2	9	52	['theplanetpartnership']	[]	https://twitter.com/ramonlaguarta/status/1354061089726750722	False		1	https://pbs.twimg.com/ext_tw_video_thumb/1354060473835073536/pu/img/4S9Ff_ELJWkgJ8A_.jpg							[]				
1354059915908816898	1354059915908816898	2021-01-26 22:33:35 KST	2021-01-26	22:33:35	+0900	20402945	cnbc	CNBC		Beyond Meat and PepsiCo are teaming up to make plant-based snacks and drinks  https://t.co/hRxsgvhRVS	en	[]	['https://cnb.cx/36glVfh']	[]	16	27	88	[]	[]	https://twitter.com/CNBC/status/1354059915908816898	False		0								[]				
1353937454177259520	1353922243449872385	2021-01-26 14:26:58 KST	2021-01-26	14:26:58	+0900	1191208992556453888	admediainsider	Advertising and Media Insider India		Budweiser isn't the only veteran brand sitting out of the big game. PepsiCo won't be advertising its namesake brand, as it focuses on sponsoring the halftime show.	en	[]	[]	[]	1	17	89	[]	[]	https://twitter.com/admediainsider/status/1353937454177259520	False		0								[]				
1353906808591552512	1353906808591552512	2021-01-26 12:25:12 KST	2021-01-26	12:25:12	+0900	2825622506	pepsicoindia	PepsiCo		PepsiCo India wishes everyone, a very Happy Republic Day. #PepsiCoIndia #72ndRepublicDay  https://t.co/nZ9bq7dO3G	en	[]	[]	[]	1	104	396	['pepsicoindia', '72ndrepublicday']	[]	https://twitter.com/PepsiCoIndia/status/1353906808591552512	False		1	https://pbs.twimg.com/ext_tw_video_thumb/1353905831880744960/pu/img/m6JkSifHJlVkmjC_.jpg							[]				
1353823359335878658	1353823359335878658	2021-01-26 06:53:36 KST	2021-01-26	06:53:36	+0900	1026414410452152320	ramonlaguarta	Ramon Laguarta		It’s an honor to share that @topemployer has named @PepsiCo a Global Top Employer. Thank you to our associates, who continue to build a positive and inclusive culture through their hard work, collaboration and innovation. #TopEmployers2021  https://t.co/MyL1eeXPlY	en	[{'screen_name': 'topemployer', 'name': 'top employers institute', 'id': '138059314'}, {'screen_name': 'pepsico', 'name': 'pepsico', 'id': '21346619'}]	[]	['https://pbs.twimg.com/media/Esm9YsmXAAAOSPK.jpg']	2	9	52	['topemployers2021']	[]	https://twitter.com/ramonlaguarta/status/1353823359335878658	False		1	https://pbs.twimg.com/media/Esm9YsmXAAAOSPK.jpg							[]				
1353358480753606656	1353358480753606656	2021-01-25 00:06:20 KST	2021-01-25	00:06:20	+0900	327553766	jrestrp	Jose Manuel Restrepo		#FelizDomingo Multinacionales como Smurfit Kappa y PepsiCo son un ejemplo de las nuevas inversiones que representarán más oportunidades laborales en el país. @infopresidencia @PROCOLOMBIACO   #CompromisoPorColombia  https://t.co/GApTd9CUOG	es	[{'screen_name': 'infopresidencia', 'name': 'presidencia colombia 🇨🇴', 'id': '312887235'}, {'screen_name': 'procolombiaco', 'name': 'procolombia', 'id': '182845963'}]	['https://forbes.co/2021/01/21/negocios/las-movidas-empresariales-que-marcaran-la-agenda-en-2021/']	[]	2	16	32	['felizdomingo', 'compromisoporcolombia']	[]	https://twitter.com/jrestrp/status/1353358480753606656	False		0								[]				
1352632595213856768	1352632595213856768	2021-01-23 00:01:56 KST	2021-01-23	00:01:56	+0900	1026414410452152320	ramonlaguarta	Ramon Laguarta		At @PepsiCo, we’re committed to creating a better and more equitable workplace by breaking down systemic barriers to entry and advancing women in leadership. Thank you, @CatalystInc, for your partnership and recognition of PepsiCo’s dedication to this journey.  https://t.co/YYrwWBKndf	en	[{'screen_name': 'pepsico', 'name': 'pepsico', 'id': '21346619'}, {'screen_name': 'catalystinc', 'name': 'catalystinc', 'id': '15209862'}]	[]	['https://pbs.twimg.com/media/EsWB-xUW4AU5lfj.jpg']	0	8	31	[]	[]	https://twitter.com/ramonlaguarta/status/1352632595213856768	False		1	https://pbs.twimg.com/media/EsWB-xUW4AU5lfj.jpg							[]				
1352587390842408960	1352587390842408960	2021-01-22 21:02:18 KST	2021-01-22	21:02:18	+0900	2825622506	pepsicoindia	PepsiCo		As part of our continued efforts to combat these challenging times, PepsiCo India provided hygiene kits to sanitation workers in Gurugram, Haryana. Initiative was flagged by Dr Yash Garg, IAS @DC_Gurugram and our NGO partner @smilefoundation. @cmohry @Rao_InderjitS @yash_garg2020  https://t.co/4x6nDwpTCa	en	[{'screen_name': 'dc_gurugram', 'name': 'dc gurugram', 'id': '904450515240599552'}, {'screen_name': 'smilefoundation', 'name': 'smile foundation', 'id': '29157243'}, {'screen_name': 'cmohry', 'name': 'cmo haryana', 'id': '2919390704'}, {'screen_name': 'rao_inderjits', 'name': 'rao inderjit singh', 'id': '2383466154'}, {'screen_name': 'yash_garg2020', 'name': 'dr yash garg', 'id': '1249291120028168193'}]	[]	['https://pbs.twimg.com/media/EsVa8eqUUAU_wbS.jpg']	47	49	262	[]	[]	https://twitter.com/PepsiCoIndia/status/1352587390842408960	False		1	https://pbs.twimg.com/media/EsVa8eqUUAU_wbS.jpg							[]				
1352346592540581891	1352346592540581891	2021-01-22 05:05:27 KST	2021-01-22	05:05:27	+0900	95023423	uberfacts	UberFacts		Ten companies control almost every major food and beverage brand in the world  Nestlé, PepsiCo, Coca-Cola, Unilever, Danone, General Mills, Kellogg's, Mars, Associated British Foods, and Mondelez	en	[]	[]	[]	45	702	3200	[]	[]	https://twitter.com/UberFacts/status/1352346592540581891	False		0								[]				
1352048046499110912	1352048046499110912	2021-01-21 09:19:08 KST	2021-01-21	09:19:08	+0900	53130511	goangelo	Angelo Carusone		If @pepsico means this, then I urge you to reconsider sponsoring Fox News climate misinformation.   As long as you subsidize lies about climate change, then you are cancelling any other efforts you make to address the problem.	en	[{'screen_name': 'pepsico', 'name': 'pepsico', 'id': '21346619'}]	[]	[]	0	19	52	[]	[]	https://twitter.com/GoAngelo/status/1352048046499110912	False	https://twitter.com/ramonlaguarta/status/1349707621079674883	0								[]				
1351524616234283011	1351524616234283011	2021-01-19 22:39:13 KST	2021-01-19	22:39:13	+0900	140149665	invest420	Alan Brochstein, CFA		Cresco Labs Hires PepsiCo Veteran and Supply Chain Expert Ty Gent as Its New Chief Operating Officer  https://t.co/UvoGx7MRVS #cannabis $CRLBF $CL.C	en	[]	['https://www.newcannabisventures.com/cresco-labs-hires-pepsico-veteran-and-supply-chain-expert-ty-gent-as-its-new-chief-operating-officer/']	[]	1	8	52	['cannabis']	['crlbf', 'cl.c']	https://twitter.com/Invest420/status/1351524616234283011	False		0								[]				
1351516056804876295	1351516056804876295	2021-01-19 22:05:12 KST	2021-01-19	22:05:12	+0900	39549428	todd_harrison	Todd Harrison		*Cresco Labs Hires PepsiCo Veteran And Supply Chain Expert Ty Gent As Its New Chief Operating Officer  Gent will be responsible for operational consistency and efficiency across markets and implementation of structural enhancements to facilitate scaling.  /position $CRLBF  https://t.co/vq0Bwu6a7Y	en	[]	[]	['https://pbs.twimg.com/tweet_video_thumb/EsGMsCAXUAAJEts.jpg']	3	5	82	[]	['crlbf']	https://twitter.com/todd_harrison/status/1351516056804876295	False		1	https://pbs.twimg.com/tweet_video_thumb/EsGMsCAXUAAJEts.jpg							[]				
1351503425444392960	1351503425444392960	2021-01-19 21:15:01 KST	2021-01-19	21:15:01	+0900	1854903776	forbeseurope	Forbes Europe		Pepsico's pledge would avoid more than 26 million metric tons of GHG emissions  https://t.co/lZCyIcBKCy	en	[]	['https://buff.ly/3oVDLeZ']	[]	5	5	37	[]	[]	https://twitter.com/ForbesEurope/status/1351503425444392960	False		0								[]				
1350620975830867968	1350620975830867968	2021-01-17 10:48:28 KST	2021-01-17	10:48:28	+0900	33320098	mkt_esportivo	MKTEsportivo		Após 18 anos, LeBron James deixa a Coca-Cola e está próximo de fechar com a PepsiCo. 😱😱😱   https://t.co/BXUMPodvQ1  https://t.co/LK1OpQy9dC	pt	[]	['http://bit.ly/39Tl6dB']	['https://pbs.twimg.com/media/Er5eng7WMAI5OJ8.jpg']	5	2	58	[]	[]	https://twitter.com/mkt_esportivo/status/1350620975830867968	False		1	https://pbs.twimg.com/media/Er5eng7WMAI5OJ8.jpg							[]				
1350587898026979329	1350587898026979329	2021-01-17 08:37:02 KST	2021-01-17	08:37:02	+0900	783719151684685824	climate	Bloomberg Green		PepsiCo pledges to be carbon neutral by 2040, adding to the list of companies that aim to reach net-zero greenhouse gas emissions a decade ahead of scientists’ guidance  https://t.co/uE4wuux8OY	en	[]	['https://trib.al/nVpjq9I']	[]	4	11	53	[]	[]	https://twitter.com/climate/status/1350587898026979329	False		0								[]				
1350549456949833729	1350549456949833729	2021-01-17 06:04:17 KST	2021-01-17	06:04:17	+0900	33320098	mkt_esportivo	MKTEsportivo		ATENÇÃO! 😱🚨  Após 18 anos, LeBron James deixa a Coca-Cola e está próximo de fechar com a PepsiCo.   https://t.co/BXUMPodvQ1  https://t.co/a4Pd1SxMNm	pt	[]	['http://bit.ly/39Tl6dB']	['https://pbs.twimg.com/media/Er4dTGAXAAY15li.jpg']	6	18	263	[]	[]	https://twitter.com/mkt_esportivo/status/1350549456949833729	False		1	https://pbs.twimg.com/media/Er4dTGAXAAY15li.jpg							[]				
1350436940311633925	1350436940311633925	2021-01-16 22:37:11 KST	2021-01-16	22:37:11	+0900	39824565	mmccarthyrev	Michael McCarthy		EXCLUSIVE: LeBron James is leaving @CocaCola after nearly 18 years to sign an endorsement deal with @Pepsico, where he'll pitch @MountainDew energy drink + possibly flagship @pepsi cola brand.   @KingJames first signed with Coke as an 18-year old in 2003.  https://t.co/Gene2XuWx5	en	[{'screen_name': 'cocacola', 'name': 'coca-cola', 'id': '26787673'}, {'screen_name': 'pepsico', 'name': 'pepsico', 'id': '21346619'}, {'screen_name': 'mountaindew', 'name': 'mountain dew®', 'id': '18313840'}, {'screen_name': 'pepsi', 'name': 'pepsi', 'id': '18139619'}, {'screen_name': 'kingjames', 'name': 'lebron james', 'id': '23083404'}]	['https://frontofficesports.com/lebron-james-coke-pepsi/']	[]	7	29	162	[]	[]	https://twitter.com/MMcCarthyREV/status/1350436940311633925	False		0								[]				
1350412489670991872	1350412489670991872	2021-01-16 21:00:01 KST	2021-01-16	21:00:01	+0900	186010542	eurosport_tr	Eurosport TR		17 yıldır Coca-Cola ile işbirliği yapan LeBron James, PepsiCo ile anlaştı. (ESPN)  https://t.co/n6NIfG6tyP	tr	[]	[]	['https://pbs.twimg.com/tweet_video_thumb/Er2KSX7XMAA3phs.jpg']	1	1	47	[]	[]	https://twitter.com/Eurosport_TR/status/1350412489670991872	False		1	https://pbs.twimg.com/tweet_video_thumb/Er2KSX7XMAA3phs.jpg							[]				
1350326835666534401	1350326835666534401	2021-01-16 15:19:40 KST	2021-01-16	15:19:40	+0900	46677640	realgm	RealGM		LeBron James Signs With PepsiCo, Expected To Promote Mountain Dew Brand  https://t.co/kWV0DqkVy7	en	[]	['https://basketball.realgm.com/wiretap/261211/LeBron-James-Signs-With-PepsiCo-Expected-To-Promote-Mountain-Dew-Brand']	[]	7	12	57	[]	[]	https://twitter.com/RealGM/status/1350326835666534401	False		0								[]				
1350225783906775044	1350225783906775044	2021-01-16 08:38:07 KST	2021-01-16	08:38:07	+0900	12480582	adage	Ad Age		LeBron James is parting ways with Coca Cola and is poised to back rival brands from PepsiCo.  https://t.co/Bxd7jWYfFx	en	[]	['http://ow.ly/6xJ350Da4tt']	[]	2	4	17	[]	[]	https://twitter.com/adage/status/1350225783906775044	False		0								[]				
1350178199335038978	1350178199335038978	2021-01-16 05:29:02 KST	2021-01-16	05:29:02	+0900	39824565	mmccarthyrev	Michael McCarthy		EXCLUSIVE: Le Bron James is switching teams in the Cola Wars. @KingJames is nearing a big endorsement deal with @Pepsico's @Mountain Dew brand after pitching arch-rival @CocaCola's @Sprite + @POWERADE since 2003. Full story @FOS.  https://t.co/Gene2XuWx5	en	[{'screen_name': 'kingjames', 'name': 'lebron james', 'id': '23083404'}, {'screen_name': 'pepsico', 'name': 'pepsico', 'id': '21346619'}, {'screen_name': 'mountain', 'name': 'mingli yuan', 'id': '2952081'}, {'screen_name': 'cocacola', 'name': 'coca-cola', 'id': '26787673'}, {'screen_name': 'sprite', 'name': 'sprite', 'id': '90665957'}, {'screen_name': 'powerade', 'name': 'powerade', 'id': '194616949'}, {'screen_name': 'fos', 'name': 'front office sports', 'id': '2710946063'}]	['https://frontofficesports.com/lebron-james-coke-pepsi/']	[]	22	46	187	[]	[]	https://twitter.com/MMcCarthyREV/status/1350178199335038978	False		0								[]				
1350174998464520193	1350174998464520193	2021-01-16 05:16:19 KST	2021-01-16	05:16:19	+0900	39824565	mmccarthyrev	Michael McCarthy		BREAKING: LeBron James is nearing an endorsement deal with @PepsiCo after nearly 18 years of pitching @Sprite for arch-rival @CocaCola, sources tell @fos.   @KingJames is poised to become the face of the planned 'Rise' energy drink from @mountaindew.     https://t.co/Gene2XuWx5	en	[{'screen_name': 'pepsico', 'name': 'pepsico', 'id': '21346619'}, {'screen_name': 'sprite', 'name': 'sprite', 'id': '90665957'}, {'screen_name': 'cocacola', 'name': 'coca-cola', 'id': '26787673'}, {'screen_name': 'fos', 'name': 'front office sports', 'id': '2710946063'}, {'screen_name': 'kingjames', 'name': 'lebron james', 'id': '23083404'}, {'screen_name': 'mountaindew', 'name': 'mountain dew®', 'id': '18313840'}]	['https://frontofficesports.com/lebron-james-coke-pepsi/']	[]	10	32	136	[]	[]	https://twitter.com/MMcCarthyREV/status/1350174998464520193	False		0								[]				
1350172299727679488	1350172299727679488	2021-01-16 05:05:35 KST	2021-01-16	05:05:35	+0900	20657163	byajperez	A.J. Perez		EXCLUSIVE: @KingJames set to ink deal with PepsiCo after a long-running sponsorship with Coca-Cola, @FOS has learned. James, whose deal with Coke ended in September, will be the face of Mountain Dew’s upcoming “Rise Energy” line.  https://t.co/INRvq5xTU4	en	[{'screen_name': 'kingjames', 'name': 'lebron james', 'id': '23083404'}, {'screen_name': 'fos', 'name': 'front office sports', 'id': '2710946063'}]	['https://frontofficesports.com/lebron-james-coke-pepsi/']	[]	4	14	43	[]	[]	https://twitter.com/byajperez/status/1350172299727679488	False		0								[]				
1350056607640678401	1350056607640678401	2021-01-15 21:25:52 KST	2021-01-15	21:25:52	+0900	2511399482	jon_banner1	Jon Banner		Proud of @PepsiCo doing its part to tackle the climate crisis. #climateambition	en	[{'screen_name': 'pepsico', 'name': 'pepsico', 'id': '21346619'}]	[]	[]	3	3	33	['climateambition']	[]	https://twitter.com/jon_banner1/status/1350056607640678401	False	https://twitter.com/climate/status/1349791147611320322	0								[]				
1350055042515050496	1350055042515050496	2021-01-15 21:19:39 KST	2021-01-15	21:19:39	+0900	122324271	e4mtweets	exchange4media group		Thanking all the agencies, corporates and individuals for the overwhelming response to the #IPRCCA 2020.   @AdfactorsPR @value_360 @mediamantrapr @FirstPartners_ @RuderFinn @avianWE @PepsiCo @KaizzenComm @GodrejGroup @GenesisBCW @SPAGAsia @NewsX @PRCAIndia @theemavericks  https://t.co/Ep7eyNvt5r	en	[{'screen_name': 'adfactorspr', 'name': 'adfactors pr', 'id': '3183873386'}, {'screen_name': 'value_360', 'name': 'value360', 'id': '1110692856'}, {'screen_name': 'mediamantrapr', 'name': 'media mantra', 'id': '3071302974'}, {'screen_name': 'firstpartners_', 'name': 'first partners', 'id': '752435825837690880'}, {'screen_name': 'ruderfinn', 'name': 'ruder finn', 'id': '138128358'}, {'screen_name': 'avianwe', 'name': 'avian we', 'id': '973820444'}, {'screen_name': 'pepsico', 'name': 'pepsico', 'id': '21346619'}, {'screen_name': 'kaizzencomm', 'name': 'kaizzen', 'id': '2376772087'}, {'screen_name': 'godrejgroup', 'name': 'godrej group', 'id': '59023329'}, {'screen_name': 'genesisbcw', 'name': 'genesisbcw', 'id': '194477234'}, {'screen_name': 'spagasia', 'name': 'spag', 'id': '1391340638'}, {'screen_name': 'newsx', 'name': 'newsx', 'id': '23405846'}, {'screen_name': 'prcaindia', 'name': 'prcai', 'id': '2726133270'}, {'screen_name': 'theemavericks', 'name': 'the mavericks', 'id': '977461765872132096'}]	[]	['https://pbs.twimg.com/media/ErxMym3VEAUcS_3.jpg']	2	3	16	['iprcca']	[]	https://twitter.com/e4mtweets/status/1350055042515050496	False		1	https://pbs.twimg.com/media/ErxMym3VEAUcS_3.jpg							[]				
1350045334572064768	1350045334572064768	2021-01-15 20:41:05 KST	2021-01-15	20:41:05	+0900	1731554581	aloksharma_rdg	Alok Sharma		Brilliant news from @PepsiCo, which has committed to #netzero emissions by 2040 🌍  On the road to #COP26 we need all sectors to put #ClimateAction at the heart of their plans, with workable and sustainable solutions to tackle their impact on the climate   https://t.co/Z9zSUxINrd	en	[{'screen_name': 'pepsico', 'name': 'pepsico', 'id': '21346619'}]	['https://www.businessgreen.com/news/4025807/pepsico-serves-net-zero-2040-goal']	[]	11	27	99	['netzero', 'cop26', 'climateaction']	[]	https://twitter.com/AlokSharma_RDG/status/1350045334572064768	False		0								[]				
1350008984019857410	1350008984019857410	2021-01-15 18:16:38 KST	2021-01-15	18:16:38	+0900	912618938672013312	brutindia	Brut India		On the day she became the president of PepsiCo, this is what Indra Nooyi was told: “Let the news wait, can you go out and get some milk?”  https://t.co/KY0Xqb7oN0	en	[]	[]	[]	2	37	143	[]	[]	https://twitter.com/BrutIndia/status/1350008984019857410	False		1	https://pbs.twimg.com/amplify_video_thumb/1350008578539745286/img/X7hHltBw4WPWE_B2.jpg							[]				
1349989947827236864	1349989947827236864	2021-01-15 17:00:59 KST	2021-01-15	17:00:59	+0900	2470236906	mountaindewph	Mountain Dew PH		Climate action can’t wait. Mountain Dew is proud to be part of PepsiCo’s accelerated journey to get there faster – We encourage you to read more about here to see why our #ClimateAmbition is not just exciting, but necessary:  https://t.co/ykgDANbiTD #PepsiCoProud  https://t.co/SfmQPQrHg8	en	[]	['https://bit.ly/3bGx1xR']	[]	0	42	101	['climateambition', 'pepsicoproud']	[]	https://twitter.com/MountainDewPH/status/1349989947827236864	False		1	https://pbs.twimg.com/ext_tw_video_thumb/1349989871281168385/pu/img/TA0Zb0D8cD6d3wyT.jpg							[]				
1349791147611320322	1349791147611320322	2021-01-15 03:51:02 KST	2021-01-15	03:51:02	+0900	783719151684685824	climate	Bloomberg Green		PepsiCo pledges to be carbon neutral by 2040, adding to the list of companies that aim to reach net-zero greenhouse gas emissions a decade ahead of scientists’ guidance  https://t.co/d2CuUvTyi7	en	[]	['https://trib.al/9h19j2Y']	[]	3	5	23	[]	[]	https://twitter.com/climate/status/1349791147611320322	False		0								[]				
1349747107897466882	1349747107897466882	2021-01-15 00:56:02 KST	2021-01-15	00:56:02	+0900	34713362	business	Bloomberg		PepsiCo pledges to be carbon neutral by 2040, adding to the list of companies that aim to reach net-zero greenhouse gas emissions a decade ahead of scientists’ guidance  https://t.co/V0wrGoue8c	en	[]	['https://trib.al/Q2YK0MS']	[]	5	20	98	[]	[]	https://twitter.com/business/status/1349747107897466882	False		0								[]				
1349727839722102787	1349727839722102787	2021-01-14 23:39:28 KST	2021-01-14	23:39:28	+0900	18139619	pepsi	Pepsi		We're getting ahead of our goals, because climate action can't wait. We're proud to be part of @PepsiCo's accelerated climate journey⬇️ #PepsiCoProud #ClimateAmbition	en	[{'screen_name': 'pepsico', 'name': 'pepsico', 'id': '21346619'}]	[]	[]	23	20	127	['pepsicoproud', 'climateambition']	[]	https://twitter.com/pepsi/status/1349727839722102787	False	https://twitter.com/PepsiCo/status/1349718030813683713	0								[]				
1349718720697036805	1349718720697036805	2021-01-14 23:03:14 KST	2021-01-14	23:03:14	+0900	102700680	davos	World Economic Forum		Fighting climate change: @PepsiCo has unveiled an ambitious new target to cut carbon emissions by more than 40% by 2030 — more than doubling its previous climate goal. Read more via our live Partner updates:  https://t.co/EdVmdD66Wi	en	[{'screen_name': 'pepsico', 'name': 'pepsico', 'id': '21346619'}]	['https://www.weforum.org/partners/live-updates#pepsico-ups-the-ante-on-climate-action']	[]	2	8	30	[]	[]	https://twitter.com/Davos/status/1349718720697036805	False		0								[]				
1349707621079674883	1349707621079674883	2021-01-14 22:19:07 KST	2021-01-14	22:19:07	+0900	1026414410452152320	ramonlaguarta	Ramon Laguarta		Companies have a responsibility to help make urgent systemic changes to address climate change. To do our part, @PepsiCo is doubling down on our climate goal and pledges to achieve net-zero emissions by 2040:  https://t.co/p4yy5E7JkY #climateambition  https://t.co/4qlcfyAisW	en	[{'screen_name': 'pepsico', 'name': 'pepsico', 'id': '21346619'}]	['http://pepsi.co/3nIlBfo']	[]	344	221	1790	['climateambition']	[]	https://twitter.com/ramonlaguarta/status/1349707621079674883	False		1	https://pbs.twimg.com/ext_tw_video_thumb/1349707159030927361/pu/img/dt8KIbK2TNBpaV7h.jpg							[]				
1349676090277720070	1349676090277720070	2021-01-14 20:13:50 KST	2021-01-14	20:13:50	+0900	2735591	fastcompany	Fast Company		PepsiCo says it will reach net-zero emissions by 2040  https://t.co/9K4ulC0U34	en	[]	['http://f-st.co/hv919AB']	[]	1	9	28	[]	[]	https://twitter.com/FastCompany/status/1349676090277720070	False		0								[]				
1349467886251864065	1349467886251864065	2021-01-14 06:26:30 KST	2021-01-14	06:26:30	+0900	1026414410452152320	ramonlaguarta	Ramon Laguarta		I am really proud of the launch of @bublywater drops for @SodaStreamUSA, a partnership between two beloved @PepsiCo brands that offers consumers another sustainable way to enjoy their favorite bubly flavors at home. Even @MichaelBuble is excited! Watch below.  https://t.co/EiH9iP4nFq	en	[{'screen_name': 'bublywater', 'name': 'bublywater', 'id': '922883114933899264'}, {'screen_name': 'sodastreamusa', 'name': 'sodastream usa', 'id': '29654606'}, {'screen_name': 'pepsico', 'name': 'pepsico', 'id': '21346619'}, {'screen_name': 'michaelbuble', 'name': 'michael bublé', 'id': '27911944'}]	[]	[]	1	7	44	[]	[]	https://twitter.com/ramonlaguarta/status/1349467886251864065	False		1	https://pbs.twimg.com/ext_tw_video_thumb/1349466038149263362/pu/img/SMU_xMtq2cNWtCAs.jpg							[]				
1349290371243716608	1349290371243716608	2021-01-13 18:41:07 KST	2021-01-13	18:41:07	+0900	17579431	spignal	Stanley Pignal		"Carrefour has been approached to be taken over by Couche-Tard, a Canadian group. Will be interesting to see if French authorities step in to keep Carrefour ""French"". Remember when Danone was identified as a ""strategic"" company to fend off PepsiCo?"	en	[]	[]	[]	6	20	51	[]	[]	https://twitter.com/spignal/status/1349290371243716608	False		0								[]				
1349158834099662852	1349158834099662852	2021-01-13 09:58:26 KST	2021-01-13	09:58:26	+0900	18510558	el_bid	Banco Interamericano de Desarrollo		Las alianzas público-privadas son clave para el desarrollo. Hoy lanzamos con @PepsiCo y @IDB_Lab, el Fondo de Agricultura de Nueva Generación para fomentar soluciones que benefician a las comunidades y a las mujeres en nuestra región. @ramonlaguarta @p_santilli  https://t.co/f7ZTFhM7To	es	[{'screen_name': 'pepsico', 'name': 'pepsico', 'id': '21346619'}, {'screen_name': 'idb_lab', 'name': 'idb lab', 'id': '95332670'}, {'screen_name': 'ramonlaguarta', 'name': 'ramon laguarta', 'id': '1026414410452152320'}, {'screen_name': 'p_santilli', 'name': 'paula santilli', 'id': '284217133'}]	[]	['https://pbs.twimg.com/media/ErksvlfXcAAoy6F.jpg']	0	9	24	[]	[]	https://twitter.com/el_BID/status/1349158834099662852	False		1	https://pbs.twimg.com/media/ErksvlfXcAAoy6F.jpg							[]				
1348709894627667973	1348709894627667973	2021-01-12 04:14:31 KST	2021-01-12	04:14:31	+0900	30205586	adweek	Adweek		When @RAGHAVANA was recruited for the @WBA_Global role, she wasn't looking to become a CMO yet. Hear the networking tips that got her to brands like @Unilever, @PepsiCo, her unique view of the CMO role, and how she began her career in a recession.  https://t.co/3fCxQK7y2u	en	[{'screen_name': 'raghavana', 'name': 'anisha raghavan', 'id': '38370918'}, {'screen_name': 'wba_global', 'name': 'walgreens boots alliance', 'id': '1232029446326099970'}, {'screen_name': 'unilever', 'name': 'unilever #staysafe', 'id': '109224937'}, {'screen_name': 'pepsico', 'name': 'pepsico', 'id': '21346619'}]	['https://adweek.it/2XsIV66']	[]	1	4	22	[]	[]	https://twitter.com/Adweek/status/1348709894627667973	False		0								[]				
1348671357953822721	1348671357953822721	2021-01-12 01:41:23 KST	2021-01-12	01:41:23	+0900	183279521	scottminerd	Scott Minerd		Three more cheers for @PepsiCo for providing another 34k bottles of water to help save the lives of those on the streets of LA with #Covid.  Thank you again @PepsiCo from the Union Rescue Mission @URM and from me.  https://t.co/6nW7xQr92r	en	[{'screen_name': 'pepsico', 'name': 'pepsico', 'id': '21346619'}, {'screen_name': 'pepsico', 'name': 'pepsico', 'id': '21346619'}, {'screen_name': 'urm', 'name': 'union rescue mission', 'id': '15322063'}]	[]	['https://pbs.twimg.com/media/ErdxYPKW8AAh5_T.jpg', 'https://pbs.twimg.com/media/ErdxYQsXUAE5EcZ.jpg']	14	10	120	['covid']	[]	https://twitter.com/ScottMinerd/status/1348671357953822721	False		1	https://pbs.twimg.com/media/ErdxYPKW8AAh5_T.jpg							[]				
1348616046555648001	1348616046555648001	2021-01-11 22:01:36 KST	2021-01-11	22:01:36	+0900	20562637	businessinsider	Business Insider		PepsiCo salaries revealed: Here's how much e-commerce experts, designers, data engineers, and others make at the beverage giant that's looking to fill hundreds of open positions  https://t.co/2ZikINgQoQ	en	[]	['http://www.businessinsider.com/how-much-engineers-designers-and-other-employees-at-pepsico-make-2021-1']	[]	1	3	19	[]	[]	https://twitter.com/BusinessInsider/status/1348616046555648001	False		0								[]				
1348563185310302209	1348563185310302209	2021-01-11 18:31:33 KST	2021-01-11	18:31:33	+0900	4472406382	ralfduemmel	Ralf Dümmel		Was für eine Erfolgsgeschichte. 😱 #airup konnte den Jahresumsatz aus 2020 verzehnfachen! Nun gibt es weitere Investoren @FiveSeasonsVC und @PepsiCo - willkommen an Bord. 🚀  https://t.co/K6b7B7drIp	de	[{'screen_name': 'fiveseasonsvc', 'name': 'five seasons ventures', 'id': '974288269356732417'}, {'screen_name': 'pepsico', 'name': 'pepsico', 'id': '21346619'}]	['https://www.businessinsider.de/gruenderszene/food/air-up-18-millionen-pepsico/?fbclid=IwAR2lT8gz-MiJVdKBHff2LDX46no5BZXtglkAe2YNYZTsUs9XpCoy0tAMQRc']	[]	3	3	32	['airup']	[]	https://twitter.com/RalfDuemmel/status/1348563185310302209	False		0								[]				
1348254697552011265	1348254697552011265	2021-01-10 22:05:43 KST	2021-01-10	22:05:43	+0900	24699707	frank_thelen	Frank Thelen		Trotz den globalen Herausforderungen konnte air up seinen Jahresumsatz auf 20 Millionen Euro verzehnfachen! Und das Team konnte in 2020 über 20 Millionen Euro neues Kapital gewinnen: wir heißen die neuen Investoren  @PepsiCo und @FiveSeasonsVC herzlich willkommen!  https://t.co/5SsfDFIay7	de	[{'screen_name': 'pepsico', 'name': 'pepsico', 'id': '21346619'}, {'screen_name': 'fiveseasonsvc', 'name': 'five seasons ventures', 'id': '974288269356732417'}]	[]	['https://pbs.twimg.com/media/ErX2XIXW8AEHPZD.jpg']	4	5	63	[]	[]	https://twitter.com/frank_thelen/status/1348254697552011265	False		1	https://pbs.twimg.com/media/ErX2XIXW8AEHPZD.jpg							[]				
1348254118356414473	1348254118356414473	2021-01-10 22:03:25 KST	2021-01-10	22:03:25	+0900	24699707	frank_thelen	Frank Thelen		Unser @freigeist Startup air up spricht heute im @handelsblatt über seine Jahreserfolge aus 2020. Sie konnten ihren Umsatz aus 2020 auf 20 Millionen Euro verzehnfachen und 20 Millionen Euro neues Kapital von u.a. @PepsiCo und @FiveSeasonsVC einsammeln.    https://t.co/x5MCeqmMqM	de	[{'screen_name': 'freigeist', 'name': 'freigeist', 'id': '841633770713280513'}, {'screen_name': 'handelsblatt', 'name': 'handelsblatt', 'id': '5776022'}, {'screen_name': 'pepsico', 'name': 'pepsico', 'id': '21346619'}, {'screen_name': 'fiveseasonsvc', 'name': 'five seasons ventures', 'id': '974288269356732417'}]	['https://app.handelsblatt.com/unternehmen/handel-konsumgueter/getraenkeflaschen-pepsico-investiert-in-thelen-start-up-air-up/26780776.html?ticket=ST-946933-Oy5biVkDdm91OPZTcNjP-ap4']	[]	2	1	32	[]	[]	https://twitter.com/frank_thelen/status/1348254118356414473	False		0								[]				
1348191132031840256	1348191132031840256	2021-01-10 17:53:08 KST	2021-01-10	17:53:08	+0900	18354822	axelletess	Axelle TESSANDIER		Coca-Cola, premier pollueur au monde de plastique pour la troisième année consécutive.  Suivi de PepsiCo et Nestlé. En 2018 et 2019 une baisse de 0,1 % de l’utilisation de plastique pour les trois marques  https://t.co/aVGsVtn6eo	fr	[]	['https://www.ouest-france.fr/environnement/pollution/coca-cola-premier-pollueur-au-monde-de-plastique-7080602']	[]	3	28	24	[]	[]	https://twitter.com/axelletess/status/1348191132031840256	False		0								[]				
1347975186512048135	1347975186512048135	2021-01-10 03:35:03 KST	2021-01-10	03:35:03	+0900	12480582	adage	Ad Age		Pepsi is hyping its @theweeknd upcoming Super Bowl halftime performance with a campaign and special cans.  But don't expect a @pepsi standalone Super Bowl ad this year. It's the first time since 2017 that PepsiCo will opt out of an in-game spot:  https://t.co/nS2Kk8o4M5	en	[{'screen_name': 'theweeknd', 'name': 'the weeknd', 'id': '255388236'}, {'screen_name': 'pepsi', 'name': 'pepsi', 'id': '18139619'}]	['http://ow.ly/wnTs50D3QBy']	[]	0	7	31	[]	[]	https://twitter.com/adage/status/1347975186512048135	False		0								[]				
1346852643075809280	1346852643075809280	2021-01-07 01:14:28 KST	2021-01-07	01:14:28	+0900	223539098	nw_nicholas	Mr Ethical		Hm, I wonder who else was a PepsiCo director. (Rona Fairhead)	en	[]	[]	[]	1	11	17	[]	[]	https://twitter.com/nw_nicholas/status/1346852643075809280	False	https://twitter.com/Ian_Fraser/status/1346804492361199618	0								[]				
1346804492361199618	1268896765987753986	2021-01-06 22:03:08 KST	2021-01-06	22:03:08	+0900	93618872	ian_fraser	Ian Fraser		So the BBC now has a former PepsiCo and Procter &amp; Gamble marketeer as director-general and a former Goldman Sachs banker, Richard Sharp, as chairman. Interesting times.  https://t.co/0MEFOtlEZV	en	[]	['https://www.theguardian.com/media/2021/jan/06/former-goldman-sachs-banker-richard-sharp-to-be-next-bbc-chairman']	[]	9	55	58	[]	[]	https://twitter.com/Ian_Fraser/status/1346804492361199618	False		0								[]				
1346530633955352577	1346530633955352577	2021-01-06 03:54:55 KST	2021-01-06	03:54:55	+0900	183279521	scottminerd	Scott Minerd		Bottled water is essential 2 stopping #Covid spread among our most vulnerable, the homeless. Thank you Mike @milken @Albertsons @PepsiCo &amp; @joylangford4 for arranging emergency delivery of 60k bottles 2 help @abales &amp; @URM fight the #skidrowdrought. Your efforts have saved lives.	en	[{'screen_name': 'milken', 'name': 'milken family fdn', 'id': '14859204'}, {'screen_name': 'albertsons', 'name': 'albertsons', 'id': '135932373'}, {'screen_name': 'pepsico', 'name': 'pepsico', 'id': '21346619'}, {'screen_name': 'joylangford4', 'name': 'joy langford', 'id': '1084603347716329472'}, {'screen_name': 'abales', 'name': 'rev. andy bales', 'id': '15384347'}, {'screen_name': 'urm', 'name': 'union rescue mission', 'id': '15322063'}]	[]	[]	2	5	56	['covid', 'skidrowdrought']	[]	https://twitter.com/ScottMinerd/status/1346530633955352577	False		0								[]				
1346516450488406016	1346516450488406016	2021-01-06 02:58:33 KST	2021-01-06	02:58:33	+0900	82542317	daphnehk	Daphne Keller		I'm sure there are no drawbacks to having Unilever and PepsiCo set speech policy for the Internet, but I'd feel better if someone were looking into it. Calling @evelyndouek!   https://t.co/nt1j2R66rC	en	[{'screen_name': 'evelyndouek', 'name': 'evelyn douek', 'id': '29975381'}]	['https://wfanet.org/knowledge/item/2020/09/23/WFA-and-platforms-make-major-progress-to-address-harmful-content']	[]	3	14	57	[]	[]	https://twitter.com/daphnehk/status/1346516450488406016	False		0								[]				
1346514621788610560	1346514621788610560	2021-01-06 02:51:17 KST	2021-01-06	02:51:17	+0900	82542317	daphnehk	Daphne Keller		.@evelyndouek, please tell me you're following this GARM stuff. I'm sure there are no drawbacks to having Unilever and PepsiCo set speech policy for the Internet, but I'd feel better if someone were looking into it...  https://t.co/nt1j2R66rC	en	[{'screen_name': 'evelyndouek', 'name': 'evelyn douek', 'id': '29975381'}]	['https://wfanet.org/knowledge/item/2020/09/23/WFA-and-platforms-make-major-progress-to-address-harmful-content']	[]	5	2	26	[]	[]	https://twitter.com/daphnehk/status/1346514621788610560	False		0								[]				
1346499710127808512	1346499710127808512	2021-01-06 01:52:02 KST	2021-01-06	01:52:02	+0900	240649814	timesnow	TIMES NOW		Congress Govt only allowed Pepsico &amp; Nestle in agro-based processing: @NupurSharmaBJP, National Spokesperson, BJP, tells Navika Kumar on @thenewshour.  https://t.co/gquisURrXW	en	[{'screen_name': 'nupursharmabjp', 'name': 'nupur sharma', 'id': '1357567292'}, {'screen_name': 'thenewshour', 'name': 'the newshour', 'id': '97442036'}]	[]	[]	5	28	138	[]	[]	https://twitter.com/TimesNow/status/1346499710127808512	False		1	https://pbs.twimg.com/amplify_video_thumb/1346499593366749184/img/enjj8IUD36k-4Abz.jpg							[]				
1346100841875271682	1346100841875271682	2021-01-04 23:27:04 KST	2021-01-04	23:27:04	+0900	167751910	sathishmsk	Sathish Kumar M		Leading companies like Airtel , PepsiCo, Nestle r into contract farming. But Reliance is not. Because RELIANCE WITH FARMERS	en	[]	[]	[]	7	9	298	[]	[]	https://twitter.com/sathishmsk/status/1346100841875271682	False		0								[]				
1345916611870543873	1345916611870543873	2021-01-04 11:15:00 KST	2021-01-04	11:15:00	+0900	30205586	adweek	Adweek		To help build business for Black-owned restaurants, PepsiCo launched a new program to generate $100 million in sales over five years.   https://t.co/ZRoMlu7hLo	en	[]	['https://adweek.it/3pnADbF']	[]	2	9	36	[]	[]	https://twitter.com/Adweek/status/1345916611870543873	False		0								[]				
1345006116179243010	1345006116179243010	2021-01-01 22:57:01 KST	2021-01-01	22:57:01	+0900	1026414410452152320	ramonlaguarta	Ramon Laguarta		Though this past year was unlike any other, our associates delivered through it all to support our communities and make @PepsiCo faster, stronger, and better. As we move into 2021, I want to thank the entire PepsiCo family and wish everyone a happy and healthy new year.  https://t.co/0s0PrlM9lX	en	[{'screen_name': 'pepsico', 'name': 'pepsico', 'id': '21346619'}]	[]	[]	8	4	56	[]	[]	https://twitter.com/ramonlaguarta/status/1345006116179243010	False		1	https://pbs.twimg.com/ext_tw_video_thumb/1345002074778566657/pu/img/4c1FcV-8BG9L9o8X.jpg							[]				
