id	conversation_id	created_at	date	time	timezone	user_id	username	name	place	tweet	language	mentions	urls	photos	replies_count	retweets_count	likes_count	hashtags	cashtags	link	retweet	quote_url	video	thumbnail	near	geo	source	user_rt_id	user_rt	retweet_id	reply_to	retweet_date	translate	trans_src	trans_dest
549986037976403969	549986037976403969	2014-12-31 02:51:04 KST	2014-12-31	02:51:04	+0900	22536055	americanair	americanair		Winter weather may affect travel in #DFW and #LAS. Check here for options:  http://t.co/Mkrw0MyOWg	en	[]	['http://bit.ly/ALERTAA']	[]	8	37	20	['dfw', 'las']	[]	https://twitter.com/AmericanAir/status/549986037976403969	False		0								[]				
549841239928238080	549841239928238080	2014-12-30 17:15:41 KST	2014-12-30	17:15:41	+0900	299464714	aljazskorjanec	Aljaz Skorjanec		American Airlines Arena after the match. So much fun! @jmanrara  http://t.co/bCBQOuYjym	en	[{'screen_name': 'jmanrara', 'name': 'janette manrara', 'id': '46686031'}]	['http://instagram.com/p/xOUtkPpmHY/']	[]	2	2	23	[]	[]	https://twitter.com/AljazSkorjanec/status/549841239928238080	False		0								[]				
549785491759824896	549785491759824896	2014-12-30 13:34:10 KST	2014-12-30	13:34:10	+0900	34775386	rukes	rukes		Hey @AmericanAir, do you have any flights that are 5 miles? :/  http://t.co/LMhVWudOel	en	[{'screen_name': 'americanair', 'name': 'americanair', 'id': '22536055'}]	[]	['https://pbs.twimg.com/media/B6E6_VCCcAAgSqd.jpg']	3	2	27	[]	[]	https://twitter.com/rukes/status/549785491759824896	False		1	https://pbs.twimg.com/media/B6E6_VCCcAAgSqd.jpg							[]				
549765004959158272	549765004959158272	2014-12-30 12:12:45 KST	2014-12-30	12:12:45	+0900	111688862	alex10	Alex de Souza		American Airlines Arena. Miami Heat 101 x 102 Orlando Magic. #NBA. Os caras sabem fazer festa no…  http://t.co/mNdF19evMP	pt	[]	['http://instagram.com/p/xNyCzxEE4O/']	[]	27	29	194	['nba']	[]	https://twitter.com/Alex10/status/549765004959158272	False		0								[]				
549742983856140288	549742983856140288	2014-12-30 10:45:15 KST	2014-12-30	10:45:15	+0900	12801162	errorjustin	Justin Davis		Tampering was spelled wrong in the bathroom of my @AmericanAir flight.  http://t.co/UbcHB9mdr6	en	[{'screen_name': 'americanair', 'name': 'americanair', 'id': '22536055'}]	[]	['https://pbs.twimg.com/media/B6EUUyoCcAANvl-.jpg']	7	2	14	[]	[]	https://twitter.com/ErrorJustin/status/549742983856140288	False		1	https://pbs.twimg.com/media/B6EUUyoCcAANvl-.jpg							[]				
549734716837208067	549734716837208067	2014-12-30 10:12:24 KST	2014-12-30	10:12:24	+0900	1367531	foxnews	Fox News		American Airlines flight diverted after pressurization issue, spokesman says  http://t.co/7bU1e7RKNK	en	[]	['http://fxn.ws/1zNksYA']	[]	12	66	28	[]	[]	https://twitter.com/FoxNews/status/549734716837208067	False		0								[]				
549720338180079616	549720338180079616	2014-12-30 09:15:16 KST	2014-12-30	09:15:16	+0900	2371087261	breakingtravel	Breaking News Travel		American Airlines says flight 916 from Bogota to Miami experienced a 'pressurization issue' and has diverted to Kingston, Jamaica - @NBCNews	en	[{'screen_name': 'nbcnews', 'name': 'nbc news', 'id': '14173315'}]	[]	[]	12	203	40	[]	[]	https://twitter.com/breakingtravel/status/549720338180079616	False		0								[]				
549710574960259073	549710574960259073	2014-12-30 08:36:28 KST	2014-12-30	08:36:28	+0900	17542901	nikkibenz	NIKKI BENZ		Dear @AmericanAir thank you for flying us both home. Someone says hello  http://t.co/aThtA87C0b	en	[{'screen_name': 'americanair', 'name': 'americanair', 'id': '22536055'}]	[]	['https://pbs.twimg.com/media/B6D2yCnCcAAL1Lr.jpg']	7	7	50	[]	[]	https://twitter.com/nikkibenz/status/549710574960259073	False		1	https://pbs.twimg.com/media/B6D2yCnCcAAL1Lr.jpg							[]				
549661700870262784	549661700870262784	2014-12-30 05:22:16 KST	2014-12-30	05:22:16	+0900	19081001	foofighters	Foo Fighters		Launching Jan.1!   http://t.co/0hkPnmLSXN @inkglobal @AmericanAir	en	[{'screen_name': 'inkglobal', 'name': 'ink', 'id': '211069449'}, {'screen_name': 'americanair', 'name': 'americanair', 'id': '22536055'}]	['http://youtu.be/2E95BJC6_3w']	[]	27	163	353	[]	[]	https://twitter.com/foofighters/status/549661700870262784	False		0								[]				
549400833226731520	549400833226731520	2014-12-29 12:05:40 KST	2014-12-29	12:05:40	+0900	58085739	solamentejoy	Joy		@americanair thank you so much for all your help! I got my suitcase back!	en	[]	[]	[]	1	6	25	[]	[]	https://twitter.com/solamentejoy/status/549400833226731520	False		0								[]				
549397347210260480	549397347210260480	2014-12-29 11:51:49 KST	2014-12-29	11:51:49	+0900	1292429666	jovanajovic93	Jovana Jovic		Please @AmericanAir can you send me my stuff 😥 ?! Hello Australia !!! 👋 #BaggageClaim #nightmare #nobags  http://t.co/RUSuv0ePz0	en	[{'screen_name': 'americanair', 'name': 'americanair', 'id': '22536055'}]	[]	['https://pbs.twimg.com/media/B5_Z94pCYAEWc5Q.jpg']	5	7	19	['baggageclaim', 'nightmare', 'nobags']	[]	https://twitter.com/JovanaJovic93/status/549397347210260480	False		1	https://pbs.twimg.com/media/B5_Z94pCYAEWc5Q.jpg							[]				
549321472821706754	549321472821706754	2014-12-29 06:50:19 KST	2014-12-29	06:50:19	+0900	58085739	solamentejoy	Joy		Hey guys @AmericanAir every time I fly AA, I have a hard time with my bags, could you please help me find my luggage?	en	[{'screen_name': 'americanair', 'name': 'americanair', 'id': '22536055'}]	[]	[]	12	31	83	[]	[]	https://twitter.com/solamentejoy/status/549321472821706754	False		0								[]				
549237081168281600	549237081168281600	2014-12-29 01:14:59 KST	2014-12-29	01:14:59	+0900	22536055	americanair	americanair		Our thoughts and prayers are with all on board AirAsia QZ8501, their families and employees.	en	[]	[]	[]	17	255	405	[]	[]	https://twitter.com/AmericanAir/status/549237081168281600	False		0								[]				
549216168574087169	549216168574087169	2014-12-28 23:51:53 KST	2014-12-28	23:51:53	+0900	19199288	anthonyhorowitz	Anthony Horowitz		I'm in New Orleans. My luggage is in Dallas. Thanks so much American Airlines. The word that springs to mind is scumbags.	en	[]	[]	[]	12	2	19	[]	[]	https://twitter.com/AnthonyHorowitz/status/549216168574087169	False		0								[]				
549097501941198849	549097501941198849	2014-12-28 16:00:20 KST	2014-12-28	16:00:20	+0900	33823226	kcamp	FLOAT		Fuck American Airlines	en	[]	[]	[]	4	11	30	[]	[]	https://twitter.com/kcamp/status/549097501941198849	False		0								[]				
549081066770677760	549081066770677760	2014-12-28 14:55:02 KST	2014-12-28	14:55:02	+0900	275734667	julie_gonzalo	Julie Gonzalo	{'type': 'Point', 'coordinates': [25.78128461, -80.18834618]}	Get it Heat.. #Miami @ AmericanAirlines Arena  http://t.co/tlkG17iJIe	en	[]	['http://instagram.com/p/xIYj3RsAu-/']	[]	0	11	17	['miami']	[]	https://twitter.com/julie_gonzalo/status/549081066770677760	False		0								[]				
549001968954638337	549001968954638337	2014-12-28 09:40:44 KST	2014-12-28	09:40:44	+0900	259725229	valaafshar	Vala Afshar		Uber in 53 countries with $41 billion value; bigger than:  Tesla: $28B Delta: $39B American Airlines: $36B Southwest: $28B 10X JetBlue: $4B	en	[]	[]	[]	3	13	18	[]	[]	https://twitter.com/ValaAfshar/status/549001968954638337	False		0								[]				
548988516521492483	548988516521492483	2014-12-28 08:47:16 KST	2014-12-28	08:47:16	+0900	200268415	mraymondjames	MichaelRaymond-James		Thanks @AmericanAir for the free upgrade to London. #grateful	en	[{'screen_name': 'americanair', 'name': 'americanair', 'id': '22536055'}]	[]	[]	8	16	84	['grateful']	[]	https://twitter.com/MRaymondJames/status/548988516521492483	False		0								[]				
548912475995774976	548912475995774976	2014-12-28 03:45:07 KST	2014-12-28	03:45:07	+0900	8824902	dallascowboys	Dallas Cowboys		Romo boarding this @AmericanAir flight to DC #DALvsWAS  http://t.co/atiYoepaSf	en	[{'screen_name': 'americanair', 'name': 'americanair', 'id': '22536055'}]	[]	['https://pbs.twimg.com/media/B54g-6HCYAAK0l5.jpg']	32	320	657	['dalvswas']	[]	https://twitter.com/dallascowboys/status/548912475995774976	False		1	https://pbs.twimg.com/media/B54g-6HCYAAK0l5.jpg							[]				
548602848867385344	548602848867385344	2014-12-27 07:14:46 KST	2014-12-27	07:14:46	+0900	20617476	jimmywayne	JIMMY WAYNE		Support American Airlines . Radically support American airlines  http://t.co/qP4S99N3Wh	en	[]	['http://fb.me/3CM2mfXZe']	[]	4	6	14	[]	[]	https://twitter.com/JimmyWayne/status/548602848867385344	False		0								[]				
548546149255491585	548546149255491585	2014-12-27 03:29:28 KST	2014-12-27	03:29:28	+0900	39346451	iraheatbeat	Ira Winderman		And the James Jones tribute that played Christmas Day at AmericanAirlines Arena.  http://t.co/MOAaNGdS37	en	[]	['http://gohe.at/1BcwojI']	[]	2	9	21	[]	[]	https://twitter.com/IraHeatBeat/status/548546149255491585	False		0								[]				
548545495631949825	548545495631949825	2014-12-27 03:26:52 KST	2014-12-27	03:26:52	+0900	39346451	iraheatbeat	Ira Winderman		Heat release LeBron James video tribute that was played Christmas Day at AmericanAirlines Arena.  http://t.co/xYvih87OxA	en	[]	['http://gohe.at/1vhgzUa']	[]	5	33	37	[]	[]	https://twitter.com/IraHeatBeat/status/548545495631949825	False		0								[]				
548524251561861120	548524251561861120	2014-12-27 02:02:27 KST	2014-12-27	02:02:27	+0900	89898430	jennyslate	jenny slate		Hey @AmericanAir very bold choice 2 have old planes that DO smell like barf&amp;DONT have any TVs! U seem like,I dont know,u dont care about me?	en	[{'screen_name': 'americanair', 'name': 'americanair', 'id': '22536055'}]	[]	[]	9	8	138	[]	[]	https://twitter.com/jennyslate/status/548524251561861120	False		0								[]				
548517045286240256	548517045286240256	2014-12-27 01:33:49 KST	2014-12-27	01:33:49	+0900	613542402	werderedespn	Ed Werder		Thanks to Joanne - gate agent for @Unitedairlines - for getting me to Green Bay after @americanair canceled connection for lack of crew	en	[{'screen_name': 'unitedairlines', 'name': 'united airlines', 'id': '25166595'}, {'screen_name': 'americanair', 'name': 'americanair', 'id': '22536055'}]	[]	[]	4	2	15	[]	[]	https://twitter.com/WerderEdESPN/status/548517045286240256	False		0								[]				
548245138074779648	548245138074779648	2014-12-26 07:33:21 KST	2014-12-26	07:33:21	+0900	140609205	jackieguerrido	Queen Jackie		miamiheat vs @cavs #backGome #HeatNation #lovesports #myboyz #IoveyouMiami 😍 @ AmericanAirlines Arena  http://t.co/4J2vgPrpA7	en	[{'screen_name': 'cavs', 'name': 'cleveland cavaliers', 'id': '19263978'}]	['http://instagram.com/p/xC-44AMSm6/']	[]	5	7	28	['backgome', 'heatnation', 'lovesports', 'myboyz', 'ioveyoumiami']	[]	https://twitter.com/JackieGuerrido/status/548245138074779648	False		0								[]				
548241358041792512	548241358041792512	2014-12-26 07:18:20 KST	2014-12-26	07:18:20	+0900	27649623	marcjspears	Marc J. Spears	{'type': 'Point', 'coordinates': [25.78128514, -80.18834582]}	LeBron James mostly cheered by Heat fans during introductions. @ AmericanAirlines Arena  http://t.co/a8kw4yHgsh	en	[]	['http://instagram.com/p/xC9K1fhaEs/']	[]	7	28	18	[]	[]	https://twitter.com/MarcJSpears/status/548241358041792512	False		0								[]				
548240364080218114	548238968136142848	2014-12-26 07:14:23 KST	2014-12-26	07:14:23	+0900	36666490	cfapeachbowl	Chick-fil-A Peach Bowl		“@kels_patterson: Thanks @AmericanAir for the ride! @CFAPeachBowl  http://t.co/Y3sw5HoboI” Welcome to Atlanta, @TCUFootball!	en	[{'screen_name': 'kels_patterson', 'name': 'k.patterson', 'id': '43698434'}, {'screen_name': 'americanair', 'name': 'americanair', 'id': '22536055'}, {'screen_name': 'cfapeachbowl', 'name': 'chick-fil-a peach bowl', 'id': '36666490'}, {'screen_name': 'tcufootball', 'name': 'tcu football', 'id': '454348100'}]	[]	['https://pbs.twimg.com/media/B5u8blxCMAIMrj4.jpg', 'https://pbs.twimg.com/media/B5u8blzCEAASTZE.jpg']	3	8	29	[]	[]	https://twitter.com/CFAPeachBowl/status/548240364080218114	False		1	https://pbs.twimg.com/media/B5u8blxCMAIMrj4.jpg							[]				
548234538271641602	548234538271641602	2014-12-26 06:51:14 KST	2014-12-26	06:51:14	+0900	36628828	jammyprod	Jerry Mitchell		Flyin' 2 San Fran to be with @RickyASchroeder  Thanks @AmericanAir  for making this Christmas Day so fast! #justpassedaguyinasleigh #fullout	en	[{'screen_name': 'rickyaschroeder', 'name': 'ricky a schroeder (not that ricky schroder)', 'id': '280041735'}, {'screen_name': 'americanair', 'name': 'americanair', 'id': '22536055'}]	[]	[]	3	1	15	['justpassedaguyinasleigh', 'fullout']	[]	https://twitter.com/jammyprod/status/548234538271641602	False		0								[]				
548216199012945920	548216199012945920	2014-12-26 05:38:21 KST	2014-12-26	05:38:21	+0900	39346451	iraheatbeat	Ira Winderman		Daid Blatt enters AmericanAirlines Arena, tries to walk into press room, told locker room is the other way.	en	[]	[]	[]	6	25	15	[]	[]	https://twitter.com/IraHeatBeat/status/548216199012945920	False		0								[]				
548215662150430722	548215662150430722	2014-12-26 05:36:13 KST	2014-12-26	05:36:13	+0900	22494516	mcten	Dave McMenamin		LeBron James back in American Airlines Arena  http://t.co/3nuKrnsXid	en	[]	[]	['https://pbs.twimg.com/media/B5unO_rCYAA8h3G.jpg']	23	264	239	[]	[]	https://twitter.com/mcten/status/548215662150430722	False		1	https://pbs.twimg.com/media/B5unO_rCYAA8h3G.jpg							[]				
548213837787561985	548213837787561985	2014-12-26 05:28:58 KST	2014-12-26	05:28:58	+0900	26500119	joegoodmanjr	Joseph Goodman		All these reporters are waiting on LeBron so they can tweet his photo entering AmericanAirlines Arena.  http://t.co/VURON72LsJ	en	[]	[]	['https://pbs.twimg.com/media/B5ullBwCMAAvzK1.jpg']	4	20	20	[]	[]	https://twitter.com/JoeGoodmanJr/status/548213837787561985	False		1	https://pbs.twimg.com/media/B5ullBwCMAAvzK1.jpg							[]				
548213239419793409	548213239419793409	2014-12-26 05:26:36 KST	2014-12-26	05:26:36	+0900	564875681	savittj	Jon Savitt		happy holidays to my biggest inspirations @Cinnabon @ChipotleTweets @aaroncarter @HilaryDuff @SarahPalinUSA @AmericanAir @IHOP @50cent	en	[{'screen_name': 'cinnabon', 'name': 'cinnabon', 'id': '84708371'}, {'screen_name': 'chipotletweets', 'name': 'chipotle', 'id': '141341662'}, {'screen_name': 'aaroncarter', 'name': 'aaron carter', 'id': '34716038'}, {'screen_name': 'hilaryduff', 'name': 'hilary duff', 'id': '200913899'}, {'screen_name': 'sarahpalinusa', 'name': 'sarah palin', 'id': '65493023'}, {'screen_name': 'americanair', 'name': 'americanair', 'id': '22536055'}, {'screen_name': 'ihop', 'name': 'ihop', 'id': '475199073'}, {'screen_name': '50cent', 'name': '50cent', 'id': '18222378'}]	[]	[]	2	4	26	[]	[]	https://twitter.com/savittj/status/548213239419793409	False		0								[]				
548135587753246720	548135587753246720	2014-12-26 00:18:02 KST	2014-12-26	00:18:02	+0900	21808510	aacenter	aacenter		Happy Holidays from all of us at American Airlines Center!  http://t.co/lQmEelcrcA	en	[]	[]	['https://pbs.twimg.com/media/B5teaXvCYAAtM5E.jpg']	1	12	17	[]	[]	https://twitter.com/AACenter/status/548135587753246720	False		1	https://pbs.twimg.com/media/B5teaXvCYAAtM5E.jpg							[]				
547784523904081920	547784523904081920	2014-12-25 01:03:02 KST	2014-12-25	01:03:02	+0900	119224456	ajohnbuckley	AJ Buckley	{'type': 'Point', 'coordinates': [33.97673101, -118.46062198]}	Dear @OfficialSanta please have @AmericanAir return my Emails as there is no customer support line. 10 days have past since first email	en	[{'screen_name': 'officialsanta', 'name': 'santa claus', 'id': '63420653'}, {'screen_name': 'americanair', 'name': 'americanair', 'id': '22536055'}]	[]	[]	4	7	16	[]	[]	https://twitter.com/AjohnBuckley/status/547784523904081920	False		0								[]				
547743511463100416	547743511463100416	2014-12-24 22:20:04 KST	2014-12-24	22:20:04	+0900	20402945	cnbc	CNBC		Why flight attendants at American Airlines are smiling:  http://t.co/wkWxwwLssH  http://t.co/lSl3Nh4rFz	en	[]	['http://cnb.cx/13EdNCb']	['https://pbs.twimg.com/media/B5n50jQCYAECYzS.jpg']	3	23	17	[]	[]	https://twitter.com/CNBC/status/547743511463100416	False		1	https://pbs.twimg.com/media/B5n50jQCYAECYzS.jpg							[]				
547658438860619776	547658438860619776	2014-12-24 16:42:01 KST	2014-12-24	16:42:01	+0900	104097414	thedudacastro	DUDA CASTRO	{'type': 'Point', 'coordinates': [25.79122337, -80.2753255]}	American Airlines esta pagamento meu hotel, carro e comida .. 😂🍻  ficar algumas horinhas a mais em Miami n vai ser tão ruim assim .. 😈	pt	[]	[]	[]	3	12	18	[]	[]	https://twitter.com/TheDudaCastro/status/547658438860619776	False		0								[]				
547643066798968832	547643066798968832	2014-12-24 15:40:56 KST	2014-12-24	15:40:56	+0900	37997708	sarahcolonna	Sarah Colonna		Whoever mans @AmericanAir's twitter needs some sort of future carpal tunnel health agreement from the airline.	en	[{'screen_name': 'americanair', 'name': 'americanair', 'id': '22536055'}]	[]	[]	4	5	14	[]	[]	https://twitter.com/sarahcolonna/status/547643066798968832	False		0								[]				
547617200484655104	547617200484655104	2014-12-24 13:58:09 KST	2014-12-24	13:58:09	+0900	29158294	reevecarney	Reeve Carney		My luggage has arrived!!! Thank you @AmericanAir :) And Merry Christmas!!	en	[{'screen_name': 'americanair', 'name': 'americanair', 'id': '22536055'}]	[]	[]	29	13	84	[]	[]	https://twitter.com/reevecarney/status/547617200484655104	False		0								[]				
547611569086275584	547611569086275584	2014-12-24 13:35:46 KST	2014-12-24	13:35:46	+0900	13531162	gzhdigital	GZH		Avião da American Airlines faz rasantes em Porto Alegre antes de pousar  http://t.co/2HLuCcbw5t	pt	[]	['http://zhora.co/1AGPtwq']	[]	9	39	27	[]	[]	https://twitter.com/gzhdigital/status/547611569086275584	False		0								[]				
547504596428791809	547504596428791809	2014-12-24 06:30:42 KST	2014-12-24	06:30:42	+0900	67535202	tylerfarr	Tyler Farr		Dear @AmericanAir .... Yall suck!	en	[{'screen_name': 'americanair', 'name': 'americanair', 'id': '22536055'}]	[]	[]	10	12	110	[]	[]	https://twitter.com/tylerfarr/status/547504596428791809	False		0								[]				
547501969934274560	547501969934274560	2014-12-24 06:20:16 KST	2014-12-24	06:20:16	+0900	2433688699	onthetownnyc	On The Town		Thanks for having us today, @AmericanAir! #OnTheTown  http://t.co/j5j2qaa2NT	en	[{'screen_name': 'americanair', 'name': 'americanair', 'id': '22536055'}]	[]	['https://pbs.twimg.com/media/B5keJAnCYAIp9yp.jpg']	1	2	28	['onthetown']	[]	https://twitter.com/OnTheTownNYC/status/547501969934274560	False		1	https://pbs.twimg.com/media/B5keJAnCYAIp9yp.jpg							[]				
547494232093908992	547494232093908992	2014-12-24 05:49:31 KST	2014-12-24	05:49:31	+0900	1020058453	buzzfeednews	BuzzFeed News		.@SouthwestAir jet clips wing after collision with @AmericanAir plane at NYC airport  http://t.co/XAesoIVuPJ  https://t.co/wcvlbXGlP3	en	[{'screen_name': 'southwestair', 'name': 'southwest airlines', 'id': '7212562'}, {'screen_name': 'americanair', 'name': 'americanair', 'id': '22536055'}]	['http://www.buzzfeed.com/jasonwells/southwest-jet-collides-american-airlines-laguardia?bftw&utm_term=4ldqpgc#4ldqpgc', 'https://twitter.com/Ari_Be_Free/status/547431589672910848/photo/1']	[]	10	66	50	[]	[]	https://twitter.com/BuzzFeedNews/status/547494232093908992	False		0								[]				
547484242813665282	547484242813665282	2014-12-24 05:09:49 KST	2014-12-24	05:09:49	+0900	2433688699	onthetownnyc	On The Town		We're taking over the @AmericanAir terminal at #JFK! #OnTheTown  http://t.co/ntIpn860Gd	en	[{'screen_name': 'americanair', 'name': 'americanair', 'id': '22536055'}]	[]	['https://pbs.twimg.com/media/B5kOBIGIMAA_p3k.jpg']	1	4	22	['jfk', 'onthetown']	[]	https://twitter.com/OnTheTownNYC/status/547484242813665282	False		1	https://pbs.twimg.com/media/B5kOBIGIMAA_p3k.jpg							[]				
547483249787015168	547483249787015168	2014-12-24 05:05:53 KST	2014-12-24	05:05:53	+0900	29158294	reevecarney	Reeve Carney		So wonderful being home for the Holidays!!! Hoping @AmericanAir gets my lost luggage to me soon, so I can give my family their presents!!!	en	[{'screen_name': 'americanair', 'name': 'americanair', 'id': '22536055'}]	[]	[]	24	19	68	[]	[]	https://twitter.com/reevecarney/status/547483249787015168	False		0								[]				
547473981289541632	547473981289541632	2014-12-24 04:29:03 KST	2014-12-24	04:29:03	+0900	2433688699	onthetownnyc	On The Town		This baggage carousel has never looked so swell! #OnTheTown @AmericanAir  http://t.co/RwBky1CUqF	en	[{'screen_name': 'americanair', 'name': 'americanair', 'id': '22536055'}]	[]	['https://pbs.twimg.com/media/B5kEropIAAAfXKD.jpg']	0	8	42	['onthetown']	[]	https://twitter.com/OnTheTownNYC/status/547473981289541632	False		1	https://pbs.twimg.com/media/B5kEropIAAAfXKD.jpg							[]				
547472452428001280	547472452428001280	2014-12-24 04:22:58 KST	2014-12-24	04:22:58	+0900	2433688699	onthetownnyc	On The Town		Today we're bringing a little #OnTheTown cheer to the @AmericanAir Terminal at #JFK!  http://t.co/5GiC4KFQIt	en	[{'screen_name': 'americanair', 'name': 'americanair', 'id': '22536055'}]	[]	['https://pbs.twimg.com/media/B5kDSzZIgAA21mT.jpg']	0	4	19	['onthetown', 'jfk']	[]	https://twitter.com/OnTheTownNYC/status/547472452428001280	False		1	https://pbs.twimg.com/media/B5kDSzZIgAA21mT.jpg							[]				
547449319243415554	547449319243415554	2014-12-24 02:51:03 KST	2014-12-24	02:51:03	+0900	18119570	aviationsafety	Aviation Safety Network (ASN)		American Airlines B737-800 clips winglet of Southwest B737-700 at New York-LaGuardia  http://t.co/1ePW0ontd7  https://t.co/HUMhRNjLMG	en	[]	['http://aviation-safety.net/wikibase/wiki.php?id=172459', 'https://twitter.com/Ari_Be_Free/status/547425079517519872/photo/1']	[]	9	170	61	[]	[]	https://twitter.com/AviationSafety/status/547449319243415554	False		0								[]				
547433279909928960	547433279909928960	2014-12-24 01:47:19 KST	2014-12-24	01:47:19	+0900	16792453	chrisremo	Chris Remo		Thank you, normal boring American Airlines safety video. Thank you for not being the Virgin America safety video.  http://t.co/UsaUmK701N	en	[]	[]	['https://pbs.twimg.com/media/B5jfquQCMAAYA1W.jpg']	4	1	12	[]	[]	https://twitter.com/chrisremo/status/547433279909928960	False		1	https://pbs.twimg.com/media/B5jfquQCMAAYA1W.jpg							[]				
547321774296162305	547321774296162305	2014-12-23 18:24:14 KST	2014-12-23	18:24:14	+0900	26706487	anthonyladao	Anthony Ladao		Wow @AmericanAir lost our bags for a second time on the same trip! Now they are saying they cant make sure my bag gets delivered to me. WEAK	en	[{'screen_name': 'americanair', 'name': 'americanair', 'id': '22536055'}]	[]	[]	80	226	406	[]	[]	https://twitter.com/anthonyladao/status/547321774296162305	False		0								[]				
547069097339404289	547067643539107841	2014-12-23 01:40:11 KST	2014-12-23	01:40:11	+0900	119224456	ajohnbuckley	AJ Buckley	{'type': 'Point', 'coordinates': [33.97678024, -118.46058904]}	For Christmas I would love for  @AmericanAir customer service not to suck as bad as it does.  Still no response from you. #worstairline	en	[{'screen_name': 'americanair', 'name': 'americanair', 'id': '22536055'}]	[]	[]	6	4	21	['worstairline']	[]	https://twitter.com/AjohnBuckley/status/547069097339404289	False		0								[]				
546891181100371968	546891181100371968	2014-12-22 13:53:12 KST	2014-12-22	13:53:12	+0900	71610295	rivaldooficial	RIVALDO FERREIRA	{'type': 'Point', 'coordinates': [25.78128577, -80.18834639]}	Que noite maravilhosa! @ AmericanAirlines Arena  http://t.co/S7tF8ePsdP	pt	[]	['http://instagram.com/p/w5XLjYDyBo/']	[]	2	4	13	[]	[]	https://twitter.com/RIVALDOOFICIAL/status/546891181100371968	False		0								[]				
546726564650823682	546726564650823682	2014-12-22 02:59:05 KST	2014-12-22	02:59:05	+0900	43904362	jasonsilva	Jason Silva		This video should be shown EVERY TIME you board an airplane:  http://t.co/4RK4LT9V5d cc @AmericanAir @VirginAmerica	en	[{'screen_name': 'americanair', 'name': 'americanair', 'id': '22536055'}, {'screen_name': 'virginamerica', 'name': 'virgin america', 'id': '12101862'}]	['http://youtu.be/7rMgpExA4kM']	[]	2	10	21	[]	[]	https://twitter.com/JasonSilva/status/546726564650823682	False		0								[]				
546654576569778176	546654576569778176	2014-12-21 22:13:02 KST	2014-12-21	22:13:02	+0900	14178641	wilreynolds	Wil Reynolds		. @AmericanAir she had a good 6th sense for your customers needs.  Her name is Sherry, give her an extra vacation day or two ;)	en	[{'screen_name': 'americanair', 'name': 'americanair', 'id': '22536055'}]	[]	[]	0	3	11	[]	[]	https://twitter.com/wilreynolds/status/546654576569778176	False		0								[]				
546508215123337217	546508215123337217	2014-12-21 12:31:26 KST	2014-12-21	12:31:26	+0900	89889702	danielcudmore	daniel cudmore		Big thanks to @WestJet &amp; @AmericanAir for all their help finding my wife's luggage! Great customer service. Happy wife, happy life! #HH	en	[{'screen_name': 'westjet', 'name': 'westjet', 'id': '15519886'}, {'screen_name': 'americanair', 'name': 'americanair', 'id': '22536055'}]	[]	[]	1	6	12	['hh']	[]	https://twitter.com/danielcudmore/status/546508215123337217	False		0								[]				
546409090834907136	546399003567329280	2014-12-21 05:57:33 KST	2014-12-21	05:57:33	+0900	119224456	ajohnbuckley	AJ Buckley	{'type': 'Point', 'coordinates': [34.01397932, -118.49395679]}	“@AmericanAir: @AjohnBuckley Customer Relations will contact you directly.” When ? In 2025 ?	en	[{'screen_name': 'americanair', 'name': 'americanair', 'id': '22536055'}, {'screen_name': 'ajohnbuckley', 'name': 'aj buckley', 'id': '119224456'}]	[]	[]	2	4	16	[]	[]	https://twitter.com/AjohnBuckley/status/546409090834907136	False		0								[]				
546399003567329280	546399003567329280	2014-12-21 05:17:28 KST	2014-12-21	05:17:28	+0900	119224456	ajohnbuckley	AJ Buckley	{'type': 'Point', 'coordinates': [34.01365288, -118.4938773]}	By far the best airline is @AIRNZUSA   @AmericanAir should take a few plane rides to understand what A proper flying experience is	en	[{'screen_name': 'airnzusa', 'name': 'patricia k. cherry', 'id': '1030829571204153350'}, {'screen_name': 'americanair', 'name': 'americanair', 'id': '22536055'}]	[]	[]	1	7	26	[]	[]	https://twitter.com/AjohnBuckley/status/546399003567329280	False		0								[]				
546397945935839233	546397945935839233	2014-12-21 05:13:16 KST	2014-12-21	05:13:16	+0900	119224456	ajohnbuckley	AJ Buckley	{'type': 'Point', 'coordinates': [34.01371737, -118.49389616]}	Do yourself and your family a favor and never fly @AmericanAir . Not worth it.  Even if it's free.  #iwouldratherWalk	en	[{'screen_name': 'americanair', 'name': 'americanair', 'id': '22536055'}]	[]	[]	6	5	21	['iwouldratherwalk']	[]	https://twitter.com/AjohnBuckley/status/546397945935839233	False		0								[]				
546396957384519680	546396957384519680	2014-12-21 05:09:20 KST	2014-12-21	05:09:20	+0900	119224456	ajohnbuckley	AJ Buckley		Still waiting for a response from @AmericanAir . There is nothing American about you.   Joke of a airline	en	[{'screen_name': 'americanair', 'name': 'americanair', 'id': '22536055'}]	[]	[]	7	5	14	[]	[]	https://twitter.com/AjohnBuckley/status/546396957384519680	False		0								[]				
546057492476989440	546057492476989440	2014-12-20 06:40:26 KST	2014-12-20	06:40:26	+0900	34713362	business	Bloomberg		Instagram is worth almost as much as American Airlines and Kraft Foods  http://t.co/1gKk15QFId  http://t.co/wzUnSIXeM3	en	[]	['http://bloom.bg/1JswtFX']	['https://pbs.twimg.com/media/B5P8ZVFCQAAYmvy.jpg']	14	141	47	[]	[]	https://twitter.com/business/status/546057492476989440	False		1	https://pbs.twimg.com/media/B5P8ZVFCQAAYmvy.jpg							[]				
546001364338614272	546001364338614272	2014-12-20 02:57:24 KST	2014-12-20	02:57:24	+0900	75014376	mastercard	Mastercard		We gave @AmericanAir passengers a #PricelessSurprises premiere of @AnnieMovie they’ll remember tomorrow, tomorrow!  http://t.co/3v0Ik5x3hg	en	[{'screen_name': 'americanair', 'name': 'americanair', 'id': '22536055'}, {'screen_name': 'anniemovie', 'name': 'annie movie', 'id': '1965752712'}]	[]	['https://pbs.twimg.com/media/B5PJWPgCIAE1PpZ.png', 'https://pbs.twimg.com/media/B5PJWM4CcAA9GYE.png']	19	63	340	['pricelesssurprises']	[]	https://twitter.com/Mastercard/status/546001364338614272	False		1	https://pbs.twimg.com/media/B5PJWPgCIAE1PpZ.png							[]				
545998741325742081	545998741325742081	2014-12-20 02:46:58 KST	2014-12-20	02:46:58	+0900	75014376	mastercard	Mastercard		Non-stop #PricelessSurprises! We surprised an entire @AmericanAir flight with an advance screening of @AnnieMovie!  http://t.co/BS5ThIaWLJ	en	[{'screen_name': 'americanair', 'name': 'americanair', 'id': '22536055'}, {'screen_name': 'anniemovie', 'name': 'annie movie', 'id': '1965752712'}]	[]	['https://pbs.twimg.com/media/B5PG9gRCAAEcF53.jpg', 'https://pbs.twimg.com/media/B5PG8E_CcAEZ8XS.png', 'https://pbs.twimg.com/media/B5PG9i7CYAEe2ib.jpg', 'https://pbs.twimg.com/media/B5PG9XlCUAA30k_.jpg']	11	40	125	['pricelesssurprises']	[]	https://twitter.com/Mastercard/status/545998741325742081	False		1	https://pbs.twimg.com/media/B5PG9gRCAAEcF53.jpg							[]				
545979111173521408	545979111173521408	2014-12-20 01:28:58 KST	2014-12-20	01:28:58	+0900	14992591	washwizards	Washington Wizards		Shootaround in Miami... #WizHeat tonight at 7:30pm from AmericanAirlines Arena  (TV: CSN | Radio: 99.1 FM)  http://t.co/7HQsTLTYHg	en	[]	[]	['https://pbs.twimg.com/media/B5O1GbECMAACfde.jpg']	0	15	19	['wizheat']	[]	https://twitter.com/WashWizards/status/545979111173521408	False		1	https://pbs.twimg.com/media/B5O1GbECMAACfde.jpg							[]				
545976355419328512	545976355419328512	2014-12-20 01:18:01 KST	2014-12-20	01:18:01	+0900	105175167	joywave	Joywave		Shoutout to @AmericanAir for losing a pedalboard when we're only in a city for 12 hours. And had a 2 hour layover to make the bag change..	en	[{'screen_name': 'americanair', 'name': 'americanair', 'id': '22536055'}]	[]	[]	1	2	11	[]	[]	https://twitter.com/joywave/status/545976355419328512	False		0								[]				
545959797263040512	545959797263040512	2014-12-20 00:12:13 KST	2014-12-20	00:12:13	+0900	17028405	abc7chicago	ABC 7 Chicago		American Airlines to add 250 jobs at O'Hare Airport  http://t.co/sOaa60ceWZ  http://t.co/GQSndOQP88	en	[]	['http://abc7.ws/1AAflIk']	['https://pbs.twimg.com/media/B5OjitfCYAAIQAQ.jpg']	1	14	14	[]	[]	https://twitter.com/ABC7Chicago/status/545959797263040512	False		1	https://pbs.twimg.com/media/B5OjitfCYAAIQAQ.jpg							[]				
545831490764828672	545831490764828672	2014-12-19 15:42:23 KST	2014-12-19	15:42:23	+0900	16955141	rickyftw	RickyFTW		Cool legroom. Thnx @AmericanAir  http://t.co/6PgpU5G9yF	en	[{'screen_name': 'americanair', 'name': 'americanair', 'id': '22536055'}]	[]	['https://pbs.twimg.com/media/B5Mu2FMCAAAyTVz.jpg']	11	3	24	[]	[]	https://twitter.com/rickyftw/status/545831490764828672	False		1	https://pbs.twimg.com/media/B5Mu2FMCAAAyTVz.jpg							[]				
545768009243959296	545768009243959296	2014-12-19 11:30:07 KST	2014-12-19	11:30:07	+0900	2280470022	airlivenet	AIRLIVE		Scaring!!! Footage from inside American Airlines #AA280 into massive turbulence  http://t.co/M9MiQgCgID  http://t.co/suwVo2l0Jy	en	[]	['http://www.airlive.net/2014/12/emergency-american-airlines-flight.html']	['https://pbs.twimg.com/media/B5IfuNACYAAyGca.png']	4	15	11	['aa280']	[]	https://twitter.com/airlivenet/status/545768009243959296	False		1	https://pbs.twimg.com/media/B5IfuNACYAAyGca.png							[]				
545741824644886528	545741824644886528	2014-12-19 09:46:05 KST	2014-12-19	09:46:05	+0900	21046818	jpmontoya	Juan Pablo Montoya		Just re boarded the @AmericanAir plane hopefully this time will make it all the way LOL!!!!!	en	[{'screen_name': 'americanair', 'name': 'americanair', 'id': '22536055'}]	[]	[]	5	6	31	[]	[]	https://twitter.com/jpmontoya/status/545741824644886528	False		0								[]				
545725441483747328	545725441483747328	2014-12-19 08:40:58 KST	2014-12-19	08:40:58	+0900	177345928	cmpunk	player/coach		@AmericanAir you have a gate agent at LGA in need of some customer service lessons.	en	[]	[]	[]	9	105	245	[]	[]	https://twitter.com/CMPunk/status/545725441483747328	False		0								[]				
545723087782952960	545723087782952960	2014-12-19 08:31:37 KST	2014-12-19	08:31:37	+0900	21046818	jpmontoya	Juan Pablo Montoya		Well just landed back in Miami with a problem with the @AmericanAir plane. Hopefully they don't cancel the flight home.	en	[{'screen_name': 'americanair', 'name': 'americanair', 'id': '22536055'}]	[]	[]	5	5	15	[]	[]	https://twitter.com/jpmontoya/status/545723087782952960	False		0								[]				
545722133247033344	545722133247033344	2014-12-19 08:27:50 KST	2014-12-19	08:27:50	+0900	73485035	interjet	Interjet		Estamos felices de anunciar nuestro nuevo código compartido con @AmericanAir, acercando más viajeros a México.  http://t.co/vkXZNdTo4k	es	[{'screen_name': 'americanair', 'name': 'americanair', 'id': '22536055'}]	[]	['https://pbs.twimg.com/media/B5LLDFTCYAERtCm.png']	5	57	88	[]	[]	https://twitter.com/interjet/status/545722133247033344	False		1	https://pbs.twimg.com/media/B5LLDFTCYAERtCm.png							[]				
545649436773208064	545649436773208064	2014-12-19 03:38:58 KST	2014-12-19	03:38:58	+0900	119224456	ajohnbuckley	AJ Buckley	{'type': 'Point', 'coordinates': [34.04855528, -118.44135115]}	4 days and still no response from @AmericanAir #shameonyou #worstairline #nocustomerservive i'm not going away.	en	[{'screen_name': 'americanair', 'name': 'americanair', 'id': '22536055'}]	[]	[]	2	4	25	['shameonyou', 'worstairline', 'nocustomerservive']	[]	https://twitter.com/AjohnBuckley/status/545649436773208064	False		0								[]				
545634719426424832	545634719426424832	2014-12-19 02:40:29 KST	2014-12-19	02:40:29	+0900	20402945	cnbc	CNBC		Airlines are cueing up for Cuba, says former American Airlines CEO »  http://t.co/cRHJAMOXFX  http://t.co/DNztVLDdUK	en	[]	['http://cnb.cx/1GVdakt']	['https://pbs.twimg.com/media/B5J74tBIcAEHOYj.jpg']	17	50	23	[]	[]	https://twitter.com/CNBC/status/545634719426424832	False		1	https://pbs.twimg.com/media/B5J74tBIcAEHOYj.jpg							[]				
545528165171757056	545528165171757056	2014-12-18 19:37:04 KST	2014-12-18	19:37:04	+0900	2467791	washingtonpost	The Washington Post		Heart-pounding video documents American Airlines flight turbulence  http://t.co/NZSKrJtW5R	en	[]	['http://wapo.st/1zwMuoF']	[]	10	67	23	[]	[]	https://twitter.com/washingtonpost/status/545528165171757056	False		0								[]				
545337248569241601	545337248569241601	2014-12-18 06:58:26 KST	2014-12-18	06:58:26	+0900	119224456	ajohnbuckley	AJ Buckley	{'type': 'Point', 'coordinates': [33.97699574, -118.46027152]}	I DM'd you @AmericanAir . I explained what a horrible experience my family went through traveling with you. Still no response.	en	[{'screen_name': 'americanair', 'name': 'americanair', 'id': '22536055'}]	[]	[]	4	8	22	[]	[]	https://twitter.com/AjohnBuckley/status/545337248569241601	False		0								[]				
545252000016109568	545252000016109568	2014-12-18 01:19:41 KST	2014-12-18	01:19:41	+0900	15309804	capitalweather	Capital Weather Gang		Heart-pounding video documents American Airlines flight turbulence   http://t.co/B1JqHTr6BX  http://t.co/qd8ue4wpip	en	[]	['http://wapo.st/1uZlAS7']	['https://pbs.twimg.com/media/B5Efpy0CQAAnlki.png']	4	18	15	[]	[]	https://twitter.com/capitalweather/status/545252000016109568	False		1	https://pbs.twimg.com/media/B5Efpy0CQAAnlki.png							[]				
545194733694631936	545194733694631936	2014-12-17 21:32:08 KST	2014-12-17	21:32:08	+0900	33884545	cnnee	CNN en Español		Turbulencia sacude avión de American Airlines y causa lesiones a pasajeros  http://t.co/3H4JRzWPUG	es	[]	['http://cnn.it/13bqxzN']	[]	9	100	50	[]	[]	https://twitter.com/CNNEE/status/545194733694631936	False		0								[]				
545153960391507968	545153960391507968	2014-12-17 18:50:07 KST	2014-12-17	18:50:07	+0900	14511951	huffpost	HuffPost		5 hospitalized after severe turbulence diverts American Airlines flight to Japan   http://t.co/7O15MHEysq	en	[]	['http://huff.to/1An59mk']	[]	0	29	19	[]	[]	https://twitter.com/HuffPost/status/545153960391507968	False		0								[]				
545104106978037760	545104106978037760	2014-12-17 15:32:01 KST	2014-12-17	15:32:01	+0900	17715048	veja	VEJA		Avião da American Airlines faz pouso forçado em Tóquio  http://t.co/PE7mevcMPi	pt	[]	['http://abr.ai/1Am7YnK']	[]	1	16	24	[]	[]	https://twitter.com/VEJA/status/545104106978037760	False		0								[]				
545070963159994368	545070963159994368	2014-12-17 13:20:19 KST	2014-12-17	13:20:19	+0900	14173315	nbcnews	NBC News		Five injured on turbulent American Airlines flight between South Korea and Dallas-Fort Worth  http://t.co/zQFleJcFGR  http://t.co/iQYjHDY1he	en	[]	['http://nbcnews.to/1z1DL05']	['https://pbs.twimg.com/media/B5B7JxNIYAEx63a.jpg']	15	104	42	[]	[]	https://twitter.com/NBCNews/status/545070963159994368	False		1	https://pbs.twimg.com/media/B5B7JxNIYAEx63a.jpg							[]				
545039388908867585	545039388908867585	2014-12-17 11:14:51 KST	2014-12-17	11:14:51	+0900	106796547	geoffstults	Geoff Stults		Hey @AmericanAir it's been 8 days. Can you find my luggage please? I have no clean boxers left and mom isn't here for a week. C'mon guys.	en	[{'screen_name': 'americanair', 'name': 'americanair', 'id': '22536055'}]	[]	[]	10	5	61	[]	[]	https://twitter.com/geoffstults/status/545039388908867585	False		0								[]				
544979611260420096	544979611260420096	2014-12-17 07:17:19 KST	2014-12-17	07:17:19	+0900	564875681	savittj	Jon Savitt		happy hanukkah to my birth family @Chilis @AmericanAir @PerezHilton @LanceBass @JoJoistheway @Fergie @AC360 @sears @Oprah @sethmeyers	en	"[{'screen_name': 'chilis', 'name': ""chili's grill & bar"", 'id': '65051962'}, {'screen_name': 'americanair', 'name': 'americanair', 'id': '22536055'}, {'screen_name': 'perezhilton', 'name': 'perez hilton', 'id': '19329393'}, {'screen_name': 'lancebass', 'name': 'lance bass', 'id': '78693749'}, {'screen_name': 'jojoistheway', 'name': 'nb- 12/12 jojo', 'id': '432092247'}, {'screen_name': 'fergie', 'name': 'fergie', 'id': '245992215'}, {'screen_name': 'ac360', 'name': 'anderson cooper 360°', 'id': '227837742'}, {'screen_name': 'sears', 'name': 'sears', 'id': '19464428'}, {'screen_name': 'oprah', 'name': 'oprah winfrey', 'id': '19397785'}, {'screen_name': 'sethmeyers', 'name': 'seth meyers', 'id': '44039298'}]"	[]	[]	1	1	16	[]	[]	https://twitter.com/savittj/status/544979611260420096	False		0								[]				
544963306000498688	544952369369600000	2014-12-17 06:12:31 KST	2014-12-17	06:12:31	+0900	58913244	airlineflyer	Jason Rabinowitz		Always buckle up RT @BrianCurtisNBC5 Aftermath of turbulence on @AmericanAir flt from Seoul to DFW Photo Marc Stanley  http://t.co/yj56wcgWKY	en	[{'screen_name': 'briancurtisnbc5', 'name': 'brian curtis', 'id': '195959366'}, {'screen_name': 'americanair', 'name': 'americanair', 'id': '22536055'}]	[]	['https://pbs.twimg.com/media/B5APSQwCcAAIfiR.jpg']	2	44	22	[]	[]	https://twitter.com/AirlineFlyer/status/544963306000498688	False		1	https://pbs.twimg.com/media/B5APSQwCcAAIfiR.jpg							[]				
544952369369600000	544952369369600000	2014-12-17 05:29:04 KST	2014-12-17	05:29:04	+0900	195959366	briancurtisnbc5	Brian Curtis		Aftermath of turbulence on @AmericanAir flt from #Seoul to #DFW. Photo: Marc Stanley via @tmaxon @dallasnews @NBCDFW  http://t.co/I9WssBSyk7	en	[{'screen_name': 'americanair', 'name': 'americanair', 'id': '22536055'}, {'screen_name': 'tmaxon', 'name': 'terry maxon', 'id': '16475739'}, {'screen_name': 'dallasnews', 'name': 'dallas morning news', 'id': '15679641'}, {'screen_name': 'nbcdfw', 'name': 'nbc dfw', 'id': '15933690'}]	[]	['https://pbs.twimg.com/media/B5APSQwCcAAIfiR.jpg']	11	47	22	['seoul', 'dfw']	[]	https://twitter.com/BrianCurtisNBC5/status/544952369369600000	False		1	https://pbs.twimg.com/media/B5APSQwCcAAIfiR.jpg							[]				
544935035577843712	544935035577843712	2014-12-17 04:20:11 KST	2014-12-17	04:20:11	+0900	28785486	abc	ABC News		US official: More than a dozen injured as Dallas-bound American Airlines flight hits turbulence; diverted to Japan:  http://t.co/VnnB97zzFK	en	[]	['http://abcn.ws/1uV7JMQ']	[]	3	51	19	[]	[]	https://twitter.com/ABC/status/544935035577843712	False		0								[]				
544882447717249024	544882447717249024	2014-12-17 00:51:13 KST	2014-12-17	00:51:13	+0900	2371087261	breakingtravel	Breaking News Travel		American Airlines Flight #AA280 being diverted to Narita Airport in Tokyo after 14 passengers injured by turbulence - @weatherchannel	en	[{'screen_name': 'weatherchannel', 'name': 'the weather channel', 'id': '20998647'}]	[]	[]	5	154	27	['aa280']	[]	https://twitter.com/breakingtravel/status/544882447717249024	False		0								[]				
544879081498869760	544879081498869760	2014-12-17 00:37:51 KST	2014-12-17	00:37:51	+0900	20998647	weatherchannel	The Weather Channel		BREAKING: American Airlines Flight #AA280 (Seoul-DFW) being diverted to Narita Airport in Tokyo after 14 passengers injured by turbulence.	en	[]	[]	[]	5	86	17	['aa280']	[]	https://twitter.com/weatherchannel/status/544879081498869760	False		0								[]				
544877494281961472	544877494281961472	2014-12-17 00:31:32 KST	2014-12-17	00:31:32	+0900	134196350	flightradar24	Flightradar24		American Airlines #AA280 is diverting to Narita with 15 passengers injured in turbulence  http://t.co/3gSH0wibo7  http://t.co/izkyiNW1Mp	en	[]	['http://www.flightradar24.com/AAL280/50e5d0a']	['https://pbs.twimg.com/media/B4_LEvFCMAE-3JZ.png']	12	237	51	['aa280']	[]	https://twitter.com/flightradar24/status/544877494281961472	False		1	https://pbs.twimg.com/media/B4_LEvFCMAE-3JZ.png							[]				
544869866910404608	544869866910404608	2014-12-17 00:01:14 KST	2014-12-17	00:01:14	+0900	10937622	airfarewatchdog	airfarewatchdog		A super winter fare! Chicago #ORD to Orlando #MCO $87 round-trip on @AmericanAir for #travel in Jan/Feb!  http://t.co/OlUMx0Kh5F	en	[{'screen_name': 'americanair', 'name': 'americanair', 'id': '22536055'}]	['http://bit.ly/13tYGMf']	[]	5	17	12	['ord', 'mco', 'travel']	[]	https://twitter.com/airfarewatchdog/status/544869866910404608	False		0								[]				
544695341258665984	544687913230143490	2014-12-16 12:27:43 KST	2014-12-16	12:27:43	+0900	22037660	tichinaarnold	Tichina Arnold		* I turned my #BusinessClass cubicle on @AmericanAir into my OFFICE! My work is never done. lol! @dajerx  http://t.co/oClJO53AXo	en	[{'screen_name': 'americanair', 'name': 'americanair', 'id': '22536055'}, {'screen_name': 'dajerx', 'name': 'keith', 'id': '18183308'}]	[]	['https://pbs.twimg.com/media/B48kpEnCUAENcKY.jpg']	7	4	36	['businessclass']	[]	https://twitter.com/TichinaArnold/status/544695341258665984	False		1	https://pbs.twimg.com/media/B48kpEnCUAENcKY.jpg							[]				
544640902166114304	544640902166114304	2014-12-16 08:51:24 KST	2014-12-16	08:51:24	+0900	16487191	hodgesmusic	David Hodges		This is the @AmericanAir baggage claim at LAX.  10 years ago today, I asked @katehodges to marry me right here.  http://t.co/gQ2AxH1xC5	en	[{'screen_name': 'americanair', 'name': 'americanair', 'id': '22536055'}, {'screen_name': 'katehodges', 'name': 'katehodges', 'id': '53136808'}]	[]	['https://pbs.twimg.com/media/B470As5CMAAVZxp.jpg']	4	4	25	[]	[]	https://twitter.com/hodgesmusic/status/544640902166114304	False		1	https://pbs.twimg.com/media/B470As5CMAAVZxp.jpg							[]				
544505572922773504	544505572922773504	2014-12-15 23:53:39 KST	2014-12-15	23:53:39	+0900	2280470022	airlivenet	AIRLIVE		BREAKING American Airlines #AA135 from London to Los Angeles is declaring an emergency. Track:  http://t.co/mzKkQjAQr1  http://t.co/bTcDjXTMvo	en	[]	['http://emergency.airlive.net']	['https://pbs.twimg.com/media/B4547r2CUAAoqOJ.png']	12	297	29	['aa135']	[]	https://twitter.com/airlivenet/status/544505572922773504	False		1	https://pbs.twimg.com/media/B4547r2CUAAoqOJ.png							[]				
544504523436597248	544504523436597248	2014-12-15 23:49:29 KST	2014-12-15	23:49:29	+0900	2280470022	airlivenet	AIRLIVE		BREAKING American Airlines #AA135 from London to Los Angeles is declaring an emergency and heading back to LHR Track:  http://t.co/mzKkQjAQr1	en	[]	['http://emergency.airlive.net']	[]	5	66	9	['aa135']	[]	https://twitter.com/airlivenet/status/544504523436597248	False		0								[]				
544446895075393537	544446895075393537	2014-12-15 20:00:29 KST	2014-12-15	20:00:29	+0900	29417304	deray	deray		This morning the @AmericanAir Twitter customer service staff was exceptional. The phone line kept disconnecting. Twitter, on point.	en	[{'screen_name': 'americanair', 'name': 'americanair', 'id': '22536055'}]	[]	[]	2	5	13	[]	[]	https://twitter.com/deray/status/544446895075393537	False		0								[]				
544318931432136705	544318800154198016	2014-12-15 11:32:00 KST	2014-12-15	11:32:00	+0900	38924070	bustedcoverage	Busted Coverage		Pray for Ed RT @Edwerderespn Are you kidding me @americanair that we have landed and can't get a gate for 40 minutes!	en	[{'screen_name': 'edwerderespn', 'name': 'ed werder', 'id': '857647629693575173'}, {'screen_name': 'americanair', 'name': 'americanair', 'id': '22536055'}]	[]	[]	2	4	14	[]	[]	https://twitter.com/bustedcoverage/status/544318931432136705	False		0								[]				
544297678608547841	544297678608547841	2014-12-15 10:07:33 KST	2014-12-15	10:07:33	+0900	119224456	ajohnbuckley	AJ Buckley	{'type': 'Point', 'coordinates': [25.79827855, -80.28390763]}	Wow @AmericanAir you once again are the worst airline. You make traveling with kid even harder .two times in one week a major screwup.	en	[{'screen_name': 'americanair', 'name': 'americanair', 'id': '22536055'}]	[]	[]	5	7	20	[]	[]	https://twitter.com/AjohnBuckley/status/544297678608547841	False		0								[]				
544198880393302016	544198880393302016	2014-12-15 03:34:58 KST	2014-12-15	03:34:58	+0900	120557765	thecarlospena	Carlos PenaVega		Landed! BUT have been stuck on this runway for over an hour.. Oh @AmericanAir .. I love u... BUT CMON!!! #traveling	en	[{'screen_name': 'americanair', 'name': 'americanair', 'id': '22536055'}]	[]	[]	103	945	1694	['traveling']	[]	https://twitter.com/TheCarlosPena/status/544198880393302016	False		0								[]				
544064785797877761	544018834307710978	2014-12-14 18:42:07 KST	2014-12-14	18:42:07	+0900	32745368	katedelcastillo	kate del castillo		“@AmericanAir: @katedelcastillo Kate, it makes us sad hearing that. What happened?” I'm sadder.	en	[{'screen_name': 'americanair', 'name': 'americanair', 'id': '22536055'}, {'screen_name': 'katedelcastillo', 'name': 'kate del castillo', 'id': '32745368'}]	[]	[]	11	28	73	[]	[]	https://twitter.com/katedelcastillo/status/544064785797877761	False		0								[]				
544018834307710978	544018834307710978	2014-12-14 15:39:32 KST	2014-12-14	15:39:32	+0900	32745368	katedelcastillo	kate del castillo		La peor actitud del personal en el vuelo #257 de #Miami a #México que pena para @AmericanAir 👎👎👎👎👎	es	[{'screen_name': 'americanair', 'name': 'americanair', 'id': '22536055'}]	[]	[]	43	93	192	['miami', 'méxico']	[]	https://twitter.com/katedelcastillo/status/544018834307710978	False		0								[]				
544018752485208065	544018752485208065	2014-12-14 15:39:12 KST	2014-12-14	15:39:12	+0900	92443366	iamricolove	Rico Love		This happened tonight!!! Miami showed so much love!!! Usher, JD and Me!! American Airlines Arena! And…  http://t.co/cVFxyvXjWA	en	[]	['http://instagram.com/p/wk883_Rv7p/']	[]	0	6	12	[]	[]	https://twitter.com/IamRicoLove/status/544018752485208065	False		0								[]				
544018292068089856	544018292068089856	2014-12-14 15:37:22 KST	2014-12-14	15:37:22	+0900	32745368	katedelcastillo	kate del castillo		Worst attitude the crew on flight #257 from #Miami to #mexicocity what a shame @AmericanAir 👎👎👎👎	en	[{'screen_name': 'americanair', 'name': 'americanair', 'id': '22536055'}]	[]	[]	13	68	135	['miami', 'mexicocity']	[]	https://twitter.com/katedelcastillo/status/544018292068089856	False		0								[]				
543865565929299971	543865565929299971	2014-12-14 05:30:30 KST	2014-12-14	05:30:30	+0900	29079654	awgust_	AWGUST		Hey @AmericanAir want to pay for all the clothing &amp; ect. my band has needed while doing international press b/c our bags STILL aren't here?	en	[{'screen_name': 'americanair', 'name': 'americanair', 'id': '22536055'}]	[]	[]	49	188	333	[]	[]	https://twitter.com/awgust_/status/543865565929299971	False		0								[]				
543864617576194048	543863336069517313	2014-12-14 05:26:44 KST	2014-12-14	05:26:44	+0900	29079654	awgust_	AWGUST		@LoveMNRforever we had to stressfully buy all new clothes last minute. Those expenses are due to us not getting our bags @AmericanAir	en	[{'screen_name': 'americanair', 'name': 'americanair', 'id': '22536055'}]	[]	[]	3	20	54	[]	[]	https://twitter.com/awgust_/status/543864617576194048	False		0								[]				
543863336069517313	543863336069517313	2014-12-14 05:21:38 KST	2014-12-14	05:21:38	+0900	29079654	awgust_	AWGUST		Day 2 and still no luggage. We didn't even have our outfits or in-ears for Spain's biggest award show. What's the hold up @AmericanAir ?	en	[{'screen_name': 'americanair', 'name': 'americanair', 'id': '22536055'}]	[]	[]	56	181	313	[]	[]	https://twitter.com/awgust_/status/543863336069517313	False		0								[]				
543772970251198464	543772970251198464	2014-12-13 23:22:33 KST	2014-12-13	23:22:33	+0900	39308210	thetexastenors	The Texas Tenors		7 states, 8 shows, 3 tenors, 3bottle, 2 hours of sleep, 1 dream #merryxmas @AmericanAir  http://t.co/3x4utBRamr	en	[{'screen_name': 'americanair', 'name': 'americanair', 'id': '22536055'}]	[]	['https://pbs.twimg.com/media/B4veoqCIgAAZtGm.jpg']	3	9	18	['merryxmas']	[]	https://twitter.com/thetexastenors/status/543772970251198464	False		1	https://pbs.twimg.com/media/B4veoqCIgAAZtGm.jpg							[]				
543650887236087808	543634979897368576	2014-12-13 15:17:26 KST	2014-12-13	15:17:26	+0900	28165335	lupefiasco	TAPE TAPE & HOUSE EP NOW PLAYING		“@TOKiMONSTA: So @americanair is hands down the worst fucking airline on the planet.  The fucking woooorrrrssstttt”  Nope -----&gt; @USAirways	en	[{'screen_name': 'tokimonsta', 'name': 't᷈o᷈k᷈im᷈o᷈n᷈s᷈t᷈a᷈', 'id': '21075293'}, {'screen_name': 'americanair', 'name': 'americanair', 'id': '22536055'}, {'screen_name': 'usairways', 'name': 'us airways', 'id': '78084813'}]	[]	[]	6	6	22	[]	[]	https://twitter.com/LupeFiasco/status/543650887236087808	False		0								[]				
543572879095644161	543572879095644161	2014-12-13 10:07:28 KST	2014-12-13	10:07:28	+0900	22536055	americanair	americanair		Thanks to the @TSA for going above &amp; beyond to give #AASnowball2014 families the best experience possible. #sbe2014  http://t.co/Uc4J6EHiAK	en	[{'screen_name': 'tsa', 'name': 'tsa', 'id': '414331122'}]	[]	['https://pbs.twimg.com/media/B4sopymIEAEw3kX.jpg']	4	36	71	['aasnowball2014', 'sbe2014']	[]	https://twitter.com/AmericanAir/status/543572879095644161	False		1	https://pbs.twimg.com/media/B4sopymIEAEw3kX.jpg							[]				
543452185749495808	543452185749495808	2014-12-13 02:07:52 KST	2014-12-13	02:07:52	+0900	34605824	dfwairport	DFW Airport		We second that. RT @AmericanAir: ‘I’m dreaming of a white Christmas.’   Said no airline, ever.  http://t.co/gdCcXoaAma	en	[{'screen_name': 'americanair', 'name': 'americanair', 'id': '22536055'}]	[]	['https://pbs.twimg.com/media/B4q5MCPIIAAZGDP.png']	2	15	25	[]	[]	https://twitter.com/DFWAirport/status/543452185749495808	False		1	https://pbs.twimg.com/media/B4q5MCPIIAAZGDP.png							[]				
543450657147985921	543450657147985921	2014-12-13 02:01:48 KST	2014-12-13	02:01:48	+0900	33627557	wolfiesmom	Valerie Bertinelli		😂 “@AmericanAir: ‘I’m dreaming of a white Christmas.’   Said no airline, ever.  http://t.co/5W7nlompoQ”	en	[{'screen_name': 'americanair', 'name': 'americanair', 'id': '22536055'}]	[]	['https://pbs.twimg.com/media/B4q5MCPIIAAZGDP.png']	6	9	40	[]	[]	https://twitter.com/Wolfiesmom/status/543450657147985921	False		1	https://pbs.twimg.com/media/B4q5MCPIIAAZGDP.png							[]				
543450323767943168	543450323767943168	2014-12-13 02:00:28 KST	2014-12-13	02:00:28	+0900	22536055	americanair	americanair		‘I’m dreaming of a white Christmas.’   Said no airline, ever.  http://t.co/dOKPmxSpoo	en	[]	[]	['https://pbs.twimg.com/media/B4q5MCPIIAAZGDP.png']	23	226	296	[]	[]	https://twitter.com/AmericanAir/status/543450323767943168	False		1	https://pbs.twimg.com/media/B4q5MCPIIAAZGDP.png							[]				
543181670304591873	543181670304591873	2014-12-12 08:12:56 KST	2014-12-12	08:12:56	+0900	40356855	kciairport	Kansas City International Airport		Thanks @SportingKC defender  @Kev_Ellis4 &amp; @VictoryKC for support of @AmericanAir @SnowballExpress families in #KC!  http://t.co/lMO2PUtgm9	en	[{'screen_name': 'sportingkc', 'name': 'sporting kansas city', 'id': '17493398'}, {'screen_name': 'kev_ellis4', 'name': 'sneaker knockerz', 'id': '318080977'}, {'screen_name': 'victorykc', 'name': 'the victory project', 'id': '1325473284'}, {'screen_name': 'americanair', 'name': 'americanair', 'id': '22536055'}, {'screen_name': 'snowballexpress', 'name': 'snowball express', 'id': '35958403'}]	[]	['https://pbs.twimg.com/media/B4nEr9WCEAAOlPE.jpg']	0	7	16	['kc']	[]	https://twitter.com/KCIAirport/status/543181670304591873	False		1	https://pbs.twimg.com/media/B4nEr9WCEAAOlPE.jpg							[]				
543157496622641154	543157496622641154	2014-12-12 06:36:53 KST	2014-12-12	06:36:53	+0900	58913244	airlineflyer	Jason Rabinowitz		No paper flight strips up here! @AmericanAir has gone all digital. #AvGeek  http://t.co/2vfrRV8NJx	en	[{'screen_name': 'americanair', 'name': 'americanair', 'id': '22536055'}]	[]	['https://pbs.twimg.com/media/B4mu3YQIUAIcuHo.jpg']	2	18	30	['avgeek']	[]	https://twitter.com/AirlineFlyer/status/543157496622641154	False		1	https://pbs.twimg.com/media/B4mu3YQIUAIcuHo.jpg							[]				
543152444625014784	543152444625014784	2014-12-12 06:16:48 KST	2014-12-12	06:16:48	+0900	22536055	americanair	americanair		Jackson is just one of the 1,800 loved ones of fallen military that we're flying to #DFW. #AASnowball2014  http://t.co/CA9MtXWZy9	en	[]	[]	['https://pbs.twimg.com/media/B4mqROdCQAAd3dm.jpg']	4	49	78	['dfw', 'aasnowball2014']	[]	https://twitter.com/AmericanAir/status/543152444625014784	False		1	https://pbs.twimg.com/media/B4mqROdCQAAd3dm.jpg							[]				
543151041353900032	543151041353900032	2014-12-12 06:11:14 KST	2014-12-12	06:11:14	+0900	75014376	mastercard	Mastercard		Wheels Up! #PricelessSurprises climbed to new heights w/ a special advance screening of @AnnieMovie on @AmericanAir!  http://t.co/tpk9KAV9CE	en	[{'screen_name': 'anniemovie', 'name': 'annie movie', 'id': '1965752712'}, {'screen_name': 'americanair', 'name': 'americanair', 'id': '22536055'}]	[]	['https://pbs.twimg.com/media/B4mo_dpIAAIFG8Z.jpg', 'https://pbs.twimg.com/media/B4mo-2TIQAAff3_.jpg', 'https://pbs.twimg.com/media/B4mo_lLIMAAQ2Nd.jpg', 'https://pbs.twimg.com/media/B4mo_gbIUAAQHMc.jpg']	6	33	55	['pricelesssurprises']	[]	https://twitter.com/Mastercard/status/543151041353900032	False		1	https://pbs.twimg.com/media/B4mo_dpIAAIFG8Z.jpg							[]				
543083937174925312	543083937174925312	2014-12-12 01:44:35 KST	2014-12-12	01:44:35	+0900	22536055	americanair	americanair		I really can’t stay. But baby, it’s cold outside. There's an #AAGetAway. Book by 12/25. #TBT   http://t.co/rplHy8eqTC  http://t.co/8dUcWydy4a	en	[]	['http://bit.ly/1DhcglP']	['https://pbs.twimg.com/media/B4lr9o9CUAAraoz.jpg']	2	21	31	['aagetaway', 'tbt']	[]	https://twitter.com/AmericanAir/status/543083937174925312	False		1	https://pbs.twimg.com/media/B4lr9o9CUAAraoz.jpg							[]				
543065022487089153	543065022487089153	2014-12-12 00:29:25 KST	2014-12-12	00:29:25	+0900	15838969	gogo	Gogo		On the @Gogo  blog this morning: American Airlines to add Gogo to nearly 250 regional jets.  http://t.co/gpooU8qbtk	en	[{'screen_name': 'gogo', 'name': 'gogo', 'id': '15838969'}]	['http://ow.ly/FJA5G']	[]	4	14	24	[]	[]	https://twitter.com/Gogo/status/543065022487089153	False		0								[]				
542881714830204928	542881714830204928	2014-12-11 12:21:01 KST	2014-12-11	12:21:01	+0900	15421280	lisawhelchel	Lisa Whelchel		On a happy note: I just got an email from @americanair with an apology for all the delays &amp; cancelled flights with 5,000 bonus miles. 😊😀😃😜	en	[{'screen_name': 'americanair', 'name': 'americanair', 'id': '22536055'}]	[]	[]	4	1	29	[]	[]	https://twitter.com/LisaWhelchel/status/542881714830204928	False		0								[]				
542832933674180608	542832933674180608	2014-12-11 09:07:11 KST	2014-12-11	09:07:11	+0900	280461866	thandiwenewton	Thandiwe Newton OBE		Best flight @AmericanAir - the wondrous @FelicityHuffman AND getting top acting tips from Crystal the Monkey  http://t.co/iE8kRPRijw	en	[{'screen_name': 'americanair', 'name': 'americanair', 'id': '22536055'}, {'screen_name': 'felicityhuffman', 'name': 'cheesecakefactoryfan', 'id': '821833256068857856'}]	[]	['https://pbs.twimg.com/media/B4iHqhRIcAASW1z.jpg']	4	4	19	[]	[]	https://twitter.com/ThandiweNewton/status/542832933674180608	False		1	https://pbs.twimg.com/media/B4iHqhRIcAASW1z.jpg							[]				
542763238312935424	542763238312935424	2014-12-11 04:30:14 KST	2014-12-11	04:30:14	+0900	22536055	americanair	americanair		Gorgeous birds flock to our #Instagram page. See more at @AmericanAir:  http://t.co/JptBtnFpuk.   [Pic: @caseystegall]  http://t.co/s5QGaNJSoL	en	[{'screen_name': 'americanair', 'name': 'americanair', 'id': '22536055'}, {'screen_name': 'caseystegall', 'name': 'casey stegall', 'id': '266084180'}]	['http://bit.ly/AAInstagram']	['https://pbs.twimg.com/media/B4hISc3CcAAQs6D.png']	5	37	61	['instagram']	[]	https://twitter.com/AmericanAir/status/542763238312935424	False		1	https://pbs.twimg.com/media/B4hISc3CcAAQs6D.png							[]				
542752449736761345	542752449736761345	2014-12-11 03:47:22 KST	2014-12-11	03:47:22	+0900	29767807	willhoge	Will Hoge		and now @SouthwestAir has us taken care of. So for those scoring at home @SouthwestAir &gt; @AmericanAir	en	[{'screen_name': 'southwestair', 'name': 'southwest airlines', 'id': '7212562'}, {'screen_name': 'southwestair', 'name': 'southwest airlines', 'id': '7212562'}, {'screen_name': 'americanair', 'name': 'americanair', 'id': '22536055'}]	[]	[]	4	0	32	[]	[]	https://twitter.com/WillHoge/status/542752449736761345	False		0								[]				
542710393471528961	542710393471528961	2014-12-11 01:00:15 KST	2014-12-11	01:00:15	+0900	22536055	americanair	americanair		I just like to smile, smiling’s my favorite.  #NowArriving #ShareWonder  http://t.co/ivzaPPeSi5	en	[]	[]	['https://pbs.twimg.com/media/B4gYOhrIIAABFoG.jpg']	13	49	98	['nowarriving', 'sharewonder']	[]	https://twitter.com/AmericanAir/status/542710393471528961	False		1	https://pbs.twimg.com/media/B4gYOhrIIAABFoG.jpg							[]				
542709214175850497	542709214175850497	2014-12-11 00:55:34 KST	2014-12-11	00:55:34	+0900	564875681	savittj	Jon Savitt		.@AmericanAir We hardly talk anymore. Are we in a fight? Did @SouthwestAir say something?	en	[{'screen_name': 'americanair', 'name': 'americanair', 'id': '22536055'}, {'screen_name': 'southwestair', 'name': 'southwest airlines', 'id': '7212562'}]	[]	[]	2	1	18	[]	[]	https://twitter.com/savittj/status/542709214175850497	False		0								[]				
542680926774624257	542680926774624257	2014-12-10 23:03:10 KST	2014-12-10	23:03:10	+0900	19732157	aaron_watson	Aaron Watson		American Airlines, headed to Vegas w/ @MrsAaronWatson today. She has her own schedule, so please revolve today’s flight plans around her ;)	en	[{'screen_name': 'mrsaaronwatson', 'name': 'kim watson', 'id': '141842857'}]	[]	[]	3	3	54	[]	[]	https://twitter.com/aaron_watson/status/542680926774624257	False		0								[]				
542616644900507648	542616644900507648	2014-12-10 18:47:44 KST	2014-12-10	18:47:44	+0900	886227506	kennedyjonestho	KENNEDY JONES		Thank You Based God.  I am now officially Executive Platinum with @AmericanAir.	en	[{'screen_name': 'americanair', 'name': 'americanair', 'id': '22536055'}]	[]	[]	3	2	14	[]	[]	https://twitter.com/KennedyJonesTHO/status/542616644900507648	False		0								[]				
542492804249694209	542492804249694209	2014-12-10 10:35:38 KST	2014-12-10	10:35:38	+0900	18198635	illegalcurve	Illegal Curve Hockey		Little 'True North' from the Jets faithful at American Airlines Arena tonight caused a bit of a pause from the anthem singer.	en	[]	[]	[]	1	5	12	[]	[]	https://twitter.com/IllegalCurve/status/542492804249694209	False		0								[]				
542484322440466432	542484322440466432	2014-12-10 10:01:55 KST	2014-12-10	10:01:55	+0900	308556440	nhljets	Winnipeg Jets		Here we go! Warm up underway at American Airlines Center! #HighFives  https://t.co/keqcizvlF2	en	[]	['https://vine.co/v/Or2T7D35tOT']	[]	4	13	31	['highfives']	[]	https://twitter.com/NHLJets/status/542484322440466432	False		0								[]				
542406325867933696	542406325867933696	2014-12-10 04:52:00 KST	2014-12-10	04:52:00	+0900	75014376	mastercard	Mastercard		We gave @AmericanAir passengers a #PricelessSurprises premiere of @AnnieMovie they’ll remember tomorrow, tomorrow!  http://t.co/7j4TJkuCE3	en	[{'screen_name': 'americanair', 'name': 'americanair', 'id': '22536055'}, {'screen_name': 'anniemovie', 'name': 'annie movie', 'id': '1965752712'}]	[]	['https://pbs.twimg.com/media/B4cDq6ACcAAOgdW.jpg', 'https://pbs.twimg.com/media/B4cDrdoCUAAuNgG.jpg']	33	170	881	['pricelesssurprises']	[]	https://twitter.com/Mastercard/status/542406325867933696	False		1	https://pbs.twimg.com/media/B4cDq6ACcAAOgdW.jpg							[]				
542378754644131840	542378754644131840	2014-12-10 03:02:26 KST	2014-12-10	03:02:26	+0900	58913244	airlineflyer	Jason Rabinowitz		#AvGeek photo of the day: The @AmericanAir Astrojet 737 crosses the moon on final approach to JFKs runway 31R  http://t.co/6RYQy7quyc	en	[{'screen_name': 'americanair', 'name': 'americanair', 'id': '22536055'}]	[]	['https://pbs.twimg.com/media/B4bqmieCIAEMi2P.jpg']	6	10	19	['avgeek']	[]	https://twitter.com/AirlineFlyer/status/542378754644131840	False		1	https://pbs.twimg.com/media/B4bqmieCIAEMi2P.jpg							[]				
542369437232660480	542369437232660480	2014-12-10 02:25:25 KST	2014-12-10	02:25:25	+0900	75014376	mastercard	Mastercard		Non-stop #PricelessSurprises! We surprised an entire @AmericanAir flight with an advance screening of @AnnieMovie!  http://t.co/kiJbj1pDDO	en	[{'screen_name': 'americanair', 'name': 'americanair', 'id': '22536055'}, {'screen_name': 'anniemovie', 'name': 'annie movie', 'id': '1965752712'}]	[]	['https://pbs.twimg.com/media/B4biH_dCUAATCCJ.jpg', 'https://pbs.twimg.com/media/B4biH8JCMAE3suT.jpg', 'https://pbs.twimg.com/media/B4biIPVCMAAZInM.jpg', 'https://pbs.twimg.com/media/B4biIAfCMAA-CmP.jpg']	14	44	133	['pricelesssurprises']	[]	https://twitter.com/Mastercard/status/542369437232660480	False		1	https://pbs.twimg.com/media/B4biH_dCUAATCCJ.jpg							[]				
542242927594848258	542242927594848258	2014-12-09 18:02:42 KST	2014-12-09	18:02:42	+0900	119224456	ajohnbuckley	AJ Buckley		Taking off to #DominicanRepublic  #RedEye @AmericanAir	en	[{'screen_name': 'americanair', 'name': 'americanair', 'id': '22536055'}]	[]	[]	5	2	14	['dominicanrepublic', 'redeye']	[]	https://twitter.com/AjohnBuckley/status/542242927594848258	False		0								[]				
542075373677076480	542075373677076480	2014-12-09 06:56:55 KST	2014-12-09	06:56:55	+0900	36793266	joshuawoodard	Joshua Woodard		Pretty sure I've never made it out of Dallas coming home without some sort of an issue. Surprise, surprise...@AmericanAir	en	[{'screen_name': 'americanair', 'name': 'americanair', 'id': '22536055'}]	[]	[]	9	16	77	[]	[]	https://twitter.com/joshuawoodard/status/542075373677076480	False		0								[]				
542058977815576577	542058977815576577	2014-12-09 05:51:45 KST	2014-12-09	05:51:45	+0900	444319535	vandiekins22	Laura Vandervoort		Guess what still in La.... @AmericanAir this is ridiculous	en	[{'screen_name': 'americanair', 'name': 'americanair', 'id': '22536055'}]	[]	[]	14	4	22	[]	[]	https://twitter.com/Vandiekins22/status/542058977815576577	False		0								[]				
542045866253484032	542045866253484032	2014-12-09 04:59:39 KST	2014-12-09	04:59:39	+0900	14604080	apey	April Richardson		"American Airlines breaking up with me via Google voicemail? ""Yeah unfortunately you like 24 bye.""  http://t.co/umidnAhgy3"	en	[]	[]	['https://pbs.twimg.com/media/B4W71-jCYAASRVb.jpg']	5	8	48	[]	[]	https://twitter.com/Apey/status/542045866253484032	False		1	https://pbs.twimg.com/media/B4W71-jCYAASRVb.jpg							[]				
542029299537420288	542029299537420288	2014-12-09 03:53:50 KST	2014-12-09	03:53:50	+0900	23671758	benjitalent	Ben Thatcher		I've been given the opportunity to be a hero. American Airlines have put me in the emergency exit row. Thats a huge amount of responsibility	en	[]	[]	[]	6	6	74	[]	[]	https://twitter.com/BenjiTalent/status/542029299537420288	False		0								[]				
542011727131729920	542011727131729920	2014-12-09 02:44:00 KST	2014-12-09	02:44:00	+0900	91478624	forbes	Forbes		American Airlines is focusing on a new inflight experience, with investments in seats &amp; inflight entertainment:  http://t.co/uLfQIaK2HH	en	[]	['http://onforb.es/1wSRkhA']	[]	3	53	31	[]	[]	https://twitter.com/Forbes/status/542011727131729920	False		0								[]				
541978899320954881	541962788902813696	2014-12-09 00:33:33 KST	2014-12-09	00:33:33	+0900	26333400	chrisfarren	Chris Farren	{'type': 'Point', 'coordinates': [40.72438762, -73.94893089]}	"I'm taking the bus ""@AmericanAir: @chrisfarren We don't have any #celebdiscounts here, Chris.”"	en	[{'screen_name': 'americanair', 'name': 'americanair', 'id': '22536055'}, {'screen_name': 'chrisfarren', 'name': 'chris farren', 'id': '26333400'}]	[]	[]	0	6	58	['celebdiscounts']	[]	https://twitter.com/chrisfarren/status/541978899320954881	False		0								[]				
541962788902813696	541962788902813696	2014-12-08 23:29:32 KST	2014-12-08	23:29:32	+0900	26333400	chrisfarren	Chris Farren		.@AmericanAir can i have three checked bags if i'm verified on twitter and recently met james franco	en	[{'screen_name': 'americanair', 'name': 'americanair', 'id': '22536055'}]	[]	[]	2	11	75	[]	[]	https://twitter.com/chrisfarren/status/541962788902813696	False		0								[]				
541691778618101761	541691778618101761	2014-12-08 05:32:38 KST	2014-12-08	05:32:38	+0900	286898208	omfgitsoscar	oscarwylde	{'type': 'Point', 'coordinates': [42.23547436, -95.14393803]}	Bout to eat some lunch ✈️ 🍝 @AmericanAir  http://t.co/9wzeZAW1No	en	[{'screen_name': 'americanair', 'name': 'americanair', 'id': '22536055'}]	[]	['https://pbs.twimg.com/media/B4R5xuTCEAA7U9_.jpg']	7	18	320	[]	[]	https://twitter.com/OMFGITSOSCAR/status/541691778618101761	False		1	https://pbs.twimg.com/media/B4R5xuTCEAA7U9_.jpg							[]				
541664359781777409	541664359781777409	2014-12-08 03:43:41 KST	2014-12-08	03:43:41	+0900	20772763	charlesmblow	Charles M. Blow		Have I said lately how much I HATE flying btw DC and NY? Too many delays. I take train as much as possible... @AmericanAir	en	[{'screen_name': 'americanair', 'name': 'americanair', 'id': '22536055'}]	[]	[]	10	3	15	[]	[]	https://twitter.com/CharlesMBlow/status/541664359781777409	False		0								[]				
541613516516368384	541613516516368384	2014-12-08 00:21:39 KST	2014-12-08	00:21:39	+0900	259725229	valaafshar	Vala Afshar		Uber's $40 billion value is bigger than (market cap):  Tesla: $28B Delta: $39B American Airlines: $36B Southwest: $28B 10X JetBlue: $4B	en	[]	[]	[]	6	49	21	[]	[]	https://twitter.com/ValaAfshar/status/541613516516368384	False		0								[]				
541385491233263616	541385491233263616	2014-12-07 09:15:34 KST	2014-12-07	09:15:34	+0900	19678937	canadiensmtl	Canadiens Montréal		Bon match mesdames messieurs! / We have liftoff at American Airlines Center! Here we go boys!  #GoHabsGo  #2points	en	[]	[]	[]	5	36	42	['gohabsgo', '2points']	[]	https://twitter.com/CanadiensMTL/status/541385491233263616	False		0								[]				
541375747487567872	541375747487567872	2014-12-07 08:36:51 KST	2014-12-07	08:36:51	+0900	21713551	starsinsideedge	Mark Stepneski		Kari Lehtonen and Carey Price lead the Stars and Canadiens onto the ice at American Airlines Center.	en	[]	[]	[]	0	0	10	[]	[]	https://twitter.com/StarsInsideEdge/status/541375747487567872	False		0								[]				
541335278032789504	541335278032789504	2014-12-07 05:56:02 KST	2014-12-07	05:56:02	+0900	16896485	inc	Inc.		Uber is worth more than American Airlines and Twitter  http://t.co/xyQxtByvl1	en	[]	['http://bit.ly/1yxXgM1']	[]	5	70	39	[]	[]	https://twitter.com/Inc/status/541335278032789504	False		0								[]				
541288115919278080	541288115919278080	2014-12-07 02:48:38 KST	2014-12-07	02:48:38	+0900	259012752	lauryncwilliams	Lauryn Williams		Has a female pilot on my @AmericanAir flight today. Looking for forward to the day it is the norm not an anomalie.  http://t.co/JKXJEHfJIE	en	[{'screen_name': 'americanair', 'name': 'americanair', 'id': '22536055'}]	[]	['https://pbs.twimg.com/media/B4MKrGhCIAAzxKe.jpg']	1	5	12	[]	[]	https://twitter.com/LaurynCwilliams/status/541288115919278080	False		1	https://pbs.twimg.com/media/B4MKrGhCIAAzxKe.jpg							[]				
541286117304053761	541286117304053761	2014-12-07 02:40:41 KST	2014-12-07	02:40:41	+0900	224400256	oppenheimera	Andres Oppenheimer		Uber, una aplicacion para buscar taxis, vale más que American Airlines. ¿Burbuja, o estamos en un nuevo mundo?   http://t.co/KwPUf7WZt6	es	[]	['http://goo.gl/uj4YYB']	[]	14	115	35	[]	[]	https://twitter.com/oppenheimera/status/541286117304053761	False		0								[]				
541256518679932928	541256518679932928	2014-12-07 00:43:04 KST	2014-12-07	00:43:04	+0900	259725229	valaafshar	Vala Afshar		Uber's $40 billion value is bigger than (market cap):  Tesla: $28B Delta: $39B American Airlines: $36B Southwest: $28B 10X JetBlue: $4B	en	[]	[]	[]	0	32	11	[]	[]	https://twitter.com/ValaAfshar/status/541256518679932928	False		0								[]				
541246869289304064	541246869289304064	2014-12-07 00:04:44 KST	2014-12-07	00:04:44	+0900	55033131	montanertwiter	Ricardo Montaner		Hoy la gente como q anda d mal humor... Yo no ... @AmericanAir camino a #Quito #FiestasDeQuito	es	[{'screen_name': 'americanair', 'name': 'americanair', 'id': '22536055'}]	[]	[]	38	52	121	['quito', 'fiestasdequito']	[]	https://twitter.com/montanertwiter/status/541246869289304064	False		0								[]				
541211149270659073	541211149270659073	2014-12-06 21:42:47 KST	2014-12-06	21:42:47	+0900	21342916	missnatalienunn	natalie nunn		Todays flight ✈️ puts me at chairmans status for next year! @AmericanAir @USAirways 💋😘	en	[{'screen_name': 'americanair', 'name': 'americanair', 'id': '22536055'}, {'screen_name': 'usairways', 'name': 'us airways', 'id': '78084813'}]	[]	[]	1	2	16	[]	[]	https://twitter.com/missnatalienunn/status/541211149270659073	False		0								[]				
541077368954441728	541077368954441728	2014-12-06 12:51:12 KST	2014-12-06	12:51:12	+0900	16656350	fox4	FOX 4 NEWS		A protestor is detained outside of the American Airlines Center  http://t.co/Oaufbm08oe	en	[]	[]	['https://pbs.twimg.com/media/B4JK_-vIUAAgjtz.jpg']	5	28	21	[]	[]	https://twitter.com/FOX4/status/541077368954441728	False		1	https://pbs.twimg.com/media/B4JK_-vIUAAgjtz.jpg							[]				
540930016393965569	540930016393965569	2014-12-06 03:05:40 KST	2014-12-06	03:05:40	+0900	26886095	flylaxairport	LAX Airport		[PIC] Ladies &amp; gentlemen, @kogibbq is now open in T4 @AmericanAir! Savor all kogi classics + breakfast! #KogiLAX  http://t.co/qEBADAbytV	en	[{'screen_name': 'kogibbq', 'name': 'kogibbq', 'id': '17207019'}, {'screen_name': 'americanair', 'name': 'americanair', 'id': '22536055'}]	[]	['https://pbs.twimg.com/media/B4HE-6OCMAAVwLE.jpg']	7	26	65	['kogilax']	[]	https://twitter.com/flyLAXairport/status/540930016393965569	False		1	https://pbs.twimg.com/media/B4HE-6OCMAAVwLE.jpg							[]				
540923009377501184	540923009377501184	2014-12-06 02:37:49 KST	2014-12-06	02:37:49	+0900	16896485	inc	Inc.		Uber is worth more than American Airlines and Twitter  http://t.co/Iqg5p86auA	en	[]	['http://bit.ly/1s252rJ']	[]	14	82	25	[]	[]	https://twitter.com/Inc/status/540923009377501184	False		0								[]				
540720557516673025	540720557516673025	2014-12-05 13:13:21 KST	2014-12-05	13:13:21	+0900	22048072	iambenlyons	Ben Lyons		Hey @AmericanAir. Being an hour late for no reason is one thing. Fine. It happens. But playing Pitbull full blast when we land is NOT COOL!	en	[{'screen_name': 'americanair', 'name': 'americanair', 'id': '22536055'}]	[]	[]	1	0	14	[]	[]	https://twitter.com/iamBenLyons/status/540720557516673025	False		0								[]				
540708927227576321	540708927227576321	2014-12-05 12:27:08 KST	2014-12-05	12:27:08	+0900	15933690	nbcdfw	NBC DFW		JUST IN: Northbound I-35E is CLOSED near the American Airlines Center due to the protests:  http://t.co/MjWT9Snlgj  http://t.co/AVEVeu1YA5	en	[]	['http://on.nbcdfw.com/Hj9Y7gk']	['https://pbs.twimg.com/media/B4D754mIIAAga8S.jpg']	9	76	21	[]	[]	https://twitter.com/NBCDFW/status/540708927227576321	False		1	https://pbs.twimg.com/media/B4D754mIIAAga8S.jpg							[]				
540704135083880449	540704135083880449	2014-12-05 12:08:06 KST	2014-12-05	12:08:06	+0900	481735007	marcusmoore	Marcus Moore		"Protesters are lying down on the ground in front of American Airlines.  Chanting ""I can't breathe.""  http://t.co/obKqp5ZFHV"	en	[]	[]	['https://pbs.twimg.com/media/B4D3i8SCIAAYm7P.jpg']	4	62	22	[]	[]	https://twitter.com/marcusmoore/status/540704135083880449	False		1	https://pbs.twimg.com/media/B4D3i8SCIAAYm7P.jpg							[]				
540585837495201792	540585837495201792	2014-12-05 04:18:01 KST	2014-12-05	04:18:01	+0900	6539592	jimgaffigan	Jim Gaffigan		Last night receiving the award for Most Photogenic! Make up @facegrease. Stylist @americanairlines Body by @bratwurst  http://t.co/Hkm1MVm0Cr	en	[{'screen_name': 'facegrease', 'name': 'waah', 'id': '4750133235'}, {'screen_name': 'bratwurst', 'name': 'ein storch', 'id': '9449602'}]	[]	['https://pbs.twimg.com/media/B4CL9G1CEAAJwjo.png']	13	32	165	[]	[]	https://twitter.com/JimGaffigan/status/540585837495201792	False		1	https://pbs.twimg.com/media/B4CL9G1CEAAJwjo.png							[]				
540580030737174528	540580030737174528	2014-12-05 03:54:57 KST	2014-12-05	03:54:57	+0900	10937622	airfarewatchdog	airfarewatchdog		Washington DC #IAD to Los Angeles #LAX $197 round-trip, nonstop, on @AmericanAir for #travel from Jan thru March  http://t.co/XzA2yWqqgg	en	[{'screen_name': 'americanair', 'name': 'americanair', 'id': '22536055'}]	['http://bit.ly/1vR1Hzt']	[]	4	28	20	['iad', 'lax', 'travel']	[]	https://twitter.com/airfarewatchdog/status/540580030737174528	False		0								[]				
540571174452088832	540560560094334976	2014-12-05 03:19:45 KST	2014-12-05	03:19:45	+0900	2305870420	dev1ce	Nicolai Reedtz		@c9seangares @AmericanAir @ESEAnet Had me clicking on the photo 3 times before I realized how shit your camera is.. ROFL	en	[{'screen_name': 'americanair', 'name': 'americanair', 'id': '22536055'}, {'screen_name': 'eseanet', 'name': 'esea', 'id': '3045196073'}]	[]	[]	2	0	34	[]	[]	https://twitter.com/dev1ce/status/540571174452088832	False		0								[]				
540560560094334976	540560560094334976	2014-12-05 02:37:35 KST	2014-12-05	02:37:35	+0900	709743942	seangares	Sean Gares	{'type': 'Point', 'coordinates': [33.43783013, -111.99676437]}	Woooo, thank you based curbside checkin @AmericanAir ! Otw to @ESEAnet LAN! ☺️  http://t.co/3QWGH9dpcf	en	[{'screen_name': 'americanair', 'name': 'americanair', 'id': '22536055'}, {'screen_name': 'eseanet', 'name': 'esea', 'id': '3045196073'}]	[]	['https://pbs.twimg.com/media/B4B04vpCEAEF_LK.jpg']	3	1	13	[]	[]	https://twitter.com/seangares/status/540560560094334976	False		1	https://pbs.twimg.com/media/B4B04vpCEAEF_LK.jpg							[]				
540418251231338496	540418251231338496	2014-12-04 17:12:06 KST	2014-12-04	17:12:06	+0900	17064600	tha_rami	Rami Ismail (رامي)		Thoughtful @AmericanAir crew aboard AA170 just put me in an exit row seat because my knees didn't fit in my assigned seat. Thanks!	en	[{'screen_name': 'americanair', 'name': 'americanair', 'id': '22536055'}]	[]	[]	7	3	14	[]	[]	https://twitter.com/tha_rami/status/540418251231338496	False		0								[]				
540331030188916736	540331030188916736	2014-12-04 11:25:31 KST	2014-12-04	11:25:31	+0900	108031696	toddhaberkorn	HᴀʙᴇʀTᴡᴇᴇᴛs™		Almost time to take a nap at 35,000 ft in the air...#AmericanAirlines	en	[]	[]	[]	4	6	48	['americanairlines']	[]	https://twitter.com/ToddHaberkorn/status/540331030188916736	False		0								[]				
540218036142477313	540218036142477313	2014-12-04 03:56:31 KST	2014-12-04	03:56:31	+0900	8824902	dallascowboys	Dallas Cowboys		Loading this @AmericanAir flight for our business trip to Chicago. #DALvsCHI  http://t.co/R1pkoEZPGE	en	[{'screen_name': 'americanair', 'name': 'americanair', 'id': '22536055'}]	[]	['https://pbs.twimg.com/media/B389bjfCAAEWP2z.jpg']	14	110	260	['dalvschi']	[]	https://twitter.com/dallascowboys/status/540218036142477313	False		1	https://pbs.twimg.com/media/B389bjfCAAEWP2z.jpg							[]				
540210335270313984	540210335270313984	2014-12-04 03:25:55 KST	2014-12-04	03:25:55	+0900	1965752712	anniemovie	Annie Movie		#AnnieMovie's @IAMQUVENZHANE @iamjamiefoxx &amp; @willgluckwhat surprise @AmericanAir passengers w/ an inflight premiere!  http://t.co/7mcg4ZX30S	en	"[{'screen_name': 'iamquvenzhane', 'name': ""quvenzhane' wallis"", 'id': '1083158845'}, {'screen_name': 'iamjamiefoxx', 'name': 'jamie foxx', 'id': '138600717'}, {'screen_name': 'willgluckwhat', 'name': 'will gluck', 'id': '549575035'}, {'screen_name': 'americanair', 'name': 'americanair', 'id': '22536055'}]"	[]	['https://pbs.twimg.com/media/B382agNIgAAucQq.jpg']	1	36	116	['anniemovie']	[]	https://twitter.com/AnnieMovie/status/540210335270313984	False		1	https://pbs.twimg.com/media/B382agNIgAAucQq.jpg							[]				
539962206486810625	539962206486810625	2014-12-03 10:59:56 KST	2014-12-03	10:59:56	+0900	1965752712	anniemovie	Annie Movie		You don't have a movie premiere in the sky every day. Thanks @MasterCard and @AmericanAir! #AnnieMovie  http://t.co/GTr631MmEU	en	[{'screen_name': 'mastercard', 'name': 'mastercard', 'id': '75014376'}, {'screen_name': 'americanair', 'name': 'americanair', 'id': '22536055'}]	[]	['https://pbs.twimg.com/media/B35Uw9cCYAApiR6.jpg']	3	16	33	['anniemovie']	[]	https://twitter.com/AnnieMovie/status/539962206486810625	False		1	https://pbs.twimg.com/media/B35Uw9cCYAApiR6.jpg							[]				
539903272685797376	539903272685797376	2014-12-03 07:05:45 KST	2014-12-03	07:05:45	+0900	1965752712	anniemovie	Annie Movie		We're off! Excited to hear what these @AmericanAir flyers think of #AnnieMovie! Thx @MasterCard #PricelessSurprises!  http://t.co/vdOhXBs39h	en	[{'screen_name': 'americanair', 'name': 'americanair', 'id': '22536055'}, {'screen_name': 'mastercard', 'name': 'mastercard', 'id': '75014376'}]	[]	['https://pbs.twimg.com/media/B34fKmiCIAEbnvY.jpg']	6	42	65	['anniemovie', 'pricelesssurprises']	[]	https://twitter.com/AnnieMovie/status/539903272685797376	False		1	https://pbs.twimg.com/media/B34fKmiCIAEbnvY.jpg							[]				
539880154320093184	539880154320093184	2014-12-03 05:33:53 KST	2014-12-03	05:33:53	+0900	1965752712	anniemovie	Annie Movie		Our own @IAMQUVENZHANE is about to take off on a special @AmericanAir flight w/ @MasterCard's #PricelessSurprises!	en	"[{'screen_name': 'iamquvenzhane', 'name': ""quvenzhane' wallis"", 'id': '1083158845'}, {'screen_name': 'americanair', 'name': 'americanair', 'id': '22536055'}, {'screen_name': 'mastercard', 'name': 'mastercard', 'id': '75014376'}]"	[]	[]	2	16	53	['pricelesssurprises']	[]	https://twitter.com/AnnieMovie/status/539880154320093184	False		0								[]				
539876743541432320	539876743541432320	2014-12-03 05:20:20 KST	2014-12-03	05:20:20	+0900	549575035	willgluckwhat	Will Gluck		About to surprise @AmericanAir flight with the first ever movie premiere at 30k feet. @anniemovie  http://t.co/LMKKsIRqcQ	en	[{'screen_name': 'americanair', 'name': 'americanair', 'id': '22536055'}, {'screen_name': 'anniemovie', 'name': 'annie movie', 'id': '1965752712'}]	[]	['https://pbs.twimg.com/media/B34G-7eCYAAZcWK.jpg']	5	22	47	[]	[]	https://twitter.com/willgluckwhat/status/539876743541432320	False		1	https://pbs.twimg.com/media/B34G-7eCYAAZcWK.jpg							[]				
539869064752295937	539869064752295937	2014-12-03 04:49:49 KST	2014-12-03	04:49:49	+0900	113431209	darling_j	Jenny Depper	{'type': 'Point', 'coordinates': [33.94118056, -118.40611533]}	On board and gearing up to chat with cast of @AnnieMovie! Thanks @AmericanAir and @MasterCard #PricelessSurprises  http://t.co/O6INhm7NQ2	en	[{'screen_name': 'anniemovie', 'name': 'annie movie', 'id': '1965752712'}, {'screen_name': 'americanair', 'name': 'americanair', 'id': '22536055'}, {'screen_name': 'mastercard', 'name': 'mastercard', 'id': '75014376'}]	[]	['https://pbs.twimg.com/media/B34AAXJCcAAEZ4D.jpg']	3	10	13	['pricelesssurprises']	[]	https://twitter.com/Darling_J/status/539869064752295937	False		1	https://pbs.twimg.com/media/B34AAXJCcAAEZ4D.jpg							[]				
539640682185752576	539640682185752576	2014-12-02 13:42:19 KST	2014-12-02	13:42:19	+0900	14166096	harto	🔴LIVE Hannah Hart🌱		Dear @AmericanAir, I'd be SO HAPPY if you could find my bag in Miami. I was excited for my outfit tomorrow and uploading my vid tonight. 😬😳😬	en	[{'screen_name': 'americanair', 'name': 'americanair', 'id': '22536055'}]	[]	[]	24	47	613	[]	[]	https://twitter.com/harto/status/539640682185752576	False		0								[]				
539626503987036160	539626503987036160	2014-12-02 12:45:58 KST	2014-12-02	12:45:58	+0900	30274144	hollyrpeete	Holly Robinson Peete ⭐️💖		"S/o to my #DFW lost n found crew! Got my laptop!! 💃💃""@AmericanAir: @hollyrpeete  #happydance Glad to help.""  http://t.co/wmcvlImcha"	en	[{'screen_name': 'americanair', 'name': 'americanair', 'id': '22536055'}, {'screen_name': 'hollyrpeete', 'name': 'holly robinson peete ⭐️💖', 'id': '30274144'}]	[]	['https://pbs.twimg.com/media/B30jcR5IcAAT0a3.jpg']	6	5	29	['dfw', 'happydance']	[]	https://twitter.com/hollyrpeete/status/539626503987036160	False		1	https://pbs.twimg.com/media/B30jcR5IcAAT0a3.jpg							[]				
539603800383049728	539603800383049728	2014-12-02 11:15:46 KST	2014-12-02	11:15:46	+0900	30274144	hollyrpeete	Holly Robinson Peete ⭐️💖		"Thank you @AmericanAir for locating my laptop!! *doing happy dance""!!! 💃💃 ""@AmericanAir: @hollyrpeete It's our pleasure to help you!"""	en	[{'screen_name': 'americanair', 'name': 'americanair', 'id': '22536055'}, {'screen_name': 'americanair', 'name': 'americanair', 'id': '22536055'}, {'screen_name': 'hollyrpeete', 'name': 'holly robinson peete ⭐️💖', 'id': '30274144'}]	[]	[]	5	5	22	[]	[]	https://twitter.com/hollyrpeete/status/539603800383049728	False		0								[]				
539554632511389696	539554632511389696	2014-12-02 08:00:23 KST	2014-12-02	08:00:23	+0900	22536055	americanair	americanair		Nós amamos muito o Brasil! Today, we begin service to #Campinas from #JFK, and tomorrow, from #MIA. [Pic: @saileaiam]  http://t.co/CtkjmgSAeF	pt	[{'screen_name': 'saileaiam', 'name': 'elias maia', 'id': '24973004'}]	[]	['https://pbs.twimg.com/media/B3ziE7TCYAAJX0y.png']	7	30	51	['campinas', 'jfk', 'mia']	[]	https://twitter.com/AmericanAir/status/539554632511389696	False		1	https://pbs.twimg.com/media/B3ziE7TCYAAJX0y.png							[]				
539550287577751552	539550287577751552	2014-12-02 07:43:07 KST	2014-12-02	07:43:07	+0900	20494730	jasonwhitely	Jason Whitely		787 DREAMLINER is finally coming to @AmericanAir's fleet this month. @aviation_world_787 posted this pic of it on IG.  http://t.co/O1ipD4t5Jq	en	[{'screen_name': 'americanair', 'name': 'americanair', 'id': '22536055'}]	[]	['https://pbs.twimg.com/media/B3zeH2PIAAAeAMI.jpg']	3	19	33	[]	[]	https://twitter.com/JasonWhitely/status/539550287577751552	False		1	https://pbs.twimg.com/media/B3zeH2PIAAAeAMI.jpg							[]				
539463961960132608	539463961960132608	2014-12-02 02:00:05 KST	2014-12-02	02:00:05	+0900	22536055	americanair	americanair		Post a pic with #GoingForGreat &amp; you could be one of American’s biggest fans on the @Nasdaq Tower in #TimesSquare!  http://t.co/NziWfbvVoe	en	[{'screen_name': 'nasdaq', 'name': 'nasdaq', 'id': '18639734'}]	[]	['https://pbs.twimg.com/media/B3yPnQ-CMAEELcI.jpg']	6	30	51	['goingforgreat', 'timessquare']	[]	https://twitter.com/AmericanAir/status/539463961960132608	False		1	https://pbs.twimg.com/media/B3yPnQ-CMAEELcI.jpg							[]				
