id	conversation_id	created_at	date	time	timezone	user_id	username	name	place	tweet	language	mentions	urls	photos	replies_count	retweets_count	likes_count	hashtags	cashtags	link	retweet	quote_url	video	thumbnail	near	geo	source	user_rt_id	user_rt	retweet_id	reply_to	retweet_date	translate	trans_src	trans_dest
483398668846780417	483398668846780417	2014-06-30 08:56:38 KST	2014-06-30	08:56:38	+0900	363961928	carterreynolds	Carter Reynolds		Been waiting for over an hour on the runway and all I get is a granola bar? Thanks @AmericanAir	en	[{'screen_name': 'americanair', 'name': 'americanair', 'id': '22536055'}]	[]	[]	500	1310	8439	[]	[]	https://twitter.com/carterreynolds/status/483398668846780417	False		0								[]				
483371774881832961	483358221050994689	2014-06-30 07:09:46 KST	2014-06-30	07:09:46	+0900	20192875	susanslusser	Susan Slusser		This is impressive, MT: @AmericanAir: @joshreddick16 Our apologies for delay, Josh. We'll do what we can to keep our plane off #disabledlist	en	[{'screen_name': 'americanair', 'name': 'americanair', 'id': '22536055'}, {'screen_name': 'joshreddick16', 'name': 'josh reddick', 'id': '2885093212'}]	[]	[]	5	20	34	['disabledlist']	[]	https://twitter.com/susanslusser/status/483371774881832961	False		0								[]				
483368218753396736	483368218753396736	2014-06-30 06:55:38 KST	2014-06-30	06:55:38	+0900	435976945	realjoshreddick	Josh Reddick		Much thanks to @AmericanAir for responding so quickly and getting me another flight back to the bay. Fastest customer service I've ever had!	en	[{'screen_name': 'americanair', 'name': 'americanair', 'id': '22536055'}]	[]	[]	15	11	161	[]	[]	https://twitter.com/RealJoshReddick/status/483368218753396736	False		0								[]				
483358221050994689	483358221050994689	2014-06-30 06:15:54 KST	2014-06-30	06:15:54	+0900	435976945	realjoshreddick	Josh Reddick		Get hurt. Try to fly back home and mechanical issues. Awesome. @AmericanAir	en	[{'screen_name': 'americanair', 'name': 'americanair', 'id': '22536055'}]	[]	[]	32	18	86	[]	[]	https://twitter.com/RealJoshReddick/status/483358221050994689	False		0								[]				
483020746982043649	483020746982043649	2014-06-29 07:54:54 KST	2014-06-29	07:54:54	+0900	34701524	richeisen	Rich Eisen		New one: @AmericanAir having trouble opening the plane to get our bags. It's been 55 minutes. #UseABlowtorchAlready	en	[{'screen_name': 'americanair', 'name': 'americanair', 'id': '22536055'}]	[]	[]	22	9	37	['useablowtorchalready']	[]	https://twitter.com/richeisen/status/483020746982043649	False		0								[]				
482988064554622977	482988064554622977	2014-06-29 05:45:02 KST	2014-06-29	05:45:02	+0900	245056117	xnicoleanistonx	Nicole Aniston		Uh oh, just got dropped off at the airport and people are already freaking out at the American Airlines counter... lol... Oh Lord.	en	[]	[]	[]	5	1	13	[]	[]	https://twitter.com/XNicoleAnistonX/status/482988064554622977	False		0								[]				
482983181486792704	482983181486792704	2014-06-29 05:25:38 KST	2014-06-29	05:25:38	+0900	121508584	chrisalgieri	Chris Algieri		Flying out if #jfk on @AmericanAir worst most unorganized travel experience of my life. #shameful #backtojetblue	en	[{'screen_name': 'americanair', 'name': 'americanair', 'id': '22536055'}]	[]	[]	5	1	10	['jfk', 'shameful', 'backtojetblue']	[]	https://twitter.com/ChrisAlgieri/status/482983181486792704	False		0								[]				
482909465696407552	482908369511251968	2014-06-29 00:32:43 KST	2014-06-29	00:32:43	+0900	26500119	joegoodmanjr	Joseph Goodman		When it's all said and done, there will be a statue of Udonis Haslem in front of AmericanAirlines Arena. @bomani_jones	en	[{'screen_name': 'bomani_jones', 'name': 'bomani', 'id': '21129105'}]	[]	[]	7	50	39	[]	[]	https://twitter.com/JoeGoodmanJr/status/482909465696407552	False		0								[]				
482742605848276995	482742605848276995	2014-06-28 13:29:40 KST	2014-06-28	13:29:40	+0900	302294450	onlyseanfaris	Sean Faris		“@AmericanAir:  Sean, we're sorry to hear this happened. share experience with Customer Relations here:  http://t.co/oDnU0xrXb6”now theres pr	en	[{'screen_name': 'americanair', 'name': 'americanair', 'id': '22536055'}]	['http://bit.ly/CRContact']	[]	4	3	16	[]	[]	https://twitter.com/onlyseanfaris/status/482742605848276995	False		0								[]				
482721042872279040	482721042872279040	2014-06-28 12:03:59 KST	2014-06-28	12:03:59	+0900	48477007	brush_25	Brandon Rush		Only American Airlines n Southwest	en	[]	[]	[]	14	8	34	[]	[]	https://twitter.com/BRush_25/status/482721042872279040	False		0								[]				
482339506113089537	482339506113089537	2014-06-27 10:47:54 KST	2014-06-27	10:47:54	+0900	16282245	nickasaur	🦖		is emotional baggage considered carry on? @VirginAmerica @SouthwestAir @AmericanAir	en	[{'screen_name': 'virginamerica', 'name': 'virgin america', 'id': '12101862'}, {'screen_name': 'southwestair', 'name': 'southwest airlines', 'id': '7212562'}, {'screen_name': 'americanair', 'name': 'americanair', 'id': '22536055'}]	[]	[]	2	26	66	[]	[]	https://twitter.com/nickasaur/status/482339506113089537	False		0								[]				
482281724064571392	482281724064571392	2014-06-27 06:58:18 KST	2014-06-27	06:58:18	+0900	58913244	airlineflyer	Jason Rabinowitz		Here's an breakdown of the repainting progress at @AmericanAir &amp; @USAirways. 189 AA and 8 US in new livery. #AvGeek  http://t.co/eJsJw5fc9u	en	[{'screen_name': 'americanair', 'name': 'americanair', 'id': '22536055'}, {'screen_name': 'usairways', 'name': 'us airways', 'id': '78084813'}]	[]	['https://pbs.twimg.com/media/BrFoq9PCYAEQBho.jpg']	8	13	12	['avgeek']	[]	https://twitter.com/AirlineFlyer/status/482281724064571392	False		1	https://pbs.twimg.com/media/BrFoq9PCYAEQBho.jpg							[]				
482232445954060289	482232445954060289	2014-06-27 03:42:29 KST	2014-06-27	03:42:29	+0900	293064580	stlucia	St. Lucia	{'type': 'Point', 'coordinates': [41.98186507, -87.89026509]}	Dear @AmericanAir, thank you for royally f&amp;$%ing us by canceling our font of house and tour managers flights, then booking them a	en	[{'screen_name': 'americanair', 'name': 'americanair', 'id': '22536055'}]	[]	[]	6	4	25	[]	[]	https://twitter.com/stlucia/status/482232445954060289	False		0								[]				
482172767907753984	482172767907753984	2014-06-26 23:45:20 KST	2014-06-26	23:45:20	+0900	29611680	bc_chamberlain	byron chamberlain	{'type': 'Point', 'coordinates': [33.93972098, -118.40609165]}	Onboard &amp; ready to enjoy our flight from LAX to Hawaii only on @AmericanAir #Aloha #firstclass #OneWorld #AA  http://t.co/L1UiCXlXjC	en	[{'screen_name': 'americanair', 'name': 'americanair', 'id': '22536055'}]	[]	['https://pbs.twimg.com/media/BrEFkxdCAAAO83W.jpg']	1	2	9	['aloha', 'firstclass', 'oneworld', 'aa']	[]	https://twitter.com/bc_chamberlain/status/482172767907753984	False		1	https://pbs.twimg.com/media/BrEFkxdCAAAO83W.jpg							[]				
482123369652178944	482123369652178944	2014-06-26 20:29:03 KST	2014-06-26	20:29:03	+0900	54626493	taylortwellman	Taylor Twellman		Thank you @AmericanAir for ruining a special someone's 30th birthday gift. They will now miss #USAvsGER because of a 14hr delay at JFK!!	en	[{'screen_name': 'americanair', 'name': 'americanair', 'id': '22536055'}]	[]	[]	23	77	74	['usavsger']	[]	https://twitter.com/TaylorTwellman/status/482123369652178944	False		0								[]				
482000562506846208	481961776355889153	2014-06-26 12:21:03 KST	2014-06-26	12:21:03	+0900	89556802	jrsbbq	Jim Ross		“@HBKPITT: @JRsBBQ @AmericanAir So... Do they realize who you are?”  LOL. Just another traveler w/ a badass podcast.  http://t.co/VRNqoN2DFH	en	[{'screen_name': 'jrsbbq', 'name': 'jim ross', 'id': '89556802'}, {'screen_name': 'americanair', 'name': 'americanair', 'id': '22536055'}]	['http://podcastone.com']	[]	1	3	17	[]	[]	https://twitter.com/JRsBBQ/status/482000562506846208	False		0								[]				
481915234047647745	481915234047647745	2014-06-26 06:42:00 KST	2014-06-26	06:42:00	+0900	44477041	rosebowlgame	Rose Bowl Game		Thank you to the wonderful flight attendants at @AmericanAir for getting our trophy safely to NYC!  http://t.co/24S04IGegb	en	[{'screen_name': 'americanair', 'name': 'americanair', 'id': '22536055'}]	[]	['https://pbs.twimg.com/media/BrAbWNBCAAE7nCq.jpg']	5	7	9	[]	[]	https://twitter.com/rosebowlgame/status/481915234047647745	False		1	https://pbs.twimg.com/media/BrAbWNBCAAE7nCq.jpg							[]				
481901394945777664	481901394945777664	2014-06-26 05:47:00 KST	2014-06-26	05:47:00	+0900	127431090	msamberpriley	Amber Patrice Riley		Thank you @americanair for your help!	en	[{'screen_name': 'americanair', 'name': 'americanair', 'id': '22536055'}]	[]	[]	22	44	190	[]	[]	https://twitter.com/MsAmberPRiley/status/481901394945777664	False		0								[]				
481885745506824192	481880454031609857	2014-06-26 04:44:49 KST	2014-06-26	04:44:49	+0900	128485149	laurelstucky	laurelstucky		@TylerDuckMTV @paulawalnutsMTV @MTVBananas @AmericanAir one of the best moments in my challenge history travel. Fake engagements &amp; upgrades	en	[{'screen_name': 'paulawalnutsmtv', 'name': 'paula beckert', 'id': '34160922'}, {'screen_name': 'mtvbananas', 'name': 'bananas defender🍌', 'id': '970738656989319168'}, {'screen_name': 'americanair', 'name': 'americanair', 'id': '22536055'}]	[]	[]	0	2	16	[]	[]	https://twitter.com/laurelstucky/status/481885745506824192	False		0								[]				
481510599847706624	481504699288285184	2014-06-25 03:54:07 KST	2014-06-25	03:54:07	+0900	23711472	megturney	Meg Turney		@AH_Michael @Armond436 @AmericanAir @united No way, United has lost my bag twice. I'm all about @VirginAmerica.	en	[{'screen_name': 'americanair', 'name': 'americanair', 'id': '22536055'}, {'screen_name': 'united', 'name': 'united airlines', 'id': '260907612'}, {'screen_name': 'virginamerica', 'name': 'virgin america', 'id': '12101862'}]	[]	[]	1	2	61	[]	[]	https://twitter.com/megturney/status/481510599847706624	False		0								[]				
481447563317346304	481447563317346304	2014-06-24 23:43:38 KST	2014-06-24	23:43:38	+0900	17437511	courtneyact	Courtney Act		.@AmericanAir plays the most eclectic mix of pre-flight music. Piano acoustic versions of @fleetwoodmac and @WICKED_Musical I kinda love it	en	[{'screen_name': 'americanair', 'name': 'americanair', 'id': '22536055'}, {'screen_name': 'fleetwoodmac', 'name': 'fleetwood mac', 'id': '1012109886'}, {'screen_name': 'wicked_musical', 'name': 'wicked the musical', 'id': '76460301'}]	[]	[]	5	1	20	[]	[]	https://twitter.com/courtneyact/status/481447563317346304	False		0								[]				
481402100325580801	481402100325580801	2014-06-24 20:42:59 KST	2014-06-24	20:42:59	+0900	43522180	courtney	Courtney Love Cobain		I have to admit,  this is the nicest domestic flight I've been on in ages @AmericanAir   I'm quite impressed xc  http://t.co/1Slb2QHhox	en	[{'screen_name': 'americanair', 'name': 'americanair', 'id': '22536055'}]	[]	['https://pbs.twimg.com/media/Bq5IpgfCIAIeT9s.jpg']	20	45	207	[]	[]	https://twitter.com/Courtney/status/481402100325580801	False		1	https://pbs.twimg.com/media/Bq5IpgfCIAIeT9s.jpg							[]				
481398922519535616	481398922519535616	2014-06-24 20:30:21 KST	2014-06-24	20:30:21	+0900	20823928	heathrowairport	Heathrow Airport		We welcomed the newly combined @AmericanAir to T3 this morning, check out the team celebrating their arrival to T3!  http://t.co/wx5u7MuBki	en	[{'screen_name': 'americanair', 'name': 'americanair', 'id': '22536055'}]	[]	['https://pbs.twimg.com/media/Bq5FxEjCYAAK-tv.jpg']	6	14	27	[]	[]	https://twitter.com/HeathrowAirport/status/481398922519535616	False		1	https://pbs.twimg.com/media/Bq5FxEjCYAAK-tv.jpg							[]				
481393058140155904	481393058140155904	2014-06-24 20:07:03 KST	2014-06-24	20:07:03	+0900	14749383	pennjillette	Penn Jillette		And so we bid a fond fairway to the U.K.  I'm at American Airlines getting ready to fly to LA.   What a great and perfect trip.  Thank you.	en	[]	[]	[]	36	15	91	[]	[]	https://twitter.com/pennjillette/status/481393058140155904	False		0								[]				
481274066360225794	481274066360225794	2014-06-24 12:14:13 KST	2014-06-24	12:14:13	+0900	24856567	d_trix	D-trix		American Airlines and United.... You are both tied for the 1 Spot of Worst Airlines Ever. Hmmm, I wonder if Uber can take me 4 states over?	en	[]	[]	[]	16	18	106	[]	[]	https://twitter.com/d_TRIX/status/481274066360225794	False		0								[]				
481262270979125248	481262270979125248	2014-06-24 11:27:21 KST	2014-06-24	11:27:21	+0900	14327063	jillionaire	JILLIONAIRE		"when I asked to expedite my bag to JFK the lady looks at me and goes ""what's the address?""  IT'S THE FUCKING AIRPORT @AmericanAir"	en	[{'screen_name': 'americanair', 'name': 'americanair', 'id': '22536055'}]	[]	[]	3	2	17	[]	[]	https://twitter.com/jillionaire/status/481262270979125248	False		0								[]				
481261416880410624	481261416880410624	2014-06-24 11:23:57 KST	2014-06-24	11:23:57	+0900	141021153	tmartn	TmarTn		I literally ran at least two miles. From one end of United terminal all the way to the other end of an American Airlines terminal. Gate	en	[]	[]	[]	6	5	126	[]	[]	https://twitter.com/TmarTn/status/481261416880410624	False		0								[]				
481232651840262144	481232651840262144	2014-06-24 09:29:39 KST	2014-06-24	09:29:39	+0900	180509355	kateesackhoff	Katee Sackhoff		The @AmericanAir Remote terminal at #LAX has one food option &amp; they ran out of forks! I was told to eat my salad with a spoon...um no! 😣👎	en	[{'screen_name': 'americanair', 'name': 'americanair', 'id': '22536055'}]	[]	[]	39	11	53	['lax']	[]	https://twitter.com/kateesackhoff/status/481232651840262144	False		0								[]				
481215958522937344	481215958522937344	2014-06-24 08:23:19 KST	2014-06-24	08:23:19	+0900	196516385	garrettrwang	Garrett Wang		View out my window @AmericanAir #CloudsAreCool  http://t.co/ZT34idbQ6I	en	[{'screen_name': 'americanair', 'name': 'americanair', 'id': '22536055'}]	[]	['https://pbs.twimg.com/media/Bq2fXNUCYAANRHY.jpg']	13	10	26	['cloudsarecool']	[]	https://twitter.com/GarrettRWang/status/481215958522937344	False		1	https://pbs.twimg.com/media/Bq2fXNUCYAANRHY.jpg							[]				
481111429207302144	481111429207302144	2014-06-24 01:27:58 KST	2014-06-24	01:27:58	+0900	26886095	flylaxairport	LAX Airport		RT @GDClearedToLand: @flyLAXairport is the place for #757 spotting! @AmericanAir #N172AJ @AirlineGeeks #avgeek  http://t.co/v4bVagYoky	en	[{'screen_name': 'gdclearedtoland', 'name': 'paul', 'id': '1641102738'}, {'screen_name': 'flylaxairport', 'name': 'lax airport', 'id': '26886095'}, {'screen_name': 'americanair', 'name': 'americanair', 'id': '22536055'}, {'screen_name': 'airlinegeeks', 'name': 'airlinegeeks', 'id': '330504751'}]	[]	['https://pbs.twimg.com/media/BqxVA5lCEAA6cHB.jpg']	1	13	17	['n172aj', 'avgeek']	[]	https://twitter.com/flyLAXairport/status/481111429207302144	False		1	https://pbs.twimg.com/media/BqxVA5lCEAA6cHB.jpg							[]				
481041232076894209	481041232076894209	2014-06-23 20:49:01 KST	2014-06-23	20:49:01	+0900	462156189	coltondixon	Colton Dixon		Never been a fan of @AmericanAir  they are rarely on time which means missed connections.  Swell	en	[{'screen_name': 'americanair', 'name': 'americanair', 'id': '22536055'}]	[]	[]	14	11	110	[]	[]	https://twitter.com/coltondixon/status/481041232076894209	False		0								[]				
480896643420520449	480896643420520449	2014-06-23 11:14:29 KST	2014-06-23	11:14:29	+0900	81692128	jonwurster	Jon Wurster		America's &amp; Canada's national nightmare has ended. Massive thanks to all at @AmericanAir &amp; @WestJet for your help.  http://t.co/gSDRTlGXFr	en	[{'screen_name': 'americanair', 'name': 'americanair', 'id': '22536055'}, {'screen_name': 'westjet', 'name': 'westjet', 'id': '15519886'}]	[]	['https://pbs.twimg.com/media/Bqx88d1CAAAQqZs.jpg']	3	1	50	[]	[]	https://twitter.com/jonwurster/status/480896643420520449	False		1	https://pbs.twimg.com/media/Bqx88d1CAAAQqZs.jpg							[]				
480778877103378432	480778877103378432	2014-06-23 03:26:31 KST	2014-06-23	03:26:31	+0900	23967578	terrellowens	Terrell Owens		Wish I had the choice of a #LuvoInFlight meal like this on this @AmericanAir flt 👎 but I don't. Rather starve ...  http://t.co/soc4puidQk	en	[{'screen_name': 'americanair', 'name': 'americanair', 'id': '22536055'}]	['http://to-gram.com/6QR']	[]	9	16	20	['luvoinflight']	[]	https://twitter.com/terrellowens/status/480778877103378432	False		0								[]				
480778753446916096	480777688198557696	2014-06-23 03:26:01 KST	2014-06-23	03:26:01	+0900	38408789	chrisbrockman	Chris Brockman		maybe it's time to drive. or take a train. or walk places. RT @ChrisLaw: One hour thirty-five mins on the Tarmac... Come on @AmericanAir	en	[{'screen_name': 'chrislaw', 'name': 'chris law', 'id': '249956732'}, {'screen_name': 'americanair', 'name': 'americanair', 'id': '22536055'}]	[]	[]	8	6	15	[]	[]	https://twitter.com/chrisbrockman/status/480778753446916096	False		0								[]				
480548170057805824	480548170057805824	2014-06-22 12:09:46 KST	2014-06-22	12:09:46	+0900	297338796	joel_fletcher	Joel Fletcher		my luggage has been lost for almost 24 hours now. think i've got a situation here. thanks american airlines you dirty dawgs	en	[]	[]	[]	1	2	19	[]	[]	https://twitter.com/Joel_Fletcher/status/480548170057805824	False		0								[]				
480535912825106432	480535912825106432	2014-06-22 11:21:04 KST	2014-06-22	11:21:04	+0900	33627557	wolfiesmom	Valerie Bertinelli		Where's our #glamsquad when we need them? Flying high on @AmericanAir Thank you to a #greatcrew!  http://t.co/AMEYsuwgDO	en	[{'screen_name': 'americanair', 'name': 'americanair', 'id': '22536055'}]	[]	['https://pbs.twimg.com/media/Bqs03dQCQAAzyCa.jpg']	27	31	143	['glamsquad', 'greatcrew']	[]	https://twitter.com/Wolfiesmom/status/480535912825106432	False		1	https://pbs.twimg.com/media/Bqs03dQCQAAzyCa.jpg							[]				
480479056052252672	480479056052252672	2014-06-22 07:35:08 KST	2014-06-22	07:35:08	+0900	33627557	wolfiesmom	Valerie Bertinelli		Watching Winter's Tale on @AmericanAir #crying #thanksalot #landingwithpuffyeyes	en	[{'screen_name': 'americanair', 'name': 'americanair', 'id': '22536055'}]	[]	[]	10	3	19	['crying', 'thanksalot', 'landingwithpuffyeyes']	[]	https://twitter.com/Wolfiesmom/status/480479056052252672	False		0								[]				
480475068875546625	480475068875546625	2014-06-22 07:19:17 KST	2014-06-22	07:19:17	+0900	272071608	thundercat	ashy daddy		I hate united airlines/American Airlines so much, I don't even care about the upgrades.	en	[]	[]	[]	1	4	16	[]	[]	https://twitter.com/Thundercat/status/480475068875546625	False		0								[]				
480330405015330816	480330405015330816	2014-06-21 21:44:27 KST	2014-06-21	21:44:27	+0900	17542901	nikkibenz	NIKKI BENZ		Thank you @AmericanAir for once again taking such good care of me #laxtojfk  http://t.co/XINIFIhA3F	en	[{'screen_name': 'americanair', 'name': 'americanair', 'id': '22536055'}]	[]	['https://pbs.twimg.com/media/Bqp59R_CYAELqiU.jpg']	7	8	46	['laxtojfk']	[]	https://twitter.com/nikkibenz/status/480330405015330816	False		1	https://pbs.twimg.com/media/Bqp59R_CYAELqiU.jpg							[]				
479997279684669441	479997279684669441	2014-06-20 23:40:44 KST	2014-06-20	23:40:44	+0900	10937622	airfarewatchdog	airfarewatchdog		Nonstop #LAX to Lihue #Hawaii $339 round-trip for #travel over July 4th on @AmericanAir  http://t.co/BJFGOwYRBj	en	[{'screen_name': 'americanair', 'name': 'americanair', 'id': '22536055'}]	['http://bit.ly/1qy8WLS']	[]	6	22	15	['lax', 'hawaii', 'travel']	[]	https://twitter.com/airfarewatchdog/status/479997279684669441	False		0								[]				
479829439761874944	479829439761874944	2014-06-20 12:33:47 KST	2014-06-20	12:33:47	+0900	275337714	claudiasampedro	Claudia Sampedro	{'type': 'Point', 'coordinates': [40.77511118, -73.87267882]}	"American Airlines is really playing Frozen's ""Let It Go"" on this airplane 🙈"	en	[]	[]	[]	8	4	28	[]	[]	https://twitter.com/ClaudiaSampedro/status/479829439761874944	False		0								[]				
479816312630149121	479816312630149121	2014-06-20 11:41:38 KST	2014-06-20	11:41:38	+0900	127431090	msamberpriley	Amber Patrice Riley		Thanks for being so helpful and finding a solution for me @americanair 👍	en	[{'screen_name': 'americanair', 'name': 'americanair', 'id': '22536055'}]	[]	[]	6	43	177	[]	[]	https://twitter.com/MsAmberPRiley/status/479816312630149121	False		0								[]				
479786438922620929	479786438922620929	2014-06-20 09:42:55 KST	2014-06-20	09:42:55	+0900	17593694	israelhoughton	israelhoughton		Hi @Nordstrom would love for you guys to help @AmericanAir learn your philosophy of why customers who pay them a lot matter... K thanks.	en	[{'screen_name': 'nordstrom', 'name': 'nordstrom', 'id': '15162193'}, {'screen_name': 'americanair', 'name': 'americanair', 'id': '22536055'}]	[]	[]	3	4	28	[]	[]	https://twitter.com/israelhoughton/status/479786438922620929	False		0								[]				
479784685803802624	479784685803802624	2014-06-20 09:35:57 KST	2014-06-20	09:35:57	+0900	17593694	israelhoughton	israelhoughton		And the hits just keep on coming @AmericanAir - seriously all of your employees need to attend a Nordstrom Retreat and learn how to serve	en	[{'screen_name': 'americanair', 'name': 'americanair', 'id': '22536055'}]	[]	[]	2	6	20	[]	[]	https://twitter.com/israelhoughton/status/479784685803802624	False		0								[]				
479784301727588352	479781048327217152	2014-06-20 09:34:26 KST	2014-06-20	09:34:26	+0900	56915836	thedylanholland	DYLAN		@AmericanAir I know it's not y'all's fault but I'm stressed out and miss my bed 😴	en	[]	[]	[]	0	2	24	[]	[]	https://twitter.com/TheDylanHolland/status/479784301727588352	False		0								[]				
479782497945796608	479781048327217152	2014-06-20 09:27:16 KST	2014-06-20	09:27:16	+0900	56915836	thedylanholland	DYLAN		@AmericanAir ok thank you	en	[]	[]	[]	2	1	16	[]	[]	https://twitter.com/TheDylanHolland/status/479782497945796608	False		0								[]				
479760522816925696	479760522816925696	2014-06-20 07:59:56 KST	2014-06-20	07:59:56	+0900	56915836	thedylanholland	DYLAN		Another delayed flight today.. @AmericanAir y'all serious right now?	en	[{'screen_name': 'americanair', 'name': 'americanair', 'id': '22536055'}]	[]	[]	16	31	228	[]	[]	https://twitter.com/TheDylanHolland/status/479760522816925696	False		0								[]				
479749658642628609	479749658642628609	2014-06-20 07:16:46 KST	2014-06-20	07:16:46	+0900	17593694	israelhoughton	israelhoughton		Everytime I fly @AmericanAir it's because I have no other choice...They are committed to worst cust service ever. #AmericanStrikesAgain	en	[{'screen_name': 'americanair', 'name': 'americanair', 'id': '22536055'}]	[]	[]	7	12	26	['americanstrikesagain']	[]	https://twitter.com/israelhoughton/status/479749658642628609	False		0								[]				
479647036187226112	479647036187226112	2014-06-20 00:28:59 KST	2014-06-20	00:28:59	+0900	39346451	iraheatbeat	Ira Winderman		Live from AmericanAirlines Arena: Pat Riley offers candid, angry, forward-thinking views on Heat.  http://t.co/VPw46G04LA	en	[]	['http://bit.ly/1lJLJOX']	[]	1	10	17	[]	[]	https://twitter.com/IraHeatBeat/status/479647036187226112	False		0								[]				
479436836138659841	479436836138659841	2014-06-19 10:33:43 KST	2014-06-19	10:33:43	+0900	267305045	colleenb123	Colleen Ballinger🎗		I hate cheaptickets. I hate us airways. I hate American Airlines. I hate LAX. I hate when all my technology crashes. I dislike rude people.	en	[]	[]	[]	43	96	1080	[]	[]	https://twitter.com/ColleenB123/status/479436836138659841	False		0								[]				
479420902325878785	479420902325878785	2014-06-19 09:30:24 KST	2014-06-19	09:30:24	+0900	67736078	luischataing	Luis Chataing		"VIDEO 2014/06/18 Comentarios reducción vuelos American Airlines, y ""Onda Móvil Camaguey""  http://t.co/fC9r1cVdHF"	es	[]	['http://ow.ly/yaN0j']	[]	2	33	16	[]	[]	https://twitter.com/LuisChataing/status/479420902325878785	False		0								[]				
479413358563971072	479413358563971072	2014-06-19 09:00:26 KST	2014-06-19	09:00:26	+0900	67736078	luischataing	Luis Chataing		Qué tienen en común los vuelos semanales de American Airlines y la popularidad del gobierno de Nicolás: ambos se redujeron de 48 a 10.	es	[]	[]	[]	28	882	136	[]	[]	https://twitter.com/LuisChataing/status/479413358563971072	False		0								[]				
479347086781992960	479347086781992960	2014-06-19 04:37:05 KST	2014-06-19	04:37:05	+0900	156132825	miketyson	Mike Tyson		It's going down July 10th, judgement day!  At the American Airlines arena #Miami.  Get tickets now   http://t.co/DpPIFC1E36	en	[]	['http://www.ticketmaster.com/event/0D004CCAD34EB204']	[]	11	24	46	['miami']	[]	https://twitter.com/MikeTyson/status/479347086781992960	False		0								[]				
479088827760648192	479088827760648192	2014-06-18 11:30:52 KST	2014-06-18	11:30:52	+0900	200267797	ntn24ve	NTN24 Venezuela		American Airlines anuncia reducción de sus vuelos a Venezuela en un 80% [Video]  http://t.co/Ei2EX4kmYj	es	[]	['http://goo.gl/XbFQs0']	[]	7	206	20	[]	[]	https://twitter.com/NTN24ve/status/479088827760648192	False		0								[]				
479041027932958720	479041027932958720	2014-06-18 08:20:55 KST	2014-06-18	08:20:55	+0900	10012122	bbcmundo	BBC News Mundo		American Airlines reducirá en 80% sus vuelos a Venezuela  http://t.co/94WqlNbQxs  http://t.co/rjokC4gfMo	es	[]	['http://bbc.in/1smdWoK']	['https://pbs.twimg.com/media/BqXlRtJIYAA1uQT.jpg']	18	236	15	[]	[]	https://twitter.com/bbcmundo/status/479041027932958720	False		1	https://pbs.twimg.com/media/BqXlRtJIYAA1uQT.jpg							[]				
479008133751521280	479008133751521280	2014-06-18 06:10:13 KST	2014-06-18	06:10:13	+0900	23719107	nelsonbocaranda	Nelson Bocaranda Sardi.		American Airlines: Un vuelo diario a Miami desde Maiquetía y dos semanales desde Maracaibo -  http://t.co/uH8XDriRFN	es	[]	['http://ow.ly/y8Ndz']	[]	7	159	18	[]	[]	https://twitter.com/nelsonbocaranda/status/479008133751521280	False		0								[]				
478970591895371776	478970591895371776	2014-06-18 03:41:02 KST	2014-06-18	03:41:02	+0900	51241574	ap	The Associated Press		American Airlines is latest to cut flights to Venezuela over revenue dispute:  http://t.co/ZgQE1tacuG	en	[]	['http://apne.ws/1jwzLZo']	[]	4	59	18	[]	[]	https://twitter.com/AP/status/478970591895371776	False		0								[]				
478906283865956352	478906283865956352	2014-06-17 23:25:30 KST	2014-06-17	23:25:30	+0900	19357589	jammastergirish	Girish Gupta		American Airlines confirms will cut Venezuela flights from 48 a week to 10 a week from July 2, after failing to reach agreement with govt.	en	[]	[]	[]	1	232	18	[]	[]	https://twitter.com/jammastergirish/status/478906283865956352	False		0								[]				
478681010331451393	478681010331451393	2014-06-17 08:30:20 KST	2014-06-17	08:30:20	+0900	352145373	whattheffacts	What The F*** Facts		30 years ago, you could buy a Lifetime, Unlimited First-class Travel pass with American Airlines for $250,000.	en	[]	[]	[]	18	201	373	[]	[]	https://twitter.com/WhatTheFFacts/status/478681010331451393	False		0								[]				
478618387480735744	478618387480735744	2014-06-17 04:21:30 KST	2014-06-17	04:21:30	+0900	206263351	aureylian	Aureylian		ALSO - a HUUUUGGEEEE thank you to @AmericanAir for finding my laptop!	en	[{'screen_name': 'americanair', 'name': 'americanair', 'id': '22536055'}]	[]	[]	4	1	53	[]	[]	https://twitter.com/aureylian/status/478618387480735744	False		0								[]				
478373361345499136	478373361345499136	2014-06-16 12:07:51 KST	2014-06-16	12:07:51	+0900	196458749	drrubidium	Raychelle Burks		You do realize, @AmericanAir, settlers in covered wagons got to Omaha faster.	en	[{'screen_name': 'americanair', 'name': 'americanair', 'id': '22536055'}]	[]	[]	3	2	12	[]	[]	https://twitter.com/DrRubidium/status/478373361345499136	False		0								[]				
478325571068256258	478325571068256258	2014-06-16 08:57:57 KST	2014-06-16	08:57:57	+0900	17345647	talkhoops	Zach Harper		Touché RT @JuanPieceOfCake: @talkhoops Yeah well I didn't see any planes flying in the American Airlines Arena either, Zach!	en	[{'screen_name': 'juanpieceofcake', 'name': 'juan f. kennedy', 'id': '464789434'}, {'screen_name': 'talkhoops', 'name': 'zach harper', 'id': '17345647'}]	[]	[]	2	1	14	[]	[]	https://twitter.com/talkhoops/status/478325571068256258	False		0								[]				
478072247366582272	478072247366582272	2014-06-15 16:11:20 KST	2014-06-15	16:11:20	+0900	20661539	gdelaurentiis	Giada De Laurentiis		Dear @AmericanAir ....it's midnight....40 min waiting for bags at LAX....please please give us our bags. We just want to go home!	en	[{'screen_name': 'americanair', 'name': 'americanair', 'id': '22536055'}]	[]	[]	26	15	85	[]	[]	https://twitter.com/GDeLaurentiis/status/478072247366582272	False		0								[]				
478044910348959745	478044910348959745	2014-06-15 14:22:42 KST	2014-06-15	14:22:42	+0900	18439972	keysnkrates	KEYS N KRATES		You guys should definitely fly @AmericanAir to experience truly being treated like shit.	en	[{'screen_name': 'americanair', 'name': 'americanair', 'id': '22536055'}]	[]	[]	4	2	17	[]	[]	https://twitter.com/keysnkrates/status/478044910348959745	False		0								[]				
477960248633098240	477956156246077440	2014-06-15 08:46:18 KST	2014-06-15	08:46:18	+0900	206263351	aureylian	Aureylian		.@AmericanAir Thank you so much! Ive just sent you my flight info and a description via DM. Hopefully the attendant turned it in! &lt;3	en	[{'screen_name': 'americanair', 'name': 'americanair', 'id': '22536055'}]	[]	[]	3	0	26	[]	[]	https://twitter.com/aureylian/status/477960248633098240	False		0								[]				
477956156246077440	477956156246077440	2014-06-15 08:30:02 KST	2014-06-15	08:30:02	+0900	206263351	aureylian	Aureylian		Oh no! I just got home and realized I left my laptop on my @AmericanAir flight and the lost and found isn't open until Monday :(	en	[{'screen_name': 'americanair', 'name': 'americanair', 'id': '22536055'}]	[]	[]	26	3	49	[]	[]	https://twitter.com/aureylian/status/477956156246077440	False		0								[]				
477834350851932160	477827489494863872	2014-06-15 00:26:01 KST	2014-06-15	00:26:01	+0900	51517262	clayton_king	Clayton King	{'type': 'Point', 'coordinates': [35.38943296, -97.62669633]}	“@AmericanAir: You'll need to work with US for rebooking, Clayton.” //that's the point. They don't work. You're the boss now, pls help us	en	[{'screen_name': 'americanair', 'name': 'americanair', 'id': '22536055'}]	[]	[]	4	0	14	[]	[]	https://twitter.com/Clayton_king/status/477834350851932160	False		0								[]				
477759368612806656	477759368612806656	2014-06-14 19:28:04 KST	2014-06-14	19:28:04	+0900	27658799	j_butt	Jeffrey Buttle		Waiting to back away from the gate and @AmericanAir is playing an elevator version of Defying Gravity on the plane.  I'm okay with this.	en	[{'screen_name': 'americanair', 'name': 'americanair', 'id': '22536055'}]	[]	[]	2	5	26	[]	[]	https://twitter.com/J_Butt/status/477759368612806656	False		0								[]				
477620978801864704	477584807765884928	2014-06-14 10:18:09 KST	2014-06-14	10:18:09	+0900	35658125	ellynmarsh	ellyn marsh		“@AmericanAir: @ellynmarsh  Our apologies again for the gate changes. No charge for the #aerobicactivity though.” Oh so you're a wiseguy eh?	en	[{'screen_name': 'americanair', 'name': 'americanair', 'id': '22536055'}, {'screen_name': 'ellynmarsh', 'name': 'ellyn marsh', 'id': '35658125'}]	[]	[]	1	0	10	['aerobicactivity']	[]	https://twitter.com/ellynmarsh/status/477620978801864704	False		0								[]				
477584807765884928	477584807765884928	2014-06-14 07:54:25 KST	2014-06-14	07:54:25	+0900	35658125	ellynmarsh	ellyn marsh		FOUR GATES CHANGES @AmericanAir? You make a mockery of me hopping around this airport like Hugh Jackman ...here I goooo #hop #hop #hop	en	[{'screen_name': 'americanair', 'name': 'americanair', 'id': '22536055'}]	[]	[]	3	2	11	['hop', 'hop', 'hop']	[]	https://twitter.com/ellynmarsh/status/477584807765884928	False		0								[]				
477564636527489024	477562182817677312	2014-06-14 06:34:16 KST	2014-06-14	06:34:16	+0900	268479992	msrebeccablack	REBECCA BLACK WAS HERE		@JoshSobo @AmericanAir @JoeyGattoTV @JonahGreen I guess it's what we get for traveling on Friday the 13th	en	[{'screen_name': 'americanair', 'name': 'americanair', 'id': '22536055'}, {'screen_name': 'joeygattotv', 'name': 'joey', 'id': '2595143992'}, {'screen_name': 'jonahgreen', 'name': 'the artist formerly known as raccoon with a knife', 'id': '53654843'}]	[]	[]	4	19	169	[]	[]	https://twitter.com/MsRebeccaBlack/status/477564636527489024	False		0								[]				
477562182817677312	477562182817677312	2014-06-14 06:24:31 KST	2014-06-14	06:24:31	+0900	268479992	msrebeccablack	REBECCA BLACK WAS HERE		I swear if I don't get to see my friends this weekend I'm gonna be PISSED @AmericanAir get @JoeyGattoTV @JoshSobo @JonahGreen A FLIGHT!!!	en	[{'screen_name': 'americanair', 'name': 'americanair', 'id': '22536055'}, {'screen_name': 'joeygattotv', 'name': 'joey', 'id': '2595143992'}, {'screen_name': 'joshsobo', 'name': 'josh sobo', 'id': '20405367'}, {'screen_name': 'jonahgreen', 'name': 'the artist formerly known as raccoon with a knife', 'id': '53654843'}]	[]	[]	25	105	1115	[]	[]	https://twitter.com/MsRebeccaBlack/status/477562182817677312	False		0								[]				
477507512967503872	477506985307299842	2014-06-14 02:47:17 KST	2014-06-14	02:47:17	+0900	17345647	talkhoops	Zach Harper		@DragonflyJonez Kawhi walked back into American Airlines Arena like:  http://t.co/Wl7X6WnKQE	en	[]	['http://www.youtube.com/watch?v=OAhBSDH1rIo']	[]	0	6	8	[]	[]	https://twitter.com/talkhoops/status/477507512967503872	False		0								[]				
477485253184192512	477485253184192512	2014-06-14 01:18:50 KST	2014-06-14	01:18:50	+0900	87229476	craigsagerjr	Craig Sager II		I said Monday the Heat were not night and day at home &amp; beatable at American Airlines. I had haters ALL over my A$$ in my mentions #smh	en	[]	[]	[]	6	14	52	['smh']	[]	https://twitter.com/CraigSagerJr/status/477485253184192512	False		0								[]				
477484960517857281	477475307302035456	2014-06-14 01:17:40 KST	2014-06-14	01:17:40	+0900	41456486	jaime_king	Jaime King		I am sorry to say @AmericanAir in 16 years of traveling - I've never been treated so terribly &amp; disrespectfully- on our 1st family vacation.	en	[{'screen_name': 'americanair', 'name': 'americanair', 'id': '22536055'}]	[]	[]	6	8	30	[]	[]	https://twitter.com/Jaime_King/status/477484960517857281	False		0								[]				
477294950166839296	477294950166839296	2014-06-13 12:42:38 KST	2014-06-13	12:42:38	+0900	1020058453	buzzfeednews	BuzzFeed News		BREAKING: @spurs defeat @MiamiHEAT in Game 4 of the #NBAFinals at American Airlines Arena in Miami  http://t.co/3UGF8nHTgH	en	[{'screen_name': 'spurs', 'name': 'san antonio spurs', 'id': '18371803'}, {'screen_name': 'miamiheat', 'name': 'miami heat', 'id': '11026952'}]	[]	['https://pbs.twimg.com/media/Bp-xOkqCUAA88K6.png']	1	13	25	['nbafinals']	[]	https://twitter.com/BuzzFeedNews/status/477294950166839296	False		1	https://pbs.twimg.com/media/Bp-xOkqCUAA88K6.png							[]				
477292437757378560	477292437757378560	2014-06-13 12:32:39 KST	2014-06-13	12:32:39	+0900	21254264	sportsnation	SportsNation		Parking lot outside American Airlines Arena right now...  http://t.co/kCHDE8CXXo	en	[]	[]	['https://pbs.twimg.com/media/Bp-u8TpCQAE5sb_.jpg']	78	1439	1142	[]	[]	https://twitter.com/SportsNation/status/477292437757378560	False		1	https://pbs.twimg.com/media/Bp-u8TpCQAE5sb_.jpg							[]				
477288884829978624	477288884829978624	2014-06-13 12:18:32 KST	2014-06-13	12:18:32	+0900	17345647	talkhoops	Zach Harper		Oh, American Airlines Arena, I wouldn’t play Biggie’s “Victory” right now...	en	[]	[]	[]	4	9	12	[]	[]	https://twitter.com/talkhoops/status/477288884829978624	False		0								[]				
477282575850164224	477282575850164224	2014-06-13 11:53:28 KST	2014-06-13	11:53:28	+0900	23778898	jadande	J.A. Adande		plenty of boos in American Airlines Arena. Must be the people that paid sky-high ticket prices	en	[]	[]	[]	30	179	166	[]	[]	https://twitter.com/jadande/status/477282575850164224	False		0								[]				
477275570955235330	477275570955235330	2014-06-13 11:25:38 KST	2014-06-13	11:25:38	+0900	20377110	danishadanielle	Danisha Danielle Wrighster		Who turned the A/C off in American Airlines Arena?? 😜 #NBAFinals #Heat #Spurs	en	[]	[]	[]	6	14	27	['nbafinals', 'heat', 'spurs']	[]	https://twitter.com/DanishaDanielle/status/477275570955235330	False		0								[]				
477275351404400640	477275351404400640	2014-06-13 11:24:45 KST	2014-06-13	11:24:45	+0900	40131441	aztecadeportes	TV Azteca Deportes		Ellas dan la cara en el AmericanAirlines Arena porque @MiamiHEAT pierde al medio tiempo 36-55 ante @spurs  http://t.co/5ndGohbpN6	es	[{'screen_name': 'miamiheat', 'name': 'miami heat', 'id': '11026952'}, {'screen_name': 'spurs', 'name': 'san antonio spurs', 'id': '18371803'}]	[]	['https://pbs.twimg.com/media/Bp-fZvPCQAAq04J.png']	3	9	21	[]	[]	https://twitter.com/AztecaDeportes/status/477275351404400640	False		1	https://pbs.twimg.com/media/Bp-fZvPCQAAq04J.png							[]				
477271727878053888	477271727878053888	2014-06-13 11:10:21 KST	2014-06-13	11:10:21	+0900	21254264	sportsnation	SportsNation		Meanwhile, outside the American Airlines Arena...  http://t.co/mqwKJ47pX9	en	[]	[]	['https://pbs.twimg.com/media/Bp-cG2mCUAECvr-.jpg']	160	2729	1549	[]	[]	https://twitter.com/SportsNation/status/477271727878053888	False		1	https://pbs.twimg.com/media/Bp-cG2mCUAECvr-.jpg							[]				
477266941988462592	477168267182628865	2014-06-13 10:51:20 KST	2014-06-13	10:51:20	+0900	361594753	dvbbs	DVBBS		“@KennedyJonesTHO: The @AmericanAir terminal in LAX isn't the same without @DVBBS tho :(” tomorrow  :(	en	[{'screen_name': 'kennedyjonestho', 'name': 'kennedy jones', 'id': '886227506'}, {'screen_name': 'americanair', 'name': 'americanair', 'id': '22536055'}, {'screen_name': 'dvbbs', 'name': 'dvbbs', 'id': '361594753'}]	[]	[]	1	7	39	[]	[]	https://twitter.com/DVBBS/status/477266941988462592	False		0								[]				
477251888459415554	477251888459415554	2014-06-13 09:51:31 KST	2014-06-13	09:51:31	+0900	134925612	_felipemelo_	Felipe Melo		#Miamiheat com meu amor davime10 !! #dos3 #evet #abi #ferias #Nba 🔝🏀🏀🏀 @ AmericanAirlines Arena  http://t.co/VqStXvsFTx	pt	[]	['http://instagram.com/p/pKi5TyysP-/']	[]	26	40	185	['miamiheat', 'dos3', 'evet', 'abi', 'ferias', 'nba']	[]	https://twitter.com/_felipemelo_/status/477251888459415554	False		0								[]				
477233956799004672	477233956799004672	2014-06-13 08:40:16 KST	2014-06-13	08:40:16	+0900	43989162	ronnie2k	Ronnie 2K 2K22		Can someone remind me if @AmericanAir has on board TV? I will be in air entire duration of Game 4. Don't ask how it was booked at same time	en	[{'screen_name': 'americanair', 'name': 'americanair', 'id': '22536055'}]	[]	[]	24	2	26	[]	[]	https://twitter.com/Ronnie2K/status/477233956799004672	False		0								[]				
477183951262326784	477183951262326784	2014-06-13 05:21:34 KST	2014-06-13	05:21:34	+0900	44441179	cashcash	Cash Cash		When @AmericanAir screws up all your travel plans...	en	[{'screen_name': 'americanair', 'name': 'americanair', 'id': '22536055'}]	[]	[]	4	0	13	[]	[]	https://twitter.com/cashcash/status/477183951262326784	False		0								[]				
477176908749094912	477174837115224064	2014-06-13 04:53:35 KST	2014-06-13	04:53:35	+0900	20661539	gdelaurentiis	Giada De Laurentiis		Thx! “@foxyfleet: Dear Mother Nature ...😱 We r thanking u 4 a white knuckle flight #laxtojfk #americanairlines ..…  http://t.co/rcNOAujrTG”	en	[{'screen_name': 'foxyfleet', 'name': 'julie corinne morgan', 'id': '165585348'}]	['http://Instagram.com/p/pJ_2xFi2fi/']	[]	1	1	33	['laxtojfk', 'americanairlines']	[]	https://twitter.com/GDeLaurentiis/status/477176908749094912	False		0								[]				
477168267182628865	477168267182628865	2014-06-13 04:19:14 KST	2014-06-13	04:19:14	+0900	886227506	kennedyjonestho	KENNEDY JONES		The @AmericanAir terminal in LAX isn't the same without @DVBBS tho :(	en	[{'screen_name': 'americanair', 'name': 'americanair', 'id': '22536055'}, {'screen_name': 'dvbbs', 'name': 'dvbbs', 'id': '361594753'}]	[]	[]	3	1	10	[]	[]	https://twitter.com/KennedyJonesTHO/status/477168267182628865	False		0								[]				
477114696651505664	477114696651505664	2014-06-13 00:46:22 KST	2014-06-13	00:46:22	+0900	352145373	whattheffacts	What The F*** Facts		American Airlines had a piano lounge on flights during the 1970s.  http://t.co/Dmk9OqbTv2	en	[]	[]	['https://pbs.twimg.com/media/Bp8NSd5IIAASSke.jpg']	23	300	489	[]	[]	https://twitter.com/WhatTheFFacts/status/477114696651505664	False		1	https://pbs.twimg.com/media/Bp8NSd5IIAASSke.jpg							[]				
477087037917769729	477087037917769729	2014-06-12 22:56:28 KST	2014-06-12	22:56:28	+0900	73283784	colleenhoover	Colleen Hoover		My kids first time on a plane and it doesn't look like we'll ever make it to Chicago. @AmericanAir help a girl out. Fix the weather. ✈️	en	[{'screen_name': 'americanair', 'name': 'americanair', 'id': '22536055'}]	[]	[]	3	0	20	[]	[]	https://twitter.com/colleenhoover/status/477087037917769729	False		0								[]				
477042236648341504	477042236648341504	2014-06-12 19:58:26 KST	2014-06-12	19:58:26	+0900	172592669	benjaminbruce	Ben Bruce		Wow! Fucking American Airlines tried to charge me $100 for being one pair of shoes over weight. Typical bullshit. Warped here I come ;)	en	[]	[]	[]	30	137	459	[]	[]	https://twitter.com/benjaminbruce/status/477042236648341504	False		0								[]				
477028380743700481	477028380743700481	2014-06-12 19:03:23 KST	2014-06-12	19:03:23	+0900	88890284	marcobelinelli	Marco Belinelli		The Finals 2014 Game 4 – Heat VS Spurs (1-2): 08:00 pm cst @ American Airlines Arena – Miami, Florida &gt; NBA.co...  http://t.co/hPNXqIKENv	en	[]	['http://bit.ly/TN9wHZ']	[]	10	41	92	[]	[]	https://twitter.com/marcobelinelli/status/477028380743700481	False		0								[]				
476967254207508481	476967254207508481	2014-06-12 15:00:29 KST	2014-06-12	15:00:29	+0900	21741551	sutterink	kurt sutter		Dear @AmericanAir, please stop thanking me for my patience. It's a constant reminder that I have no choice but to be patient.	en	[{'screen_name': 'americanair', 'name': 'americanair', 'id': '22536055'}]	[]	[]	15	38	204	[]	[]	https://twitter.com/sutterink/status/476967254207508481	False		0								[]				
476847303001513985	476847303001513985	2014-06-12 07:03:51 KST	2014-06-12	07:03:51	+0900	17953972	bertkreischer	bert kreischer		Dear @AmericanAir,  There are a lot of reasons why I'm airline loyal...please add @EmfEmily, my flight attendant on AA 1657, to that list!	en	[{'screen_name': 'americanair', 'name': 'americanair', 'id': '22536055'}, {'screen_name': 'emfemily', 'name': 'emily henderson', 'id': '2475776768'}]	[]	[]	5	7	16	[]	[]	https://twitter.com/bertkreischer/status/476847303001513985	False		0								[]				
476842303735492611	476842303735492611	2014-06-12 06:43:59 KST	2014-06-12	06:43:59	+0900	141021153	tmartn	TmarTn		Love my @AmericanAir blanky  http://t.co/zM3BdyupYa	en	[{'screen_name': 'americanair', 'name': 'americanair', 'id': '22536055'}]	[]	['https://pbs.twimg.com/media/Bp4VjBwIQAoXWW2.jpg']	5	7	81	[]	[]	https://twitter.com/TmarTn/status/476842303735492611	False		1	https://pbs.twimg.com/media/Bp4VjBwIQAoXWW2.jpg							[]				
476791031800037376	476791031800037376	2014-06-12 03:20:14 KST	2014-06-12	03:20:14	+0900	14264854	johnnyjet	JohnnyJet		It pays to know someone that has a lifetime membership to the @AmericanAir Admirals Club! #MIA Thx @PeterSGreenberg  http://t.co/V5hCSfMeVO	en	[{'screen_name': 'americanair', 'name': 'americanair', 'id': '22536055'}, {'screen_name': 'petersgreenberg', 'name': 'peter s. greenberg', 'id': '19789299'}]	[]	['https://pbs.twimg.com/media/Bp3m6qCCQAAQ7xD.jpg']	4	0	12	['mia']	[]	https://twitter.com/JohnnyJet/status/476791031800037376	False		1	https://pbs.twimg.com/media/Bp3m6qCCQAAQ7xD.jpg							[]				
476704021546553345	476704021546553345	2014-06-11 21:34:30 KST	2014-06-11	21:34:30	+0900	14264854	johnnyjet	JohnnyJet		A 6am (@AmericanAir) flight looks good on paper but not when the alarm goes off. #Travel  http://t.co/zaMAd43OWR	en	[{'screen_name': 'americanair', 'name': 'americanair', 'id': '22536055'}]	[]	['https://pbs.twimg.com/media/Bp2Xx-OCAAEZIQA.jpg']	8	1	13	['travel']	[]	https://twitter.com/JohnnyJet/status/476704021546553345	False		1	https://pbs.twimg.com/media/Bp2Xx-OCAAEZIQA.jpg							[]				
476627968756707329	476627968756707329	2014-06-11 16:32:17 KST	2014-06-11	16:32:17	+0900	34775386	rukes	rukes		On my way to umfkorea with @chrislake! @ American Airlines Terminal 4  http://t.co/vqllTPymg6	en	[{'screen_name': 'chrislake', 'name': 'chris lake', 'id': '10230192'}]	['http://instagram.com/p/pGHK4ES884/']	[]	2	9	14	[]	[]	https://twitter.com/rukes/status/476627968756707329	False		0								[]				
476571326015340544	476571326015340544	2014-06-11 12:47:13 KST	2014-06-11	12:47:13	+0900	1020058453	buzzfeednews	BuzzFeed News		BREAKING: @spurs defeat @MiamiHEAT in Game 3 of the #NBAFinals at American Airlines Arena in Miami  http://t.co/LmYik0Jnat	en	[{'screen_name': 'spurs', 'name': 'san antonio spurs', 'id': '18371803'}, {'screen_name': 'miamiheat', 'name': 'miami heat', 'id': '11026952'}]	[]	['https://pbs.twimg.com/media/Bp0fGG4CAAAdi9b.png']	2	24	27	['nbafinals']	[]	https://twitter.com/BuzzFeedNews/status/476571326015340544	False		1	https://pbs.twimg.com/media/Bp0fGG4CAAAdi9b.png							[]				
476568569803997185	476568569803997185	2014-06-11 12:36:15 KST	2014-06-11	12:36:15	+0900	20065936	mental_floss	Mental Floss		In the early 1970s, American Airlines featured a piano lounge in the rear of their 747s.  http://t.co/SgNjZkronv	en	[]	[]	['https://pbs.twimg.com/media/Bp0clsmIAAAHwa0.jpg']	24	207	172	[]	[]	https://twitter.com/mental_floss/status/476568569803997185	False		1	https://pbs.twimg.com/media/Bp0clsmIAAAHwa0.jpg							[]				
476567973533319168	476567973533319168	2014-06-11 12:33:53 KST	2014-06-11	12:33:53	+0900	1146291601	coach_naivar	Craig Naivar		Perhaps there is a A/C issue in the American Airlines Arena tonight? #OnlyLogicalExplanation	en	[]	[]	[]	0	5	12	['onlylogicalexplanation']	[]	https://twitter.com/Coach_Naivar/status/476567973533319168	False		0								[]				
476539502606172160	476539502606172160	2014-06-11 10:40:45 KST	2014-06-11	10:40:45	+0900	31782245	alanhahn	Alan Hahn		FREE BASKETBALL CLINIC. Held June 10, 2014, at American Airlines Arena in Miami, FL from 9 pm - 9:40 pm.	en	[]	[]	[]	18	73	37	[]	[]	https://twitter.com/alanhahn/status/476539502606172160	False		0								[]				
476466976345559041	476466976345559041	2014-06-11 05:52:34 KST	2014-06-11	05:52:34	+0900	1372212427	iflymia	Miami Int'l Airport		Hi @AmericanAir, beautiful day under the #MiamiAirport sky!  http://t.co/3CVtIIgHZR	en	[{'screen_name': 'americanair', 'name': 'americanair', 'id': '22536055'}]	[]	['https://pbs.twimg.com/media/BpzAMIdIcAAGcJ6.jpg']	1	6	16	['miamiairport']	[]	https://twitter.com/iflymia/status/476466976345559041	False		1	https://pbs.twimg.com/media/BpzAMIdIcAAGcJ6.jpg							[]				
476421150399266816	476421150399266816	2014-06-11 02:50:28 KST	2014-06-11	02:50:28	+0900	171165627	nbahistory	NBA History		Miami = 68-19 All-Time (.782) at AmericanAirlines Arena (postseason) Only @Lakers' .792 winning % at Staples Center is higher @BrianCMahoney	en	[{'screen_name': 'lakers', 'name': 'los angeles lakers', 'id': '20346956'}, {'screen_name': 'briancmahoney', 'name': 'brian mahoney', 'id': '44678264'}]	[]	[]	4	82	35	[]	[]	https://twitter.com/NBAHistory/status/476421150399266816	False		0								[]				
476384784646963200	476384784646963200	2014-06-11 00:25:58 KST	2014-06-11	00:25:58	+0900	1372212427	iflymia	Miami Int'l Airport		@NGSuperEagles flying from @iflymia to #WorldCup Brazil today on @AmericanAir. Good luck! #MIA2Brazil  http://t.co/h7c600Umed	en	"[{'screen_name': 'iflymia', 'name': ""miami int'l airport"", 'id': '1372212427'}, {'screen_name': 'americanair', 'name': 'americanair', 'id': '22536055'}]"	[]	['https://pbs.twimg.com/media/Bpx1b6UCQAE_aov.jpg']	6	48	20	['worldcup', 'mia2brazil']	[]	https://twitter.com/iflymia/status/476384784646963200	False		1	https://pbs.twimg.com/media/Bpx1b6UCQAE_aov.jpg							[]				
476376950169034752	476376950169034752	2014-06-10 23:54:50 KST	2014-06-10	23:54:50	+0900	39346451	iraheatbeat	Ira Winderman		Crisp and cool here inside AmericanAirlines Arena. Cramp forecast: Minimal.	en	[]	[]	[]	1	22	22	[]	[]	https://twitter.com/IraHeatBeat/status/476376950169034752	False		0								[]				
476328664775528449	476328664775528449	2014-06-10 20:42:58 KST	2014-06-10	20:42:58	+0900	18332190	british_airways	British Airways		Fly with us or our partners @AmericanAir and enjoy 1 of more than 1000 fully lie-flat seats  http://t.co/QD5TnwFQ3B  http://t.co/bXUjrBwbtW	en	[{'screen_name': 'americanair', 'name': 'americanair', 'id': '22536055'}]	['http://bit.ly/1oVDaaY']	['https://pbs.twimg.com/media/BpxCZZEIQAArDbT.jpg']	17	70	103	[]	[]	https://twitter.com/British_Airways/status/476328664775528449	False		1	https://pbs.twimg.com/media/BpxCZZEIQAArDbT.jpg							[]				
476324795316183040	476324795316183040	2014-06-10 20:27:35 KST	2014-06-10	20:27:35	+0900	263353954	movistarnba	NBA en Movistar+		Calor en Texas y FUEGO en Florida. El American Airlines espera: GAME 3 (03.00h CANAL+ 1 y C+Dep) #TheFinalsNBA  http://t.co/z8dskBP61y	es	[]	[]	['https://pbs.twimg.com/media/Bpw-4FyIQAAYMMt.jpg']	4	212	84	['thefinalsnba']	[]	https://twitter.com/MovistarNBA/status/476324795316183040	False		1	https://pbs.twimg.com/media/Bpw-4FyIQAAYMMt.jpg							[]				
476287586197962752	476287586197962752	2014-06-10 17:59:44 KST	2014-06-10	17:59:44	+0900	88890284	marcobelinelli	Marco Belinelli		The Finals 2014 Game 3 – Heat VS Spurs (1-1): 08:00 pm cst @ American Airlines Arena – Miami, Florida &gt; NBA.co...  http://t.co/VQI9yMwLlh	en	[]	['http://bit.ly/1pzuZ1T']	[]	7	33	55	[]	[]	https://twitter.com/marcobelinelli/status/476287586197962752	False		0								[]				
476187865001369602	476187865001369602	2014-06-10 11:23:28 KST	2014-06-10	11:23:28	+0900	239672340	unboxtherapy	Unbox Therapy		Just got a warm, mid-flight chocolate chip cookie. @AmericanAir making me feel all nice and fuzzy up here.	en	[{'screen_name': 'americanair', 'name': 'americanair', 'id': '22536055'}]	[]	[]	1	3	28	[]	[]	https://twitter.com/UnboxTherapy/status/476187865001369602	False		0								[]				
476177582459994112	476177582459994112	2014-06-10 10:42:37 KST	2014-06-10	10:42:37	+0900	361615350	aviatorgaming	WWS Zach		I just watched Lego the Movie for free on my @AmericanAir flight. Thanks for making my dreams come true! &lt;3	en	[{'screen_name': 'americanair', 'name': 'americanair', 'id': '22536055'}]	[]	[]	5	2	21	[]	[]	https://twitter.com/AviatorGaming/status/476177582459994112	False		0								[]				
476144953051975680	476144953051975680	2014-06-10 08:32:57 KST	2014-06-10	08:32:57	+0900	352510937	mickyarison	Micky Arison		"RT @TonyHEATWC3x: “@MiamiHEAT: .@DwyaneWade on playing Game 3 at home tomorrow night: ""We need AmericanAirlines Arena to be rocking.""”"	en	[{'screen_name': 'miamiheat', 'name': 'miami heat', 'id': '11026952'}, {'screen_name': 'dwyanewade', 'name': 'dwade', 'id': '33995409'}]	[]	[]	3	28	31	[]	[]	https://twitter.com/MickyArison/status/476144953051975680	False		0								[]				
476141914505613312	476141914505613312	2014-06-10 08:20:53 KST	2014-06-10	08:20:53	+0900	21046818	jpmontoya	Juan Pablo Montoya		I love how things keep getting worst. Now my luggage left and I need to drive. So no luggage and no flying. Lovely @AmericanAir	en	[{'screen_name': 'americanair', 'name': 'americanair', 'id': '22536055'}]	[]	[]	23	23	29	[]	[]	https://twitter.com/jpmontoya/status/476141914505613312	False		0								[]				
476137714681933824	476137714681933824	2014-06-10 08:04:12 KST	2014-06-10	08:04:12	+0900	21046818	jpmontoya	Juan Pablo Montoya		So they didn't get us in the flight and they just cancel my 10 pm flights awesome!!!! Thanks @AmericanAir u really made my day. Road trip!!	en	[{'screen_name': 'americanair', 'name': 'americanair', 'id': '22536055'}]	[]	[]	15	10	28	[]	[]	https://twitter.com/jpmontoya/status/476137714681933824	False		0								[]				
476125026950053890	476125026950053890	2014-06-10 07:13:47 KST	2014-06-10	07:13:47	+0900	21046818	jpmontoya	Juan Pablo Montoya		Woww this is great from @AmericanAir they r upgrading people and we have 2 first class tickets and they haven't even told us if there's room	en	[{'screen_name': 'americanair', 'name': 'americanair', 'id': '22536055'}]	[]	[]	6	2	17	[]	[]	https://twitter.com/jpmontoya/status/476125026950053890	False		0								[]				
476114276197740544	476114276197740544	2014-06-10 06:31:03 KST	2014-06-10	06:31:03	+0900	21046818	jpmontoya	Juan Pablo Montoya		I lost my connection from Miami to Iowa in Chicago cause @AmericanAir was waiting on a passenger. Now I have to wait 6 hours. Thanks AA.	en	[{'screen_name': 'americanair', 'name': 'americanair', 'id': '22536055'}]	[]	[]	36	22	26	[]	[]	https://twitter.com/jpmontoya/status/476114276197740544	False		0								[]				
476086701203263488	476079434517078017	2014-06-10 04:41:29 KST	2014-06-10	04:41:29	+0900	61819832	nameless	Anthony Wheeler ⛈👾		@optich3cz @AmericanAir only fly delta	en	[{'screen_name': 'americanair', 'name': 'americanair', 'id': '22536055'}]	[]	[]	1	0	22	[]	[]	https://twitter.com/NAMELESS/status/476086701203263488	False		0								[]				
476084545360371712	476084545360371712	2014-06-10 04:32:55 KST	2014-06-10	04:32:55	+0900	10937622	airfarewatchdog	airfarewatchdog		So @AmericanAir which is it? This:  http://t.co/DNATqwGnuY  or this?  http://t.co/w3LpQM7dNQ Please explain!	en	[{'screen_name': 'americanair', 'name': 'americanair', 'id': '22536055'}]	['http://www.aa.com/arriving', 'http://www.aa.com/i18n/travelInformation/baggage/carryOnAllowance.jsp']	[]	4	6	10	[]	[]	https://twitter.com/airfarewatchdog/status/476084545360371712	False		0								[]				
476079434517078017	476079434517078017	2014-06-10 04:12:36 KST	2014-06-10	04:12:36	+0900	90779436	h3cz	OpTic HECZ		This @AmericanAir flight has no AC..... They are the WORST airline EVER.	en	[{'screen_name': 'americanair', 'name': 'americanair', 'id': '22536055'}]	[]	[]	47	24	283	[]	[]	https://twitter.com/H3CZ/status/476079434517078017	False		0								[]				
476048802298593281	476048802298593281	2014-06-10 02:10:53 KST	2014-06-10	02:10:53	+0900	7846	ijustine	iJustine		Would need way more than 140 characters to show my true hate for American Airlines 😭	en	[]	[]	[]	48	31	377	[]	[]	https://twitter.com/ijustine/status/476048802298593281	False		0								[]				
475799272253034496	475799272253034496	2014-06-09 09:39:21 KST	2014-06-09	09:39:21	+0900	54626493	taylortwellman	Taylor Twellman		On the last plane in the world that was at the 1950 World Cup in Brazil. A interesting move from @AmericanAir in 2014.	en	[{'screen_name': 'americanair', 'name': 'americanair', 'id': '22536055'}]	[]	[]	7	10	40	[]	[]	https://twitter.com/TaylorTwellman/status/475799272253034496	False		0								[]				
475656209458933760	475656209458933760	2014-06-09 00:10:52 KST	2014-06-09	00:10:52	+0900	122232832	alxjames10	Alx James		@AmericanAir just had to RUDEST flight attendant on your airline. Really didn't need that this morning. #waterbugs	en	[]	[]	[]	3	13	116	['waterbugs']	[]	https://twitter.com/AlxJames10/status/475656209458933760	False		0								[]				
475591006193483776	475591006193483776	2014-06-08 19:51:46 KST	2014-06-08	19:51:46	+0900	22151193	qikipedia	Quite Interesting		In the 1980s, American Airlines saved $40,000 a year by removing one olive from each in-flight salad.	en	[]	[]	[]	18	249	192	[]	[]	https://twitter.com/qikipedia/status/475591006193483776	False		0								[]				
475398806863749120	475398806863749120	2014-06-08 07:08:02 KST	2014-06-08	07:08:02	+0900	1223062051	nataliezea	Natalie Zea		Was escorted thru security today by a delightful @AmericanAir rep. Pretty sure everyone thought I was a hungover Blake Lively.	en	[{'screen_name': 'americanair', 'name': 'americanair', 'id': '22536055'}]	[]	[]	16	25	58	[]	[]	https://twitter.com/nataliezea/status/475398806863749120	False		0								[]				
474918123150508032	474918123150508032	2014-06-06 23:17:58 KST	2014-06-06	23:17:58	+0900	128393253	garysinise	Gary Sinise		Visiting American Airlines ground crews at Dallas FT Worth airport. That's one big GE made engine  http://t.co/vPUAl17Dfd	en	[]	['http://twitpic.com/e5krcs']	[]	13	33	90	[]	[]	https://twitter.com/GarySinise/status/474918123150508032	False		0								[]				
474556604918935552	474556604918935552	2014-06-05 23:21:26 KST	2014-06-05	23:21:26	+0900	16211434	travelleisure	Travel + Leisure		Excited for #TLEuroPop w/@ETC_Corporate @AmericanAir @RuffinoWines @ultimatvodka @StellaArtois  http://t.co/bEAdsB4zsO  http://t.co/IAhTWmrKNf	en	[{'screen_name': 'etc_corporate', 'name': 'european travel commission', 'id': '1131595777'}, {'screen_name': 'americanair', 'name': 'americanair', 'id': '22536055'}, {'screen_name': 'ruffinowines', 'name': 'ruffino', 'id': '84336101'}, {'screen_name': 'ultimatvodka', 'name': 'ultimat vodka', 'id': '1676106954'}, {'screen_name': 'stellaartois', 'name': 'stella artois', 'id': '68937753'}]	['http://tandl.me/1xcyCPV']	['https://pbs.twimg.com/media/BpX2t7YCIAAoZZm.jpg']	2	12	14	['tleuropop']	[]	https://twitter.com/TravelLeisure/status/474556604918935552	False		1	https://pbs.twimg.com/media/BpX2t7YCIAAoZZm.jpg							[]				
474438528743776257	474438528743776257	2014-06-05 15:32:14 KST	2014-06-05	15:32:14	+0900	95023423	uberfacts	UberFacts		"American Airlines used to sell a ""Golden Ticket"" that allowed unlimited first class flight to whoever owned it for free."	en	[]	[]	[]	34	314	996	[]	[]	https://twitter.com/UberFacts/status/474438528743776257	False		0								[]				
474385603664953344	474385603664953344	2014-06-05 12:01:56 KST	2014-06-05	12:01:56	+0900	119199038	dohertyshannen	Shannen Doherty		@AmericanAir thank you for fixing the issue	en	[]	[]	[]	1	0	14	[]	[]	https://twitter.com/DohertyShannen/status/474385603664953344	False		0								[]				
474376547214704641	474374168679440384	2014-06-05 11:25:57 KST	2014-06-05	11:25:57	+0900	119199038	dohertyshannen	Shannen Doherty		@AmericanAir lol like yesterday?	en	[]	[]	[]	4	0	14	[]	[]	https://twitter.com/DohertyShannen/status/474376547214704641	False		0								[]				
474315913035280384	474315913035280384	2014-06-05 07:25:00 KST	2014-06-05	07:25:00	+0900	20785288	elmakias	Adam Elmakias		Most stressful day of travel ive had in a long time.... @AmericanAir Rio is kinda  a mess, actually everything in Brazil was pretty messy	en	[{'screen_name': 'americanair', 'name': 'americanair', 'id': '22536055'}]	[]	[]	26	30	121	[]	[]	https://twitter.com/elmakias/status/474315913035280384	False		0								[]				
474234860270530561	474234860270530561	2014-06-05 02:02:56 KST	2014-06-05	02:02:56	+0900	141021153	tmartn	TmarTn		Bae &lt;3 @AmericanAir	und	[{'screen_name': 'americanair', 'name': 'americanair', 'id': '22536055'}]	[]	[]	4	5	69	[]	[]	https://twitter.com/TmarTn/status/474234860270530561	False		0								[]				
473989977517215745	473989977517215745	2014-06-04 09:49:51 KST	2014-06-04	09:49:51	+0900	10937622	airfarewatchdog	airfarewatchdog		NYC LGA/Chicago @fly2ohare $75 each way nonstop @AmericanAir next weekend  http://t.co/funirh7OjL  http://t.co/VTaPueneIV	en	"[{'screen_name': 'fly2ohare', 'name': ""o'hare intl. airport"", 'id': '415683367'}, {'screen_name': 'americanair', 'name': 'americanair', 'id': '22536055'}]"	['http://www.airfarewatchdog.com/cheap-flights/new-york-city-new-york-lga-to-chicago-illinois-ord/?depsub=0&c2calert=0&deal_alert=0&from_hp=true']	['https://pbs.twimg.com/media/BpPzX1DCQAATr8S.png']	1	13	11	[]	[]	https://twitter.com/airfarewatchdog/status/473989977517215745	False		1	https://pbs.twimg.com/media/BpPzX1DCQAATr8S.png							[]				
473933304928817152	473933304928817152	2014-06-04 06:04:39 KST	2014-06-04	06:04:39	+0900	25907135	addijay	Addison Timlin		American Airlines is the airline dreams are made of. #Doingitright	en	[]	[]	[]	13	34	50	['doingitright']	[]	https://twitter.com/Addijay/status/473933304928817152	False		0								[]				
473631242487738368	473631242487738368	2014-06-03 10:04:22 KST	2014-06-03	10:04:22	+0900	43273860	traviswall	TRAVIS WALL		Hey @AmericanAir !!! Can you please return my boyfriend @GymDom to me!! Thanks!	en	[{'screen_name': 'americanair', 'name': 'americanair', 'id': '22536055'}, {'screen_name': 'gymdom', 'name': 'gymdom', 'id': '74585975'}]	[]	[]	6	3	66	[]	[]	https://twitter.com/traviswall/status/473631242487738368	False		0								[]				
473584924185096192	473584924185096192	2014-06-03 07:00:19 KST	2014-06-03	07:00:19	+0900	267280117	buzzfeedpartner	BuzzFeed Partner		We're dreaming of Shanghai right now... http://t.co/rmDy5SjvXn @AmericanAir  http://t.co/2X3SqM5fFn	en	[{'screen_name': 'americanair', 'name': 'americanair', 'id': '22536055'}]	['http://bzfd.it/1naZ6MU']	['https://pbs.twimg.com/media/BpKC-qVIIAASoZo.png']	4	28	28	[]	[]	https://twitter.com/buzzfeedpartner/status/473584924185096192	False		1	https://pbs.twimg.com/media/BpKC-qVIIAASoZo.png							[]				
473530456286437376	473530456286437376	2014-06-03 03:23:53 KST	2014-06-03	03:23:53	+0900	294119711	stugotz790	Jon Weiner 🤥		Wait until Boris Diaw gets a glimpse of that buffet at the American Airlines Arena.	en	[]	[]	[]	12	32	21	[]	[]	https://twitter.com/Stugotz790/status/473530456286437376	False		0								[]				
473223480515649538	473223480515649538	2014-06-02 07:04:04 KST	2014-06-02	07:04:04	+0900	14666934	kevinmitnick	Kevin Mitnick		AA - American Airlines not Alcoholics Anonymous LOL	en	[]	[]	[]	8	13	24	[]	[]	https://twitter.com/kevinmitnick/status/473223480515649538	False		0								[]				
473114939138138113	473112664127062018	2014-06-01 23:52:46 KST	2014-06-01	23:52:46	+0900	10937622	airfarewatchdog	airfarewatchdog		@AmericanAir You're welcome and could you please lower fares to other European destinations this summer? :)	en	[]	[]	[]	3	0	24	[]	[]	https://twitter.com/airfarewatchdog/status/473114939138138113	False		0								[]				
