id	conversation_id	created_at	date	time	timezone	user_id	username	name	place	tweet	language	mentions	urls	photos	replies_count	retweets_count	likes_count	hashtags	cashtags	link	retweet	quote_url	video	thumbnail	near	geo	source	user_rt_id	user_rt	retweet_id	reply_to	retweet_date	translate	trans_src	trans_dest
516739185567207426	516739185567207426	2014-09-30 08:59:57 KST	2014-09-30	08:59:57	+0900	21713551	starsinsideedge	Mark Stepneski		Kari Lehtonen leads the Dallas Stars onto the ice at American Airlines Center.	en	[]	[]	[]	2	1	13	[]	[]	https://twitter.com/StarsInsideEdge/status/516739185567207426	False		0								[]				
516666775383986176	516666775383986176	2014-09-30 04:12:13 KST	2014-09-30	04:12:13	+0900	22536055	americanair	americanair		Can’t stop, won’t stop groovin’. Check out our fare sale, it’s all gonna be alright #AAGetAway  http://t.co/En50NBH0p4  http://t.co/GJojx27eK9	en	[]	['http://bit.ly/10eZAtY']	['https://pbs.twimg.com/media/ByuRsYNCYAASc-j.jpg']	9	43	61	['aagetaway']	[]	https://twitter.com/AmericanAir/status/516666775383986176	False		1	https://pbs.twimg.com/media/ByuRsYNCYAASc-j.jpg							[]				
516614651308556289	516614651308556289	2014-09-30 00:45:05 KST	2014-09-30	00:45:05	+0900	22536055	americanair	americanair		Our first @BoeingAirplanes 787 is in Position 3 – one step closer to rolling out of the factory doors. #NowArriving  http://t.co/ZO8NHnwm8q	en	[{'screen_name': 'boeingairplanes', 'name': 'boeing airplanes', 'id': '22090282'}]	[]	['https://pbs.twimg.com/media/BytiSYdCcAIjwRe.jpg']	28	181	203	['nowarriving']	[]	https://twitter.com/AmericanAir/status/516614651308556289	False		1	https://pbs.twimg.com/media/BytiSYdCcAIjwRe.jpg							[]				
516569477044273152	516569477044273152	2014-09-29 21:45:35 KST	2014-09-29	21:45:35	+0900	362391461	robynhitchcock	Robyn Hitchcock		Special thanks to Alex and Tammy of @AmericanAir Nashville for going the extra miles to find me a flight home  http://t.co/7mvdmwtE9z	en	[{'screen_name': 'americanair', 'name': 'americanair', 'id': '22536055'}]	[]	['https://pbs.twimg.com/media/Bys5M3VCYAAZXzd.jpg']	3	2	13	[]	[]	https://twitter.com/RobynHitchcock/status/516569477044273152	False		1	https://pbs.twimg.com/media/Bys5M3VCYAAZXzd.jpg							[]				
516076756223414272	516076756223414272	2014-09-28 13:07:41 KST	2014-09-28	13:07:41	+0900	267740145	boze	OpTic MBoZe		Thank you @AmericanAir for getting me on the next flight non stop!	en	[{'screen_name': 'americanair', 'name': 'americanair', 'id': '22536055'}]	[]	[]	3	1	54	[]	[]	https://twitter.com/BoZe/status/516076756223414272	False		0								[]				
516053592340721665	516053592340721665	2014-09-28 11:35:38 KST	2014-09-28	11:35:38	+0900	267740145	boze	OpTic MBoZe		So @AmericanAir cancelled my flight without letting me know THANKS!	en	[{'screen_name': 'americanair', 'name': 'americanair', 'id': '22536055'}]	[]	[]	13	5	76	[]	[]	https://twitter.com/BoZe/status/516053592340721665	False		0								[]				
515990708403322880	515990708403322880	2014-09-28 07:25:46 KST	2014-09-28	07:25:46	+0900	22284074	kevinfrazier	Kevin Frazier		Can not believe we made this flight! @KeltieKnight @AmericanAir #ETnow #home  http://t.co/MkV5vcJTLt	en	[{'screen_name': 'keltieknight', 'name': 'keltie knight', 'id': '17929376'}, {'screen_name': 'americanair', 'name': 'americanair', 'id': '22536055'}]	[]	['https://pbs.twimg.com/media/Bykq0IXIIAA06ZZ.jpg']	1	2	10	['etnow', 'home']	[]	https://twitter.com/KevinFrazier/status/515990708403322880	False		1	https://pbs.twimg.com/media/Bykq0IXIIAA06ZZ.jpg							[]				
515854254784151552	515854254784151552	2014-09-27 22:23:33 KST	2014-09-27	22:23:33	+0900	180503626	eagles	Philadelphia Eagles		#Eagles are flying west today. You could join us at our next home game thanks to @AmericanAir:  http://t.co/G77XUXcVus  http://t.co/jLCHIBrTVb	en	[{'screen_name': 'americanair', 'name': 'americanair', 'id': '22536055'}]	['http://www.philadelphiaeagles.com/fanflyin']	['https://pbs.twimg.com/media/ByiutezCAAEy8PZ.jpg']	4	55	123	['eagles']	[]	https://twitter.com/Eagles/status/515854254784151552	False		1	https://pbs.twimg.com/media/ByiutezCAAEy8PZ.jpg							[]				
515538632342765569	515538632342765569	2014-09-27 01:29:22 KST	2014-09-27	01:29:22	+0900	76212478	kinglilg	KING LILG		Fuck.....😳 @ LAX American Airlines Flagship First Class Lounge  http://t.co/4YxVyFZXIV	en	[]	['http://instagram.com/p/talsR5JctG/']	[]	0	5	22	[]	[]	https://twitter.com/kinglilg/status/515538632342765569	False		0								[]				
515525049478950914	515525049478950914	2014-09-27 00:35:24 KST	2014-09-27	00:35:24	+0900	10937622	airfarewatchdog	airfarewatchdog		Los Angeles #LAX to Cancun #CUN $339 round-trip for #travel Oct thru next Aug on @AmericanAir  http://t.co/ngidW3v7yD	en	[{'screen_name': 'americanair', 'name': 'americanair', 'id': '22536055'}]	['http://bit.ly/ZXihSY']	[]	2	10	12	['lax', 'cun', 'travel']	[]	https://twitter.com/airfarewatchdog/status/515525049478950914	False		0								[]				
515368053454819329	515368053454819329	2014-09-26 14:11:33 KST	2014-09-26	14:11:33	+0900	313916789	duffgoldman	Duff Goldman		Hey @AmericanAir, every single step of my journey today with your crappy airline has been a hellish nightmare. You should do better.	en	[{'screen_name': 'americanair', 'name': 'americanair', 'id': '22536055'}]	[]	[]	4	5	19	[]	[]	https://twitter.com/duffgoldman/status/515368053454819329	False		0								[]				
515263304919293952	515263304919293952	2014-09-26 07:15:19 KST	2014-09-26	07:15:19	+0900	14327683	bartmillard	Bart Millard		Mistakes happen. Seeing a company bust their tail to make it right? That rarely happens. Thanks @AmericanAir for going above and beyond.	en	[{'screen_name': 'americanair', 'name': 'americanair', 'id': '22536055'}]	[]	[]	2	4	38	[]	[]	https://twitter.com/BartMillard/status/515263304919293952	False		0								[]				
515154433312055296	515154433312055296	2014-09-26 00:02:42 KST	2014-09-26	00:02:42	+0900	14327683	bartmillard	Bart Millard		Dear @AmericanAir, May be missing our first show due to a broken plane. HELP!	en	[{'screen_name': 'americanair', 'name': 'americanair', 'id': '22536055'}]	[]	[]	8	2	14	[]	[]	https://twitter.com/BartMillard/status/515154433312055296	False		0								[]				
514946186923769856	514946186923769856	2014-09-25 10:15:12 KST	2014-09-25	10:15:12	+0900	15679641	dallasnews	Dallas Morning News		Mavs, Stars 'refresh' American Airlines Center with bevy of upgrades, including VIP lounge  http://t.co/XlLVpMgcwq  http://t.co/RL4iIZmTRx	en	[]	['http://d-news.co/BTevR']	['https://pbs.twimg.com/media/ByV01B1IYAAuZ-J.jpg']	2	17	13	[]	[]	https://twitter.com/dallasnews/status/514946186923769856	False		1	https://pbs.twimg.com/media/ByV01B1IYAAuZ-J.jpg							[]				
514579261152587777	514579261152587777	2014-09-24 09:57:10 KST	2014-09-24	09:57:10	+0900	61779487	proteautype	Adam Proteau		"I want to thank @AmericanAir for including me in their groundbreaking new ""Pay us $25 to check (read: lose) your luggage"" program. #blessed"	en	[{'screen_name': 'americanair', 'name': 'americanair', 'id': '22536055'}]	[]	[]	3	9	30	['blessed']	[]	https://twitter.com/Proteautype/status/514579261152587777	False		0								[]				
514519958345515010	514519958345515010	2014-09-24 06:01:32 KST	2014-09-24	06:01:32	+0900	546796310	passionpassport	Passion Passport		Our IG contest with @AmericanAir is off to a great start! Check out the rules here:  http://t.co/MJyGEoQosy  http://t.co/RzFUXkCzXW	en	[{'screen_name': 'americanair', 'name': 'americanair', 'id': '22536055'}]	['http://passionpassport.com/pp-instagram-challenge-92214-ppamericantravels/']	['https://pbs.twimg.com/media/ByPxLPGIMAAcEqM.jpg']	2	20	38	[]	[]	https://twitter.com/passionpassport/status/514519958345515010	False		1	https://pbs.twimg.com/media/ByPxLPGIMAAcEqM.jpg							[]				
514432888558075904	514432888558075904	2014-09-24 00:15:32 KST	2014-09-24	00:15:32	+0900	27067896	iata	IATA		500,000: The gallons of fuel/year @AmericanAir will save using more eco-friendly lightweight Jettainer containers. #NowArriving #Flying100	en	[{'screen_name': 'americanair', 'name': 'americanair', 'id': '22536055'}]	[]	[]	2	28	21	['nowarriving', 'flying100']	[]	https://twitter.com/IATA/status/514432888558075904	False		0								[]				
514429027579199489	514429027579199489	2014-09-24 00:00:12 KST	2014-09-24	00:00:12	+0900	93950784	airlinesdotorg	Airlines for America		.@AmericanAir is saving fuel by using weather software developed by @NASA. READ more:  http://t.co/gGwD65gO4l	en	[{'screen_name': 'americanair', 'name': 'americanair', 'id': '22536055'}, {'screen_name': 'nasa', 'name': 'nasa', 'id': '11348282'}]	['http://bit.ly/1uxwG1i']	[]	6	66	80	[]	[]	https://twitter.com/AirlinesDotOrg/status/514429027579199489	False		0								[]				
514271808745246720	514271808745246720	2014-09-23 13:35:28 KST	2014-09-23	13:35:28	+0900	22976125	stlouisblues	St. Louis Blues		Images from tonight's game at American Airlines Center. #stlblues #STLvsDAL  http://t.co/Lxb2lpjib9	en	[]	[]	['https://pbs.twimg.com/media/ByMPe4iIQAAnfm6.jpg', 'https://pbs.twimg.com/media/ByMPVVmIIAEgtK6.jpg', 'https://pbs.twimg.com/media/ByMPVqfIgAEGFMz.jpg', 'https://pbs.twimg.com/media/ByMPUncIcAAQYps.jpg']	2	32	62	['stlblues', 'stlvsdal']	[]	https://twitter.com/StLouisBlues/status/514271808745246720	False		1	https://pbs.twimg.com/media/ByMPe4iIQAAnfm6.jpg							[]				
514249882316849152	514249882316849152	2014-09-23 12:08:20 KST	2014-09-23	12:08:20	+0900	125806240	weeklychris	chris†ian		Any airlines wanna rescue me? @Delta @JetBlue @VirginAmerica @AmericanAir ...anyone? No? Ok 😔 Atleast I got some tea	en	[{'screen_name': 'delta', 'name': 'delta', 'id': '5920532'}, {'screen_name': 'jetblue', 'name': 'jetblue', 'id': '6449282'}, {'screen_name': 'virginamerica', 'name': 'virgin america', 'id': '12101862'}, {'screen_name': 'americanair', 'name': 'americanair', 'id': '22536055'}]	[]	[]	153	394	2077	[]	[]	https://twitter.com/WeeklyChris/status/514249882316849152	False		0								[]				
514239320291823616	514239320291823616	2014-09-23 11:26:22 KST	2014-09-23	11:26:22	+0900	125806240	weeklychris	chris†ian		And now I missed my connecting flight because of a one hour delay.. Looks like I'm spending the night at the airport again 😧 @AmericanAir	en	[{'screen_name': 'americanair', 'name': 'americanair', 'id': '22536055'}]	[]	[]	152	510	2592	[]	[]	https://twitter.com/WeeklyChris/status/514239320291823616	False		0								[]				
514202544684281856	514202544684281856	2014-09-23 09:00:14 KST	2014-09-23	09:00:14	+0900	21713551	starsinsideedge	Mark Stepneski		Kari Lehtonen leads the Dallas Stars onto the ice for warm ups at American Airlines Center.	en	[]	[]	[]	0	0	14	[]	[]	https://twitter.com/StarsInsideEdge/status/514202544684281856	False		0								[]				
514194016720527360	514194016720527360	2014-09-23 08:26:21 KST	2014-09-23	08:26:21	+0900	21713551	starsinsideedge	Mark Stepneski		Greetings from American Airlines Center.  http://t.co/UeYxf34k0H	en	[]	[]	['https://pbs.twimg.com/media/ByLIu8-CQAEtWRp.jpg']	4	7	43	[]	[]	https://twitter.com/StarsInsideEdge/status/514194016720527360	False		1	https://pbs.twimg.com/media/ByLIu8-CQAEtWRp.jpg							[]				
514190106639732736	514190106639732736	2014-09-23 08:10:49 KST	2014-09-23	08:10:49	+0900	19781974	hungrygirl	Lisa Lillien		Feelin'' the love @AmericanAir - thx for the world's cutest strawberry!!  http://t.co/4VOK7K5rwJ	en	[{'screen_name': 'americanair', 'name': 'americanair', 'id': '22536055'}]	[]	['https://pbs.twimg.com/media/ByLFLLIIYAAbH-7.jpg']	2	4	16	[]	[]	https://twitter.com/HungryGirl/status/514190106639732736	False		1	https://pbs.twimg.com/media/ByLFLLIIYAAbH-7.jpg							[]				
514188345912864768	514188345912864768	2014-09-23 08:03:49 KST	2014-09-23	08:03:49	+0900	125806240	weeklychris	chris†ian		Spilled juice on myself &amp; turned the light on multiple times for help but the flight attendant just kept walking by..🙈thanks @AmericanAir 👍😒	en	[{'screen_name': 'americanair', 'name': 'americanair', 'id': '22536055'}]	[]	[]	197	650	3044	[]	[]	https://twitter.com/WeeklyChris/status/514188345912864768	False		0								[]				
514150482756239360	514150482756239360	2014-09-23 05:33:22 KST	2014-09-23	05:33:22	+0900	17883640	eliyoungband	Eli Young Band		In the rapid city airport waiting to leave for @dfwairport on @AmericanAir. Delayed for a ground stop at dfw. Sun &amp; 85 in dfw. What's wrong?	en	[{'screen_name': 'dfwairport', 'name': 'dfw airport', 'id': '34605824'}, {'screen_name': 'americanair', 'name': 'americanair', 'id': '22536055'}]	[]	[]	8	1	12	[]	[]	https://twitter.com/EliYoungBand/status/514150482756239360	False		0								[]				
514049471706308610	514049471706308610	2014-09-22 22:51:59 KST	2014-09-22	22:51:59	+0900	208711264	steveo	Steve-O		I'm on American Airlines flight #255, from NYC to LAX, landing @ 1pm. Dear cops, it's not too late to arrest me when I land! #SeaWorldSucks	en	[]	[]	[]	12	79	215	['seaworldsucks']	[]	https://twitter.com/steveo/status/514049471706308610	False		0								[]				
513992084337201152	513992084337201152	2014-09-22 19:03:57 KST	2014-09-22	19:03:57	+0900	15012486	cbsnews	CBS News		2 American Airlines jetliners make back-to-back emergency landings in Dallas airport    http://t.co/2vfZg8BNtp	en	[]	['http://cbsn.ws/XLeOFc']	[]	4	36	21	[]	[]	https://twitter.com/CBSNews/status/513992084337201152	False		0								[]				
513889139528593408	513889139528593408	2014-09-22 12:14:53 KST	2014-09-22	12:14:53	+0900	206263351	aureylian	Aureylian		Lol @AmericanAir knows my first name! They either have a supersleuth PR team or great note taking. Either way, that's awesome!	en	[{'screen_name': 'americanair', 'name': 'americanair', 'id': '22536055'}]	[]	[]	8	1	52	[]	[]	https://twitter.com/aureylian/status/513889139528593408	False		0								[]				
513841179507818496	513841179507818496	2014-09-22 09:04:18 KST	2014-09-22	09:04:18	+0900	22156181	chefsymon	michael symon		thanks @AmericanAir for boarding us and letting us sit on the runway for 45 min in nashville!...u guys are awesome!..	en	[{'screen_name': 'americanair', 'name': 'americanair', 'id': '22536055'}]	[]	[]	27	6	71	[]	[]	https://twitter.com/chefsymon/status/513841179507818496	False		0								[]				
513420405969649664	513420405969649664	2014-09-21 05:12:18 KST	2014-09-21	05:12:18	+0900	29283877	sharnaburgess	Sharna Burgess		Well done @Americanair for leaving my bags behind. I have the busiest day ever for #dwts... And I don't have anything I need. #neveragain 😏	en	[{'screen_name': 'americanair', 'name': 'americanair', 'id': '22536055'}]	[]	[]	10	8	57	['dwts', 'neveragain']	[]	https://twitter.com/SharnaBurgess/status/513420405969649664	False		0								[]				
513364667297587200	513364667297587200	2014-09-21 01:30:49 KST	2014-09-21	01:30:49	+0900	122555803	wwerollins	Seth Rollins		@AmericanAir lost two bags on my flight to #WWEHuntsville. Yes, they were BOTH mine. Thanks so much!	en	[]	[]	[]	36	80	107	['wwehuntsville']	[]	https://twitter.com/WWERollins/status/513364667297587200	False		0								[]				
513314875196837888	513085233474715648	2014-09-20 22:12:57 KST	2014-09-20	22:12:57	+0900	15425377	airbus	Airbus		@AmericanAir Your A330 looks really nice !	en	[]	[]	[]	1	6	23	[]	[]	https://twitter.com/Airbus/status/513314875196837888	False		0								[]				
513314742661025792	513085233474715648	2014-09-20 22:12:26 KST	2014-09-20	22:12:26	+0900	15425377	airbus	Airbus		“@AmericanAir: #NowArriving: Our first @Airbus A330 in #newAmerican livery took to the skies today. #FleetFriday  http://t.co/KknizKswXJ”	en	[{'screen_name': 'americanair', 'name': 'americanair', 'id': '22536055'}, {'screen_name': 'airbus', 'name': 'airbus', 'id': '15425377'}]	[]	['https://pbs.twimg.com/media/Bx7YTLQIUAE-i5x.png']	8	69	98	['nowarriving', 'newamerican', 'fleetfriday']	[]	https://twitter.com/Airbus/status/513314742661025792	False		1	https://pbs.twimg.com/media/Bx7YTLQIUAE-i5x.png							[]				
513312377249341440	513312377249341440	2014-09-20 22:03:02 KST	2014-09-20	22:03:02	+0900	180503626	eagles	Philadelphia Eagles		Congrats to our #WASvsPHI @AmericanAir Fan Fly-In winner, Chris from NC. You could be next:  http://t.co/2sU2XYy7vx  http://t.co/bn06ZVdPgj	en	[{'screen_name': 'americanair', 'name': 'americanair', 'id': '22536055'}]	['http://phieagl.es/1rmESTy']	['https://pbs.twimg.com/media/Bx7QjNnIgAA8ULR.jpg']	5	13	33	['wasvsphi']	[]	https://twitter.com/Eagles/status/513312377249341440	False		1	https://pbs.twimg.com/media/Bx7QjNnIgAA8ULR.jpg							[]				
513096798626668545	513096798626668545	2014-09-20 07:46:24 KST	2014-09-20	07:46:24	+0900	110606529	jackngraham	Jack Graham		We are 2 wks away...@Harvest_America.  with @greglaurie at American Airlines Center Dallas  October 5 Please pray  http://t.co/eSaIKPif21	en	[{'screen_name': 'harvest_america', 'name': 'harvest_america', 'id': '3002592338'}, {'screen_name': 'greglaurie', 'name': 'greg laurie', 'id': '19353402'}]	['http://www.harvest.org/crusades/2014/dallas/home.html']	[]	1	17	27	[]	[]	https://twitter.com/jackngraham/status/513096798626668545	False		0								[]				
513058823851229184	513058823851229184	2014-09-20 05:15:30 KST	2014-09-20	05:15:30	+0900	109134861	travelreportmx	Jesús Alonso		¡Thanks! La #aerolínea @USAirways en pro de #LosCabos #BCSmx.  #HurricaneOdile @AmericanAir  http://t.co/rfwjK9EZG7	es	[{'screen_name': 'usairways', 'name': 'us airways', 'id': '78084813'}, {'screen_name': 'americanair', 'name': 'americanair', 'id': '22536055'}]	[]	['https://pbs.twimg.com/media/Bx7ASChIUAAt5nZ.jpg']	0	31	12	['aerolínea', 'loscabos', 'bcsmx', 'hurricaneodile']	[]	https://twitter.com/TravelReportMX/status/513058823851229184	False		1	https://pbs.twimg.com/media/Bx7ASChIUAAt5nZ.jpg							[]				
512972564839542784	512972564839542784	2014-09-19 23:32:44 KST	2014-09-19	23:32:44	+0900	11348282	nasa	NASA		NASA’s Bolden @dfwairport — @NASAAero helps @americanair avoid bad weather, save time.  http://t.co/Ilvvq1cKjK  http://t.co/s1261WQRX0	en	[{'screen_name': 'dfwairport', 'name': 'dfw airport', 'id': '34605824'}, {'screen_name': 'nasaaero', 'name': 'nasa aeronautics', 'id': '2734381938'}, {'screen_name': 'americanair', 'name': 'americanair', 'id': '22536055'}]	['http://nasa.gov/aeronautics']	['https://pbs.twimg.com/media/Bx5x1GIIIAIQMhI.jpg']	3	52	87	[]	[]	https://twitter.com/NASA/status/512972564839542784	False		1	https://pbs.twimg.com/media/Bx5x1GIIIAIQMhI.jpg							[]				
512968951660171264	512968951660171264	2014-09-19 23:18:23 KST	2014-09-19	23:18:23	+0900	10937622	airfarewatchdog	airfarewatchdog		! @AmericanAir offering 3 miles/$1 spent on iTunes  http://t.co/b1Gs0yP6Fc  http://t.co/mvCpmYPynH	en	[{'screen_name': 'americanair', 'name': 'americanair', 'id': '22536055'}]	['http://www.airfarewatchdog.com/blog/3801194/get-bonus-frequent-flyer-miles-when-shopping-online/']	['https://pbs.twimg.com/media/Bx5uiwzCYAAqaVP.png']	0	4	9	[]	[]	https://twitter.com/airfarewatchdog/status/512968951660171264	False		1	https://pbs.twimg.com/media/Bx5uiwzCYAAqaVP.png							[]				
512790752288444416	512790752288444416	2014-09-19 11:30:17 KST	2014-09-19	11:30:17	+0900	18144089	davidalangrier	David Alan Grier		Made my connection! Been sitting on the runway for over n hour. Jus wanna thank American Airlines for sucking veiny, knobby ass all day!	en	[]	[]	[]	12	9	28	[]	[]	https://twitter.com/davidalangrier/status/512790752288444416	False		0								[]				
512774248285216768	512774248285216768	2014-09-19 10:24:42 KST	2014-09-19	10:24:42	+0900	18144089	davidalangrier	David Alan Grier		Thank u American Airlines for changing my connecting gate from A25 to D25 to A25 n back to D25, U rock! #GotDamnAmericanAirlines	en	[]	[]	[]	6	10	25	['gotdamnamericanairlines']	[]	https://twitter.com/davidalangrier/status/512774248285216768	False		0								[]				
512763429350690816	512763429350690816	2014-09-19 09:41:42 KST	2014-09-19	09:41:42	+0900	1108807484	johnlukenyc	John Luke		A better Pic of @AmericanAir &amp; @USAirways Together  http://t.co/3HJI0A9vdt	en	[{'screen_name': 'americanair', 'name': 'americanair', 'id': '22536055'}, {'screen_name': 'usairways', 'name': 'us airways', 'id': '78084813'}]	[]	['https://pbs.twimg.com/media/Bx2znt4CcAALOLo.jpg']	2	14	35	[]	[]	https://twitter.com/JohnLukeNYC/status/512763429350690816	False		1	https://pbs.twimg.com/media/Bx2znt4CcAALOLo.jpg							[]				
512756158428237824	512756158428237824	2014-09-19 09:12:49 KST	2014-09-19	09:12:49	+0900	119998164	fernandezanibal	Aníbal Fernández		Resulta que un director de American Airlines es también asesor del fondo Blackstone que ingresó en la reestructuración de deuda argentina.	es	[]	[]	[]	5	82	34	[]	[]	https://twitter.com/FernandezAnibal/status/512756158428237824	False		0								[]				
512729156967075841	512729156967075841	2014-09-19 07:25:31 KST	2014-09-19	07:25:31	+0900	54341363	jornaloglobo	Jornal O Globo		Com medo de instabilidade do peso, American Airlines limita venda de passagens à Argentina.  http://t.co/2L3FM9GCpo  http://t.co/E6oeIRibSI	pt	[]	['http://glo.bo/XqrHnW']	['https://pbs.twimg.com/media/Bx2Uc1RCQAEJKdc.jpg']	4	46	26	[]	[]	https://twitter.com/JornalOGlobo/status/512729156967075841	False		1	https://pbs.twimg.com/media/Bx2Uc1RCQAEJKdc.jpg							[]				
512708751556505600	512708751556505600	2014-09-19 06:04:26 KST	2014-09-19	06:04:26	+0900	138814032	cfkargentina	Cristina Kirchner		A su vez, Albaugh también ha sido miembro de la Junta de American Airlines Group de Administración desde la misma fecha…	es	[]	[]	[]	7	183	135	[]	[]	https://twitter.com/CFKArgentina/status/512708751556505600	False		0								[]				
512708611097628674	512708611097628674	2014-09-19 06:03:53 KST	2014-09-19	06:03:53	+0900	138814032	cfkargentina	Cristina Kirchner		A partir del 9 de diciembre de 2013, James F. Albaugh, a quien no tengo el gusto de conocer, se convirtió en director de American Airlines.	es	[]	[]	[]	10	205	144	[]	[]	https://twitter.com/CFKArgentina/status/512708611097628674	False		0								[]				
512703926605332480	512703926605332480	2014-09-19 05:45:16 KST	2014-09-19	05:45:16	+0900	351953986	jlespert	Jose Luis Espert		Ahora nuestra Mami Cristina esta tuitenado furiosa contra American Airlines. Tierno	es	[]	[]	[]	8	15	14	[]	[]	https://twitter.com/jlespert/status/512703926605332480	False		0								[]				
512700306824507392	512700306824507392	2014-09-19 05:30:53 KST	2014-09-19	05:30:53	+0900	8410672	chrisspags	Chris Spags		If there were a pterodactyl I could fly knowing there's a 90% chance itd eat me and shit me onto you, I'd fly it instead of you @AmericanAir	en	[{'screen_name': 'americanair', 'name': 'americanair', 'id': '22536055'}]	[]	[]	0	0	11	[]	[]	https://twitter.com/ChrisSpags/status/512700306824507392	False		0								[]				
512687649627205632	512687649627205632	2014-09-19 04:40:35 KST	2014-09-19	04:40:35	+0900	296853602	jparenaza	Juan Pablo Arenaza		Según Axel ayer subió el dólar x culpa de EEUU, hoy por culpa de American Airlines, mañana la liga Mickey Mouse y el lunes Mcdonalds.	es	[]	[]	[]	3	15	15	[]	[]	https://twitter.com/jparenaza/status/512687649627205632	False		0								[]				
512679033382137857	512679033382137857	2014-09-19 04:06:21 KST	2014-09-19	04:06:21	+0900	26886095	flylaxairport	LAX Airport		[PIC] 1962 during the Golden Days of travel, all dressed up and ready for take-off on an @AmericanAir! #TBT c:LAWA  http://t.co/rAi3uZvgc0	en	[{'screen_name': 'americanair', 'name': 'americanair', 'id': '22536055'}]	[]	['https://pbs.twimg.com/media/Bx1m3RrCAAAIw54.jpg']	3	9	14	['tbt']	[]	https://twitter.com/flyLAXairport/status/512679033382137857	False		1	https://pbs.twimg.com/media/Bx1m3RrCAAAIw54.jpg							[]				
512678091135545344	512678091135545344	2014-09-19 04:02:36 KST	2014-09-19	04:02:36	+0900	9469932	taos	Taos Turner		American Airlines rep says Argentines frequently pay for trips in cash, literally putting heaps of bills on the counter. #cashland	en	[]	[]	[]	2	8	11	['cashland']	[]	https://twitter.com/taos/status/512678091135545344	False		0								[]				
512665076055031809	512665076055031809	2014-09-19 03:10:53 KST	2014-09-19	03:10:53	+0900	2836421	msnbc	MSNBC		American Airlines customer service agents win 20 year fight to unionize:  http://t.co/a2rbs8CSxp  http://t.co/peWEPUCOyZ	en	[]	['http://on.msnbc.com/1o4aNmx']	['https://pbs.twimg.com/media/Bx1aK5VCMAA3JMc.png']	5	24	20	[]	[]	https://twitter.com/MSNBC/status/512665076055031809	False		1	https://pbs.twimg.com/media/Bx1aK5VCMAA3JMc.png							[]				
512657368409055233	512657368409055233	2014-09-19 02:40:16 KST	2014-09-19	02:40:16	+0900	9469932	taos	Taos Turner		According to Argentina's government, Shell devalued the currency and American Airlines destabilized it. What might Gap do if it were here?	en	[]	[]	[]	9	24	19	[]	[]	https://twitter.com/taos/status/512657368409055233	False		0								[]				
512648178168889344	512648178168889344	2014-09-19 02:03:44 KST	2014-09-19	02:03:44	+0900	36117822	bishopjakes	T.D. Jakes		Fly into your destiny with @AmericanAir! Take advantage of Exclusive Savings on travel #WTAL |  http://t.co/WvJsWKKS1C  http://t.co/FBYQhRIjeD	en	[{'screen_name': 'americanair', 'name': 'americanair', 'id': '22536055'}]	['http://WTAL.org/accommodations/travel']	['https://pbs.twimg.com/media/Bt-y1AaCIAApI0F.jpg']	5	37	69	['wtal']	[]	https://twitter.com/BishopJakes/status/512648178168889344	False		1	https://pbs.twimg.com/media/Bt-y1AaCIAApI0F.jpg							[]				
512614385920253952	512614385920253952	2014-09-18 23:49:28 KST	2014-09-18	23:49:28	+0900	7649082	luchio	luciano dolber		si expropiamos american airlines, me gustaría que guido suller demuestre sus condiciones como ceo, secundado por el larva.	es	[]	[]	[]	2	13	30	[]	[]	https://twitter.com/luchio/status/512614385920253952	False		0								[]				
512604438885060608	512604438885060608	2014-09-18 23:09:56 KST	2014-09-18	23:09:56	+0900	43989092	juanpdesantis	Juan Pablo De Santis		Se cumplió la profecía sobre American Airlines. Discurso oficial muy previsible.  http://t.co/4nsNFcuZgC	es	[]	[]	['https://pbs.twimg.com/media/Bx0jBQtIUAANC8Y.png']	8	27	17	[]	[]	https://twitter.com/juanpdesantis/status/512604438885060608	False		1	https://pbs.twimg.com/media/Bx0jBQtIUAANC8Y.png							[]				
512576820114653184	512576820114653184	2014-09-18 21:20:11 KST	2014-09-18	21:20:11	+0900	2836421	msnbc	MSNBC		Labor #FTW: American Airlines workers win their 20-year fight for union representation:  http://t.co/kY3HpIXSEq  http://t.co/YbvZODIDB1	en	[]	['http://on.msnbc.com/1o4aNmx']	['https://pbs.twimg.com/media/Bx0J5uOIAAAd2f3.png']	14	51	35	['ftw']	[]	https://twitter.com/MSNBC/status/512576820114653184	False		1	https://pbs.twimg.com/media/Bx0J5uOIAAAd2f3.png							[]				
512453582495707136	512453582495707136	2014-09-18 13:10:29 KST	2014-09-18	13:10:29	+0900	141021153	tmartn	TmarTn		I'm American Airlines ballin'. Only costs 7,500 for a one-way in the US  http://t.co/EILW2S6kAN	en	[]	[]	['https://pbs.twimg.com/media/BxyZ0WnIgAAODvy.jpg']	4	3	75	[]	[]	https://twitter.com/TmarTn/status/512453582495707136	False		1	https://pbs.twimg.com/media/BxyZ0WnIgAAODvy.jpg							[]				
512400891631398912	512400891631398912	2014-09-18 09:41:07 KST	2014-09-18	09:41:07	+0900	43989092	juanpdesantis	Juan Pablo De Santis		"Mañana van a salir a decir que la decisión de American Airlines de no vender pasajes a más de 90 días es un ""ataque exterior"". Faveen."	es	[]	[]	[]	1	17	24	[]	[]	https://twitter.com/juanpdesantis/status/512400891631398912	False		0								[]				
512358161605357568	512358161605357568	2014-09-18 06:51:19 KST	2014-09-18	06:51:19	+0900	33989170	lanacion	LA NACION		American Airlines restringió a 90 días la compra de pasajes en Argentina  http://t.co/pFFsQO0glN	es	[]	['http://fd.ln.com.ar/6xH2qJ']	[]	9	39	14	[]	[]	https://twitter.com/LANACION/status/512358161605357568	False		0								[]				
512357140472676352	512357140472676352	2014-09-18 06:47:16 KST	2014-09-18	06:47:16	+0900	75052666	edshow	Ed Schultz		Thousands of @AmericanAir passenger service agents vote to form a union after a 19-year struggle.  http://t.co/8zbdMHCkCI Tweet #edshow!	en	[{'screen_name': 'americanair', 'name': 'americanair', 'id': '22536055'}]	['http://cnb.cx/1r1gsgv']	[]	24	26	22	['edshow']	[]	https://twitter.com/edshow/status/512357140472676352	False		0								[]				
512111836314226688	512111836314226688	2014-09-17 14:32:31 KST	2014-09-17	14:32:31	+0900	22641532	brandicyrus	Brandi Cyrus		It's a sad day when you lose your @AmericanAir Platinum status and you fly as much as I do. It just won't be the same  😿😿😿😿😿	en	[{'screen_name': 'americanair', 'name': 'americanair', 'id': '22536055'}]	[]	[]	2	7	31	[]	[]	https://twitter.com/BrandiCyrus/status/512111836314226688	False		0								[]				
512086549945933825	512086549945933825	2014-09-17 12:52:02 KST	2014-09-17	12:52:02	+0900	9300262	politico	POLITICO		Unions trumpet historic win in American Airlines vote  http://t.co/Qp4ZOSlpNu	en	[]	['http://politi.co/1wBECmG']	[]	2	18	12	[]	[]	https://twitter.com/politico/status/512086549945933825	False		0								[]				
512064671038590977	512064671038590977	2014-09-17 11:25:05 KST	2014-09-17	11:25:05	+0900	14511951	huffpost	HuffPost		American Airlines, US Airways workers vote overwhelmingly to join union  http://t.co/EU22cBpAqn	en	[]	['http://huff.to/1Dhigsr']	[]	4	54	33	[]	[]	https://twitter.com/HuffPost/status/512064671038590977	False		0								[]				
511955601019404288	511955601019404288	2014-09-17 04:11:41 KST	2014-09-17	04:11:41	+0900	28796289	cwaunion	CWA		Largest union organizing victory in the south in decades at @AmericanAir. #1u  http://t.co/2K8bxlfdGN  http://t.co/BItB0dwQct	en	[{'screen_name': 'americanair', 'name': 'americanair', 'id': '22536055'}]	['http://bit.ly/1wofmNE']	['https://pbs.twimg.com/media/BxrU5_6IQAAkF4o.png']	3	44	18	['1u']	[]	https://twitter.com/CWAUnion/status/511955601019404288	False		1	https://pbs.twimg.com/media/BxrU5_6IQAAkF4o.png							[]				
511948566437560320	511948566437560320	2014-09-17 03:43:44 KST	2014-09-17	03:43:44	+0900	10069612	aflcio	AFL-CIO ✊ Pass the #PROAct		BREAKING: American Airlines passenger service agents vote for union representation after 19 yr struggle  http://t.co/qqgaL7dSQw @CWAUnion #1u	en	[{'screen_name': 'cwaunion', 'name': 'cwa', 'id': '28796289'}]	['http://ow.ly/BzsRP']	[]	1	21	12	['1u']	[]	https://twitter.com/AFLCIO/status/511948566437560320	False		0								[]				
511948037997219840	511948037997219840	2014-09-17 03:41:38 KST	2014-09-17	03:41:38	+0900	394741838	richardtrumka	Richard Trumka		9,000 American Airlines agents lead largest labor organizing victory in the South in decades via @CWAUnion  http://t.co/wnsME1x1QV	en	[{'screen_name': 'cwaunion', 'name': 'cwa', 'id': '28796289'}]	['http://www.cwa-union.org/news/entry/american_airlines_passenger_service_agents_vote_big_for_union#.VBiDxPldV1A']	[]	1	25	15	[]	[]	https://twitter.com/RichardTrumka/status/511948037997219840	False		0								[]				
511693109366128641	511693109366128641	2014-09-16 10:48:38 KST	2014-09-16	10:48:38	+0900	14614833	passagensaereas	Melhores Destinos		American Airlines vende passagens para Milão com parada em Nova York por R$ 1.822 ida e volta!  http://t.co/6HLnC6PQyW	pt	[]	['http://ow.ly/BxsPB']	[]	1	20	24	[]	[]	https://twitter.com/passagensaereas/status/511693109366128641	False		0								[]				
511625775364452352	511625775364452352	2014-09-16 06:21:05 KST	2014-09-16	06:21:05	+0900	14614833	passagensaereas	Melhores Destinos		Imperdível! American Airlines vende passagens para Milão com parada em Nova York por R$ 1.822 ida e volta!  http://t.co/BkPiPXSGxF	pt	[]	['http://ow.ly/Bx6L1']	[]	0	20	18	[]	[]	https://twitter.com/passagensaereas/status/511625775364452352	False		0								[]				
511550549167075328	511550549167075328	2014-09-16 01:22:09 KST	2014-09-16	01:22:09	+0900	20402945	cnbc	CNBC		American Airlines is cutting this to save on fuel:  http://t.co/ZZvOoXsy69  http://t.co/skMs4NpJZ6	en	[]	['http://cnb.cx/1m2YsUi']	['https://pbs.twimg.com/media/BxldIhhIcAA9q_r.jpg']	5	20	11	[]	[]	https://twitter.com/CNBC/status/511550549167075328	False		1	https://pbs.twimg.com/media/BxldIhhIcAA9q_r.jpg							[]				
511454445066919936	511454445066919936	2014-09-15 19:00:16 KST	2014-09-15	19:00:16	+0900	20402945	cnbc	CNBC		American Airlines is cutting this to save on fuel:  http://t.co/ZZvOoXsy69  http://t.co/MhMxpjPxCJ	en	[]	['http://cnb.cx/1m2YsUi']	['https://pbs.twimg.com/media/BxdtGryIAAAhKu_.jpg']	1	24	14	[]	[]	https://twitter.com/CNBC/status/511454445066919936	False		1	https://pbs.twimg.com/media/BxdtGryIAAAhKu_.jpg							[]				
511280335536263169	511278417418141696	2014-09-15 07:28:25 KST	2014-09-15	07:28:25	+0900	418569734	pegboardnerds	Pegboard Nerds		. @AmericanAir  http://t.co/uSNPxsHpsF	und	[{'screen_name': 'americanair', 'name': 'americanair', 'id': '22536055'}]	[]	['https://pbs.twimg.com/media/BxhuvlPCUAEqk89.jpg']	1	2	26	[]	[]	https://twitter.com/PegboardNerds/status/511280335536263169	False		1	https://pbs.twimg.com/media/BxhuvlPCUAEqk89.jpg							[]				
511278417418141696	511278417418141696	2014-09-15 07:20:48 KST	2014-09-15	07:20:48	+0900	418569734	pegboardnerds	Pegboard Nerds		Vintage Inflight Entertainment! @AmericanAir  http://t.co/PHjWPY64ez	en	[{'screen_name': 'americanair', 'name': 'americanair', 'id': '22536055'}]	[]	['https://pbs.twimg.com/media/BxhtAjPIMAASIjq.jpg']	2	1	33	[]	[]	https://twitter.com/PegboardNerds/status/511278417418141696	False		1	https://pbs.twimg.com/media/BxhtAjPIMAASIjq.jpg							[]				
511246510475186176	511246510475186176	2014-09-15 05:14:01 KST	2014-09-15	05:14:01	+0900	128023009	iambeckyg	Becky G.		FIRST person to meet my cousin Vanessa(WHATEVER Shirt) infront of the American Airlines arena gets these tickets. GO!  http://t.co/cphmkebntR	en	[]	[]	['https://pbs.twimg.com/media/BxhP_e-CEAAyIlP.jpg']	519	1071	2666	[]	[]	https://twitter.com/iambeckyg/status/511246510475186176	False		1	https://pbs.twimg.com/media/BxhP_e-CEAAyIlP.jpg							[]				
510910962350960641	510910962350960641	2014-09-14 07:00:40 KST	2014-09-14	07:00:40	+0900	14464766	thelittleidiot	moby XⓋX		I'm in love with @RealFoodDaily at @flyLAXairport @AmericanAir terminal. Organic vegan food in an airport is so civilized and amazing.	en	[{'screen_name': 'realfooddaily', 'name': 'real food daily', 'id': '20716038'}, {'screen_name': 'flylaxairport', 'name': 'lax airport', 'id': '26886095'}, {'screen_name': 'americanair', 'name': 'americanair', 'id': '22536055'}]	[]	[]	9	19	60	[]	[]	https://twitter.com/thelittleidiot/status/510910962350960641	False		0								[]				
510783451579297792	510778739912089600	2014-09-13 22:33:59 KST	2014-09-13	22:33:59	+0900	19329393	perezhilton	Perez Hilton		@AmericanAir A reasonable cost is fine, but $75 when there's plenty of unsold seats seems unreasonable and bad business. Dads don't waste $!	en	[]	[]	[]	4	0	11	[]	[]	https://twitter.com/PerezHilton/status/510783451579297792	False		0								[]				
510778739912089600	510778739912089600	2014-09-13 22:15:16 KST	2014-09-13	22:15:16	+0900	19329393	perezhilton	Perez Hilton		@AmericanAir At the airport. Really disappointed to find out you charge $75 a person to get on an earlier flight with available seats. Lame!	en	[]	[]	[]	9	2	10	[]	[]	https://twitter.com/PerezHilton/status/510778739912089600	False		0								[]				
510585855321604096	510585090746097666	2014-09-13 09:28:48 KST	2014-09-13	09:28:48	+0900	24325547	nickcarter	Nick Carter		@AmericanAir @Celina85	und	[{'screen_name': 'celina85', 'name': 'celeste', 'id': '24675636'}]	[]	[]	9	7	18	[]	[]	https://twitter.com/nickcarter/status/510585855321604096	False		0								[]				
510516106151604224	510516106151604224	2014-09-13 04:51:39 KST	2014-09-13	04:51:39	+0900	310687757	jarpad	Jared Padalecki		@AmericanAir read your DM	en	[]	[]	[]	291	501	1575	[]	[]	https://twitter.com/jarpad/status/510516106151604224	False		0								[]				
510270898163941376	510270898163941376	2014-09-12 12:37:17 KST	2014-09-12	12:37:17	+0900	470708968	professorcrunk	Brittney Cooper		@KwameHolmes reports that the police and @AmericanAir corporate met the plane upon landing. I'm happy to hear it. Thx 4 tweeting everyone!	en	[{'screen_name': 'americanair', 'name': 'americanair', 'id': '22536055'}]	[]	[]	0	5	15	[]	[]	https://twitter.com/ProfessorCrunk/status/510270898163941376	False		0								[]				
510236849026396160	510236849026396160	2014-09-12 10:21:59 KST	2014-09-12	10:21:59	+0900	459612808	adamstewart	Adam Stewart		Great to see @AmericanAir offering daily flights to #Grenada. Check it out at  http://t.co/rMTQo6uU7k.	en	[{'screen_name': 'americanair', 'name': 'americanair', 'id': '22536055'}]	['http://Caribbeanjournal.com']	[]	4	16	20	['grenada']	[]	https://twitter.com/AdamStewart/status/510236849026396160	False		0								[]				
510236542292733952	510236542292733952	2014-09-12 10:20:46 KST	2014-09-12	10:20:46	+0900	470708968	professorcrunk	Brittney Cooper		@AmericanAir That is an unacceptable response and you need to rectify this mistreatment of Prof. @KwameHolmes immediately.	en	[{'screen_name': 'kwameholmes', 'name': 'kwame holmes', 'id': '763760491822854144'}]	[]	[]	2	74	22	[]	[]	https://twitter.com/ProfessorCrunk/status/510236542292733952	False		0								[]				
510236408880324608	510236408880324608	2014-09-12 10:20:14 KST	2014-09-12	10:20:14	+0900	470708968	professorcrunk	Brittney Cooper		@AmericanAir 'You can hold up the flight and have him escorted off or you can wait till we land &amp; have someone come speak with him.'	en	[]	[]	[]	5	97	18	[]	[]	https://twitter.com/ProfessorCrunk/status/510236408880324608	False		0								[]				
510236231477641216	510236231477641216	2014-09-12 10:19:31 KST	2014-09-12	10:19:31	+0900	470708968	professorcrunk	Brittney Cooper		My friend @KwameHolmes just got punched by a white male passenger on an @AmericanAir flight. Pilot response to Prof. Holmes: +	en	[{'screen_name': 'kwameholmes', 'name': 'kwame holmes', 'id': '763760491822854144'}, {'screen_name': 'americanair', 'name': 'americanair', 'id': '22536055'}]	[]	[]	7	121	25	[]	[]	https://twitter.com/ProfessorCrunk/status/510236231477641216	False		0								[]				
510205584491433985	510205584491433985	2014-09-12 08:17:45 KST	2014-09-12	08:17:45	+0900	58913244	airlineflyer	Jason Rabinowitz		The first @AmericanAir @BoeingAirplanes 757 in #newAmerican livery visited JFK today. Guys, it's beautiful. #AvGeek  http://t.co/iD6tVTEmkp	en	[{'screen_name': 'americanair', 'name': 'americanair', 'id': '22536055'}, {'screen_name': 'boeingairplanes', 'name': 'boeing airplanes', 'id': '22090282'}]	[]	['https://pbs.twimg.com/media/BxSdRoKIIAEpIeX.jpg']	11	31	53	['newamerican', 'avgeek']	[]	https://twitter.com/AirlineFlyer/status/510205584491433985	False		1	https://pbs.twimg.com/media/BxSdRoKIIAEpIeX.jpg							[]				
510203880098246656	510203880098246656	2014-09-12 08:10:58 KST	2014-09-12	08:10:58	+0900	21046818	jpmontoya	Juan Pablo Montoya		Just got great news from @AmericanAir! they found my computer!!! thank you very much	en	[{'screen_name': 'americanair', 'name': 'americanair', 'id': '22536055'}]	[]	[]	10	5	54	[]	[]	https://twitter.com/jpmontoya/status/510203880098246656	False		0								[]				
510060122367078400	510060122367078400	2014-09-11 22:39:44 KST	2014-09-11	22:39:44	+0900	35218566	arifleischer	Ari Fleischer		9:37  American Airlines Flight 77 crashes into the Pentagon.	en	[]	[]	[]	4	196	162	[]	[]	https://twitter.com/AriFleischer/status/510060122367078400	False		0								[]				
510060080751198208	510060080751198208	2014-09-11 22:39:34 KST	2014-09-11	22:39:34	+0900	19667589	kiss108	Kiss 108		At 9:37am: REMEMBERING: American Airlines Flight 77 and all those who lost their lives inside the Pentagon at this time. #Remembering911	en	[]	[]	[]	0	6	16	['remembering911']	[]	https://twitter.com/Kiss108/status/510060080751198208	False		0								[]				
510059738365558785	510059738365558785	2014-09-11 22:38:12 KST	2014-09-11	22:38:12	+0900	17366486	amhistorymuseum	National Museum of American History		9/11/2001, 9:38 AM: American Airlines Flight 77 was crashed into the Pentagon. Desk contents:  http://t.co/E0pQFvWedk  http://t.co/DpmIVhXjS8	en	[]	['http://bit.ly/1qNvjbG']	['https://pbs.twimg.com/media/BwNaPWSIgAArbhF.jpg']	1	76	36	[]	[]	https://twitter.com/amhistorymuseum/status/510059738365558785	False		1	https://pbs.twimg.com/media/BwNaPWSIgAArbhF.jpg							[]				
510059510820798464	510059510820798464	2014-09-11 22:37:18 KST	2014-09-11	22:37:18	+0900	414331122	tsa	TSA		Moment of Silence for Those Lost on American Airlines Flight 77 and at the Pentagon 9:37 AM 9/11/01	en	[]	[]	[]	1	13	14	[]	[]	https://twitter.com/TSA/status/510059510820798464	False		0								[]				
510059480781189120	510059480781189120	2014-09-11 22:37:11 KST	2014-09-11	22:37:11	+0900	6892002	wbir	WBIR Channel 10		9:37 a.m. - 13 years ago at this time, American Airlines Flight 77 crashed into the Pentagon. #NeverForget	en	[]	[]	[]	0	31	22	['neverforget']	[]	https://twitter.com/wbir/status/510059480781189120	False		0								[]				
510047716081434624	510047716081434624	2014-09-11 21:50:26 KST	2014-09-11	21:50:26	+0900	19667589	kiss108	Kiss 108		8:46am: REMEMBERING American Airlines Flight 11 and all those who lost their lives inside the North Tower, at this time. #Remembering911	en	[]	[]	[]	0	11	24	['remembering911']	[]	https://twitter.com/Kiss108/status/510047716081434624	False		0								[]				
510046603475185664	510046603475185664	2014-09-11 21:46:01 KST	2014-09-11	21:46:01	+0900	414331122	tsa	TSA		Moment of Silence for Those Lost on American Airlines Flight 11 and at the WTC 8:46 AM 9/11/01	en	[]	[]	[]	0	19	16	[]	[]	https://twitter.com/TSA/status/510046603475185664	False		0								[]				
509910751021002752	509910751021002752	2014-09-11 12:46:11 KST	2014-09-11	12:46:11	+0900	19362341	mariashriver	Maria Shriver		Meet my new friend @AmericanAir flight attendant Danette Williamson. Mother of 3 boys.  http://t.co/1CA660Vq0c	en	[{'screen_name': 'americanair', 'name': 'americanair', 'id': '22536055'}]	[]	['https://pbs.twimg.com/media/BxORIFUCAAAQBlH.jpg']	9	10	87	[]	[]	https://twitter.com/mariashriver/status/509910751021002752	False		1	https://pbs.twimg.com/media/BxORIFUCAAAQBlH.jpg							[]				
509413081739304961	509413081739304961	2014-09-10 03:48:37 KST	2014-09-10	03:48:37	+0900	14372486	engadget	Engadget		WatchKit ensures third-party wearable support from day one, such as @americanair's app  http://t.co/WW2ezLmLUU  http://t.co/RGhX7SM8ZF	en	[{'screen_name': 'americanair', 'name': 'americanair', 'id': '22536055'}]	['http://engt.co/1tsx1BS']	['https://pbs.twimg.com/media/BxHMf6sCcAA8EYj.jpg']	3	88	43	[]	[]	https://twitter.com/engadget/status/509413081739304961	False		1	https://pbs.twimg.com/media/BxHMf6sCcAA8EYj.jpg							[]				
509398782610374656	509398782610374656	2014-09-10 02:51:48 KST	2014-09-10	02:51:48	+0900	14372486	engadget	Engadget		•@cue showing off cards inside passbook (also, not an ad for any of these brands, i.e. @chase, @americanair, etc.)  http://t.co/Kk1Eo2LOJE	en	[{'screen_name': 'cue', 'name': 'eddy cue', 'id': '754500'}, {'screen_name': 'chase', 'name': 'chase', 'id': '274673392'}, {'screen_name': 'americanair', 'name': 'americanair', 'id': '22536055'}]	[]	['https://pbs.twimg.com/media/BxG_fmOCYAA6pEi.jpg']	4	69	24	[]	[]	https://twitter.com/engadget/status/509398782610374656	False		1	https://pbs.twimg.com/media/BxG_fmOCYAA6pEi.jpg							[]				
509212593370980352	509212593370980352	2014-09-09 14:31:57 KST	2014-09-09	14:31:57	+0900	34775386	rukes	rukes		"@Zedd this @AmericanAir plane taxi'd long enough for the piano cover of ""Clarity"" to come on; it does exist!"	en	[{'screen_name': 'americanair', 'name': 'americanair', 'id': '22536055'}]	[]	[]	1	8	31	[]	[]	https://twitter.com/rukes/status/509212593370980352	False		0								[]				
509146331064307714	509146331064307714	2014-09-09 10:08:39 KST	2014-09-09	10:08:39	+0900	357650116	joshbogorad	Josh Bogorad		Two weeks from right now, the @DallasStars will be playing a hockey game at American Airlines Center. #AlmostThere	en	[{'screen_name': 'dallasstars', 'name': 'dallas stars', 'id': '29304837'}]	[]	[]	6	30	43	['almostthere']	[]	https://twitter.com/JoshBogorad/status/509146331064307714	False		0								[]				
508799343134904320	508795445867319296	2014-09-08 11:09:51 KST	2014-09-08	11:09:51	+0900	17638367	travismills	Travis Mills		waiting @AmericanAir  http://t.co/oeYzOmntwi	en	[{'screen_name': 'americanair', 'name': 'americanair', 'id': '22536055'}]	[]	['https://pbs.twimg.com/media/Bw-eTmCCMAAJgtj.jpg']	125	607	1268	[]	[]	https://twitter.com/travismills/status/508799343134904320	False		1	https://pbs.twimg.com/media/Bw-eTmCCMAAJgtj.jpg							[]				
508798987147571200	508798987147571200	2014-09-08 11:08:26 KST	2014-09-08	11:08:26	+0900	17638367	travismills	Travis Mills		Hey @AmericanAir #noACinmyplane #hotterthanhell 🔥🔥🔥  http://t.co/JUBodhoi6h	und	[{'screen_name': 'americanair', 'name': 'americanair', 'id': '22536055'}]	[]	['https://pbs.twimg.com/media/Bw-d-3nCUAEsX6J.jpg']	179	628	1321	['noacinmyplane', 'hotterthanhell']	[]	https://twitter.com/travismills/status/508798987147571200	False		1	https://pbs.twimg.com/media/Bw-d-3nCUAEsX6J.jpg							[]				
508797246368780288	508797246368780288	2014-09-08 11:01:31 KST	2014-09-08	11:01:31	+0900	17638367	travismills	Travis Mills		Trying to open the window for fresh air @AmericanAir #noACinmyplane #hotterthanhell  http://t.co/ydR6icyBfI	en	[{'screen_name': 'americanair', 'name': 'americanair', 'id': '22536055'}]	[]	['https://pbs.twimg.com/media/Bw-cZgYCQAAnks8.jpg']	75	312	806	['noacinmyplane', 'hotterthanhell']	[]	https://twitter.com/travismills/status/508797246368780288	False		1	https://pbs.twimg.com/media/Bw-cZgYCQAAnks8.jpg							[]				
508796636777029632	508796636777029632	2014-09-08 10:59:05 KST	2014-09-08	10:59:05	+0900	17638367	travismills	Travis Mills		Dear @AmericanAir can you please have my flight attendant blow on me? 😚#hopeitsagirl #noACinmyplane #hotterthanhell	en	[{'screen_name': 'americanair', 'name': 'americanair', 'id': '22536055'}]	[]	[]	50	112	390	['hopeitsagirl', 'noacinmyplane', 'hotterthanhell']	[]	https://twitter.com/travismills/status/508796636777029632	False		0								[]				
508795897400918016	508795897400918016	2014-09-08 10:56:09 KST	2014-09-08	10:56:09	+0900	17638367	travismills	Travis Mills		So I'm on this @AmericanAir airplane and the AIR conditioning isn't working... Ironic. Does this flight come w a shower?	en	[{'screen_name': 'americanair', 'name': 'americanair', 'id': '22536055'}]	[]	[]	25	102	334	[]	[]	https://twitter.com/travismills/status/508795897400918016	False		0								[]				
508795445867319296	508795445867319296	2014-09-08 10:54:21 KST	2014-09-08	10:54:21	+0900	17638367	travismills	Travis Mills		@AmericanAir your air conditioning is out of order on this flight... WHAT GIVES?! Will u wipe the sweat off my brow the entire time?	en	[]	[]	[]	6	34	130	[]	[]	https://twitter.com/travismills/status/508795445867319296	False		0								[]				
508477124228157440	508477124228157440	2014-09-07 13:49:28 KST	2014-09-07	13:49:28	+0900	196516385	garrettrwang	Garrett Wang		Wow, the turbulence is making me ill... #FrequenFlyerProblems #DFWtoHKG @AmericanAir	en	[{'screen_name': 'americanair', 'name': 'americanair', 'id': '22536055'}]	[]	[]	21	3	14	['frequenflyerproblems', 'dfwtohkg']	[]	https://twitter.com/GarrettRWang/status/508477124228157440	False		0								[]				
508331377750974465	508331377750974465	2014-09-07 04:10:19 KST	2014-09-07	04:10:19	+0900	20569690	solzilla	Sol		Damn. Pilot talking hella shit about the ground personal. Where is the unity @AmericanAir?	en	[{'screen_name': 'americanair', 'name': 'americanair', 'id': '22536055'}]	[]	[]	1	0	20	[]	[]	https://twitter.com/Solzilla/status/508331377750974465	False		0								[]				
508312583703891968	508304732897947648	2014-09-07 02:55:38 KST	2014-09-07	02:55:38	+0900	119979022	marcoasolis	Marco Antonio Solís		“@AWC91: Hoy los veo :) @MarcoASolis y @gilbertoSR”//American Airlines Arena//Miami	es	[{'screen_name': 'awc91', 'name': 'abraham williams c.', 'id': '119593316'}, {'screen_name': 'marcoasolis', 'name': 'marco antonio solís', 'id': '119979022'}, {'screen_name': 'gilbertosr', 'name': 'gilberto santa rosa', 'id': '46130880'}]	[]	[]	21	22	50	[]	[]	https://twitter.com/MarcoASolis/status/508312583703891968	False		0								[]				
508246735723192320	508246735723192320	2014-09-06 22:33:59 KST	2014-09-06	22:33:59	+0900	7350962	earthxplorer	JD ANDREWS		Happiness is - an upgrade! Txs @AmericanAir see ya in #Chicago  http://t.co/wKOyPdxddt	en	[{'screen_name': 'americanair', 'name': 'americanair', 'id': '22536055'}]	[]	['https://pbs.twimg.com/media/Bw2ntlQCIAA4Wa-.jpg']	6	2	11	['chicago']	[]	https://twitter.com/earthXplorer/status/508246735723192320	False		1	https://pbs.twimg.com/media/Bw2ntlQCIAA4Wa-.jpg							[]				
508195566099394562	508195566099394562	2014-09-06 19:10:39 KST	2014-09-06	19:10:39	+0900	114609422	daveaauthors	Dave Rublin 🪐🌹		You try sleeping inside a booth at the chilis too for 4 hours. With a little blanket and mini pillow @AmericanAir then we can call it even..	en	[{'screen_name': 'americanair', 'name': 'americanair', 'id': '22536055'}]	[]	[]	0	4	17	[]	[]	https://twitter.com/DaveAAuthors/status/508195566099394562	False		0								[]				
508143168844738560	508143168844738560	2014-09-06 15:42:26 KST	2014-09-06	15:42:26	+0900	114609422	daveaauthors	Dave Rublin 🪐🌹		Real life right now. Thanks American Airlines. Super safe... Super accommodating... #sleepinginchicago  http://t.co/KE6v3OsUBA	en	[]	['http://instagram.com/p/smCn8-qIs_/']	[]	2	7	11	['sleepinginchicago']	[]	https://twitter.com/DaveAAuthors/status/508143168844738560	False		0								[]				
508128246928375808	508128246928375808	2014-09-06 14:43:09 KST	2014-09-06	14:43:09	+0900	72047325	liliestefan	Lili Estefan		Todos bailando el NOA NOA!!!!! Dale Juanga que tu puedesssss #JuanGabriel #Miami #americanAirlines…  http://t.co/AL9YBVZ4TO	es	[]	['http://instagram.com/p/sl71p5CDUV/']	[]	4	14	49	['juangabriel', 'miami', 'americanairlines']	[]	https://twitter.com/LiliEstefan/status/508128246928375808	False		0								[]				
508117889501511680	508117889501511680	2014-09-06 14:01:59 KST	2014-09-06	14:01:59	+0900	2649588536	tommyflanagan	Tommy Flanagan		Maybe even a little too fancy aye @AmericanAir!?! Ahaha #MyNapkinClipsToMyButton #FancyFlanaganFriday  http://t.co/wJSk0AH0Hn	en	[{'screen_name': 'americanair', 'name': 'americanair', 'id': '22536055'}]	[]	['https://pbs.twimg.com/media/Bw0yhvbCIAE-0Mr.jpg']	18	45	243	['mynapkinclipstomybutton', 'fancyflanaganfriday']	[]	https://twitter.com/TommyFlanagan/status/508117889501511680	False		1	https://pbs.twimg.com/media/Bw0yhvbCIAE-0Mr.jpg							[]				
508114656825577473	508114656825577473	2014-09-06 13:49:09 KST	2014-09-06	13:49:09	+0900	2649588536	tommyflanagan	Tommy Flanagan		Had to say that my flight back to LA last week was MUCH more peaceful. My boy Nikolaos @AmericanAirlines hooked us up  http://t.co/RqdsFW1A32	en	[]	[]	['https://pbs.twimg.com/media/Bw0vlm-CEAEObaf.jpg']	13	26	187	[]	[]	https://twitter.com/TommyFlanagan/status/508114656825577473	False		1	https://pbs.twimg.com/media/Bw0vlm-CEAEObaf.jpg							[]				
507916972320129025	507916972320129025	2014-09-06 00:43:37 KST	2014-09-06	00:43:37	+0900	44517705	jonsolomon	Jon Solomon		Why do punk rock guys go out with new wave girls? MT @AmericanAir: Ask a pilot anything. #AskKathi	en	[{'screen_name': 'americanair', 'name': 'americanair', 'id': '22536055'}]	[]	[]	1	3	12	['askkathi']	[]	https://twitter.com/jonsolomon/status/507916972320129025	False		0								[]				
507912384368103424	507912384368103424	2014-09-06 00:25:23 KST	2014-09-06	00:25:23	+0900	81692128	jonwurster	Jon Wurster		"Why won't @TheReplacements play ""Askin' Me Lies"" on this reunion tour? RT @AmericanAir: It’s your chance to ask a pilot anything. #AskKathi."	en	[{'screen_name': 'thereplacements', 'name': 'the replacements', 'id': '1511523452'}, {'screen_name': 'americanair', 'name': 'americanair', 'id': '22536055'}]	[]	[]	4	13	53	['askkathi']	[]	https://twitter.com/jonwurster/status/507912384368103424	False		0								[]				
507669180791783424	507669180791783424	2014-09-05 08:18:59 KST	2014-09-05	08:18:59	+0900	33852340	tieks	Tieks		Win a $200 @Tieks GC, a stay @TerraneaResort &amp; 2 @AmericanAir flights! Enter here:  http://t.co/lDYwz1wOqj. Ends 9/12  http://t.co/qDYVVuDkBM	en	[{'screen_name': 'tieks', 'name': 'tieks', 'id': '33852340'}, {'screen_name': 'terranearesort', 'name': 'terranea resort', 'id': '36104410'}, {'screen_name': 'americanair', 'name': 'americanair', 'id': '22536055'}]	['http://tieks.com/tieksxterranea']	['https://pbs.twimg.com/media/BwuabeQCcAIWSKy.png']	3	7	20	[]	[]	https://twitter.com/tieks/status/507669180791783424	False		1	https://pbs.twimg.com/media/BwuabeQCcAIWSKy.png							[]				
507184575689523201	507184575689523201	2014-09-04 00:13:20 KST	2014-09-04	00:13:20	+0900	15425377	airbus	Airbus		"""@AmericanAir 43: The number of new @Airbus A321 aircraft we expect to take delivery of this year. #NowArriving  http://t.co/Tz2dQazfGz"""	en	[{'screen_name': 'americanair', 'name': 'americanair', 'id': '22536055'}, {'screen_name': 'airbus', 'name': 'airbus', 'id': '15425377'}]	[]	['https://pbs.twimg.com/media/Bwne5W6CQAI-FaD.jpg']	2	43	47	['nowarriving']	[]	https://twitter.com/Airbus/status/507184575689523201	False		1	https://pbs.twimg.com/media/Bwne5W6CQAI-FaD.jpg							[]				
507176819984846848	507176819984846848	2014-09-03 23:42:31 KST	2014-09-03	23:42:31	+0900	14277276	techstars	Techstars		Big thanks to our global sponsors: @AmericanAir @CooleyLLP @Mastercard @SendGrid @MSFTventures @SoftLayer @SVB_Financial #tsdemoday	en	[{'screen_name': 'americanair', 'name': 'americanair', 'id': '22536055'}, {'screen_name': 'cooleyllp', 'name': 'cooley llp', 'id': '119120977'}, {'screen_name': 'mastercard', 'name': 'mastercard', 'id': '75014376'}, {'screen_name': 'sendgrid', 'name': 'sendgrid', 'id': '42126617'}, {'screen_name': 'msftventures', 'name': 'microsoft ventures', 'id': '737996544083787776'}, {'screen_name': 'svb_financial', 'name': 'silicon valley bank', 'id': '17396865'}]	[]	[]	1	4	10	['tsdemoday']	[]	https://twitter.com/techstars/status/507176819984846848	False		0								[]				
507088015223951360	507088015223951360	2014-09-03 17:49:38 KST	2014-09-03	17:49:38	+0900	18807671	v_and_a	V&A		Getting ready for the #Horst #Pressview  Partners: @AmericanAir @bicestervillage @KildareVillage V&amp;A American Friends  http://t.co/sXOWMLwHHA	en	[{'screen_name': 'americanair', 'name': 'americanair', 'id': '22536055'}, {'screen_name': 'bicestervillage', 'name': 'bicester village', 'id': '33530791'}, {'screen_name': 'kildarevillage', 'name': '@kildarevillage', 'id': '50307565'}]	[]	['https://pbs.twimg.com/media/BwmJ3NgIcAADguW.jpg']	2	27	43	['horst', 'pressview']	[]	https://twitter.com/V_and_A/status/507088015223951360	False		1	https://pbs.twimg.com/media/BwmJ3NgIcAADguW.jpg							[]				
506982141037539328	506982141037539328	2014-09-03 10:48:56 KST	2014-09-03	10:48:56	+0900	40113236	airlinereporter	Airline Reporter		Dash 8 in new @AmericanAir livery. What do u think about those engines?  http://t.co/ZWUJLozRxm via @AirlineUSA / @AirlineFlyer	en	[{'screen_name': 'americanair', 'name': 'americanair', 'id': '22536055'}, {'screen_name': 'airlineusa', 'name': 'american fleet site', 'id': '1136259300'}, {'screen_name': 'airlineflyer', 'name': 'jason rabinowitz', 'id': '58913244'}]	[]	['https://pbs.twimg.com/media/BwkMPbOCEAA-AIO.jpg']	12	11	16	[]	[]	https://twitter.com/AirlineReporter/status/506982141037539328	False		1	https://pbs.twimg.com/media/BwkMPbOCEAA-AIO.jpg							[]				
506968833555709952	506968833555709952	2014-09-03 09:56:03 KST	2014-09-03	09:56:03	+0900	36117822	bishopjakes	T.D. Jakes		We appreciate our #WTAL Corporate Sponsor @AmericanAir, thank you for partnering with us!  http://t.co/HaeMjkYQHr	en	[{'screen_name': 'americanair', 'name': 'americanair', 'id': '22536055'}]	[]	['https://pbs.twimg.com/media/Bwkdd5SIQAA3y9S.jpg']	2	35	58	['wtal']	[]	https://twitter.com/BishopJakes/status/506968833555709952	False		1	https://pbs.twimg.com/media/Bwkdd5SIQAA3y9S.jpg							[]				
506939593493872640	506939593493872640	2014-09-03 07:59:52 KST	2014-09-03	07:59:52	+0900	40113236	airlinereporter	Airline Reporter		View from the @AmericanAir Admiral's Club (H/K) at @fly2ohare is… Incredible! Nice mix of old and new, too. ^JLJ  http://t.co/glC1Jh5gek	en	"[{'screen_name': 'americanair', 'name': 'americanair', 'id': '22536055'}, {'screen_name': 'fly2ohare', 'name': ""o'hare intl. airport"", 'id': '415683367'}]"	[]	['https://pbs.twimg.com/media/BwkC36QCMAExKSe.jpg']	0	6	16	[]	[]	https://twitter.com/AirlineReporter/status/506939593493872640	False		1	https://pbs.twimg.com/media/BwkC36QCMAExKSe.jpg							[]				
506633600474038272	506633600474038272	2014-09-02 11:43:57 KST	2014-09-02	11:43:57	+0900	18174031	scottgordonnbc5	ScottGordonNBC5	{'type': 'Point', 'coordinates': [32.89725899, -97.04369891]}	LIVE AT 10: @AmericanAir flight 2448 from LAX-DFW turned back after windshield cracked. Pic by Glenn Kagan. @NBCDFW  http://t.co/wcjc1alGoW	en	[{'screen_name': 'americanair', 'name': 'americanair', 'id': '22536055'}, {'screen_name': 'nbcdfw', 'name': 'nbc dfw', 'id': '15933690'}]	[]	['https://pbs.twimg.com/media/BwfskwfCcAAc-1R.jpg']	2	20	9	[]	[]	https://twitter.com/ScottGordonNBC5/status/506633600474038272	False		1	https://pbs.twimg.com/media/BwfskwfCcAAc-1R.jpg							[]				
506553995108696064	506553995108696064	2014-09-02 06:27:38 KST	2014-09-02	06:27:38	+0900	16374678	abc7	ABC7 Eyewitness News		American Airlines flight from LAX to Dallas-Fort Worth safely returns to LAX after windshield cracks following take-off	en	[]	[]	[]	2	30	26	[]	[]	https://twitter.com/ABC7/status/506553995108696064	False		0								[]				
506457256154898432	506457256154898432	2014-09-02 00:03:14 KST	2014-09-02	00:03:14	+0900	20823928	heathrowairport	Heathrow Airport		Captured by the BA hanger at #Heathrow, One World sisters @British_Airways and @AmericanAir taken by @FOHeming  http://t.co/p99lw14BA7	en	[{'screen_name': 'british_airways', 'name': 'british airways', 'id': '18332190'}, {'screen_name': 'americanair', 'name': 'americanair', 'id': '22536055'}, {'screen_name': 'foheming', 'name': 'henry heming', 'id': '96434688'}]	[]	['https://pbs.twimg.com/media/BwdMMILCQAArCB3.jpg']	4	54	86	['heathrow']	[]	https://twitter.com/HeathrowAirport/status/506457256154898432	False		1	https://pbs.twimg.com/media/BwdMMILCQAArCB3.jpg							[]				
506456450521001984	506456450521001984	2014-09-02 00:00:01 KST	2014-09-02	00:00:01	+0900	15615783	startelegram	Fort Worth Star-Telegram		.@AmericanAir has appointed its 1st female chief pilot at @DFWAirport  http://t.co/plbJ57bJ75 #TarrantBiz  http://t.co/fv8ZwBQhpN	en	[{'screen_name': 'americanair', 'name': 'americanair', 'id': '22536055'}, {'screen_name': 'dfwairport', 'name': 'dfw airport', 'id': '34605824'}]	['http://bit.ly/1u4jlyr']	['https://pbs.twimg.com/media/BwdLdQtIYAArGhz.jpg']	0	8	12	['tarrantbiz']	[]	https://twitter.com/startelegram/status/506456450521001984	False		1	https://pbs.twimg.com/media/BwdLdQtIYAArGhz.jpg							[]				
506238713098412032	506238713098412032	2014-09-01 09:34:49 KST	2014-09-01	09:34:49	+0900	16827333	souljaboy	Soulja Boy		@AmericanAir hello.	en	[]	[]	[]	8	57	83	[]	[]	https://twitter.com/souljaboy/status/506238713098412032	False		0								[]				
