id	conversation_id	created_at	date	time	timezone	user_id	username	name	place	tweet	language	mentions	urls	photos	replies_count	retweets_count	likes_count	hashtags	cashtags	link	retweet	quote_url	video	thumbnail	near	geo	source	user_rt_id	user_rt	retweet_id	reply_to	retweet_date	translate	trans_src	trans_dest
429013966308651008	429013966308651008	2014-01-31 07:11:14 KST	2014-01-31	07:11:14	+0900	20068679	marclamonthill	Marc Lamont Hill		WOW. My ipad was recovered and the folks at @AmericanAir said I can pick it up in the morning at the airport. This makes me happy! :-)	en	[{'screen_name': 'americanair', 'name': 'americanair', 'id': '22536055'}]	[]	[]	8	1	13	[]	[]	https://twitter.com/marclamonthill/status/429013966308651008	False		0								[]				
428953106458890240	428953106458890240	2014-01-31 03:09:24 KST	2014-01-31	03:09:24	+0900	20402945	cnbc	CNBC		BREAKING: Southwest Airlines wins 54 slots at Reagan National Airport; slots are among those divested by American Airlines. $LUV	en	[]	[]	[]	1	45	21	[]	['luv']	https://twitter.com/CNBC/status/428953106458890240	False		0								[]				
428926569239695360	428926569239695360	2014-01-31 01:23:57 KST	2014-01-31	01:23:57	+0900	34605824	dfwairport	DFW Airport		.@AmericanAir has released the flight schedule for #DFW's Shanghai route. Service to Shanghai &amp; Hong Kong begins 6/11  http://t.co/btmlCKOmkV	en	[{'screen_name': 'americanair', 'name': 'americanair', 'id': '22536055'}]	['http://on.wsj.com/1baikcZ']	[]	1	21	20	['dfw']	[]	https://twitter.com/DFWAirport/status/428926569239695360	False		0								[]				
428685233769418752	428682292337606656	2014-01-30 09:24:58 KST	2014-01-30	09:24:58	+0900	299926319	tjwilson	TJ Wilson		“@AmericanAir: Tyson, we're sorry. We're been in contact with Nattie via DM  DM doesn't make my bag and it's contents magically appear	en	[{'screen_name': 'americanair', 'name': 'americanair', 'id': '22536055'}]	[]	[]	16	34	56	[]	[]	https://twitter.com/TJWilson/status/428685233769418752	False		0								[]				
428685000221794304	428685000221794304	2014-01-30 09:24:03 KST	2014-01-30	09:24:03	+0900	21254264	sportsnation	SportsNation		The 12 actual Heat fans that are at American Airlines Arena right now have gotta be stoked about this huge lead.	en	[]	[]	[]	73	714	695	[]	[]	https://twitter.com/SportsNation/status/428685000221794304	False		0								[]				
428682292337606656	428682292337606656	2014-01-30 09:13:17 KST	2014-01-30	09:13:17	+0900	299926319	tjwilson	TJ Wilson		If you can avoid American Airlines please do	en	[]	[]	[]	34	32	60	[]	[]	https://twitter.com/TJWilson/status/428682292337606656	False		0								[]				
428681914284007424	428681914284007424	2014-01-30 09:11:47 KST	2014-01-30	09:11:47	+0900	89014429	natbynature	Nattie		I can't believe @AmericanAir has no idea where my bag is. Eight hours later, it's untraceable. I'm beyond disappointed.	en	[{'screen_name': 'americanair', 'name': 'americanair', 'id': '22536055'}]	[]	[]	62	36	75	[]	[]	https://twitter.com/NatbyNature/status/428681914284007424	False		0								[]				
428585468226449409	428585468226449409	2014-01-30 02:48:33 KST	2014-01-30	02:48:33	+0900	89014429	natbynature	Nattie		Hoping @AmericanAir gets my luggage to me soon! Not impressed at all.	en	[{'screen_name': 'americanair', 'name': 'americanair', 'id': '22536055'}]	[]	[]	19	14	33	[]	[]	https://twitter.com/NatbyNature/status/428585468226449409	False		0								[]				
428292779199197184	428292779199197184	2014-01-29 07:25:30 KST	2014-01-29	07:25:30	+0900	199040388	matthunter123	matt hunter.		Miami Hunters! I land at Miami International Airport at 8:35pm! American Airlines FLT:231.  Come say hi!	en	[]	[]	[]	346	749	958	[]	[]	https://twitter.com/matthunter123/status/428292779199197184	False		0								[]				
428241333502095361	428241333502095361	2014-01-29 04:01:04 KST	2014-01-29	04:01:04	+0900	91478624	forbes	Forbes		Post-merger, American Airlines group reports stronger than expected combined earnings  http://t.co/PBCDcc68oy	en	[]	['http://onforb.es/1cpJLDZ']	[]	0	16	18	[]	[]	https://twitter.com/Forbes/status/428241333502095361	False		0								[]				
428052094428647424	428052094428647424	2014-01-28 15:29:06 KST	2014-01-28	15:29:06	+0900	16589148	nomadicmatt	Nomadic Matt		"To skip the American Airlines phone tree of insanity, press ""0"" four times and you'll be connected to an actual person."	en	[]	[]	[]	3	10	24	[]	[]	https://twitter.com/nomadicmatt/status/428052094428647424	False		0								[]				
428015249564774400	428015249564774400	2014-01-28 13:02:42 KST	2014-01-28	13:02:42	+0900	45316175	davemustaine	Dave Mustaine		A GI on our plane was bringing home a fallen soldier to his family. @AmericanAir had us stay seated so the GI could exit 1st. Proud of AA.	en	[{'screen_name': 'americanair', 'name': 'americanair', 'id': '22536055'}]	[]	[]	31	167	275	[]	[]	https://twitter.com/DaveMustaine/status/428015249564774400	False		0								[]				
427815227791396864	427815227791396864	2014-01-27 23:47:53 KST	2014-01-27	23:47:53	+0900	10937622	airfarewatchdog	airfarewatchdog		Travel this week! #LAX to #Shanghai #PVG $585 round-trip, nonstop, on @AmericanAir  http://t.co/Zv63W5ozJU  http://t.co/89L5ocIQ8D	en	[{'screen_name': 'americanair', 'name': 'americanair', 'id': '22536055'}]	['http://bit.ly/1hEnbYg']	['https://pbs.twimg.com/media/Be_nrtpCUAErpQV.png']	2	20	11	['lax', 'shanghai', 'pvg']	[]	https://twitter.com/airfarewatchdog/status/427815227791396864	False		1	https://pbs.twimg.com/media/Be_nrtpCUAErpQV.png							[]				
427563247584030720	427563247584030720	2014-01-27 07:06:36 KST	2014-01-27	07:06:36	+0900	44441179	cashcash	Cash Cash		Just landed in LA and @AmericanAir is playing a piano version of @Avicii Wake Me Up over the planes PA	en	[{'screen_name': 'americanair', 'name': 'americanair', 'id': '22536055'}, {'screen_name': 'avicii', 'name': 'tim bergling', 'id': '27476141'}]	[]	[]	1	6	22	[]	[]	https://twitter.com/cashcash/status/427563247584030720	False		0								[]				
427407729817186304	427407729817186304	2014-01-26 20:48:38 KST	2014-01-26	20:48:38	+0900	88890284	marcobelinelli	Marco Belinelli		Heat VS Spurs tonight: 12:00 pm cst @ American Airlines Arena – Miami, Florida &gt;  http://t.co/XuRJjGcNDN preview (...  http://t.co/w8JtR6MOud	en	[]	['http://NBA.com', 'http://bit.ly/1n0Ipna']	[]	4	14	20	[]	[]	https://twitter.com/marcobelinelli/status/427407729817186304	False		0								[]				
427131918123933696	427131918123933696	2014-01-26 02:32:39 KST	2014-01-26	02:32:39	+0900	15020865	penguins	Pittsburgh Penguins		All the #Pens healthy players are on the ice at American Airlines Arena. Gibbons (lower-body) joins the team as well.	en	[]	[]	[]	3	24	74	['pens']	[]	https://twitter.com/penguins/status/427131918123933696	False		0								[]				
426871868545835008	426871868545835008	2014-01-25 09:19:19 KST	2014-01-25	09:19:19	+0900	252621803	morrisonseth	Seth Morrison		Dallas, TX. American Airlines Center. Let's do this! #roadshow14  http://t.co/4HjHycQYmN	en	[]	['http://instagram.com/p/jkhxz6HCyb/']	[]	7	11	18	['roadshow14']	[]	https://twitter.com/MorrisonSeth/status/426871868545835008	False		0								[]				
426803242811801600	426803242811801600	2014-01-25 04:46:37 KST	2014-01-25	04:46:37	+0900	53925101	smexaminer	Social Media Examiner		5 Creative Ways to Use LinkedIn Company Pages - Examples from American Airlines and more  http://t.co/CvoFwOFRs3 by @StephSammons #Marketing	en	[{'screen_name': 'stephsammons', 'name': 'stephanie sammons cfp®', 'id': '17478529'}]	['http://bit.ly/ZirCwE']	[]	1	17	12	['marketing']	[]	https://twitter.com/SMExaminer/status/426803242811801600	False		0								[]				
426783296471977984	426783296471977984	2014-01-25 03:27:21 KST	2014-01-25	03:27:21	+0900	258583551	bonypertinezh	Bony Pertíñez		Ahora si sienten lo que es estar preso? @la_patilla: American Airlines, United y Copa suspenden venta de boletos en Venezuela	es	[{'screen_name': 'la_patilla', 'name': 'la patilla', 'id': '124172948'}]	[]	[]	26	279	16	[]	[]	https://twitter.com/bonypertinezh/status/426783296471977984	False		0								[]				
426770300135415809	426770300135415809	2014-01-25 02:35:43 KST	2014-01-25	02:35:43	+0900	75883996	albertoravell	Alberto Ravell		American Airlines, United y Copa suspenden venta de boletos en Venezuela  http://t.co/DHS9DGWy8I   	es	[]	['http://patil.la/1dUWeRN']	[]	37	431	16	[]	[]	https://twitter.com/AlbertoRavell/status/426770300135415809	False		0								[]				
426725479811649538	426725479811649538	2014-01-24 23:37:37 KST	2014-01-24	23:37:37	+0900	14614833	passagensaereas	Melhores Destinos		American Airlines tem passagens para o Havaí por 20 mil milhas! Dá para emitir pelo TAM Fidelidade!  http://t.co/sp0uHIad9i	pt	[]	['http://ow.ly/sUBGj']	[]	4	24	13	[]	[]	https://twitter.com/passagensaereas/status/426725479811649538	False		0								[]				
426521581787967490	426521581787967490	2014-01-24 10:07:24 KST	2014-01-24	10:07:24	+0900	191554752	sunhornby	Lance Hornby		"Told my cabbie to go to American Airlines Center. ""I heard the Stars are playing Canada tonight,"" he replies."	en	[]	[]	[]	4	31	18	[]	[]	https://twitter.com/sunhornby/status/426521581787967490	False		0								[]				
426369664537862145	426369664537862145	2014-01-24 00:03:44 KST	2014-01-24	00:03:44	+0900	16302651	eugenemirman	Eugene Mirman		.@AmericanAir is claiming they need to find another pilot because of new laws requiring rest, but I know they ate him.	en	[{'screen_name': 'americanair', 'name': 'americanair', 'id': '22536055'}]	[]	[]	4	11	33	[]	[]	https://twitter.com/EugeneMirman/status/426369664537862145	False		0								[]				
426338378888392704	426338378888392704	2014-01-23 21:59:25 KST	2014-01-23	21:59:25	+0900	483192121	thewookieeroars	Peter Mayhew Foundation		Glad to be flying out to Portland on @AmericanAir. Easily the best service in the industry as far as I'm concerned. #FalconsInTheShop	en	[{'screen_name': 'americanair', 'name': 'americanair', 'id': '22536055'}]	[]	[]	7	4	20	['falconsintheshop']	[]	https://twitter.com/TheWookieeRoars/status/426338378888392704	False		0								[]				
426312705314947072	426312705314947072	2014-01-23 20:17:24 KST	2014-01-23	20:17:24	+0900	362602301	jodiemarsh	Jodie Marsh		....And even when 1st class is empty, you're not allowed to pay for an upgrade!!! You don't want my money? @AmericanAir @TurkishAirlines	en	[{'screen_name': 'americanair', 'name': 'americanair', 'id': '22536055'}, {'screen_name': 'turkishairlines', 'name': 'turkish airlines', 'id': '18909186'}]	[]	[]	15	6	15	[]	[]	https://twitter.com/JodieMarsh/status/426312705314947072	False		0								[]				
426274658019995648	426274658019995648	2014-01-23 17:46:12 KST	2014-01-23	17:46:12	+0900	362602301	jodiemarsh	Jodie Marsh		If you ever travel to the USA I would strongly recommend you do NOT use @AmericanAir as it's one of the worst airlines ever known to man	en	[{'screen_name': 'americanair', 'name': 'americanair', 'id': '22536055'}]	[]	[]	40	17	37	[]	[]	https://twitter.com/JodieMarsh/status/426274658019995648	False		0								[]				
426181407464239104	426181407464239104	2014-01-23 11:35:40 KST	2014-01-23	11:35:40	+0900	31059414	bromco	david bromstad		I'm able to use my cellphone during takeoff!  How fierce is that? Curtesy of @AmericanAir music on airplane mode on!  http://t.co/XuSpTfKyLW	en	[{'screen_name': 'americanair', 'name': 'americanair', 'id': '22536055'}]	[]	['https://pbs.twimg.com/media/BeoZu15IYAA3HiP.jpg']	8	2	16	[]	[]	https://twitter.com/bromco/status/426181407464239104	False		1	https://pbs.twimg.com/media/BeoZu15IYAA3HiP.jpg							[]				
426165786537754624	426165786537754624	2014-01-23 10:33:35 KST	2014-01-23	10:33:35	+0900	14711077	mattmahermusic	Matt Maher		"on an @AmericanAir plane  @Imaginedragons ""radioactive"" playing in the background on what sounds like a kids Wurlitzer #welcometothenewage?"	en	[{'screen_name': 'americanair', 'name': 'americanair', 'id': '22536055'}, {'screen_name': 'imaginedragons', 'name': 'imagine dragons', 'id': '75916180'}]	[]	[]	3	2	25	['welcometothenewage']	[]	https://twitter.com/mattmahermusic/status/426165786537754624	False		0								[]				
426159542942982144	426159542942982144	2014-01-23 10:08:47 KST	2014-01-23	10:08:47	+0900	262905791	wildcub	Wild Cub		"you pay $20 for wifi on @americanairlines and then wait 5 minutes while the ""you're connected!"" page loads."	en	[]	[]	[]	2	1	12	[]	[]	https://twitter.com/wildcub/status/426159542942982144	False		0								[]				
426028056050810880	426028056050810880	2014-01-23 01:26:18 KST	2014-01-23	01:26:18	+0900	15010370	toms	TOMS		Great pic of @geoffstults in his #TOMSmarketplace @KrochetKids hat at #Sundance! via @AmericanAir  http://t.co/xz56jgX0EI	en	[{'screen_name': 'geoffstults', 'name': 'geoff stults', 'id': '106796547'}, {'screen_name': 'krochetkids', 'name': 'krochet kids intl.', 'id': '16957646'}, {'screen_name': 'americanair', 'name': 'americanair', 'id': '22536055'}]	[]	['https://pbs.twimg.com/media/BemOQnoCcAA0HOs.jpg']	1	11	52	['tomsmarketplace', 'sundance']	[]	https://twitter.com/TOMS/status/426028056050810880	False		1	https://pbs.twimg.com/media/BemOQnoCcAA0HOs.jpg							[]				
426017270964289536	426017270964289536	2014-01-23 00:43:27 KST	2014-01-23	00:43:27	+0900	926875862	prideofmexico	Alberto El Patron		Thanks for the email @AmericanAir #GreatCostumerService #problemsolved  Now, please, take me back #home	en	[{'screen_name': 'americanair', 'name': 'americanair', 'id': '22536055'}]	[]	[]	20	19	34	['greatcostumerservice', 'problemsolved', 'home']	[]	https://twitter.com/PrideOfMexico/status/426017270964289536	False		0								[]				
425351288025411585	425351288025411585	2014-01-21 04:37:04 KST	2014-01-21	04:37:04	+0900	236488592	echriqui	Emmanuelle Chriqui		REALLY American airlines? SO dismayed w/ ur customer service. I spent a fortune on my ticket, &amp; almost didnt get on &amp; was treated like shit!	en	[]	[]	[]	23	21	47	[]	[]	https://twitter.com/echriqui/status/425351288025411585	False		0								[]				
424991324123582464	424991324123582464	2014-01-20 04:46:42 KST	2014-01-20	04:46:42	+0900	2290612183	lifeafterten	Ryan Ferguson		My faith is restored in @AmericanAir. They have amazing people working for them such as this gentleman. Thank you!  http://t.co/sZX21417HN	en	[{'screen_name': 'americanair', 'name': 'americanair', 'id': '22536055'}]	[]	['https://pbs.twimg.com/media/BeXfW4KCcAAVoEu.jpg']	3	3	24	[]	[]	https://twitter.com/lifeafterten/status/424991324123582464	False		1	https://pbs.twimg.com/media/BeXfW4KCcAAVoEu.jpg							[]				
424551515953446913	424551515953446913	2014-01-18 23:39:03 KST	2014-01-18	23:39:03	+0900	133484445	amelia__earhart	Amelia Rose Earhart		Thank you @AmericanAir! Your Denver crew rocks! They had a birthday card and even a candle 4 me :) #flywithamelia  http://t.co/QhOTWErjRz	en	[{'screen_name': 'americanair', 'name': 'americanair', 'id': '22536055'}]	[]	['https://pbs.twimg.com/media/BeRPWrCCQAAruJq.jpg']	5	0	13	['flywithamelia']	[]	https://twitter.com/Amelia__Earhart/status/424551515953446913	False		1	https://pbs.twimg.com/media/BeRPWrCCQAAruJq.jpg							[]				
424252381195272192	424252381195272192	2014-01-18 03:50:24 KST	2014-01-18	03:50:24	+0900	34605824	dfwairport	DFW Airport		Awesome photo! #newAmerican RT @avgeek1701: The New @AmericanAir has arrived at @dfwairport Terminal A  http://t.co/H4x2PAfljd	en	[{'screen_name': 'americanair', 'name': 'americanair', 'id': '22536055'}, {'screen_name': 'dfwairport', 'name': 'dfw airport', 'id': '34605824'}]	['https://twitter.com/avgeek1701/status/424249786481401856/photo/1']	[]	4	16	25	['newamerican']	[]	https://twitter.com/DFWAirport/status/424252381195272192	False		0								[]				
424233597558472704	424233597558472704	2014-01-18 02:35:46 KST	2014-01-18	02:35:46	+0900	926875862	prideofmexico	Alberto El Patron		As always @AmericanAir canceling flights for no reason!  #DontCareAboutPeoplesTime  Esta aerolinea siempre cancelando vuelos sin razon	es	[{'screen_name': 'americanair', 'name': 'americanair', 'id': '22536055'}]	[]	[]	36	39	52	['dontcareaboutpeoplestime']	[]	https://twitter.com/PrideOfMexico/status/424233597558472704	False		0								[]				
424017572816621568	424017572816621568	2014-01-17 12:17:21 KST	2014-01-17	12:17:21	+0900	21612784	hackswithhaggs	Joe Haggerty		"Really loud ""Lets Go Bruins"" chant here at the American Airlines Center. That was an impressive display before it was booed down #BruinsTalk"	en	[]	[]	[]	0	4	21	['bruinstalk']	[]	https://twitter.com/HackswithHaggs/status/424017572816621568	False		0								[]				
423944352918798336	423944352918798336	2014-01-17 07:26:24 KST	2014-01-17	07:26:24	+0900	191663909	rachelereilly	Rachel Reilly		Thank you @AmericanAir for making amazing new planes that are comfy &amp; have outlets in every seat!!!  http://t.co/RrGf85tNmF	en	[{'screen_name': 'americanair', 'name': 'americanair', 'id': '22536055'}]	[]	['https://pbs.twimg.com/media/BeInJIeCMAAlpod.jpg']	11	8	58	[]	[]	https://twitter.com/RachelEReilly/status/423944352918798336	False		1	https://pbs.twimg.com/media/BeInJIeCMAAlpod.jpg							[]				
423892139349512193	423892139349512193	2014-01-17 03:58:56 KST	2014-01-17	03:58:56	+0900	44166798	nhlbruins	Boston Bruins		Kevan Miller &amp; Matt Bartkowksi on the ice earlier at American Airlines Center during optional skate ^CS #NHLBruins  http://t.co/Au57xVBDJy	da	[]	[]	['https://pbs.twimg.com/media/BeH3p5PCUAAf7cZ.jpg']	0	16	95	['nhlbruins']	[]	https://twitter.com/NHLBruins/status/423892139349512193	False		1	https://pbs.twimg.com/media/BeH3p5PCUAAf7cZ.jpg							[]				
423578149842984960	423578149842984960	2014-01-16 07:11:15 KST	2014-01-16	07:11:15	+0900	340035311	nowthisisliving	Shannon Beveridge		$200 to change a flight one day, one MONTH in advance?!?! Go fuck yourself American Airlines	en	[]	[]	[]	1	0	11	[]	[]	https://twitter.com/nowthisisliving/status/423578149842984960	False		0								[]				
423540708348162048	423540708348162048	2014-01-16 04:42:28 KST	2014-01-16	04:42:28	+0900	39346451	iraheatbeat	Ira Winderman		Wonder if Heat will have time to put together the tribute? Joel Anthony returns with Celtics next Tuesday at AmericanAirlines Arena.	en	[]	[]	[]	8	16	15	[]	[]	https://twitter.com/IraHeatBeat/status/423540708348162048	False		0								[]				
423530471167782912	423530471167782912	2014-01-16 04:01:47 KST	2014-01-16	04:01:47	+0900	68567635	panasonicna	Panasonic North America		Is 4K coming to airplanes? Watch our #PanasonicCES: In-Flight Entertainment hangout w/@americanair to see:  http://t.co/JD74slXPrC	en	[{'screen_name': 'americanair', 'name': 'americanair', 'id': '22536055'}]	['http://bit.ly/PANIn-flightENT']	[]	3	25	14	['panasonicces']	[]	https://twitter.com/PanasonicNA/status/423530471167782912	False		0								[]				
423514809561137152	423514809561137152	2014-01-16 02:59:33 KST	2014-01-16	02:59:33	+0900	23827857	verz	Jeff Verszyla		"Funny thing is @AmericanAir told me the delay is ""weather related""...maybe that line works on someone other than a meteorologist #BS"	en	[{'screen_name': 'americanair', 'name': 'americanair', 'id': '22536055'}]	[]	[]	3	3	12	['bs']	[]	https://twitter.com/Verz/status/423514809561137152	False		0								[]				
423424989090840576	423424989090840576	2014-01-15 21:02:38 KST	2014-01-15	21:02:38	+0900	270178989	poncecarlos1	Carlos Ponce		Jaja Así me recibe Hildelisa de @AmericanAir en el aeropuerto.  http://t.co/w343KIglbB	es	[{'screen_name': 'americanair', 'name': 'americanair', 'id': '22536055'}]	[]	['https://pbs.twimg.com/media/BeBOyLhIUAAIzSC.jpg']	22	49	95	[]	[]	https://twitter.com/PonceCarlos1/status/423424989090840576	False		1	https://pbs.twimg.com/media/BeBOyLhIUAAIzSC.jpg							[]				
423258173454032896	423258173454032896	2014-01-15 09:59:46 KST	2014-01-15	09:59:46	+0900	21713551	starsinsideedge	Mark Stepneski		Kari Lehtonen leads the Dallas Stars onto the ice at American Airlines Center.	en	[]	[]	[]	0	2	13	[]	[]	https://twitter.com/StarsInsideEdge/status/423258173454032896	False		0								[]				
423231790166200320	423231790166200320	2014-01-15 08:14:56 KST	2014-01-15	08:14:56	+0900	33553702	reallesstroud	Survivorman Les Stroud		@AmericanAirlines - stop bringing me hot chocolate chip cookies!!!  I'm fat enough!!!...i need to do a Survivorman just to lose weight!...L	en	[]	[]	[]	13	8	19	[]	[]	https://twitter.com/reallesstroud/status/423231790166200320	False		0								[]				
423160312980729857	423160312980729857	2014-01-15 03:30:55 KST	2014-01-15	03:30:55	+0900	102435262	bilbobagnall	Charley Bagnall		American Airlines	en	[]	[]	[]	8	5	28	[]	[]	https://twitter.com/bilbobagnall/status/423160312980729857	False		0								[]				
422641644869918720	422641644869918720	2014-01-13 17:09:55 KST	2014-01-13	17:09:55	+0900	34359954	joangrande	Joan Grande	{'type': 'Point', 'coordinates': [33.93197378, -118.41060535]}	I have been flying a lot lately and I have to say that I haven't had very good experiences.. Tonight @AmericanAir you're a mess! Why????	en	[{'screen_name': 'americanair', 'name': 'americanair', 'id': '22536055'}]	[]	[]	57	79	193	[]	[]	https://twitter.com/joangrande/status/422641644869918720	False		0								[]				
422522010590134272	422522010590134272	2014-01-13 09:14:32 KST	2014-01-13	09:14:32	+0900	14782003	marktheshark	Mark Waldrop		Hey @americanair, I’m seat 5F on Flight 1106 &amp; need to watch the Golden Globes. You have 47 minutes! Leggo! 👍  http://t.co/SWmVYqgBg9	en	[{'screen_name': 'americanair', 'name': 'americanair', 'id': '22536055'}]	[]	['https://pbs.twimg.com/media/Bd0Zh6bCYAAnBYS.jpg']	4	5	71	[]	[]	https://twitter.com/marktheshark/status/422522010590134272	False		1	https://pbs.twimg.com/media/Bd0Zh6bCYAAnBYS.jpg							[]				
422495756822405121	422495756822405121	2014-01-13 07:30:12 KST	2014-01-13	07:30:12	+0900	16651754	nyislanders	New York Islanders		The #Isles and Stars are on the ice for warmups at American Airlines Center!	en	[]	[]	[]	2	6	28	['isles']	[]	https://twitter.com/NYIslanders/status/422495756822405121	False		0								[]				
422451481497714688	422451481497714688	2014-01-13 04:34:16 KST	2014-01-13	04:34:16	+0900	613542402	werderedespn	Ed Werder		Thanks for a great playoff weekend, Seattle. See you next week. Can't wait to get off @AmericanAir and see today's #NFLPlayoffs	en	[{'screen_name': 'americanair', 'name': 'americanair', 'id': '22536055'}]	[]	[]	7	3	14	['nflplayoffs']	[]	https://twitter.com/WerderEdESPN/status/422451481497714688	False		0								[]				
422246949916803072	422246949916803072	2014-01-12 15:01:32 KST	2014-01-12	15:01:32	+0900	77888423	omgfacts	OMGFacts		An American Airlines flight from LA to NYC stopped in Kansas City to offload a passenger who wouldn’t stop singing “I Will Always Love You.”	en	[]	[]	[]	29	470	321	[]	[]	https://twitter.com/OMGFacts/status/422246949916803072	False		0								[]				
421741822416011264	421741822416011264	2014-01-11 05:34:20 KST	2014-01-11	05:34:20	+0900	69751644	jamesmaslow	James Maslow		Dear World, The @AmericanAir gate attendant at Dallas Fort Worth could not have been more rude when she just forced …  http://t.co/nXKBR6sB2c	en	[{'screen_name': 'americanair', 'name': 'americanair', 'id': '22536055'}]	['http://www.whosay.com/l/oTI7A3h']	[]	707	2584	2784	[]	[]	https://twitter.com/jamesmaslow/status/421741822416011264	False		0								[]				
421459430862258177	421459430862258177	2014-01-10 10:52:13 KST	2014-01-10	10:52:13	+0900	29767807	willhoge	Will Hoge		it'd b way cooler if @AmericanAir would get a pilot &amp; crew so we could get home to watch ourselves on @LateShow w/ our families. Please?	en	[{'screen_name': 'americanair', 'name': 'americanair', 'id': '22536055'}, {'screen_name': 'lateshow', 'name': 'late show', 'id': '1436539482'}]	[]	[]	6	4	21	[]	[]	https://twitter.com/WillHoge/status/421459430862258177	False		0								[]				
421291367319351298	421291367319351298	2014-01-09 23:44:23 KST	2014-01-09	23:44:23	+0900	340048547	leshcp	Les Gold		Still annoyed with @AmericanAir - cannot get an answer where my bags are! #neverflywiththem	en	[{'screen_name': 'americanair', 'name': 'americanair', 'id': '22536055'}]	[]	[]	19	12	20	['neverflywiththem']	[]	https://twitter.com/lesHCP/status/421291367319351298	False		0								[]				
421031433713774592	421031433713774592	2014-01-09 06:31:30 KST	2014-01-09	06:31:30	+0900	36806802	nateberkus	Nate Berkus		Last time flying @united that's a promise. They oversell and bump you without apology. @AmericanAir I truly miss your stellar service	en	[{'screen_name': 'united', 'name': 'united airlines', 'id': '260907612'}, {'screen_name': 'americanair', 'name': 'americanair', 'id': '22536055'}]	[]	[]	12	12	23	[]	[]	https://twitter.com/NateBerkus/status/421031433713774592	False		0								[]				
421004579703377920	420979263395745792	2014-01-09 04:44:48 KST	2014-01-09	04:44:48	+0900	55161901	joebereta	Joe Bereta		“@ChelseaOverseas: @joebereta @SouthwestAir @Delta @JetBlue @AmericanAir #flyjoefofree”  Love the hashtag!  #flyJoefofree #worthycause	en	[{'screen_name': 'chelseaoverseas', 'name': 'chelsea', 'id': '608540016'}, {'screen_name': 'joebereta', 'name': 'joe bereta', 'id': '55161901'}, {'screen_name': 'southwestair', 'name': 'southwest airlines', 'id': '7212562'}, {'screen_name': 'delta', 'name': 'delta', 'id': '5920532'}, {'screen_name': 'jetblue', 'name': 'jetblue', 'id': '6449282'}, {'screen_name': 'americanair', 'name': 'americanair', 'id': '22536055'}]	[]	[]	5	7	34	['flyjoefofree', 'flyjoefofree', 'worthycause']	[]	https://twitter.com/joebereta/status/421004579703377920	False		0								[]				
420928588565975040	420928588565975040	2014-01-08 23:42:50 KST	2014-01-08	23:42:50	+0900	18217304	globetrotscott	Scott Mayerowitz		Sunrise over New York City this morning, shortly after takeoff from LGA on @americanair  http://t.co/uidkwDaKzT	en	[{'screen_name': 'americanair', 'name': 'americanair', 'id': '22536055'}]	[]	['https://pbs.twimg.com/media/BddwUiwIEAAouum.jpg']	1	5	14	[]	[]	https://twitter.com/GlobeTrotScott/status/420928588565975040	False		1	https://pbs.twimg.com/media/BddwUiwIEAAouum.jpg							[]				
420742465096646656	420742465096646656	2014-01-08 11:23:15 KST	2014-01-08	11:23:15	+0900	79827261	jennawolfe	Jenna Wolfe		To our @AmericanAir flight attendant Maria who took care of us from Dallas to Lubbock tonight... thank you. I love nice people.	en	[{'screen_name': 'americanair', 'name': 'americanair', 'id': '22536055'}]	[]	[]	12	9	57	[]	[]	https://twitter.com/JennaWolfe/status/420742465096646656	False		0								[]				
420720093031456768	420720093031456768	2014-01-08 09:54:21 KST	2014-01-08	09:54:21	+0900	23620920	jenniferstone	Jennifer Stone		"""But Peter, how do we get to Neverland?"" ""Well fly @AmericanAir of course!"" #backinLA"	en	[{'screen_name': 'americanair', 'name': 'americanair', 'id': '22536055'}]	[]	[]	2	5	39	['backinla']	[]	https://twitter.com/jenniferstone/status/420720093031456768	False		0								[]				
420651117299908608	420651117299908608	2014-01-08 05:20:16 KST	2014-01-08	05:20:16	+0900	58913244	airlineflyer	Jason Rabinowitz		The first @AmericanAir @AirbusInTheUS A321T flight has arrived at JFK!  http://t.co/hnXpS18Dmk	en	[{'screen_name': 'americanair', 'name': 'americanair', 'id': '22536055'}, {'screen_name': 'airbusintheus', 'name': 'airbus in the u.s.', 'id': '186514697'}]	[]	['https://pbs.twimg.com/media/BdZz9lHIEAAoX3R.jpg']	2	13	12	[]	[]	https://twitter.com/AirlineFlyer/status/420651117299908608	False		1	https://pbs.twimg.com/media/BdZz9lHIEAAoX3R.jpg							[]				
420607611349000192	420607611349000192	2014-01-08 02:27:23 KST	2014-01-08	02:27:23	+0900	79827261	jennawolfe	Jenna Wolfe		Off to Dallas for @TODAYshow shoot. First time away from @harperestelle  My g'bye speech to her was epic. She was unfazed. @AmericanAir	en	[{'screen_name': 'todayshow', 'name': 'today', 'id': '7744592'}, {'screen_name': 'harperestelle', 'name': 'harper wolfeld-gosk', 'id': '1696500240'}, {'screen_name': 'americanair', 'name': 'americanair', 'id': '22536055'}]	[]	[]	22	6	50	[]	[]	https://twitter.com/JennaWolfe/status/420607611349000192	False		0								[]				
420600514103877632	420600514103877632	2014-01-08 01:59:11 KST	2014-01-08	01:59:11	+0900	18685286	katevoegele	katevoegele		.@AmericanAir i just spent 1.5 hrs holding on the phone only to be immediately transferred once someone picked up- wait time 50 mins. awful.	en	[{'screen_name': 'americanair', 'name': 'americanair', 'id': '22536055'}]	[]	[]	7	4	24	[]	[]	https://twitter.com/katevoegele/status/420600514103877632	False		0								[]				
420539695043719168	420539695043719168	2014-01-07 21:57:31 KST	2014-01-07	21:57:31	+0900	972651	mashable	Mashable		An American Airlines flight made an emergency landing after a camera was found in the bathroom  http://t.co/MRzlwSECJ0	en	[]	['http://on.mash.to/1aDKIne']	[]	3	47	19	[]	[]	https://twitter.com/mashable/status/420539695043719168	False		0								[]				
420371046689439745	420371046689439745	2014-01-07 10:47:22 KST	2014-01-07	10:47:22	+0900	8936082	gawker	Gawker		New York-bound American Airlines flight diverted to Kansas after someone discovered a hidden camera in the bathroom.  http://t.co/R0Bn0LF3HZ	en	[]	['http://gaw.kr/2j8E4vI']	[]	12	44	12	[]	[]	https://twitter.com/Gawker/status/420371046689439745	False		0								[]				
420354151412166656	420354151412166656	2014-01-07 09:40:14 KST	2014-01-07	09:40:14	+0900	37964451	jamespurefoy	James Purefoy		Thank you @AmericanAir once again for the exemplary flight.        Nipply indeed.	en	[{'screen_name': 'americanair', 'name': 'americanair', 'id': '22536055'}]	[]	[]	19	5	39	[]	[]	https://twitter.com/JamesPurefoy/status/420354151412166656	False		0								[]				
420335289396387841	420335289396387841	2014-01-07 08:25:17 KST	2014-01-07	08:25:17	+0900	30261067	cnet	CNET		An American Airlines flight makes an emergency landing after a camera disguised as a flashdrive is found in bathroom  http://t.co/AXnQgJ1qq7	en	[]	['http://cnet.co/1aBtpU4']	[]	2	25	13	[]	[]	https://twitter.com/CNET/status/420335289396387841	False		0								[]				
420331115279560704	420331115279560704	2014-01-07 08:08:41 KST	2014-01-07	08:08:41	+0900	108162334	brunavieira	Bruna Vieira	{'type': 'Point', 'coordinates': [32.91623778, -97.01215831]}	San Diego só amanhã. Por conta dos problemas nos horários da American Airlines, ficaremos em Dallas. O…  http://t.co/xd6zJPl3xP	pt	[]	['http://instagram.com/p/i2GU2BLtmQ/']	[]	5	3	9	[]	[]	https://twitter.com/brunavieira/status/420331115279560704	False		0								[]				
420274121180999680	420274121180999680	2014-01-07 04:22:13 KST	2014-01-07	04:22:13	+0900	81692128	jonwurster	Jon Wurster		Thank you, Sheila. RT @AmericanAir: @jonwurster Jon, we appreciate your feedback and we hope you have a great flight!	en	[{'screen_name': 'americanair', 'name': 'americanair', 'id': '22536055'}, {'screen_name': 'jonwurster', 'name': 'jon wurster', 'id': '81692128'}]	[]	[]	0	0	12	[]	[]	https://twitter.com/jonwurster/status/420274121180999680	False		0								[]				
420245362016661504	420245362016661504	2014-01-07 02:27:56 KST	2014-01-07	02:27:56	+0900	61819832	nameless	Anthony Wheeler ⛈👾		. @AmericanAir My flight has been cancelled and I am trying to contact customer support and I've been on hold for over an hour. Unreal.	en	[{'screen_name': 'americanair', 'name': 'americanair', 'id': '22536055'}]	[]	[]	10	3	18	[]	[]	https://twitter.com/NAMELESS/status/420245362016661504	False		0								[]				
420016541883584512	420016541883584512	2014-01-06 11:18:41 KST	2014-01-06	11:18:41	+0900	22811432	boysnoize	Boys Noize		arrived in Cancun, Mexcio with no bags 😡 thanks @AmericanAir have sent it to snow blizzard NYC instead 😡	en	[{'screen_name': 'americanair', 'name': 'americanair', 'id': '22536055'}]	[]	[]	15	13	42	[]	[]	https://twitter.com/boysnoize/status/420016541883584512	False		0								[]				
420003200373374976	420003200373374976	2014-01-06 10:25:40 KST	2014-01-06	10:25:40	+0900	15012486	cbsnews	CBS News		American Airlines flight makes emergency landing in Kansas City after flash drive found in bathroom  http://t.co/0ycAYyeBAu	en	[]	['http://cbsn.ws/19Wydq1']	[]	37	91	22	[]	[]	https://twitter.com/CBSNews/status/420003200373374976	False		0								[]				
419986436301934592	419986436301934592	2014-01-06 09:19:04 KST	2014-01-06	09:19:04	+0900	84092181	emmittsmith22	Emmitt Smith		On our way back to #Dallas! @AmericanAir @TreasureYou  http://t.co/WWGWhWmlgv	en	[{'screen_name': 'americanair', 'name': 'americanair', 'id': '22536055'}, {'screen_name': 'treasureyou', 'name': 'treasure', 'id': '3811461974'}]	['http://instagram.com/p/izpfjmi3HA/']	[]	6	5	29	['dallas']	[]	https://twitter.com/EmmittSmith22/status/419986436301934592	False		0								[]				
419978426783526912	419978426783526912	2014-01-06 08:47:14 KST	2014-01-06	08:47:14	+0900	20265254	nyknicks	NEW YORK KNICKS		.@carmeloanthony enters American Airlines Center in Dallas. #Knicks - Mavs set for a 7:30 PM tip on @MSGNetworks!  http://t.co/6Y4MY9y2Qh	en	[{'screen_name': 'carmeloanthony', 'name': 'carmelo anthony', 'id': '42384760'}, {'screen_name': 'msgnetworks', 'name': 'msg networks', 'id': '169210555'}]	[]	['https://pbs.twimg.com/media/BdQQJ1XCQAAE7C_.jpg']	13	102	97	['knicks']	[]	https://twitter.com/nyknicks/status/419978426783526912	False		1	https://pbs.twimg.com/media/BdQQJ1XCQAAE7C_.jpg							[]				
419941415980785664	419941415980785664	2014-01-06 06:20:10 KST	2014-01-06	06:20:10	+0900	19242533	jasonmpeterson	trapdraper	{'type': 'Point', 'coordinates': [41.97504101, -87.89992824]}	Ohare @AmericanAir  http://t.co/9Tz4m4R5yx	en	[{'screen_name': 'americanair', 'name': 'americanair', 'id': '22536055'}]	[]	['https://pbs.twimg.com/media/BdPufiYCQAAmwmW.jpg']	7	69	47	[]	[]	https://twitter.com/Jasonmpeterson/status/419941415980785664	False		1	https://pbs.twimg.com/media/BdPufiYCQAAmwmW.jpg							[]				
419851761885904896	419851761885904896	2014-01-06 00:23:55 KST	2014-01-06	00:23:55	+0900	1049300442	danniallen14	Danni Allen		Keeping fingers crossed I can get back to Chicago today &amp; not sleeping in an airport chair! @AmericanAir Please stay safe &amp; warm everyone!	en	[{'screen_name': 'americanair', 'name': 'americanair', 'id': '22536055'}]	[]	[]	6	0	16	[]	[]	https://twitter.com/DanniAllen14/status/419851761885904896	False		0								[]				
419561758504652800	419561758504652800	2014-01-05 05:11:32 KST	2014-01-05	05:11:32	+0900	58913244	airlineflyer	Jason Rabinowitz		Out with the old, in with the new. An @AmericanAir A321 arrived just ahead of the aircraft its replacing, the 767-200  http://t.co/zXw9U9ehzr	en	[{'screen_name': 'americanair', 'name': 'americanair', 'id': '22536055'}]	[]	['https://pbs.twimg.com/media/BdKVMjnCMAEZKOn.jpg']	3	7	12	[]	[]	https://twitter.com/AirlineFlyer/status/419561758504652800	False		1	https://pbs.twimg.com/media/BdKVMjnCMAEZKOn.jpg							[]				
419518350171963392	419518350171963392	2014-01-05 02:19:03 KST	2014-01-05	02:19:03	+0900	76551694	johnnykanetv	Johnny Kane		Dear Indianapolis,  American Airlines just informed me that our flight out tomorrow has already been canceled. Extended stay. Go Chiefs.	en	[]	[]	[]	3	12	13	[]	[]	https://twitter.com/JohnnyKaneTV/status/419518350171963392	False		0								[]				
419488660925726720	419488660925726720	2014-01-05 00:21:05 KST	2014-01-05	00:21:05	+0900	352145373	whattheffacts	What The F*** Facts		American Airlines saved $40,000 in 1987 by taking out an olive from First Class salads.	en	[]	[]	[]	10	260	322	[]	[]	https://twitter.com/WhatTheFFacts/status/419488660925726720	False		0								[]				
419320659110416384	419320659110416384	2014-01-04 13:13:30 KST	2014-01-04	13:13:30	+0900	48488561	thesteinline	Marc Stein		Chris Paul heads out of American Airlines Center with right shoulder in a sling. Full extent of injury, Doc says, won't be known tonight	en	[]	[]	[]	6	38	15	[]	[]	https://twitter.com/TheSteinLine/status/419320659110416384	False		0								[]				
419207314718339072	419207314718339072	2014-01-04 05:43:06 KST	2014-01-04	05:43:06	+0900	81692128	jonwurster	Jon Wurster		All I DO is give!! RT @AmericanAir: @jonwurster We hope to have you to the gate &amp; on your way soon, Jon. Unless you're just in a giving mood	en	[{'screen_name': 'americanair', 'name': 'americanair', 'id': '22536055'}, {'screen_name': 'jonwurster', 'name': 'jon wurster', 'id': '81692128'}]	[]	[]	1	1	9	[]	[]	https://twitter.com/jonwurster/status/419207314718339072	False		0								[]				
419203405035622400	419203405035622400	2014-01-04 05:27:34 KST	2014-01-04	05:27:34	+0900	81692128	jonwurster	Jon Wurster		Hey, @AmericanAir, on LGA runway &amp; I promised everyone a free donut if it takes more than 10 minutes to get to gate. Don't have enuf cash.	en	[{'screen_name': 'americanair', 'name': 'americanair', 'id': '22536055'}]	[]	[]	1	2	11	[]	[]	https://twitter.com/jonwurster/status/419203405035622400	False		0								[]				
419094417287290881	419094417287290881	2014-01-03 22:14:30 KST	2014-01-03	22:14:30	+0900	1049300442	danniallen14	Danni Allen		Could NOT be happier to be at the airport on my way to Miami! @AmericanAir @mama_nik #OrangeBowl #GoTigers  http://t.co/9UWxokyYHB	en	[{'screen_name': 'americanair', 'name': 'americanair', 'id': '22536055'}, {'screen_name': 'mama_nik', 'name': 'nikki allen', 'id': '139749174'}]	[]	['https://pbs.twimg.com/media/BdDsJuSCIAAG7IS.jpg']	6	1	12	['orangebowl', 'gotigers']	[]	https://twitter.com/DanniAllen14/status/419094417287290881	False		1	https://pbs.twimg.com/media/BdDsJuSCIAAG7IS.jpg							[]				
419091637902385152	419091637902385152	2014-01-03 22:03:27 KST	2014-01-03	22:03:27	+0900	28076725	nashoverstreet	Nash Overstreet		Brought a gift back from cayman. Not only did @AmericanAir break it. I sliced my thumb when I unpacked. &amp; it ruined lots of snowboard gear:(	en	[{'screen_name': 'americanair', 'name': 'americanair', 'id': '22536055'}]	[]	[]	9	8	23	[]	[]	https://twitter.com/NASHOVERSTREET/status/419091637902385152	False		0								[]				
418933987143585792	418933987143585792	2014-01-03 11:37:00 KST	2014-01-03	11:37:00	+0900	43952326	mrjoezee	Joe Zee		I'm befriending everyone here at JFK @AmericanAir lounge. They could be my roommates until Saturday. And I don't want to get voted off. ❄️❄️	en	[{'screen_name': 'americanair', 'name': 'americanair', 'id': '22536055'}]	[]	[]	6	9	60	[]	[]	https://twitter.com/mrjoezee/status/418933987143585792	False		0								[]				
418912808219049984	418912808219049984	2014-01-03 10:12:51 KST	2014-01-03	10:12:51	+0900	19678937	canadiensmtl	Canadiens Montréal		On débute l'année au American Airlines Center! / We kick off 2014 at American Airlines Center! #gohabsgo  http://t.co/iWGTRWWtbG	fr	[]	[]	['https://pbs.twimg.com/media/BdBG-ruCUAABvLL.jpg']	4	22	24	['gohabsgo']	[]	https://twitter.com/CanadiensMTL/status/418912808219049984	False		1	https://pbs.twimg.com/media/BdBG-ruCUAABvLL.jpg							[]				
418873481820786688	418872495135932416	2014-01-03 07:36:35 KST	2014-01-03	07:36:35	+0900	218533881	tylereifert	Tyler Eifert		“@RobJob293: Never flying American Airlines ever again.....” Rookie mistake the worst!	en	[{'screen_name': 'robjob293', 'name': 'robby toma', 'id': '193568001'}]	[]	[]	4	3	25	[]	[]	https://twitter.com/tylereifert/status/418873481820786688	False		0								[]				
418851581228875776	418851581228875776	2014-01-03 06:09:33 KST	2014-01-03	06:09:33	+0900	49093871	usaquarium	American Aquarium		What is in Huntsville,AL that is so important to be added to American Airlines No Fly List? Space Camp?	en	[]	[]	[]	2	2	13	[]	[]	https://twitter.com/USAquarium/status/418851581228875776	False		0								[]				
418763230539153408	418763230539153408	2014-01-03 00:18:29 KST	2014-01-03	00:18:29	+0900	14173315	nbcnews	NBC News		American Airlines proactively canceling flights for tonight and tomorrow morning in both NY/Boston area. Passengers can rebook without fee	en	[]	[]	[]	2	104	17	[]	[]	https://twitter.com/NBCNews/status/418763230539153408	False		0								[]				
418741607437840384	418741607437840384	2014-01-02 22:52:33 KST	2014-01-02	22:52:33	+0900	73206956	chefjoseandres	José Andrés		On my way to Vail to cook with Nobu and a short family skiing vacation! Flying from Chicago,@AmericanAir rolling!  http://t.co/Vof49VF1Su	en	[{'screen_name': 'americanair', 'name': 'americanair', 'id': '22536055'}]	[]	['https://pbs.twimg.com/media/Bc-rRfPCUAEgt-G.jpg']	14	6	15	[]	[]	https://twitter.com/chefjoseandres/status/418741607437840384	False		1	https://pbs.twimg.com/media/Bc-rRfPCUAEgt-G.jpg							[]				
418419924080807936	418419924080807936	2014-01-02 01:34:18 KST	2014-01-02	01:34:18	+0900	128956175	therealnimoy	Leonard Nimoy		Finally had a hassle free trip on American Airlines. Leaker found ? LLAP	en	[]	[]	[]	42	24	129	[]	[]	https://twitter.com/TheRealNimoy/status/418419924080807936	False		0								[]				
418284327496323072	418284327496323072	2014-01-01 16:35:29 KST	2014-01-01	16:35:29	+0900	74062442	blumsteinmike	Michael Blumstein		My Moma! Happy New Year! @ American Airlines Arena  http://t.co/ZL5gur6Zcs	en	[]	['http://instagram.com/p/injjfcTA4n/']	[]	9	20	75	[]	[]	https://twitter.com/blumsteinmike/status/418284327496323072	False		0								[]				
418246095589113856	418246095589113856	2014-01-01 14:03:34 KST	2014-01-01	14:03:34	+0900	74062442	blumsteinmike	Michael Blumstein		Happy new year!!! @ American Airlines Arena  http://t.co/zHf3biCkRL	en	[]	['http://instagram.com/p/inSKyszAxe/']	[]	17	49	129	[]	[]	https://twitter.com/blumsteinmike/status/418246095589113856	False		0								[]				
418220371931070464	418220371931070464	2014-01-01 12:21:21 KST	2014-01-01	12:21:21	+0900	74062442	blumsteinmike	Michael Blumstein		In Da House! @ American Airlines Arena  http://t.co/vBSpVHQE0F	en	[]	['http://instagram.com/p/inGeGQzA0g/']	[]	14	33	94	[]	[]	https://twitter.com/blumsteinmike/status/418220371931070464	False		0								[]				
