id	conversation_id	created_at	date	time	timezone	user_id	username	name	place	tweet	language	mentions	urls	photos	replies_count	retweets_count	likes_count	hashtags	cashtags	link	retweet	quote_url	video	thumbnail	near	geo	source	user_rt_id	user_rt	retweet_id	reply_to	retweet_date	translate	trans_src	trans_dest
505843299337641984	505843299337641984	2014-08-31 07:23:35 KST	2014-08-31	07:23:35	+0900	136674424	zomboy	𝐙𝐎𝐌𝐁𝐎𝐘		2 hours later and 2 gate changes later and we are still gettin delays.... Good job @AmericanAir	en	[{'screen_name': 'americanair', 'name': 'americanair', 'id': '22536055'}]	[]	[]	3	9	43	[]	[]	https://twitter.com/Zomboy/status/505843299337641984	False		0								[]				
505821473936658432	505821473936658432	2014-08-31 05:56:51 KST	2014-08-31	05:56:51	+0900	2649588536	tommyflanagan	Tommy Flanagan		Still..haven't..taken..off..At least my @shureinc headphones are dependable. #flyingamericanonthewayhome @AmericanAir  http://t.co/XP9v6HOLHC	en	[{'screen_name': 'shureinc', 'name': 'shureinc ', 'id': '3048228142'}, {'screen_name': 'americanair', 'name': 'americanair', 'id': '22536055'}]	[]	['https://pbs.twimg.com/media/BwUJ8y1CcAALlEY.png']	31	19	112	['flyingamericanonthewayhome']	[]	https://twitter.com/TommyFlanagan/status/505821473936658432	False		1	https://pbs.twimg.com/media/BwUJ8y1CcAALlEY.png							[]				
505811097048207360	505811097048207360	2014-08-31 05:15:37 KST	2014-08-31	05:15:37	+0900	355906128	wendydavis	Wendy Davis		Congrats to the first woman chief pilot at @dfwairport for Fort Worth-based @AmericanAir, Capt. Kathi Durst!  http://t.co/mYBdNP0N5r	en	[{'screen_name': 'dfwairport', 'name': 'dfw airport', 'id': '34605824'}, {'screen_name': 'americanair', 'name': 'americanair', 'id': '22536055'}]	['http://bit.ly/1tkbWNG']	[]	3	48	65	[]	[]	https://twitter.com/wendydavis/status/505811097048207360	False		0								[]				
505795843581300736	505789672585719808	2014-08-31 04:15:01 KST	2014-08-31	04:15:01	+0900	113131366	djdannyavila	DANNY AVILA		.@AmericanAir WEATHER? How about faulty airplanes with broken parts? Who you trying to fool?	en	[{'screen_name': 'americanair', 'name': 'americanair', 'id': '22536055'}]	[]	[]	3	7	19	[]	[]	https://twitter.com/DJDannyAvila/status/505795843581300736	False		0								[]				
505746247379353601	505746063915896832	2014-08-31 00:57:56 KST	2014-08-31	00:57:56	+0900	24291261	kramergirl	Jana Kramer		Aw thank you;) 2706 @Nickscallorn “@AmericanAir: @kramergirl very sorry for the delay. What's your flight number? We'll check the status.”	en	[{'screen_name': 'nickscallorn', 'name': 'nick scallorn', 'id': '124948765'}, {'screen_name': 'americanair', 'name': 'americanair', 'id': '22536055'}, {'screen_name': 'kramergirl', 'name': 'jana kramer', 'id': '24291261'}]	[]	[]	2	1	29	[]	[]	https://twitter.com/kramergirl/status/505746247379353601	False		0								[]				
505594444402655232	505592904724004864	2014-08-30 14:54:43 KST	2014-08-30	14:54:43	+0900	35999306	dudeperfect	Dude Perfect		@AmericanAir all the money you spent on these impressive automated responses could have gone towards a new set of clubs. #GoodbyeGolfEdition	en	[]	[]	[]	5	2	14	['goodbyegolfedition']	[]	https://twitter.com/DudePerfect/status/505594444402655232	False		0								[]				
505592904724004864	505592904724004864	2014-08-30 14:48:36 KST	2014-08-30	14:48:36	+0900	35999306	dudeperfect	Dude Perfect		Please help support the TNNGCBAALH, “Ty Needs New Golf Clubs bc @AmericanAir Lost His” Fund. Our iPhone game is $0.99 &amp; we need about $3k.	en	[{'screen_name': 'americanair', 'name': 'americanair', 'id': '22536055'}]	[]	[]	5	13	67	[]	[]	https://twitter.com/DudePerfect/status/505592904724004864	False		0								[]				
505582357429387264	505582357429387264	2014-08-30 14:06:41 KST	2014-08-30	14:06:41	+0900	35999306	dudeperfect	Dude Perfect		Dear @AmericanAir, we’ve been waiting 3 hours and 15 minutes at baggage claim for our golf clubs. The airport just closed. We hate you.	en	[{'screen_name': 'americanair', 'name': 'americanair', 'id': '22536055'}]	[]	[]	6	15	136	[]	[]	https://twitter.com/DudePerfect/status/505582357429387264	False		0								[]				
505481157455413248	505481157455413248	2014-08-30 07:24:33 KST	2014-08-30	07:24:33	+0900	206475488	jniebs5	jordan niebrugge		Could have drove from Oklahoma to Wisconsin faster than @AmericanAir got me here..	en	[{'screen_name': 'americanair', 'name': 'americanair', 'id': '22536055'}]	[]	[]	1	0	14	[]	[]	https://twitter.com/jniebs5/status/505481157455413248	False		0								[]				
505461220334661632	505461220334661632	2014-08-30 06:05:20 KST	2014-08-30	06:05:20	+0900	97025817	bethstelling	Beth Stelling		Instead of getting home in time for dinner, US Airways/American Airlines planned a cool trip for me to all the airports in Texas!	en	[]	[]	[]	0	3	15	[]	[]	https://twitter.com/BethStelling/status/505461220334661632	False		0								[]				
505432654192193537	505432654192193537	2014-08-30 04:11:49 KST	2014-08-30	04:11:49	+0900	47506568	deandre	DeAndre Jordan 🐺		Tried to give them another chance, but @AmericanAir still sucks!!!	en	[{'screen_name': 'americanair', 'name': 'americanair', 'id': '22536055'}]	[]	[]	17	22	88	[]	[]	https://twitter.com/DeAndre/status/505432654192193537	False		0								[]				
505393400112480256	505393400112480256	2014-08-30 01:35:51 KST	2014-08-30	01:35:51	+0900	174377718	cnntravel	CNN Travel		Airline seat reclining sparks another fight, charges  http://t.co/q8TMxiHels @katiahetter @AmericanAir @united  http://t.co/YdIXU3v71E	en	[{'screen_name': 'katiahetter', 'name': 'katia hetter', 'id': '111745713'}, {'screen_name': 'americanair', 'name': 'americanair', 'id': '22536055'}, {'screen_name': 'united', 'name': 'united airlines', 'id': '260907612'}]	['http://cnn.it/1pQGILN']	['https://pbs.twimg.com/media/BwOEnnOIMAAQvnS.jpg']	15	67	57	[]	[]	https://twitter.com/CNNTravel/status/505393400112480256	False		1	https://pbs.twimg.com/media/BwOEnnOIMAAQvnS.jpg							[]				
505322787335340032	505322787335340032	2014-08-29 20:55:15 KST	2014-08-29	20:55:15	+0900	151252784	sebakatz	Sebastián Katz		Copani vuela por LAN, Kiciloff por American Airlines.  Hacen bien.  Si pueden pagar por algo bueno, ¿ para q usar algo malo ?	es	[]	[]	[]	2	16	14	[]	[]	https://twitter.com/sebakatz/status/505322787335340032	False		0								[]				
505241021509165056	505241021509165056	2014-08-29 15:30:21 KST	2014-08-29	15:30:21	+0900	181572333	chancetherapper	Chance The Rapper		.@AmericanAir thanks for your help today. Always great flying with you guys.	en	[{'screen_name': 'americanair', 'name': 'americanair', 'id': '22536055'}]	[]	[]	17	36	357	[]	[]	https://twitter.com/chancetherapper/status/505241021509165056	False		0								[]				
505117434333134849	505117434333134849	2014-08-29 07:19:15 KST	2014-08-29	07:19:15	+0900	58913244	airlineflyer	Jason Rabinowitz		An @AmericanAir 777-300ER performs an s-turn at 500 feet. Yea, that was cool.  http://t.co/55r6m2CMq1	en	[{'screen_name': 'americanair', 'name': 'americanair', 'id': '22536055'}]	[]	['https://pbs.twimg.com/media/BwKJoU7IUAEY4qK.jpg']	3	1	12	[]	[]	https://twitter.com/AirlineFlyer/status/505117434333134849	False		1	https://pbs.twimg.com/media/BwKJoU7IUAEY4qK.jpg							[]				
505068357260181505	505063932516913155	2014-08-29 04:04:14 KST	2014-08-29	04:04:14	+0900	181572333	chancetherapper	Chance The Rapper		@AmericanAir thanks	en	[]	[]	[]	1	20	93	[]	[]	https://twitter.com/chancetherapper/status/505068357260181505	False		0								[]				
504837966595096576	504837966595096576	2014-08-28 12:48:45 KST	2014-08-28	12:48:45	+0900	224321428	vamp	VAMP 🦇		From the shitiest place on earth thanks to @AmericanAir @AirCanada 😠 To the happiest #Disneyland @Awesomentos 💚  http://t.co/opXlFh5Xsd	en	[{'screen_name': 'americanair', 'name': 'americanair', 'id': '22536055'}, {'screen_name': 'aircanada', 'name': 'air canada', 'id': '54904679'}, {'screen_name': 'awesomentos', 'name': 'bayli', 'id': '525750690'}]	[]	['https://pbs.twimg.com/media/BwGLL7iCMAEdytq.jpg']	5	3	39	['disneyland']	[]	https://twitter.com/Vamp/status/504837966595096576	False		1	https://pbs.twimg.com/media/BwGLL7iCMAEdytq.jpg							[]				
504757821687074816	504757821687074816	2014-08-28 07:30:17 KST	2014-08-28	07:30:17	+0900	17067902	karijobe	Kari Jobe		I wish @AmericanAir wouldn't have merged with Us Airways.. 😩 it's not the same experience.	en	[{'screen_name': 'americanair', 'name': 'americanair', 'id': '22536055'}]	[]	[]	13	12	85	[]	[]	https://twitter.com/karijobe/status/504757821687074816	False		0								[]				
504679464933261312	504679464933261312	2014-08-28 02:18:55 KST	2014-08-28	02:18:55	+0900	24617065	torrancecoombs	Torrance Coombs		Watching @AlyssCampanella try to navigate @AmericanAir's terrible voice recognition phone line. I think she's about to break a window.	en	[{'screen_name': 'alysscampanella', 'name': 'alyssa campanella', 'id': '84405668'}, {'screen_name': 'americanair', 'name': 'americanair', 'id': '22536055'}]	[]	[]	11	34	117	[]	[]	https://twitter.com/torrancecoombs/status/504679464933261312	False		0								[]				
504520593585094656	504518997572726784	2014-08-27 15:47:37 KST	2014-08-27	15:47:37	+0900	150041309	state_champs	State Champs		. @AmericanAir isn't the point of this twitter to provide customer service? Stop giving me with blanket statements and start helping.	en	[{'screen_name': 'americanair', 'name': 'americanair', 'id': '22536055'}]	[]	[]	8	6	54	[]	[]	https://twitter.com/State_Champs/status/504520593585094656	False		0								[]				
504519966654091265	504518997572726784	2014-08-27 15:45:08 KST	2014-08-27	15:45:08	+0900	150041309	state_champs	State Champs		. @AmericanAir just disappointed. You make us check our instruments then lose them on us. Maybe you should revise your carry on policies.	en	[{'screen_name': 'americanair', 'name': 'americanair', 'id': '22536055'}]	[]	[]	4	8	55	[]	[]	https://twitter.com/State_Champs/status/504519966654091265	False		0								[]				
504519376515522560	504518997572726784	2014-08-27 15:42:47 KST	2014-08-27	15:42:47	+0900	150041309	state_champs	State Champs		“@muchpizza: @State_Champs @AmericanAir his new one?!?!?!” Yes, his BRAND NEW one. Hear that, @AmericanAir ??	en	[{'screen_name': 'muchpizza', 'name': 'alyssa 🍂', 'id': '110608976'}, {'screen_name': 'state_champs', 'name': 'state champs', 'id': '150041309'}, {'screen_name': 'americanair', 'name': 'americanair', 'id': '22536055'}, {'screen_name': 'americanair', 'name': 'americanair', 'id': '22536055'}]	[]	[]	3	1	31	[]	[]	https://twitter.com/State_Champs/status/504519376515522560	False		0								[]				
504518997572726784	504518997572726784	2014-08-27 15:41:17 KST	2014-08-27	15:41:17	+0900	150041309	state_champs	State Champs		Hey @AmericanAir, you lost our bass player's bass on our way to New Zealand and we're pissed. Please fix your mistake in a timely fashion.	en	[{'screen_name': 'americanair', 'name': 'americanair', 'id': '22536055'}]	[]	[]	14	24	108	[]	[]	https://twitter.com/State_Champs/status/504518997572726784	False		0								[]				
504493910031626240	504493910031626240	2014-08-27 14:01:35 KST	2014-08-27	14:01:35	+0900	31198537	heartdefensor	Heart Defensor		Crying because @AmericanAir lost my luggage &amp; they can't locate it. They said to wait till tomorrow to see IF the next flight has it. 😭😏	en	[{'screen_name': 'americanair', 'name': 'americanair', 'id': '22536055'}]	[]	[]	20	18	254	[]	[]	https://twitter.com/HEARTDEFENSOR/status/504493910031626240	False		0								[]				
504391924938452993	504391924938452993	2014-08-27 07:16:20 KST	2014-08-27	07:16:20	+0900	31198537	heartdefensor	Heart Defensor		Dear @AmericanAir, please find my luggage that you lost. All my favorite kimonos are in it. 😭	en	[{'screen_name': 'americanair', 'name': 'americanair', 'id': '22536055'}]	[]	[]	14	8	230	[]	[]	https://twitter.com/HEARTDEFENSOR/status/504391924938452993	False		0								[]				
504360490236379136	504360490236379136	2014-08-27 05:11:26 KST	2014-08-27	05:11:26	+0900	380285402	dailymail	Daily Mail US		Frenchman claims he was booted from American Airlines flight because he smelled bad  http://t.co/KxXjP5OMVm	en	[]	['http://dailym.ai/1q2w4kO']	[]	25	22	12	[]	[]	https://twitter.com/DailyMail/status/504360490236379136	False		0								[]				
504138715594518528	504138715594518528	2014-08-26 14:30:10 KST	2014-08-26	14:30:10	+0900	51241574	ap	The Associated Press		Sony network hacked, executive's American Airlines flight diverted after hacker group's tweets suggest bomb on plane:  http://t.co/T35QW6bLHV	en	[]	['http://apne.ws/1rw8H5A']	[]	7	140	60	[]	[]	https://twitter.com/AP/status/504138715594518528	False		0								[]				
504097216454070272	504097216454070272	2014-08-26 11:45:16 KST	2014-08-26	11:45:16	+0900	54341363	jornaloglobo	Jornal O Globo		American Airlines eliminará primeira classe para aumentar número de assentos.  http://t.co/f7FbU0VRU5  http://t.co/T80NwFcevF	pt	[]	['http://glo.bo/1APdHTX']	['https://pbs.twimg.com/media/Bv7kz5gCEAAWbyv.jpg']	4	59	64	[]	[]	https://twitter.com/JornalOGlobo/status/504097216454070272	False		1	https://pbs.twimg.com/media/Bv7kz5gCEAAWbyv.jpg							[]				
504033023189585921	504033023189585921	2014-08-26 07:30:11 KST	2014-08-26	07:30:11	+0900	51241574	ap	The Associated Press		Sony's PlayStation Network hacked, executive's American Airlines flight diverted after hacker group's tweets  http://t.co/J4Y3q3covx	en	[]	['http://apne.ws/1qHoR5P']	[]	9	105	30	[]	[]	https://twitter.com/AP/status/504033023189585921	False		0								[]				
504027963336060928	503978579093626880	2014-08-26 07:10:05 KST	2014-08-26	07:10:05	+0900	50352671	samueltsui	Sam Tsui		@JoelManduke @AmericanAir @airberlin yay!!!!!	und	[{'screen_name': 'americanair', 'name': 'americanair', 'id': '22536055'}, {'screen_name': 'airberlin', 'name': 'airberlin', 'id': '26223583'}]	[]	[]	0	2	24	[]	[]	https://twitter.com/SamuelTsui/status/504027963336060928	False		0								[]				
504004284359639041	504004284359639041	2014-08-26 05:36:00 KST	2014-08-26	05:36:00	+0900	14614833	passagensaereas	Melhores Destinos		American Airlines vende passagens para seus novos voos de Campinas a Miami e Nova York  http://t.co/DW8MBMFKIT	pt	[]	['http://ow.ly/AHPLG']	[]	1	8	17	[]	[]	https://twitter.com/passagensaereas/status/504004284359639041	False		0								[]				
503977206583148545	503977206583148545	2014-08-26 03:48:24 KST	2014-08-26	03:48:24	+0900	14614833	passagensaereas	Melhores Destinos		American Airlines entra na briga: passagens para Washington por R$ 1.535 ida e volta saindo de 17 cidades!  http://t.co/kgL1WasRLa	pt	[]	['http://ow.ly/AHzRh']	[]	0	11	7	[]	[]	https://twitter.com/passagensaereas/status/503977206583148545	False		0								[]				
503973149814562816	503973149814562816	2014-08-26 03:32:16 KST	2014-08-26	03:32:16	+0900	172251288	scottgandhi	Scott Lussier		US Airways in bold font. Operated by American Airlines in small text. Thanks. GOD	en	[]	[]	[]	3	2	25	[]	[]	https://twitter.com/ScottGandhi/status/503973149814562816	False		0								[]				
503867239955963904	503867239955963904	2014-08-25 20:31:26 KST	2014-08-25	20:31:26	+0900	17953972	bertkreischer	bert kreischer		Yo @AmericanAir ... My flight attendant Debbie is killin' it this morning on my flight from RIC to DFW. #grateful	en	[{'screen_name': 'americanair', 'name': 'americanair', 'id': '22536055'}]	[]	[]	6	4	16	['grateful']	[]	https://twitter.com/bertkreischer/status/503867239955963904	False		0								[]				
503744566814453762	503744566814453762	2014-08-25 12:23:58 KST	2014-08-25	12:23:58	+0900	100731315	actualidadrt	RT en Español		El FBI desvía un avión de American Airlines y lo obliga a aterrizar por motivos de seguridad  http://t.co/UNnF159nfC	es	[]	['http://es.rt.com/zXD']	[]	2	59	21	[]	[]	https://twitter.com/ActualidadRT/status/503744566814453762	False		0								[]				
503725603942838272	503725603942838272	2014-08-25 11:08:37 KST	2014-08-25	11:08:37	+0900	19715003	josecanseco	Jose Canseco		Don't fly American Airlines .what a bunch of a holes	en	[]	[]	[]	33	70	98	[]	[]	https://twitter.com/JoseCanseco/status/503725603942838272	False		0								[]				
503704615313874944	503704615313874944	2014-08-25 09:45:13 KST	2014-08-25	09:45:13	+0900	1367531	foxnews	Fox News		American Airlines flight diverted to Phoenix:  http://t.co/n3mc8Ispa3	en	[]	['http://fxn.ws/1sm8uh9']	[]	9	51	55	[]	[]	https://twitter.com/FoxNews/status/503704615313874944	False		0								[]				
503666238493437952	503666238493437952	2014-08-25 07:12:43 KST	2014-08-25	07:12:43	+0900	29143283	j_smedley	John Smedley		@Americanair thanks to American. They handled it very well	en	[]	[]	[]	16	13	34	[]	[]	https://twitter.com/j_smedley/status/503666238493437952	False		0								[]				
503639785609904131	503639785609904131	2014-08-25 05:27:36 KST	2014-08-25	05:27:36	+0900	537478538	wfaasandra	Sandra Turner		#BREAKING @AmericanAir confirms #Flight362 from DFW diverted due to security threat - 185 people on board - all passengers now deplaned.	en	[{'screen_name': 'americanair', 'name': 'americanair', 'id': '22536055'}]	[]	[]	9	87	39	['breaking', 'flight362']	[]	https://twitter.com/wfaasandra/status/503639785609904131	False		0								[]				
503618888962015232	503618888962015232	2014-08-25 04:04:34 KST	2014-08-25	04:04:34	+0900	29143283	j_smedley	John Smedley		I hate American Airlines	en	[]	[]	[]	53	64	101	[]	[]	https://twitter.com/j_smedley/status/503618888962015232	False		0								[]				
503603988248670208	503603988248670208	2014-08-25 03:05:21 KST	2014-08-25	03:05:21	+0900	34713362	business	Bloomberg		American Airlines removes first-class cabins from most international flights:  http://t.co/y3Gho4ZZC5  http://t.co/1oEy3fxrZb	en	[]	['http://bloom.bg/XD4Y9o']	['https://pbs.twimg.com/media/Bv0pKKLIMAAAeEY.jpg']	13	201	87	[]	[]	https://twitter.com/business/status/503603988248670208	False		1	https://pbs.twimg.com/media/Bv0pKKLIMAAAeEY.jpg							[]				
503569976452591616	503569976452591616	2014-08-25 00:50:12 KST	2014-08-25	00:50:12	+0900	339504540	djproject46	Project 46		Airline of the year award goes to @AmericanAir  .... I have a life thearting allergy... their response, suck it up!	en	[{'screen_name': 'americanair', 'name': 'americanair', 'id': '22536055'}]	[]	[]	2	6	14	[]	[]	https://twitter.com/DJProject46/status/503569976452591616	False		0								[]				
503323840567468033	503323840567468033	2014-08-24 08:32:09 KST	2014-08-24	08:32:09	+0900	15438420	chrisaugust	Chris August		Showed up to @IStillDoEvent w/ no bag/clothes cause @AmericanAir &amp; @davidnasser saved the day and let me borrow his  http://t.co/m3HrcSBJuZ	en	[{'screen_name': 'istilldoevent', 'name': 'i still do', 'id': '2194706551'}, {'screen_name': 'americanair', 'name': 'americanair', 'id': '22536055'}, {'screen_name': 'davidnasser', 'name': 'david nasser', 'id': '51052623'}]	[]	['https://pbs.twimg.com/media/BvwqXW-CAAAIn_G.jpg']	8	4	46	[]	[]	https://twitter.com/ChrisAugust/status/503323840567468033	False		1	https://pbs.twimg.com/media/BvwqXW-CAAAIn_G.jpg							[]				
503255524016926720	503255524016926720	2014-08-24 04:00:41 KST	2014-08-24	04:00:41	+0900	369157881	lonely_biscuits	The Lonely Biscuits		Hey @AmericanAir you suck.	en	[{'screen_name': 'americanair', 'name': 'americanair', 'id': '22536055'}]	[]	[]	2	2	24	[]	[]	https://twitter.com/Lonely_Biscuits/status/503255524016926720	False		0								[]				
503026780111122432	503019465999515650	2014-08-23 12:51:44 KST	2014-08-23	12:51:44	+0900	24165761	michaelskolnik	Michael Skolnik		.@AmericanAir Never in my life have I've filed complaint with a company. After what I saw tonight, I had to. That family deserves an apology	en	[{'screen_name': 'americanair', 'name': 'americanair', 'id': '22536055'}]	[]	[]	9	34	30	[]	[]	https://twitter.com/MichaelSkolnik/status/503026780111122432	False		0								[]				
503021631737196544	503019465999515650	2014-08-23 12:31:17 KST	2014-08-23	12:31:17	+0900	24165761	michaelskolnik	Michael Skolnik		.@AmericanAir not about being rude or polite, about treating immigrant fam like  criminals after angry white man screamed at their 4 yr old.	en	[{'screen_name': 'americanair', 'name': 'americanair', 'id': '22536055'}]	[]	[]	7	38	29	[]	[]	https://twitter.com/MichaelSkolnik/status/503021631737196544	False		0								[]				
503019465999515650	503019465999515650	2014-08-23 12:22:41 KST	2014-08-23	12:22:41	+0900	24165761	michaelskolnik	Michael Skolnik		.@AmericanAir, I'm disgusted by behavior of flight attendant on flight to NYC. Way she treated an immigrant family was appalling #YouGotMail	en	[{'screen_name': 'americanair', 'name': 'americanair', 'id': '22536055'}]	[]	[]	11	78	41	['yougotmail']	[]	https://twitter.com/MichaelSkolnik/status/503019465999515650	False		0								[]				
502967847148994564	502967847148994564	2014-08-23 08:57:34 KST	2014-08-23	08:57:34	+0900	15015513	brentfitz	Brent Fitz	{'type': 'Point', 'coordinates': [32.79048544, -96.81036472]}	American Airlines Center in #Dallas!! Empty building before doors open! Not empty for long!!! #Slash…  http://t.co/1EugHNodKw	en	[]	['http://instagram.com/p/sBRKP5D6Ah/']	[]	1	23	33	['dallas', 'slash']	[]	https://twitter.com/brentfitz/status/502967847148994564	False		0								[]				
502940441944555521	502940441944555521	2014-08-23 07:08:40 KST	2014-08-23	07:08:40	+0900	19733898	lindacohn	Linda Cohn		Maybe @United can get me from Pitt to Hartford....since @USAirways and @AmericanAir are incompetent and only getting worse.	en	[{'screen_name': 'united', 'name': 'united airlines', 'id': '260907612'}, {'screen_name': 'usairways', 'name': 'us airways', 'id': '78084813'}, {'screen_name': 'americanair', 'name': 'americanair', 'id': '22536055'}]	[]	[]	11	7	12	[]	[]	https://twitter.com/lindacohn/status/502940441944555521	False		0								[]				
502937534553677828	502937534553677828	2014-08-23 06:57:07 KST	2014-08-23	06:57:07	+0900	24595303	peteleetweets	pete lee		Flying home to NYC. This seat is the best birthday present ever. Thanks @AmericanAir!  http://t.co/Cm4mQwEb0J	en	[{'screen_name': 'americanair', 'name': 'americanair', 'id': '22536055'}]	[]	['https://pbs.twimg.com/media/BvrLBTfCMAAHeh7.jpg']	4	0	14	[]	[]	https://twitter.com/peteleetweets/status/502937534553677828	False		1	https://pbs.twimg.com/media/BvrLBTfCMAAHeh7.jpg							[]				
502912072846692352	502912072846692352	2014-08-23 05:15:56 KST	2014-08-23	05:15:56	+0900	21341806	rjd2	RJ		Was cool of @AmericanAir to put my plane in gate D2 tho	en	[{'screen_name': 'americanair', 'name': 'americanair', 'id': '22536055'}]	[]	[]	1	2	12	[]	[]	https://twitter.com/rjd2/status/502912072846692352	False		0								[]				
502908275160281088	502886896469422081	2014-08-23 05:00:51 KST	2014-08-23	05:00:51	+0900	221573745	realpaigewwe	SARAYA		@joshjamesxxx @AmericanAir well they may put your stuff on another flight w/o your knowledge but they get it back to you. After midnight.	en	[{'screen_name': 'americanair', 'name': 'americanair', 'id': '22536055'}]	[]	[]	2	24	60	[]	[]	https://twitter.com/RealPaigeWWE/status/502908275160281088	False		0								[]				
502906826078580737	502886896469422081	2014-08-23 04:55:05 KST	2014-08-23	04:55:05	+0900	221573745	realpaigewwe	SARAYA		“@joshjamesxxx: @RealPaigeWWE Done, should I send it via @AmericanAir?” Sure. If it's priority it'll get here by past midnight tomorrow	en	[{'screen_name': 'joshjamesxxx', 'name': 'josh james', 'id': '177980316'}, {'screen_name': 'realpaigewwe', 'name': 'saraya', 'id': '221573745'}, {'screen_name': 'americanair', 'name': 'americanair', 'id': '22536055'}]	[]	[]	5	28	103	[]	[]	https://twitter.com/RealPaigeWWE/status/502906826078580737	False		0								[]				
502884272530001920	502884272530001920	2014-08-23 03:25:28 KST	2014-08-23	03:25:28	+0900	144324888	todddammitkerns	Todd Dammit Kerns		Witness the return of the unstoppable @joeykramer American Airlines Center Dallas @Aerosmith SMK&amp;C #LetRockRule Welcome back, Joey!	en	[{'screen_name': 'joeykramer', 'name': 'joey kramer', 'id': '59158298'}, {'screen_name': 'aerosmith', 'name': 'aerosmith', 'id': '25743813'}]	[]	[]	1	21	30	['letrockrule']	[]	https://twitter.com/todddammitkerns/status/502884272530001920	False		0								[]				
502836294158790656	502836294158790656	2014-08-23 00:14:49 KST	2014-08-23	00:14:49	+0900	14173315	nbcnews	NBC News		American Airlines to begin charging for children ages 5-14  http://t.co/8EwgHRnowI  http://t.co/QBFR4Hy5aC	en	[]	['http://nbcnews.to/XFsYsD']	['https://pbs.twimg.com/media/Bvpu8fcCEAA8eZ2.jpg']	12	88	24	[]	[]	https://twitter.com/NBCNews/status/502836294158790656	False		1	https://pbs.twimg.com/media/Bvpu8fcCEAA8eZ2.jpg							[]				
502722230317764608	502722230317764608	2014-08-22 16:41:34 KST	2014-08-22	16:41:34	+0900	18332190	british_airways	British Airways		We took the ALS #IceBucketChallenge and nominate @WhatsOnDubai @AmericanAir @BryanHabana  http://t.co/a2O5M51pHp	en	"[{'screen_name': 'whatsondubai', 'name': ""what's on dubai"", 'id': '25041618'}, {'screen_name': 'americanair', 'name': 'americanair', 'id': '22536055'}, {'screen_name': 'bryanhabana', 'name': 'bryan habana', 'id': '124272648'}]"	['http://bit.ly/1q46evw']	[]	10	52	79	['icebucketchallenge']	[]	https://twitter.com/British_Airways/status/502722230317764608	False		0								[]				
502709448347885568	502709448347885568	2014-08-22 15:50:47 KST	2014-08-22	15:50:47	+0900	40937731	thealexnewell	Alex Newell		I just sat in the airport for 10 hours!! @AmericanAir for a 6 hour delayed flight!!  http://t.co/J5CcIKhwzx	en	[{'screen_name': 'americanair', 'name': 'americanair', 'id': '22536055'}]	[]	['https://pbs.twimg.com/tweet_video_thumb/Bvn7k5vCMAE1GgM.png']	1	8	43	[]	[]	https://twitter.com/thealexnewell/status/502709448347885568	False		1	https://pbs.twimg.com/tweet_video_thumb/Bvn7k5vCMAE1GgM.png							[]				
502641730794303488	502641730794303488	2014-08-22 11:21:41 KST	2014-08-22	11:21:41	+0900	29226377	madflavor	Joey CoCo Diaz		American Airlines are thieves without Guns!	en	[]	[]	[]	24	48	99	[]	[]	https://twitter.com/madflavor/status/502641730794303488	False		0								[]				
502624734081994752	502624734081994752	2014-08-22 10:14:09 KST	2014-08-22	10:14:09	+0900	107017154	borisizaguirre	Boris Izaguirre	{'type': 'Point', 'coordinates': [25.78134164, -80.18787923]}	Queridísimo David Bisbal y yo en #premiostumundo esta noche! Love Boris @ AmericanAirlines Arena  http://t.co/PrDaQ1xc2V	es	[]	['http://instagram.com/p/r-1IWqgmJ6/']	[]	3	30	33	['premiostumundo']	[]	https://twitter.com/Borisizaguirre/status/502624734081994752	False		0								[]				
502623352272744449	502623352272744449	2014-08-22 10:08:40 KST	2014-08-22	10:08:40	+0900	61010640	iamjennashea	Jenna Shea		FUCK @AmericanAir $2500 for a first class flight and u hoes LOSE BAGS!! Fuck you	en	[{'screen_name': 'americanair', 'name': 'americanair', 'id': '22536055'}]	[]	[]	7	5	21	[]	[]	https://twitter.com/iamjennashea/status/502623352272744449	False		0								[]				
502605789287428097	502605789287428097	2014-08-22 08:58:52 KST	2014-08-22	08:58:52	+0900	24300583	juliebenz	Julie Benz		And please remember to help me out as I blind live tweet #defiance from row 17 middle seat on @AmericanAir !! Let me know what's going on!!	en	[{'screen_name': 'americanair', 'name': 'americanair', 'id': '22536055'}]	[]	[]	14	23	48	['defiance']	[]	https://twitter.com/juliebenz/status/502605789287428097	False		0								[]				
502595740229980160	502595740229980160	2014-08-22 08:18:56 KST	2014-08-22	08:18:56	+0900	24300583	juliebenz	Julie Benz		Obviously someone at @AmericanAir is not a #defiance fan because flight is delayed even more!! I'm gonna be late to the live tweet!	en	[{'screen_name': 'americanair', 'name': 'americanair', 'id': '22536055'}]	[]	[]	16	4	14	['defiance']	[]	https://twitter.com/juliebenz/status/502595740229980160	False		0								[]				
502554424905314304	502553152089255936	2014-08-22 05:34:46 KST	2014-08-22	05:34:46	+0900	60835303	dorothywang	dorothy wang		American Airlines we are over you... Until the fresh baked cookies come out RT @Morgan_Stewart: Meh to this first class	en	[{'screen_name': 'morgan_stewart', 'name': 'morgan stewart', 'id': '43785441'}]	[]	[]	2	7	39	[]	[]	https://twitter.com/dorothywang/status/502554424905314304	False		0								[]				
502354082305433602	502354082305433602	2014-08-21 16:18:41 KST	2014-08-21	16:18:41	+0900	360391686	nick_murphy	NM		Chet faker gig proudly brought to you buy @AmericanAir	en	[{'screen_name': 'americanair', 'name': 'americanair', 'id': '22536055'}]	[]	[]	5	3	43	[]	[]	https://twitter.com/nick_murphy/status/502354082305433602	False		0								[]				
502325780404523009	502325780404523009	2014-08-21 14:26:13 KST	2014-08-21	14:26:13	+0900	16827333	souljaboy	Soulja Boy		@AmericanAir thank you.	en	[]	[]	[]	2	30	46	[]	[]	https://twitter.com/souljaboy/status/502325780404523009	False		0								[]				
502323636876099584	502323636876099584	2014-08-21 14:17:42 KST	2014-08-21	14:17:42	+0900	1475197358	fazenikan	FaZe Nikan		American Airlines&gt; 😂	en	[]	[]	[]	2	1	14	[]	[]	https://twitter.com/FaZeNikan/status/502323636876099584	False		0								[]				
502322763299037184	502319983851220992	2014-08-21 14:14:14 KST	2014-08-21	14:14:14	+0900	1475197358	fazenikan	FaZe Nikan		@AmericanAir no problem American	ca	[]	[]	[]	5	51	77	[]	[]	https://twitter.com/FaZeNikan/status/502322763299037184	False		0								[]				
502212299432538113	502212299432538113	2014-08-21 06:55:17 KST	2014-08-21	06:55:17	+0900	36117822	bishopjakes	T.D. Jakes		Just 5 DAYS Left to REGISTER for a chance to win a round-trip flight to #WTAL! @AmericanAir   http://t.co/DtzBVQZke1  http://t.co/Cm9CH6v6sJ	en	[{'screen_name': 'americanair', 'name': 'americanair', 'id': '22536055'}]	['http://WTAL.org']	['https://pbs.twimg.com/media/Bvg3bL6CQAA7dm-.jpg']	7	24	31	['wtal']	[]	https://twitter.com/BishopJakes/status/502212299432538113	False		1	https://pbs.twimg.com/media/Bvg3bL6CQAA7dm-.jpg							[]				
502134522558046210	502134522558046210	2014-08-21 01:46:14 KST	2014-08-21	01:46:14	+0900	116272245	vadhirderbez	Vadhir Derbez		Mañana desde temprano estare en La alfombra azul de @UnNuevoDia ! En la American Airlines Arena! No se lo pueden perder!	es	[{'screen_name': 'unnuevodia', 'name': 'kylie fan', 'id': '1338281599805349890'}]	[]	[]	5	19	52	[]	[]	https://twitter.com/vadhirderbez/status/502134522558046210	False		0								[]				
502123657070923776	502118953289015296	2014-08-21 01:03:03 KST	2014-08-21	01:03:03	+0900	221573745	realpaigewwe	SARAYA		“@joshjamesxxx: @RealPaigeWWE @AmericanAir THE WORST AIRLINE” seriously.. I want to b slap every employee there	en	[{'screen_name': 'joshjamesxxx', 'name': 'josh james', 'id': '177980316'}, {'screen_name': 'realpaigewwe', 'name': 'saraya', 'id': '221573745'}, {'screen_name': 'americanair', 'name': 'americanair', 'id': '22536055'}]	[]	[]	63	70	206	[]	[]	https://twitter.com/RealPaigeWWE/status/502123657070923776	False		0								[]				
502118953289015296	502118953289015296	2014-08-21 00:44:22 KST	2014-08-21	00:44:22	+0900	221573745	realpaigewwe	SARAYA		Thank you @AmericanAir for losing my bag you bunch of $&amp;@kahsA&amp;&amp;@$ 😡😡😡😡😤😤😤😤	en	[{'screen_name': 'americanair', 'name': 'americanair', 'id': '22536055'}]	[]	[]	171	177	410	[]	[]	https://twitter.com/RealPaigeWWE/status/502118953289015296	False		0								[]				
502118432884547586	502118432884547586	2014-08-21 00:42:17 KST	2014-08-21	00:42:17	+0900	468030842	yandeloficial	Yandel		@llandel_malave and Premios Tu Mundo 2014 at AmericanAirlines Arena August 21  http://t.co/rGnnWHJrmb via @miaminewtimes	es	[{'screen_name': 'miaminewtimes', 'name': 'miami new times', 'id': '16861311'}]	['http://www.miaminewtimes.com/2014-08-21/music/yandel-premios-tu-mundo-2014-miami/']	[]	9	86	111	[]	[]	https://twitter.com/yandeloficial/status/502118432884547586	False		0								[]				
502046877572161538	502046877572161538	2014-08-20 19:57:57 KST	2014-08-20	19:57:57	+0900	21046818	jpmontoya	Juan Pablo Montoya		So I'm in a brand new aircraft from @AmericanAir and has tv in front of the seat and guess what the only seat that doesn't work it's mine...	en	[{'screen_name': 'americanair', 'name': 'americanair', 'id': '22536055'}]	[]	[]	22	11	41	[]	[]	https://twitter.com/jpmontoya/status/502046877572161538	False		0								[]				
501895317969965056	501891553162321921	2014-08-20 09:55:43 KST	2014-08-20	09:55:43	+0900	154221292	casey	Casey Neistat		yeah, where my check “@danielFARAHday: If @AmericanAir isn't paying @CaseyNeistat, they should because now I want to fly Business with them”	en	[{'screen_name': 'danielfarahday', 'name': 'farah', 'id': '20736904'}, {'screen_name': 'americanair', 'name': 'americanair', 'id': '22536055'}]	[]	[]	0	4	75	[]	[]	https://twitter.com/Casey/status/501895317969965056	False		0								[]				
501744766871425024	501744766871425024	2014-08-19 23:57:29 KST	2014-08-19	23:57:29	+0900	29898542	heffrondrive	Kendall Schmidt		Well..I have to commend @AmericanAir for their concern with the guitar... We've connected &amp; are resolving the problem soon :) Keep u updated	en	[{'screen_name': 'americanair', 'name': 'americanair', 'id': '22536055'}]	[]	[]	184	1065	1491	[]	[]	https://twitter.com/HeffronDrive/status/501744766871425024	False		0								[]				
501580612185370624	501579578096488448	2014-08-19 13:05:11 KST	2014-08-19	13:05:11	+0900	2277987156	annaclendening	anna clendening		. @AmericanAir no. Is that how I go about this getting fixed?	en	[{'screen_name': 'americanair', 'name': 'americanair', 'id': '22536055'}]	[]	[]	7	10	114	[]	[]	https://twitter.com/annaclendening/status/501580612185370624	False		0								[]				
501579578096488448	501579578096488448	2014-08-19 13:01:04 KST	2014-08-19	13:01:04	+0900	2277987156	annaclendening	anna clendening		So @AmericanAir went through my bag and now I have a cracked computer screen. Want to explain that?	en	[{'screen_name': 'americanair', 'name': 'americanair', 'id': '22536055'}]	[]	[]	16	20	176	[]	[]	https://twitter.com/annaclendening/status/501579578096488448	False		0								[]				
501476577893711873	501476577893711873	2014-08-19 06:11:47 KST	2014-08-19	06:11:47	+0900	21046818	jpmontoya	Juan Pablo Montoya		I lost my computer!!!! Left it on the plane last night. And I went to lost and found from @AmericanAir and they didn't have it.	en	[{'screen_name': 'americanair', 'name': 'americanair', 'id': '22536055'}]	[]	[]	46	26	23	[]	[]	https://twitter.com/jpmontoya/status/501476577893711873	False		0								[]				
501471416311906304	501471416311906304	2014-08-19 05:51:17 KST	2014-08-19	05:51:17	+0900	357533790	laurentlamothe	Laurent Lamothe		We want to make sure the Cap Haitian's airport is ready to welcome American Airlines on October 2nd.	en	[]	[]	[]	4	14	18	[]	[]	https://twitter.com/LaurentLamothe/status/501471416311906304	False		0								[]				
501215747851292673	501215747851292673	2014-08-18 12:55:21 KST	2014-08-18	12:55:21	+0900	35763275	realjeffjarrett	Jeff Jarrett		Yep! Still in Dallas... @AmericanAir	en	[{'screen_name': 'americanair', 'name': 'americanair', 'id': '22536055'}]	[]	[]	15	5	10	[]	[]	https://twitter.com/RealJeffJarrett/status/501215747851292673	False		0								[]				
501156648195735552	501156648195735552	2014-08-18 09:00:30 KST	2014-08-18	09:00:30	+0900	30913899	anabreco	Ana Brenda		Para todos que se quejan de las aerolíneas mexicanas. #AmericanAirlines lleva 4 horas de retraso de las cuales llevo 2 arriba del avión 😒	es	[]	[]	[]	23	58	135	['americanairlines']	[]	https://twitter.com/anabreco/status/501156648195735552	False		0								[]				
501119198819385344	501119198819385344	2014-08-18 06:31:42 KST	2014-08-18	06:31:42	+0900	29898542	heffrondrive	Kendall Schmidt		Dear @AmericanAir,  love your airline..but damaging my beautiful guitar does not make me happy.  http://t.co/4QQXU7vm96	en	[{'screen_name': 'americanair', 'name': 'americanair', 'id': '22536055'}]	[]	['https://pbs.twimg.com/media/BvRVQZACUAA9q97.jpg']	771	2209	3208	[]	[]	https://twitter.com/HeffronDrive/status/501119198819385344	False		1	https://pbs.twimg.com/media/BvRVQZACUAA9q97.jpg							[]				
501106978941194241	501106978941194241	2014-08-18 05:43:08 KST	2014-08-18	05:43:08	+0900	35763275	realjeffjarrett	Jeff Jarrett		Well, @AmericanAir ... You really did the impossible! I've never missed a show in 28 years bc of travel problems... The absolute worst!!	en	[{'screen_name': 'americanair', 'name': 'americanair', 'id': '22536055'}]	[]	[]	17	33	28	[]	[]	https://twitter.com/RealJeffJarrett/status/501106978941194241	False		0								[]				
501074039167668224	501041475803971584	2014-08-18 03:32:15 KST	2014-08-18	03:32:15	+0900	17883640	eliyoungband	Eli Young Band		@AmericanAir landed in dfw...celebration followed by disappointment. No gates available. Lesson learned. Never count your chickens...	en	[]	[]	[]	2	0	20	[]	[]	https://twitter.com/EliYoungBand/status/501074039167668224	False		0								[]				
501046615445364736	501046615445364736	2014-08-18 01:43:16 KST	2014-08-18	01:43:16	+0900	35763275	realjeffjarrett	Jeff Jarrett		Well @AmericanAir , this is getting ridiculous... Me and @karenjarrett need to get to Mexico City now!	en	[{'screen_name': 'americanair', 'name': 'americanair', 'id': '22536055'}, {'screen_name': 'karenjarrett', 'name': 'karen jarrett', 'id': '67221711'}]	[]	[]	5	8	17	[]	[]	https://twitter.com/RealJeffJarrett/status/501046615445364736	False		0								[]				
501041475803971584	501041475803971584	2014-08-18 01:22:51 KST	2014-08-18	01:22:51	+0900	17883640	eliyoungband	Eli Young Band		Redirected flight back to Texas! @AmericanAir just take us home AA!  http://t.co/vg6k9gzWmV	en	[{'screen_name': 'americanair', 'name': 'americanair', 'id': '22536055'}]	[]	['https://pbs.twimg.com/media/BvQOkMBCMAEjVzR.jpg']	17	20	207	[]	[]	https://twitter.com/EliYoungBand/status/501041475803971584	False		1	https://pbs.twimg.com/media/BvQOkMBCMAEjVzR.jpg							[]				
500976036499423232	500976036499423232	2014-08-17 21:02:49 KST	2014-08-17	21:02:49	+0900	18829050	bas	Bas		So glad @AmericanAir and @USAirways merged to make traveling THAT much worse. Double up on ineptitude.	en	[{'screen_name': 'americanair', 'name': 'americanair', 'id': '22536055'}, {'screen_name': 'usairways', 'name': 'us airways', 'id': '78084813'}]	[]	[]	4	3	30	[]	[]	https://twitter.com/Bas/status/500976036499423232	False		0								[]				
500887939782438914	500887939782438914	2014-08-17 15:12:45 KST	2014-08-17	15:12:45	+0900	17542901	nikkibenz	NIKKI BENZ		Thank you @AmericanAir for your excellence!  LAX -&gt; JFK bound with a glass of champagne. 💋	en	[{'screen_name': 'americanair', 'name': 'americanair', 'id': '22536055'}]	[]	[]	6	6	26	[]	[]	https://twitter.com/nikkibenz/status/500887939782438914	False		0								[]				
500708316868116481	500430935062368256	2014-08-17 03:19:00 KST	2014-08-17	03:19:00	+0900	71580466	billy_moran	Billy Moran		@dicksp8jr @jarpad @AmericanAir we got this!  http://t.co/H7dCGB8yhr	en	[{'screen_name': 'jarpad', 'name': 'jared padalecki', 'id': '310687757'}, {'screen_name': 'americanair', 'name': 'americanair', 'id': '22536055'}]	[]	['https://pbs.twimg.com/media/BvLfj3hCUAAkKpN.jpg']	1	2	14	[]	[]	https://twitter.com/Billy_Moran/status/500708316868116481	False		1	https://pbs.twimg.com/media/BvLfj3hCUAAkKpN.jpg							[]				
500484066177609728	500484066177609728	2014-08-16 12:27:54 KST	2014-08-16	12:27:54	+0900	14521427	danabrunetti	Dana Brunetti		It's @AmericanAirlines for the win with WiFi for a international flight.  http://t.co/6KeFESisSS	en	[]	['http://fb.me/1zNRUklSo']	[]	3	0	14	[]	[]	https://twitter.com/DanaBrunetti/status/500484066177609728	False		0								[]				
500446569661870080	500446569661870080	2014-08-16 09:58:54 KST	2014-08-16	09:58:54	+0900	287631152	bellmarques	Bell Marques		Caramba e nada das minhas roupas alô @AmericanAir cadê minha malas.	pt	[{'screen_name': 'americanair', 'name': 'americanair', 'id': '22536055'}]	[]	[]	17	12	19	[]	[]	https://twitter.com/BellMarques/status/500446569661870080	False		0								[]				
500445850976260096	500435394991620097	2014-08-16 09:56:03 KST	2014-08-16	09:56:03	+0900	15227791	williamshatner	William Shatner		@AmericanAir ⭕️❌⭕️❌❗️❗️👍👍👍	und	[]	[]	[]	6	6	21	[]	[]	https://twitter.com/WilliamShatner/status/500445850976260096	False		0								[]				
500433522700472320	500429073537957888	2014-08-16 09:07:04 KST	2014-08-16	09:07:04	+0900	224450775	dicksp8jr	Richard Speight, Jr.		@AmericanAir - I just did	en	[]	[]	[]	3	7	59	[]	[]	https://twitter.com/dicksp8jr/status/500433522700472320	False		0								[]				
500431295072059393	500429893184671744	2014-08-16 08:58:12 KST	2014-08-16	08:58:12	+0900	224450775	dicksp8jr	Richard Speight, Jr.		"Clearly you're right. ""@katifinch: @dicksp8jr @AmericanAir ya'll really need to stop flying American Airlines"" @jarpad"	en	[{'screen_name': 'katifinch', 'name': 'kati', 'id': '743908680'}, {'screen_name': 'dicksp8jr', 'name': 'richard speight, jr.', 'id': '224450775'}, {'screen_name': 'americanair', 'name': 'americanair', 'id': '22536055'}, {'screen_name': 'jarpad', 'name': 'jared padalecki', 'id': '310687757'}]	[]	[]	18	87	452	[]	[]	https://twitter.com/dicksp8jr/status/500431295072059393	False		0								[]				
500430935062368256	500430935062368256	2014-08-16 08:56:47 KST	2014-08-16	08:56:47	+0900	224450775	dicksp8jr	Richard Speight, Jr.		And I'm not @jarpad so they won't reply to me privately OR publicly. Nice going, @AmericanAir. Real classy.	en	[{'screen_name': 'jarpad', 'name': 'jared padalecki', 'id': '310687757'}, {'screen_name': 'americanair', 'name': 'americanair', 'id': '22536055'}]	[]	[]	71	199	720	[]	[]	https://twitter.com/dicksp8jr/status/500430935062368256	False		0								[]				
500430515753582596	500430515753582596	2014-08-16 08:55:07 KST	2014-08-16	08:55:07	+0900	224450775	dicksp8jr	Richard Speight, Jr.		--to get on a new flight. But @AmericanAir is happy to give athletes special privileges &amp; screw folks who actually paid for their tix	en	[{'screen_name': 'americanair', 'name': 'americanair', 'id': '22536055'}]	[]	[]	18	126	482	[]	[]	https://twitter.com/dicksp8jr/status/500430515753582596	False		0								[]				
500429893184671744	500429893184671744	2014-08-16 08:52:38 KST	2014-08-16	08:52:38	+0900	224450775	dicksp8jr	Richard Speight, Jr.		So @AmericanAir f 's everyone else in favor of a football team, leaving some people waiting for 6 hours. If THEY were late, u charge them--	en	[{'screen_name': 'americanair', 'name': 'americanair', 'id': '22536055'}]	[]	[]	30	133	498	[]	[]	https://twitter.com/dicksp8jr/status/500429893184671744	False		0								[]				
500429073537957888	500429073537957888	2014-08-16 08:49:23 KST	2014-08-16	08:49:23	+0900	224450775	dicksp8jr	Richard Speight, Jr.		I laughed at the @jarpad @AmericanAir fight, yet now I am stuck in DFW going on 4 hrs b/c the Cowboys chartered your plane &amp; messed it up...	en	[{'screen_name': 'jarpad', 'name': 'jared padalecki', 'id': '310687757'}, {'screen_name': 'americanair', 'name': 'americanair', 'id': '22536055'}]	[]	[]	61	188	654	[]	[]	https://twitter.com/dicksp8jr/status/500429073537957888	False		0								[]				
500416316558573568	500416316558573568	2014-08-16 07:58:41 KST	2014-08-16	07:58:41	+0900	123584688	benbradleytv	Ben Bradley		OLD &amp; NEW: @AmericanAir DC-3 in foreground, 777 in background. Two beautiful planes passing at O'Hare.  http://t.co/s5wIvQtyhW	en	[{'screen_name': 'americanair', 'name': 'americanair', 'id': '22536055'}]	[]	['https://pbs.twimg.com/media/BvHV9xECUAAR2-S.jpg']	6	18	23	[]	[]	https://twitter.com/BenBradleyTV/status/500416316558573568	False		1	https://pbs.twimg.com/media/BvHV9xECUAAR2-S.jpg							[]				
500413102639575040	500413102639575040	2014-08-16 07:45:55 KST	2014-08-16	07:45:55	+0900	360391686	nick_murphy	NM		Hi guys just letting you know my bag has now been delivered successfully. I feel like congratulations are in order👏👏@AmericanAir	en	[{'screen_name': 'americanair', 'name': 'americanair', 'id': '22536055'}]	[]	[]	4	0	68	[]	[]	https://twitter.com/nick_murphy/status/500413102639575040	False		0								[]				
500412217922056192	500412217922056192	2014-08-16 07:42:24 KST	2014-08-16	07:42:24	+0900	22536055	americanair	americanair		Thanks for following #ChooseYourHongKong. You can experience it, book now.  http://t.co/WVGg6nUrIP  Pic: @JohnCFitness  http://t.co/3fPhXoGj09	en	[{'screen_name': 'johncfitness', 'name': 'john charles garber', 'id': '938960381468430337'}]	['http://bit.ly/moreAsia']	['https://pbs.twimg.com/media/BvHSQlXCYAI3MpV.jpg']	7	68	56	['chooseyourhongkong']	[]	https://twitter.com/AmericanAir/status/500412217922056192	False		1	https://pbs.twimg.com/media/BvHSQlXCYAI3MpV.jpg							[]				
500368027918282752	500368027918282752	2014-08-16 04:46:48 KST	2014-08-16	04:46:48	+0900	22536055	americanair	americanair		6,700: The average number of flights per day in our combined network. #NowArriving  http://t.co/zycqLqYCda	en	[]	[]	['https://pbs.twimg.com/media/BvGqEcKIIAA0Juv.jpg']	10	53	74	['nowarriving']	[]	https://twitter.com/AmericanAir/status/500368027918282752	False		1	https://pbs.twimg.com/media/BvGqEcKIIAA0Juv.jpg							[]				
500355478837145600	500355478837145600	2014-08-16 03:56:56 KST	2014-08-16	03:56:56	+0900	8824902	dallascowboys	Dallas Cowboys		Thank you Oxnard!  Heading back to Big D on @AmericanAir #CowboysCamp  http://t.co/BdifsY7G4J	en	[{'screen_name': 'americanair', 'name': 'americanair', 'id': '22536055'}]	[]	['https://pbs.twimg.com/media/BvGekbDCQAASNC-.jpg']	12	133	230	['cowboyscamp']	[]	https://twitter.com/dallascowboys/status/500355478837145600	False		1	https://pbs.twimg.com/media/BvGekbDCQAASNC-.jpg							[]				
500347327933325312	500347327933325312	2014-08-16 03:24:33 KST	2014-08-16	03:24:33	+0900	13500262	ryanstegman	"Ryan ""venom boy"" $tegman"		I’m trying to make a top ten list of greatest moments in Twitter history. Number one is when American Airlines tweeted the vagina plane pic.	en	[]	[]	[]	7	2	11	[]	[]	https://twitter.com/RyanStegman/status/500347327933325312	False		0								[]				
500322742420647936	500322742420647936	2014-08-16 01:46:52 KST	2014-08-16	01:46:52	+0900	158014897	flagaline	Florida Georgia Line		Never been treated so rudely as today by American Airlines.... All we want is to get home after this amazing run. #neveragain	en	[]	[]	[]	164	234	1184	['neveragain']	[]	https://twitter.com/FLAGALine/status/500322742420647936	False		0								[]				
500318542332297216	500318542332297216	2014-08-16 01:30:10 KST	2014-08-16	01:30:10	+0900	22536055	americanair	americanair		This could be your view. Just tell us how you #ChooseYourHongKong.    http://t.co/jDium4ewQ2   [Photo: @JohnCFitness]  http://t.co/PNfizNUFIY	en	[{'screen_name': 'johncfitness', 'name': 'john charles garber', 'id': '938960381468430337'}]	['http://bit.ly/ChooseHK']	['https://pbs.twimg.com/media/BvF9D7pCYAA6RVi.jpg']	32	48	45	['chooseyourhongkong']	[]	https://twitter.com/AmericanAir/status/500318542332297216	False		1	https://pbs.twimg.com/media/BvF9D7pCYAA6RVi.jpg							[]				
500292715364364289	500292715364364289	2014-08-15 23:47:32 KST	2014-08-15	23:47:32	+0900	22536055	americanair	americanair		Tell us why you love Hong Kong with #ChooseYourHongKong &amp; you could win 2 R/T Business Class tickets.  http://t.co/jDium4ewQ2	en	[]	['http://bit.ly/ChooseHK']	[]	134	42	24	['chooseyourhongkong']	[]	https://twitter.com/AmericanAir/status/500292715364364289	False		0								[]				
500078234138984452	500078234138984452	2014-08-15 09:35:16 KST	2014-08-15	09:35:16	+0900	22536055	americanair	americanair		Don’t miss your chance to win 2 RT Business Class tickets to Hong Kong!  http://t.co/jDium4ewQ2 #ChooseYourHongKong  http://t.co/LN0jDIm2cf	en	[]	['http://bit.ly/ChooseHK']	['https://pbs.twimg.com/media/BvCigNFIIAELFX-.jpg']	154	279	133	['chooseyourhongkong']	[]	https://twitter.com/AmericanAir/status/500078234138984452	False		1	https://pbs.twimg.com/media/BvCigNFIIAELFX-.jpg							[]				
500073261762224130	500073261762224130	2014-08-15 09:15:31 KST	2014-08-15	09:15:31	+0900	46342623	armandinhomesmo	Armandinho		Dallas-Buenos Aires    Thanks #Americanairlines  We are Happy!!! #armandinho Obrigado American…  http://t.co/9uZ6pBEsre	en	[]	['http://instagram.com/p/rss2vOgbZN/']	[]	5	4	33	['americanairlines', 'armandinho']	[]	https://twitter.com/ArmandinhoMesmo/status/500073261762224130	False		0								[]				
500009054425460737	500009054425460737	2014-08-15 05:00:22 KST	2014-08-15	05:00:22	+0900	22536055	americanair	americanair		Wet Market shopping or #HongKong hiking? Tell us your pick with #ChooseYourHongKong.  http://t.co/jDium4ewQ2  http://t.co/45NLIkkpOS	en	[]	['http://bit.ly/ChooseHK']	['https://pbs.twimg.com/media/BvBjlZLCMAI7rJ6.jpg', 'https://pbs.twimg.com/media/BvBjla4CEAAaXGi.jpg']	42	25	21	['hongkong', 'chooseyourhongkong']	[]	https://twitter.com/AmericanAir/status/500009054425460737	False		1	https://pbs.twimg.com/media/BvBjlZLCMAI7rJ6.jpg							[]				
499971250559541248	499971250559541248	2014-08-15 02:30:09 KST	2014-08-15	02:30:09	+0900	22536055	americanair	americanair		Big Buddha or traditional tea ceremony? Tell us &amp; you could win 2 tix!  http://t.co/jDium4ewQ2 #ChooseYourHongKong  http://t.co/fL3oqPVNO0	en	[]	['http://bit.ly/ChooseHK']	['https://pbs.twimg.com/media/BvBBM36CMAELEba.jpg', 'https://pbs.twimg.com/media/BvBBM6QCMAUVxJF.jpg']	80	38	35	['chooseyourhongkong']	[]	https://twitter.com/AmericanAir/status/499971250559541248	False		1	https://pbs.twimg.com/media/BvBBM36CMAELEba.jpg							[]				
499704255205609472	499704255205609472	2014-08-14 08:49:13 KST	2014-08-14	08:49:13	+0900	436476907	realjohndough	John Dough		Thanks for losing my bag again @WestJet @AmericanAir seems like everytime I fly into LAX I have to wait 2 days just to get it.	en	[{'screen_name': 'westjet', 'name': 'westjet', 'id': '15519886'}, {'screen_name': 'americanair', 'name': 'americanair', 'id': '22536055'}]	[]	[]	7	15	33	[]	[]	https://twitter.com/RealJohnDough/status/499704255205609472	False		0								[]				
499684349411725312	499684349411725312	2014-08-14 07:30:07 KST	2014-08-14	07:30:07	+0900	22536055	americanair	americanair		Dim sum at Tim Ho Wan or Cantonese dining at @Mott32HK? Tell us with #ChooseYourHongKong.  http://t.co/jDium4ewQ2  http://t.co/dRp1zPpgWK	en	[{'screen_name': 'mott32hk', 'name': 'mott 32', 'id': '2352937620'}]	['http://bit.ly/ChooseHK']	['https://pbs.twimg.com/media/Bu88Q8QCYAAjz9W.jpg', 'https://pbs.twimg.com/media/Bu88Q75CcAIg-A0.jpg']	56	34	23	['chooseyourhongkong']	[]	https://twitter.com/AmericanAir/status/499684349411725312	False		1	https://pbs.twimg.com/media/Bu88Q8QCYAAjz9W.jpg							[]				
499681640944128002	499681640944128002	2014-08-14 07:19:21 KST	2014-08-14	07:19:21	+0900	39346451	iraheatbeat	Ira Winderman		It all starts on Oct. 29 at AmericanAirlines Arena against the Washington Wizards, the 19th time the Heat have opened at home.	en	[]	[]	[]	0	40	17	[]	[]	https://twitter.com/IraHeatBeat/status/499681640944128002	False		0								[]				
499681267399405570	499681267399405570	2014-08-14 07:17:52 KST	2014-08-14	07:17:52	+0900	5872172	jaunted	Jaunted		Nice--@AmericanAir A321 First Class RT @TODAYshow This fun selfie by Jon Hamm, w/@MLauer, is making us happy today!  http://t.co/sFI6B13GZ8	en	[{'screen_name': 'americanair', 'name': 'americanair', 'id': '22536055'}, {'screen_name': 'todayshow', 'name': 'today', 'id': '7744592'}, {'screen_name': 'mlauer', 'name': 'maddy lauer', 'id': '1082773039773818880'}]	[]	['https://pbs.twimg.com/media/Bu85dt-IMAA02BY.jpg']	7	31	55	[]	[]	https://twitter.com/Jaunted/status/499681267399405570	False		1	https://pbs.twimg.com/media/Bu85dt-IMAA02BY.jpg							[]				
499631629954859009	499631629954859009	2014-08-14 04:00:37 KST	2014-08-14	04:00:37	+0900	22536055	americanair	americanair		Traveling soon? Explore the best that Asia's World City has to offer with @HongKongTourism. #discoverHongKong  http://t.co/iESW0DIquX	en	[{'screen_name': 'hongkongtourism', 'name': 'hong kong tourism board / usa', 'id': '111645857'}]	[]	['https://pbs.twimg.com/media/Bu8MUGaCIAAytxu.jpg', 'https://pbs.twimg.com/media/Bu8MULMCAAEo6BV.jpg', 'https://pbs.twimg.com/media/Bu8MUJ8CYAECUcv.jpg', 'https://pbs.twimg.com/media/Bu8MULGCMAA5RJE.jpg']	4	31	36	['discoverhongkong']	[]	https://twitter.com/AmericanAir/status/499631629954859009	False		1	https://pbs.twimg.com/media/Bu8MUGaCIAAytxu.jpg							[]				
499597809062903810	499597809062903810	2014-08-14 01:46:14 KST	2014-08-14	01:46:14	+0900	22536055	americanair	americanair		End of summer blues? We've got the cure.   Book by 8/14 and save on trips around the US.  http://t.co/F5EE0PdP9x  http://t.co/zdIDkToLmD	en	[]	['http://bit.ly/1l3dSHH']	['https://pbs.twimg.com/media/Bu7tjzsIQAAcfD9.jpg']	7	105	50	[]	[]	https://twitter.com/AmericanAir/status/499597809062903810	False		1	https://pbs.twimg.com/media/Bu7tjzsIQAAcfD9.jpg							[]				
499575753969651713	499572036050903041	2014-08-14 00:18:36 KST	2014-08-14	00:18:36	+0900	22536055	americanair	americanair		@wizkhalifa Now you know, if the blanket was too long then we couldn't see those #sexylegs! #wink	en	[]	[]	[]	2	16	29	['sexylegs', 'wink']	[]	https://twitter.com/AmericanAir/status/499575753969651713	False		0								[]				
499572036050903041	499572036050903041	2014-08-14 00:03:49 KST	2014-08-14	00:03:49	+0900	20322929	wizkhalifa	Wiz Khalifa		God gave me long legs.   American airlines gave me a short blanket.	en	[]	[]	[]	149	2253	5932	[]	[]	https://twitter.com/wizkhalifa/status/499572036050903041	False		0								[]				
499381791443394562	499381791443394562	2014-08-13 11:27:51 KST	2014-08-13	11:27:51	+0900	180503626	eagles	Philadelphia Eagles		What an awesome #EaglesGetaway with @AmericanAir. #FlyEaglesFly  https://t.co/fcRBw7gfb5	en	[{'screen_name': 'americanair', 'name': 'americanair', 'id': '22536055'}]	['https://twitter.com/MikeTrussell/status/499374098901123075']	[]	1	7	15	['eaglesgetaway', 'flyeaglesfly']	[]	https://twitter.com/Eagles/status/499381791443394562	False	https://twitter.com/MikeTrussell/status/499374098901123075	0								[]				
499329648648413184	499329648648413184	2014-08-13 08:00:39 KST	2014-08-13	08:00:39	+0900	10937622	airfarewatchdog	airfarewatchdog		Darn it! Should have bought Aircare travel insurance!! @AmericanAir 256 stuck on Tarmac over 2 hrs! Wld be $1000 richer	en	[{'screen_name': 'americanair', 'name': 'americanair', 'id': '22536055'}]	[]	[]	3	5	15	[]	[]	https://twitter.com/airfarewatchdog/status/499329648648413184	False		0								[]				
499323367670153216	499323367670153216	2014-08-13 07:35:42 KST	2014-08-13	07:35:42	+0900	22536055	americanair	americanair		Modern skyscrapers or traditional villages? Tell us with #ChooseYourHongKong &amp; you could win.  http://t.co/UuHzAcxTNz  http://t.co/8Mi4b6rds7	en	[]	['http://bit.ly/ChooseHK']	['https://pbs.twimg.com/media/Bu3z9LoCMAAtbz_.jpg', 'https://pbs.twimg.com/media/Bu3z9FnCMAEYufC.jpg']	80	54	57	['chooseyourhongkong']	[]	https://twitter.com/AmericanAir/status/499323367670153216	False		1	https://pbs.twimg.com/media/Bu3z9LoCMAAtbz_.jpg							[]				
499321122454659072	499321122454659072	2014-08-13 07:26:47 KST	2014-08-13	07:26:47	+0900	36117822	bishopjakes	T.D. Jakes		You could be selected to win a ROUND-TRIP flight to #WTAL w/ @AmericanAir Register by Aug 25!  http://t.co/DtzBVQZke1  http://t.co/wYyoAJnToW	en	[{'screen_name': 'americanair', 'name': 'americanair', 'id': '22536055'}]	['http://WTAL.org']	['https://pbs.twimg.com/media/Bu3x6iPCEAAJ7O3.jpg']	3	36	47	['wtal']	[]	https://twitter.com/BishopJakes/status/499321122454659072	False		1	https://pbs.twimg.com/media/Bu3x6iPCEAAJ7O3.jpg							[]				
499170677954732032	499170677954732032	2014-08-12 21:28:58 KST	2014-08-12	21:28:58	+0900	360391686	nick_murphy	NM		hey @AmericanAir stop trying to deliver my equipment to my apartment. I already told you I am on tour. #professionalism	en	[{'screen_name': 'americanair', 'name': 'americanair', 'id': '22536055'}]	[]	[]	5	3	58	['professionalism']	[]	https://twitter.com/nick_murphy/status/499170677954732032	False		0								[]				
498951793800269824	498951793800269824	2014-08-12 06:59:12 KST	2014-08-12	06:59:12	+0900	21682847	jakewhetter	Jake Whetter		Should I be nervous the flight plan shows us going to London instead of LA? I mean, I'm cool with it. 😝 @AmericanAir  http://t.co/YRoJYgp9ie	en	[{'screen_name': 'americanair', 'name': 'americanair', 'id': '22536055'}]	[]	['https://pbs.twimg.com/media/BuyiANwCQAA3laI.jpg']	6	3	18	[]	[]	https://twitter.com/JakeWhetter/status/498951793800269824	False		1	https://pbs.twimg.com/media/BuyiANwCQAA3laI.jpg							[]				
498864242599415808	498864242599415808	2014-08-12 01:11:18 KST	2014-08-12	01:11:18	+0900	618674871	brothersosborne	Brothers Osborne		"So an @AmericanAir ticket agent in Dallas won't let us on the flight with our guitars. Claims there a ""one guitar per plane rule"". For real."	en	[{'screen_name': 'americanair', 'name': 'americanair', 'id': '22536055'}]	[]	[]	10	13	31	[]	[]	https://twitter.com/brothersosborne/status/498864242599415808	False		0								[]				
498850046012829696	498850046012829696	2014-08-12 00:14:53 KST	2014-08-12	00:14:53	+0900	14262772	marshacollier	Marsha Collier		Straddling the Thin Line between Social Media #Marketing &amp; Customer Service? Here's How @AmericanAir does it  http://t.co/AsJx2D6AX3	en	[{'screen_name': 'americanair', 'name': 'americanair', 'id': '22536055'}]	['http://bit.ly/1pKU1f8']	[]	3	114	12	['marketing']	[]	https://twitter.com/MarshaCollier/status/498850046012829696	False		0								[]				
498804022644867072	498804022644867072	2014-08-11 21:12:00 KST	2014-08-11	21:12:00	+0900	118441514	floxie10	El mundo de Floxie		"La vista de mi ""oficina"" #priceless @AmericanAir @LufthansaLatina #britishAirways  #aeropuertoEzeiza @ComunidadAvion  http://t.co/5RpaZFK0f4"	es	[{'screen_name': 'americanair', 'name': 'americanair', 'id': '22536055'}, {'screen_name': 'lufthansalatina', 'name': 'lufthansa latina', 'id': '82363276'}, {'screen_name': 'comunidadavion', 'name': 'comunidad avion', 'id': '1117874582'}]	[]	['https://pbs.twimg.com/media/Buwbm4AIUAAHtLK.jpg']	2	7	35	['priceless', 'britishairways', 'aeropuertoezeiza']	[]	https://twitter.com/Floxie10/status/498804022644867072	False		1	https://pbs.twimg.com/media/Buwbm4AIUAAHtLK.jpg							[]				
498790821186248704	498790821186248704	2014-08-11 20:19:33 KST	2014-08-11	20:19:33	+0900	122429429	jessimaepeluso	Jessimae Peluso		Hey @AmericanAir -I bet these big shots w/the Boss polo shirt&amp;finger point got alcohol on their flight @GrantCardone  http://t.co/GEJgcP4Mhz	en	[{'screen_name': 'americanair', 'name': 'americanair', 'id': '22536055'}, {'screen_name': 'grantcardone', 'name': 'grant cardone', 'id': '14788764'}]	[]	['https://pbs.twimg.com/media/BuwPm7rCcAElHpt.jpg']	1	0	52	[]	[]	https://twitter.com/JessimaePeluso/status/498790821186248704	False		1	https://pbs.twimg.com/media/BuwPm7rCcAElHpt.jpg							[]				
498788812555059200	498787230400655361	2014-08-11 20:11:34 KST	2014-08-11	20:11:34	+0900	122429429	jessimaepeluso	Jessimae Peluso		WE NEED VODKA! ITS DOCTOR'S ORDERS. “@AmericanAir: @carlyaquilino We're sorry for your disappointment, Carly. Where are you headed today?”	en	[{'screen_name': 'americanair', 'name': 'americanair', 'id': '22536055'}, {'screen_name': 'carlyaquilino', 'name': 'carly aquilino', 'id': '274810287'}]	[]	[]	4	17	188	[]	[]	https://twitter.com/JessimaePeluso/status/498788812555059200	False		0								[]				
498788032863289344	498788032863289344	2014-08-11 20:08:28 KST	2014-08-11	20:08:28	+0900	122429429	jessimaepeluso	Jessimae Peluso		So cool @AmericanAir -you guys hire super heros?! @carlyaquilino got checked in by Storm from X-Men.  http://t.co/OmGqoR9ayj	en	[{'screen_name': 'americanair', 'name': 'americanair', 'id': '22536055'}, {'screen_name': 'carlyaquilino', 'name': 'carly aquilino', 'id': '274810287'}]	[]	['https://pbs.twimg.com/media/BuwNEp5IIAA6cLb.jpg']	3	13	167	[]	[]	https://twitter.com/JessimaePeluso/status/498788032863289344	False		1	https://pbs.twimg.com/media/BuwNEp5IIAA6cLb.jpg							[]				
498786313383190528	498786313383190528	2014-08-11 20:01:38 KST	2014-08-11	20:01:38	+0900	14788764	grantcardone	Grant Cardone		to #vegas @AmericanAir @iflymia shooting new #sales program @JarrodGlandt #smallbusiness  http://t.co/zGvXdQiDPl	en	"[{'screen_name': 'americanair', 'name': 'americanair', 'id': '22536055'}, {'screen_name': 'iflymia', 'name': ""miami int'l airport"", 'id': '1372212427'}, {'screen_name': 'jarrodglandt', 'name': 'jarrod glandt', 'id': '322788120'}]"	[]	['https://pbs.twimg.com/media/BuwLgiICQAEMWhp.jpg']	3	4	15	['vegas', 'sales', 'smallbusiness']	[]	https://twitter.com/GrantCardone/status/498786313383190528	False		1	https://pbs.twimg.com/media/BuwLgiICQAEMWhp.jpg							[]				
498745337473818625	498667128514310144	2014-08-11 17:18:49 KST	2014-08-11	17:18:49	+0900	382218838	thejimmichaels	Jim Michaels		@AmericanAir @jarpad so am I!	en	[{'screen_name': 'jarpad', 'name': 'jared padalecki', 'id': '310687757'}]	[]	[]	1	6	20	[]	[]	https://twitter.com/TheJimMichaels/status/498745337473818625	False		0								[]				
498709890177576961	498708005643640833	2014-08-11 14:57:58 KST	2014-08-11	14:57:58	+0900	330510986	natalieevamarie	Eva Marie		@RealEdenWWE @AmericanAir @Delta omggggg that is horrible 😩	en	[{'screen_name': 'americanair', 'name': 'americanair', 'id': '22536055'}, {'screen_name': 'delta', 'name': 'delta', 'id': '5920532'}]	[]	[]	4	7	40	[]	[]	https://twitter.com/natalieevamarie/status/498709890177576961	False		0								[]				
498709728072331264	498708005643640833	2014-08-11 14:57:19 KST	2014-08-11	14:57:19	+0900	79863704	thebrandirhodes	Brandi Rhodes		“@AmericanAir: @realedenwwe We're sorry for the trouble on the phone, Eden. Please try your call again.” HA!!!!	en	[{'screen_name': 'americanair', 'name': 'americanair', 'id': '22536055'}, {'screen_name': 'realedenwwe', 'name': 'not @thebrandirhodes', 'id': '735630769587113984'}]	[]	[]	3	4	23	[]	[]	https://twitter.com/TheBrandiRhodes/status/498709728072331264	False		0								[]				
498670054435594240	498612412464254976	2014-08-11 12:19:40 KST	2014-08-11	12:19:40	+0900	15227791	williamshatner	William Shatner		@AmericanAir Thank you. You've made millions of Jared and Supernatural fans happy that he will get to the set.	en	[]	[]	[]	8	37	70	[]	[]	https://twitter.com/WilliamShatner/status/498670054435594240	False		0								[]				
498668140998295552	498667128514310144	2014-08-11 12:12:04 KST	2014-08-11	12:12:04	+0900	15227791	williamshatner	William Shatner		“@jarpad: . @AmericanAir @USAirways  Got my Wendy's and my seat. Supernatural set, here I come!  http://t.co/I1nmMFOlIb” Hooray! SPN is saved	en	[{'screen_name': 'jarpad', 'name': 'jared padalecki', 'id': '310687757'}, {'screen_name': 'americanair', 'name': 'americanair', 'id': '22536055'}, {'screen_name': 'usairways', 'name': 'us airways', 'id': '78084813'}]	['https://twitter.com/jarpad/status/498667128514310144/photo/1']	[]	13	104	398	[]	[]	https://twitter.com/WilliamShatner/status/498668140998295552	False		0								[]				
498664514544340992	498662056074018816	2014-08-11 11:57:39 KST	2014-08-11	11:57:39	+0900	15227791	williamshatner	William Shatner		“@jarpad: .@AmericanAir @USAirways thank you for listening and working extra hard to get me to set on time. I am humbled and appreciative.”👍	en	[{'screen_name': 'jarpad', 'name': 'jared padalecki', 'id': '310687757'}, {'screen_name': 'americanair', 'name': 'americanair', 'id': '22536055'}, {'screen_name': 'usairways', 'name': 'us airways', 'id': '78084813'}]	[]	[]	8	25	154	[]	[]	https://twitter.com/WilliamShatner/status/498664514544340992	False		0								[]				
498633747923611649	498612412464254976	2014-08-11 09:55:24 KST	2014-08-11	09:55:24	+0900	224450775	dicksp8jr	Richard Speight, Jr.		. @jarpad @AmericanAir I know you're pissed when you use 'whilst.' Haven't heard you use that in a fortnight. (I'm sophisticated too, see?)	en	[{'screen_name': 'jarpad', 'name': 'jared padalecki', 'id': '310687757'}, {'screen_name': 'americanair', 'name': 'americanair', 'id': '22536055'}]	[]	[]	64	370	1379	[]	[]	https://twitter.com/dicksp8jr/status/498633747923611649	False		0								[]				
498629284806680578	498612412464254976	2014-08-11 09:37:40 KST	2014-08-11	09:37:40	+0900	15227791	williamshatner	William Shatner		@jarpad @AmericanAir DM him!	tr	[{'screen_name': 'americanair', 'name': 'americanair', 'id': '22536055'}]	[]	[]	22	41	185	[]	[]	https://twitter.com/WilliamShatner/status/498629284806680578	False		0								[]				
498615804314005504	498613891241623553	2014-08-11 08:44:06 KST	2014-08-11	08:44:06	+0900	313454492	se4realhinton	S. E. Hinton		@jarpad @AmericanAir I can't help hoping your family isn't with you this time.	en	[{'screen_name': 'americanair', 'name': 'americanair', 'id': '22536055'}]	[]	[]	1	3	20	[]	[]	https://twitter.com/se4realhinton/status/498615804314005504	False		0								[]				
498615142331207680	498613891241623553	2014-08-11 08:41:28 KST	2014-08-11	08:41:28	+0900	313454492	se4realhinton	S. E. Hinton		@jarpad @AmericanAir Jared, I can't believe airlines act like this! {{hugs Jared}}	en	[{'screen_name': 'americanair', 'name': 'americanair', 'id': '22536055'}]	[]	[]	0	7	32	[]	[]	https://twitter.com/se4realhinton/status/498615142331207680	False		0								[]				
498542344611061760	498542344611061760	2014-08-11 03:52:12 KST	2014-08-11	03:52:12	+0900	174095480	vanessamarcilm	🌫Vanessa Marcil		When @AmericanAir bumps up an Iraq war vet to first class and he starts taking pictures of his seat because he has never sat there before.	en	[{'screen_name': 'americanair', 'name': 'americanair', 'id': '22536055'}]	[]	[]	10	25	113	[]	[]	https://twitter.com/VanessaMarcilM/status/498542344611061760	False		0								[]				
498536630982950913	498536630982950913	2014-08-11 03:29:29 KST	2014-08-11	03:29:29	+0900	100731315	actualidadrt	RT en Español		American Airlines publiсa en #Twitter una imagen del 'halo misterioso del piloto'  http://t.co/eXqZBEq08N  http://t.co/2XU4wvaimY @AmericanAir	es	[{'screen_name': 'americanair', 'name': 'americanair', 'id': '22536055'}]	['http://es.rt.com/zwU']	['https://pbs.twimg.com/media/BucU3_rCAAAOGfj.png']	2	54	36	['twitter']	[]	https://twitter.com/ActualidadRT/status/498536630982950913	False		1	https://pbs.twimg.com/media/BucU3_rCAAAOGfj.png							[]				
498351962690048000	498351962690048000	2014-08-10 15:15:41 KST	2014-08-10	15:15:41	+0900	55991693	thereallisaann	Lisa Ann		Flight #2 of the night with @AmericanAir we were supposed to board at 11..so far nothing, no answers at all.. 😳	en	[{'screen_name': 'americanair', 'name': 'americanair', 'id': '22536055'}]	[]	[]	18	7	23	[]	[]	https://twitter.com/thereallisaann/status/498351962690048000	False		0								[]				
498334760419094529	498334760419094529	2014-08-10 14:07:20 KST	2014-08-10	14:07:20	+0900	55991693	thereallisaann	Lisa Ann		Let me just throw this wild and crazy factoid out there, I have been an @AmericanAir Executive Platinum traveler for years a	en	[{'screen_name': 'americanair', 'name': 'americanair', 'id': '22536055'}]	[]	[]	6	3	21	[]	[]	https://twitter.com/thereallisaann/status/498334760419094529	False		0								[]				
498327131986747392	498327131986747392	2014-08-10 13:37:01 KST	2014-08-10	13:37:01	+0900	55991693	thereallisaann	Lisa Ann		And the wonderful reality smacks me in the face.. @AmericanAir just cancelled my flight.. #herewego	en	[{'screen_name': 'americanair', 'name': 'americanair', 'id': '22536055'}]	[]	[]	24	6	28	['herewego']	[]	https://twitter.com/thereallisaann/status/498327131986747392	False		0								[]				
498297291179307008	498297291179307008	2014-08-10 11:38:26 KST	2014-08-10	11:38:26	+0900	100731315	actualidadrt	RT en Español		American Airlines publiсa en Twitter una imagen del 'halo misterioso del piloto'  http://t.co/1XtdSUsi2I  http://t.co/2XU4wvaimY @AmericanAir	es	[{'screen_name': 'americanair', 'name': 'americanair', 'id': '22536055'}]	['http://es.rt.com/zwU']	['https://pbs.twimg.com/media/BucU3_rCAAAOGfj.png']	4	113	59	[]	[]	https://twitter.com/ActualidadRT/status/498297291179307008	False		1	https://pbs.twimg.com/media/BucU3_rCAAAOGfj.png							[]				
498184984553742336	498184984553742336	2014-08-10 04:12:10 KST	2014-08-10	04:12:10	+0900	100731315	actualidadrt	RT en Español		American Airlines publiсa en Twitter una imagen del 'halo misterioso del piloto'  http://t.co/eXqZBEq08N  http://t.co/2XU4wvaimY @AmericanAir	es	[{'screen_name': 'americanair', 'name': 'americanair', 'id': '22536055'}]	['http://es.rt.com/zwU']	['https://pbs.twimg.com/media/BucU3_rCAAAOGfj.png']	4	62	29	[]	[]	https://twitter.com/ActualidadRT/status/498184984553742336	False		1	https://pbs.twimg.com/media/BucU3_rCAAAOGfj.png							[]				
498173691570962432	498169379394441216	2014-08-10 03:27:18 KST	2014-08-10	03:27:18	+0900	36117822	bishopjakes	T.D. Jakes		.@AmericanAir We appreciate you partnering with us! Thank you for being a #WTAL Corporate Sponsor!	en	[{'screen_name': 'americanair', 'name': 'americanair', 'id': '22536055'}]	[]	[]	1	7	16	['wtal']	[]	https://twitter.com/BishopJakes/status/498173691570962432	False		0								[]				
498169379394441216	498169379394441216	2014-08-10 03:10:10 KST	2014-08-10	03:10:10	+0900	36117822	bishopjakes	T.D. Jakes		Exclusive Savings on airfare w/ @AmericanAir for #WTAL You won't leave the same way you came!  http://t.co/GbPQM3I7hB  http://t.co/nRrl9BBuCc	en	[{'screen_name': 'americanair', 'name': 'americanair', 'id': '22536055'}]	['http://WTAL.org/accommodations/travel']	['https://pbs.twimg.com/media/BunaaRgIEAA0A9d.jpg']	2	16	20	['wtal']	[]	https://twitter.com/BishopJakes/status/498169379394441216	False		1	https://pbs.twimg.com/media/BunaaRgIEAA0A9d.jpg							[]				
498152529918951424	498152529918951424	2014-08-10 02:03:13 KST	2014-08-10	02:03:13	+0900	132166240	colindonnell	COLIN DONNELL		Resisted the urge to photobomb the girl taking a photo outside the American Airlines Theater. Shame on me. #Violet	en	[]	[]	[]	3	8	61	['violet']	[]	https://twitter.com/colindonnell/status/498152529918951424	False		0								[]				
498134665774235648	498134665774235648	2014-08-10 00:52:13 KST	2014-08-10	00:52:13	+0900	70468535	lilagracerose	Lila Rose		Ad in #americanairlines magazine. Good to see pre-born babies loved like this--&amp; recognized as human beings! #prolife  http://t.co/bm5YkS7coy	en	[]	[]	['https://pbs.twimg.com/media/Bum61srIYAEZ-ea.jpg']	3	30	36	['americanairlines', 'prolife']	[]	https://twitter.com/LilaGraceRose/status/498134665774235648	False		1	https://pbs.twimg.com/media/Bum61srIYAEZ-ea.jpg							[]				
498045363614257152	498045363614257152	2014-08-09 18:57:22 KST	2014-08-09	18:57:22	+0900	22240612	alarabiya_eng	Al Arabiya English		American airlines are now banned from flying over #Iraq -  http://t.co/GWNPnaapBu  http://t.co/cImeRBfDBJ	en	[]	['http://ara.tv/p374c']	['https://pbs.twimg.com/media/BulpnhKCEAElGOf.jpg']	1	61	16	['iraq']	[]	https://twitter.com/AlArabiya_Eng/status/498045363614257152	False		1	https://pbs.twimg.com/media/BulpnhKCEAElGOf.jpg							[]				
497821320085008384	497821320085008384	2014-08-09 04:07:06 KST	2014-08-09	04:07:06	+0900	22795877	bigdandbubba	Big D and Bubba		Sitting at the airport because @AmericanAir changed our flights. Dealing with Airlines is why we became pilots  http://t.co/O5GpWX3H2G	en	[{'screen_name': 'americanair', 'name': 'americanair', 'id': '22536055'}]	[]	['https://pbs.twimg.com/media/Buid2Y2IQAIjoZv.jpg']	4	2	19	[]	[]	https://twitter.com/bigdandbubba/status/497821320085008384	False		1	https://pbs.twimg.com/media/Buid2Y2IQAIjoZv.jpg							[]				
497819086353879041	497819086353879041	2014-08-09 03:58:13 KST	2014-08-09	03:58:13	+0900	6449282	jetblue	JetBlue		Our @MartySG has an #IceBucketChallenge for his colleagues at @americanair @delta @united &amp; @southwestair  http://t.co/DusXBx04rm	en	[{'screen_name': 'martysg', 'name': 'marty st. george ✈️', 'id': '14940257'}, {'screen_name': 'americanair', 'name': 'americanair', 'id': '22536055'}, {'screen_name': 'delta', 'name': 'delta', 'id': '5920532'}, {'screen_name': 'united', 'name': 'united airlines', 'id': '260907612'}, {'screen_name': 'southwestair', 'name': 'southwest airlines', 'id': '7212562'}]	['http://youtu.be/1llkdh8-wGI']	[]	0	10	13	['icebucketchallenge']	[]	https://twitter.com/JetBlue/status/497819086353879041	False		0								[]				
497774314377469953	497774314377469953	2014-08-09 01:00:19 KST	2014-08-09	01:00:19	+0900	46817943	brikeilarcnn	Brianna Keilar		Thank you thank you @AmericanAir for finding my luggage! Turns out it went on a Mexican vacation without me. I'm so jealous!	en	[{'screen_name': 'americanair', 'name': 'americanair', 'id': '22536055'}]	[]	[]	8	3	15	[]	[]	https://twitter.com/brikeilarcnn/status/497774314377469953	False		0								[]				
497420489032482816	497420489032482816	2014-08-08 01:34:20 KST	2014-08-08	01:34:20	+0900	10774652	theblaze	TheBlaze		American Airlines publishes photo of mid-air phenomenon that still baffles many:  http://t.co/xxEPhxkTiI  http://t.co/qzKUvQdGqV	en	[]	['http://www.theblaze.com/stories/2014/08/07/american-airlines-publishes-photo-of-mysterious-mid-air-phenomenon-that-still-baffles-many/']	['https://pbs.twimg.com/media/BucxTHBIQAMx82B.png']	9	38	30	[]	[]	https://twitter.com/theblaze/status/497420489032482816	False		1	https://pbs.twimg.com/media/BucxTHBIQAMx82B.png							[]				
497222675404574720	497222675404574720	2014-08-07 12:28:18 KST	2014-08-07	12:28:18	+0900	24358412	markrussinovich	Mark Russinovich		American Airlines hasn't gotten the Windows XP end of service memo:  http://t.co/Jvbas84mYi	en	[]	[]	['https://pbs.twimg.com/media/BuZ9Y0KIQAAvO5c.jpg']	30	120	64	[]	[]	https://twitter.com/markrussinovich/status/497222675404574720	False		1	https://pbs.twimg.com/media/BuZ9Y0KIQAAvO5c.jpg							[]				
497034692906856448	497034692906856448	2014-08-07 00:01:19 KST	2014-08-07	00:01:19	+0900	36117822	bishopjakes	T.D. Jakes		Fly into your destiny with @AmericanAir! Take advantage of Exclusive Savings on travel #WTAL |  http://t.co/g8sbjpwYxe  http://t.co/FBYQhRIjeD	en	[{'screen_name': 'americanair', 'name': 'americanair', 'id': '22536055'}]	['http://WTAL.org/accommodations/travel']	['https://pbs.twimg.com/media/Bt-y1AaCIAApI0F.jpg']	3	38	61	['wtal']	[]	https://twitter.com/BishopJakes/status/497034692906856448	False		1	https://pbs.twimg.com/media/Bt-y1AaCIAApI0F.jpg							[]				
496728670258479104	496728670258479104	2014-08-06 03:45:18 KST	2014-08-06	03:45:18	+0900	51381252	nycaviation	NYCAviation		Today in #AvHistory [1971]: DC-10 enters commercial service with @AmericanAir...   http://t.co/ZsYggzMWVb #AvGeek  http://t.co/Nukq9NbgO0	en	[{'screen_name': 'americanair', 'name': 'americanair', 'id': '22536055'}]	['http://bit.ly/1uisUJx']	['https://pbs.twimg.com/media/BuRmPbRIYAEb0Cg.jpg']	5	38	20	['avhistory', 'avgeek']	[]	https://twitter.com/NYCAviation/status/496728670258479104	False		1	https://pbs.twimg.com/media/BuRmPbRIYAEb0Cg.jpg							[]				
496698202989797376	496698202989797376	2014-08-06 01:44:14 KST	2014-08-06	01:44:14	+0900	360391686	nick_murphy	NM		"Easy, now all you ""need this documents: -Bording pass  -Passport -Some bild that confirm your home address"" @AmericanAir"	en	[{'screen_name': 'americanair', 'name': 'americanair', 'id': '22536055'}]	[]	[]	3	0	15	[]	[]	https://twitter.com/nick_murphy/status/496698202989797376	False		0								[]				
496697738458058752	496697738458058752	2014-08-06 01:42:23 KST	2014-08-06	01:42:23	+0900	360391686	nick_murphy	NM		Just letting you know you've found it! It was in Brazil, which is funny because I was just there last Friday! :) @AmericanAir	en	[{'screen_name': 'americanair', 'name': 'americanair', 'id': '22536055'}]	[]	[]	2	1	24	[]	[]	https://twitter.com/nick_murphy/status/496697738458058752	False		0								[]				
496696482360487936	496696482360487936	2014-08-06 01:37:24 KST	2014-08-06	01:37:24	+0900	360391686	nick_murphy	NM		Just so you know, I have been asked to send a copy of my passport, bank details, home address and boarding pass now. @AmericanAir	en	[{'screen_name': 'americanair', 'name': 'americanair', 'id': '22536055'}]	[]	[]	4	0	14	[]	[]	https://twitter.com/nick_murphy/status/496696482360487936	False		0								[]				
496696070806966272	496696070806966272	2014-08-06 01:35:46 KST	2014-08-06	01:35:46	+0900	360391686	nick_murphy	NM		Hi guys, I just got an email from GRU, Brazilian airport @AmericanAir asking for a copy of my passport. is this normal?	en	[{'screen_name': 'americanair', 'name': 'americanair', 'id': '22536055'}]	[]	[]	3	0	12	[]	[]	https://twitter.com/nick_murphy/status/496696070806966272	False		0								[]				
496693493226811392	496689704126124032	2014-08-06 01:25:31 KST	2014-08-06	01:25:31	+0900	360391686	nick_murphy	NM		@AmericanAir Thanks guys just letting you know I have done the above twice over the last 2 days. #goingincircles #getchetsbag	en	[]	[]	[]	0	0	14	['goingincircles', 'getchetsbag']	[]	https://twitter.com/nick_murphy/status/496693493226811392	False		0								[]				
496692702223036416	496692702223036416	2014-08-06 01:22:22 KST	2014-08-06	01:22:22	+0900	360391686	nick_murphy	NM		the man on the phone wasn't sure if Brazil was awake yet. lucky I told him it was only an hour time difference. @AmericanAir #getchetsgear	en	[{'screen_name': 'americanair', 'name': 'americanair', 'id': '22536055'}]	[]	[]	2	1	28	['getchetsgear']	[]	https://twitter.com/nick_murphy/status/496692702223036416	False		0								[]				
496691725025677312	496691725025677312	2014-08-06 01:18:29 KST	2014-08-06	01:18:29	+0900	360391686	nick_murphy	NM		If I send you tickets do you mind if they arrive after the show? @AmericanAir	en	[{'screen_name': 'americanair', 'name': 'americanair', 'id': '22536055'}]	[]	[]	2	10	87	[]	[]	https://twitter.com/nick_murphy/status/496691725025677312	False		0								[]				
496690858113376257	496690858113376257	2014-08-06 01:15:03 KST	2014-08-06	01:15:03	+0900	360391686	nick_murphy	NM		please let me know if any of you would like to come to a show sometime @AmericanAir	en	[{'screen_name': 'americanair', 'name': 'americanair', 'id': '22536055'}]	[]	[]	1	5	39	[]	[]	https://twitter.com/nick_murphy/status/496690858113376257	False		0								[]				
496690484598018048	496690484598018048	2014-08-06 01:13:34 KST	2014-08-06	01:13:34	+0900	360391686	nick_murphy	NM		Just so u know, the bag that was lost looks exactly like the bag I checked in. it also has the same bag tag. @AmericanAir	en	[{'screen_name': 'americanair', 'name': 'americanair', 'id': '22536055'}]	[]	[]	3	4	48	[]	[]	https://twitter.com/nick_murphy/status/496690484598018048	False		0								[]				
496690027423096832	496690027423096832	2014-08-06 01:11:45 KST	2014-08-06	01:11:45	+0900	360391686	nick_murphy	NM		I'm looking forward to filling out another form @AmericanAir so you guys can keep looking for my bag.	en	[{'screen_name': 'americanair', 'name': 'americanair', 'id': '22536055'}]	[]	[]	0	0	36	[]	[]	https://twitter.com/nick_murphy/status/496690027423096832	False		0								[]				
496689704126124032	496689704126124032	2014-08-06 01:10:28 KST	2014-08-06	01:10:28	+0900	360391686	nick_murphy	NM		Hi @AmericanAir just letting you know that I'm going on tour today without equipment. it should be stressful but fun.	en	[{'screen_name': 'americanair', 'name': 'americanair', 'id': '22536055'}]	[]	[]	1	4	69	[]	[]	https://twitter.com/nick_murphy/status/496689704126124032	False		0								[]				
496604449662832640	496604449662832640	2014-08-05 19:31:41 KST	2014-08-05	19:31:41	+0900	18332190	british_airways	British Airways		Flying between #NYC and #London? Together with @AmericanAir we've got 17 flights every day  http://t.co/lPhtfXdOIw  http://t.co/Y5VFH6pMzT	en	[{'screen_name': 'americanair', 'name': 'americanair', 'id': '22536055'}]	['http://bit.ly/1mMRVfy']	['https://pbs.twimg.com/media/BuRLHXxIMAAQb1Q.png']	54	129	220	['nyc', 'london']	[]	https://twitter.com/British_Airways/status/496604449662832640	False		1	https://pbs.twimg.com/media/BuRLHXxIMAAQb1Q.png							[]				
496475569945468928	496475569945468928	2014-08-05 10:59:34 KST	2014-08-05	10:59:34	+0900	18009781	joshgroban	josh groban		Thanks @AmericanAir for deez nuts and for whisking me to my connecting flight in time!!!  http://t.co/IyFuoixdG0	en	[{'screen_name': 'americanair', 'name': 'americanair', 'id': '22536055'}]	[]	['https://pbs.twimg.com/media/BuPV4g0CUAAaKtS.jpg']	133	60	447	[]	[]	https://twitter.com/joshgroban/status/496475569945468928	False		1	https://pbs.twimg.com/media/BuPV4g0CUAAaKtS.jpg							[]				
496091434202574849	496091434202574849	2014-08-04 09:33:09 KST	2014-08-04	09:33:09	+0900	14867598	dougstanhope	Doug Stanhope		The 2 worst airlines @AmericanAir &amp; @USAirways merging like mutant babies not born conjoined but meeting late life &amp; sewing heads 2gether.	en	[{'screen_name': 'americanair', 'name': 'americanair', 'id': '22536055'}, {'screen_name': 'usairways', 'name': 'us airways', 'id': '78084813'}]	[]	[]	8	43	79	[]	[]	https://twitter.com/DougStanhope/status/496091434202574849	False		0								[]				
496050536563867648	496050536563867648	2014-08-04 06:50:38 KST	2014-08-04	06:50:38	+0900	46817943	brikeilarcnn	Brianna Keilar		.@AmericanAir Looks like I'm about to enter day three of my vacation and still no luggage. I like this shirt but not that much. Help!	en	[{'screen_name': 'americanair', 'name': 'americanair', 'id': '22536055'}]	[]	[]	13	4	14	[]	[]	https://twitter.com/brikeilarcnn/status/496050536563867648	False		0								[]				
495996431497695232	495996431497695232	2014-08-04 03:15:39 KST	2014-08-04	03:15:39	+0900	10937622	airfarewatchdog	airfarewatchdog		Here's a question for @AmericanAir if I have a paper ticket, fully refundable, from 10 years ago, can I get a refund?	en	[{'screen_name': 'americanair', 'name': 'americanair', 'id': '22536055'}]	[]	[]	8	2	10	[]	[]	https://twitter.com/airfarewatchdog/status/495996431497695232	False		0								[]				
495970188807114753	495970188807114753	2014-08-04 01:31:22 KST	2014-08-04	01:31:22	+0900	234187000	devdevnumnums	Devin Lytle (she/her)		"Upon landing into LA, our @AmericanAir pilot got on the loudspeaker and said ""OHHHHH YEEEEAH."" Beautiful."	en	[{'screen_name': 'americanair', 'name': 'americanair', 'id': '22536055'}]	[]	[]	2	4	51	[]	[]	https://twitter.com/devdevnumnums/status/495970188807114753	False		0								[]				
495598797993807873	495598797993807873	2014-08-03 00:55:35 KST	2014-08-03	00:55:35	+0900	77054564	leonardo_padron	Leonardo Padrón		El régimen asegura que American Airlines reanudará vuelos suspendidos. AA lo niega. La credibilidad en caída libre.	es	[]	[]	[]	29	471	28	[]	[]	https://twitter.com/Leonardo_Padron/status/495598797993807873	False		0								[]				
495548205715980288	495548205715980288	2014-08-02 21:34:33 KST	2014-08-02	21:34:33	+0900	2280470022	airlivenet	AIRLIVE		UPDATE EMERGENCY We have confirmation Boeing 767 American Airlines flight #AA81 from London to Dallas landed safely at Heathrow.	en	[]	[]	[]	2	22	15	['aa81']	[]	https://twitter.com/airlivenet/status/495548205715980288	False		0								[]				
495366536438095872	495366536438095872	2014-08-02 09:32:40 KST	2014-08-02	09:32:40	+0900	20421743	gettinsweenered	SUNNY SWEENEY		Because you can't see my face right now... It has a shocked look. Know why? My American Airlines flight is ON TIME!!	en	[]	[]	[]	1	2	21	[]	[]	https://twitter.com/GettinSweenered/status/495366536438095872	False		0								[]				
495328202089189376	495328202089189376	2014-08-02 07:00:20 KST	2014-08-02	07:00:20	+0900	36117822	bishopjakes	T.D. Jakes		It's time to fly into your destiny! Exclusive savings on airfare for #WTAL w/ @AmericanAir |  http://t.co/g8sbjpwYxe  http://t.co/FBYQhRIjeD	en	[{'screen_name': 'americanair', 'name': 'americanair', 'id': '22536055'}]	['http://WTAL.org/accommodations/travel']	['https://pbs.twimg.com/media/Bt-y1AaCIAApI0F.jpg']	8	68	121	['wtal']	[]	https://twitter.com/BishopJakes/status/495328202089189376	False		1	https://pbs.twimg.com/media/Bt-y1AaCIAApI0F.jpg							[]				
495234519025614848	495234519025614848	2014-08-02 00:48:05 KST	2014-08-02	00:48:05	+0900	360391686	nick_murphy	NM		Always happy to help @AmericanAir	en	[{'screen_name': 'americanair', 'name': 'americanair', 'id': '22536055'}]	[]	[]	1	1	24	[]	[]	https://twitter.com/nick_murphy/status/495234519025614848	False		0								[]				
495234457151217664	495234457151217664	2014-08-02 00:47:50 KST	2014-08-02	00:47:50	+0900	360391686	nick_murphy	NM		Please let me know if there is anything I can do to help locate the bag I paid $150 to have flown on my flight 2 days ago @AmericanAir	en	[{'screen_name': 'americanair', 'name': 'americanair', 'id': '22536055'}]	[]	[]	1	2	42	[]	[]	https://twitter.com/nick_murphy/status/495234457151217664	False		0								[]				
495233858405924864	495233858405924864	2014-08-02 00:45:27 KST	2014-08-02	00:45:27	+0900	360391686	nick_murphy	NM		I'm using this time to tweet instead @AmericanAir	en	[{'screen_name': 'americanair', 'name': 'americanair', 'id': '22536055'}]	[]	[]	0	3	24	[]	[]	https://twitter.com/nick_murphy/status/495233858405924864	False		0								[]				
495233812503470080	495233812503470080	2014-08-02 00:45:16 KST	2014-08-02	00:45:16	+0900	360391686	nick_murphy	NM		Just to keep you guys informed now is the time I would be setting up if I had my equipment I paid to have on my flight @AmericanAir	en	[{'screen_name': 'americanair', 'name': 'americanair', 'id': '22536055'}]	[]	[]	4	6	34	[]	[]	https://twitter.com/nick_murphy/status/495233812503470080	False		0								[]				
495229949637570561	495229949637570561	2014-08-02 00:29:55 KST	2014-08-02	00:29:55	+0900	1023472122	daminoshow	Joe Miñoso		Sitting on a Tarmac cause the licence for the plane has expired? Once again American Airlines manages to screw something up. @AmericanAir	en	[{'screen_name': 'americanair', 'name': 'americanair', 'id': '22536055'}]	[]	[]	27	9	37	[]	[]	https://twitter.com/DaMinoshow/status/495229949637570561	False		0								[]				
495040330379448322	495040330379448322	2014-08-01 11:56:26 KST	2014-08-01	11:56:26	+0900	143306758	dulles_airport	Dulles Airport (IAD)		Never to late for #tbt!  An American Classic. An @AmericanAir 707 Astrojet prepares for departure @Dulles_Airport.  http://t.co/wubvZomRxl	en	[{'screen_name': 'americanair', 'name': 'americanair', 'id': '22536055'}, {'screen_name': 'dulles_airport', 'name': 'dulles airport (iad)', 'id': '143306758'}]	[]	['https://pbs.twimg.com/media/Bt68jjiIAAAnN7u.jpg']	1	14	25	['tbt']	[]	https://twitter.com/Dulles_Airport/status/495040330379448322	False		1	https://pbs.twimg.com/media/Bt68jjiIAAAnN7u.jpg							[]				
495018748554645504	495018748554645504	2014-08-01 10:30:41 KST	2014-08-01	10:30:41	+0900	360391686	nick_murphy	NM		@AmericanAir yo where are those bags you made me pay $150 to put on the plane? I could have sworn I landed yesterday..	en	[]	[]	[]	0	0	12	[]	[]	https://twitter.com/nick_murphy/status/495018748554645504	False		0								[]				
495018669937033217	494997253010894850	2014-08-01 10:30:22 KST	2014-08-01	10:30:22	+0900	28716779	dinamanzo	Dina Cantin		“@JLJeffLewis: .@dinamanzo Found Grandma Wrinkles at Vegas Market. #lost #pussy #reward #founddinascat @americanair  http://t.co/MY07pFXML5”	en	[{'screen_name': 'dinamanzo', 'name': 'dina cantin', 'id': '28716779'}, {'screen_name': 'americanair', 'name': 'americanair', 'id': '22536055'}]	['https://twitter.com/JLJeffLewis/status/494997253010894850/photo/1']	[]	6	4	35	['lost', 'pussy', 'reward', 'founddinascat']	[]	https://twitter.com/dinamanzo/status/495018669937033217	False		0								[]				
495008268205719552	495008268205719552	2014-08-01 09:49:02 KST	2014-08-01	09:49:02	+0900	363961928	carterreynolds	Carter Reynolds		Switching gates for the 4th time today because @AmericanAir airplanes suck bootyhole	en	[{'screen_name': 'americanair', 'name': 'americanair', 'id': '22536055'}]	[]	[]	434	1815	11127	[]	[]	https://twitter.com/carterreynolds/status/495008268205719552	False		0								[]				
