id	conversation_id	created_at	date	time	timezone	user_id	username	name	place	tweet	language	mentions	urls	photos	replies_count	retweets_count	likes_count	hashtags	cashtags	link	retweet	quote_url	video	thumbnail	near	geo	source	user_rt_id	user_rt	retweet_id	reply_to	retweet_date	translate	trans_src	trans_dest
450354309440360448	450354309440360448	2014-03-31 04:30:09 KST	2014-03-31	04:30:09	+0900	22536055	americanair	americanair		Tomorrow, the oneworld alliance expands. Are you ready to @traveloneworld? #flyoneworld  http://t.co/TKk8cdJtcP	en	[{'screen_name': 'traveloneworld', 'name': 'oneworld alliance', 'id': '987030841'}]	['http://bit.ly/OWTLVid']	[]	16	47	68	['flyoneworld']	[]	https://twitter.com/AmericanAir/status/450354309440360448	False		0								[]				
450226862074388480	450226862074388480	2014-03-30 20:03:43 KST	2014-03-30	20:03:43	+0900	27311044	danaperino	Dana Perino		I, too, met my husband on an @AmericanAir flight - I love this story  http://t.co/h54w1tXlim	en	[{'screen_name': 'americanair', 'name': 'americanair', 'id': '22536055'}]	['http://tinyurl.com/ma9oss3']	[]	21	11	63	[]	[]	https://twitter.com/DanaPerino/status/450226862074388480	False		0								[]				
450075716064145409	450075716064145409	2014-03-30 10:03:07 KST	2014-03-30	10:03:07	+0900	78120081	vitorbelfort	Vitor Belfort		Viajar de avião hoje é o maior mico do mundo. Além de ser desconfortável os vôos atrasam e principalmente American Airlines	pt	[]	[]	[]	10	14	30	[]	[]	https://twitter.com/vitorbelfort/status/450075716064145409	False		0								[]				
449998426152120322	449998426152120322	2014-03-30 04:56:00 KST	2014-03-30	04:56:00	+0900	796865185	uriahhallmma	U R I A H    H A L L		thank you @AmericanAir  for fucking up again by  sending my bag to another country	en	[{'screen_name': 'americanair', 'name': 'americanair', 'id': '22536055'}]	[]	[]	15	12	40	[]	[]	https://twitter.com/UriahHallMMA/status/449998426152120322	False		0								[]				
449986175852240896	449986175852240896	2014-03-30 04:07:19 KST	2014-03-30	04:07:19	+0900	26687751	dezduron	Dez Duron		American Airlines... How you gonna put us on this plane make us wait for thirty minutes and then tell us the flights delayed another hour?!	en	[]	[]	[]	8	5	61	[]	[]	https://twitter.com/DezDuron/status/449986175852240896	False		0								[]				
449977810145120256	449977810145120256	2014-03-30 03:34:04 KST	2014-03-30	03:34:04	+0900	255322130	patcorcoran	Pat Corcoran		just my 2 cents: @AmericanAir can suck my NADS	en	[{'screen_name': 'americanair', 'name': 'americanair', 'id': '22536055'}]	[]	[]	1	3	10	[]	[]	https://twitter.com/patcorcoran/status/449977810145120256	False		0								[]				
449935863812993025	449935863812993025	2014-03-30 00:47:24 KST	2014-03-30	00:47:24	+0900	17469289	nypost	New York Post		"American Airlines apologized for a ""cruel"" note an employee attached to a deaf couple's bag  http://t.co/UIZokjHK4s"	en	[]	['http://nyp.st/O7eiwt']	[]	8	19	15	[]	[]	https://twitter.com/nypost/status/449935863812993025	False		0								[]				
449930312324509696	449928812713619456	2014-03-30 00:25:20 KST	2014-03-30	00:25:20	+0900	1947419910	teams4taps	teams4taps		@Windy25Memorial @CarminesNYC @Run4TAPS @TAPS4America @Sporteer @USAA @AmericanAir ~ What an amazing event this will be~such great support!	en	"[{'screen_name': 'carminesnyc', 'name': ""carmine's italian restaurant"", 'id': '78062644'}, {'screen_name': 'run4taps', 'name': 'team taps', 'id': '45353321'}, {'screen_name': 'taps4america', 'name': 'taps4america', 'id': '735332516375203845'}, {'screen_name': 'sporteer', 'name': 'sporteer', 'id': '1262676236'}, {'screen_name': 'usaa', 'name': 'usaa', 'id': '16584443'}, {'screen_name': 'americanair', 'name': 'americanair', 'id': '22536055'}]"	[]	[]	0	3	11	[]	[]	https://twitter.com/teams4taps/status/449930312324509696	False		0								[]				
449737346330529792	449731425646809088	2014-03-29 11:38:33 KST	2014-03-29	11:38:33	+0900	23737582	druiddude	Kevin McHale		@AmericanAir also, those new planes are beautiful. 👏👏👏 (plane freak over here)	en	[]	[]	[]	4	15	30	[]	[]	https://twitter.com/druidDUDE/status/449737346330529792	False		0								[]				
449736191231795200	449731425646809088	2014-03-29 11:33:58 KST	2014-03-29	11:33:58	+0900	23737582	druiddude	Kevin McHale		"@AmericanAir kanye, Motown, ""Africa"" by Toto?"	in	[]	[]	[]	2	12	33	[]	[]	https://twitter.com/druidDUDE/status/449736191231795200	False		0								[]				
449734298090762240	449731425646809088	2014-03-29 11:26:26 KST	2014-03-29	11:26:26	+0900	23737582	druiddude	Kevin McHale		@AmericanAir I like the music, but a lil diversity would be cool ;)	en	[]	[]	[]	3	11	30	[]	[]	https://twitter.com/druidDUDE/status/449734298090762240	False		0								[]				
449731425646809088	449731425646809088	2014-03-29 11:15:02 KST	2014-03-29	11:15:02	+0900	23737582	druiddude	Kevin McHale		"Does @AmericanAir have a deal with @taylorswift13 because I feel like they have ""Back to December"" on loop."	en	[{'screen_name': 'americanair', 'name': 'americanair', 'id': '22536055'}, {'screen_name': 'taylorswift13', 'name': 'taylor swift', 'id': '17919972'}]	[]	[]	53	154	449	[]	[]	https://twitter.com/druidDUDE/status/449731425646809088	False		0								[]				
449708763977887744	449708763977887744	2014-03-29 09:44:59 KST	2014-03-29	09:44:59	+0900	14521427	danabrunetti	Dana Brunetti		Totally digging the new @AmericanAirlines domestic flights. Yes, those are what they look like next to my wine.  http://t.co/FEzHFAnlTt	en	[]	['http://www.whosay.com/l/Lqr85eB']	[]	4	1	17	[]	[]	https://twitter.com/DanaBrunetti/status/449708763977887744	False		0								[]				
449623814737887232	449623814737887232	2014-03-29 04:07:25 KST	2014-03-29	04:07:25	+0900	24083704	kevinfowler	Kevin Fowler		American Airlines lost our guitar in Jan and won't pay. AA, I'm gonna wear your ass out until you make it right. Pls retweet. @americanair	en	[{'screen_name': 'americanair', 'name': 'americanair', 'id': '22536055'}]	[]	[]	32	1048	266	[]	[]	https://twitter.com/KevinFowler/status/449623814737887232	False		0								[]				
449584120826695680	449584120826695680	2014-03-29 01:29:41 KST	2014-03-29	01:29:41	+0900	1094298674	joshuahenry20	Joshua Henry		Broadway, how I missed you. See you tonight at the American Airlines Theater!  #1stpreview #Violet	en	[]	[]	[]	2	1	18	['1stpreview', 'violet']	[]	https://twitter.com/joshuahenry20/status/449584120826695680	False		0								[]				
449547561687199745	449547561687199745	2014-03-28 23:04:25 KST	2014-03-28	23:04:25	+0900	32472585	bcefa	Broadway Cares		.@sfosternyc returns to Broadway in @RTC_NYC's #Violet tonight, beginning previews at the American Airlines Theater.  http://t.co/ECkw0vKR6d	en	[{'screen_name': 'sfosternyc', 'name': 'sutton foster', 'id': '257796122'}, {'screen_name': 'rtc_nyc', 'name': 'roundabout', 'id': '921123431319470080'}]	['http://ow.ly/uSEg0']	[]	1	3	14	['violet']	[]	https://twitter.com/BCEFA/status/449547561687199745	False		0								[]				
449337339169366016	449334285527314432	2014-03-28 09:09:04 KST	2014-03-28	09:09:04	+0900	183075111	capitalcities	Capital Cities		.@AmericanAir AA2337. Houston to Dallas	en	[{'screen_name': 'americanair', 'name': 'americanair', 'id': '22536055'}]	[]	[]	10	4	24	[]	[]	https://twitter.com/capitalcities/status/449337339169366016	False		0								[]				
449334285527314432	449334285527314432	2014-03-28 08:56:56 KST	2014-03-28	08:56:56	+0900	183075111	capitalcities	Capital Cities		It sounds like Chewbacca is stuck in the landing gear of this @AmericanAir plane. Gllllaaaaaaaaa.....every ten seconds!	en	[{'screen_name': 'americanair', 'name': 'americanair', 'id': '22536055'}]	[]	[]	5	12	48	[]	[]	https://twitter.com/capitalcities/status/449334285527314432	False		0								[]				
449329237670260736	449329237670260736	2014-03-28 08:36:53 KST	2014-03-28	08:36:53	+0900	27220988	alice_fearn	Alice Fearn		The @ScoundrelsUK loving the @AmericanAir party at the Savoy!  http://t.co/MxSlBUkaVA	en	[{'screen_name': 'scoundrelsuk', 'name': 'scoundrels uk', 'id': '2153547962'}, {'screen_name': 'americanair', 'name': 'americanair', 'id': '22536055'}]	[]	['https://pbs.twimg.com/media/BjxWj5SIUAE5T-q.jpg']	0	5	16	[]	[]	https://twitter.com/alice_fearn/status/449329237670260736	False		1	https://pbs.twimg.com/media/BjxWj5SIUAE5T-q.jpg							[]				
449314642460815360	449314642460815360	2014-03-28 07:38:53 KST	2014-03-28	07:38:53	+0900	28016036	barenakedladies	Barenaked Ladies		"The American Airlines gate agent just made the announcement ""Hey Barenaked Ladies guy, we're ready to go to Dallas now"" #KeepItProfessional"	en	[]	[]	[]	11	28	96	['keepitprofessional']	[]	https://twitter.com/barenakedladies/status/449314642460815360	False		0								[]				
449288036510334976	449288036510334976	2014-03-28 05:53:09 KST	2014-03-28	05:53:09	+0900	27220988	alice_fearn	Alice Fearn		Thanks for the bags @AmericanAir!! Do we look warm enough?! @ScoundrelsUK do west end bares!!  http://t.co/li9Zg5hlXC	en	[{'screen_name': 'americanair', 'name': 'americanair', 'id': '22536055'}, {'screen_name': 'scoundrelsuk', 'name': 'scoundrels uk', 'id': '2153547962'}]	[]	['https://pbs.twimg.com/media/BjwxFq6IMAAMFx4.jpg']	0	2	11	[]	[]	https://twitter.com/alice_fearn/status/449288036510334976	False		1	https://pbs.twimg.com/media/BjwxFq6IMAAMFx4.jpg							[]				
449253165733408768	449253165733408768	2014-03-28 03:34:36 KST	2014-03-28	03:34:36	+0900	17542901	nikkibenz	NIKKI BENZ		I have 200 thousand miles to go with @AmericanAir to get to 1 million. #iTravelALot	en	[{'screen_name': 'americanair', 'name': 'americanair', 'id': '22536055'}]	[]	[]	9	1	14	['itravelalot']	[]	https://twitter.com/nikkibenz/status/449253165733408768	False		0								[]				
449195663109009408	449192380579594240	2014-03-27 23:46:06 KST	2014-03-27	23:46:06	+0900	16582578	killthenoise	jake the human		Play free bird “@AmericanAir: @killthenoise We're glad you're enjoying the tunes!”	en	[{'screen_name': 'americanair', 'name': 'americanair', 'id': '22536055'}, {'screen_name': 'killthenoise', 'name': 'jake the human', 'id': '16582578'}]	[]	[]	2	12	33	[]	[]	https://twitter.com/killthenoise/status/449195663109009408	False		0								[]				
449192380579594240	449192380579594240	2014-03-27 23:33:03 KST	2014-03-27	23:33:03	+0900	16582578	killthenoise	jake the human		Ha! @AmericanAir playing a piano cover of clarity! Now u know ya made it dog! @Zedd	en	[{'screen_name': 'americanair', 'name': 'americanair', 'id': '22536055'}, {'screen_name': 'zedd', 'name': 'zedd', 'id': '155705264'}]	[]	[]	6	17	62	[]	[]	https://twitter.com/killthenoise/status/449192380579594240	False		0								[]				
448934434440368128	448934434440368128	2014-03-27 06:28:04 KST	2014-03-27	06:28:04	+0900	40068395	latrioli	Virginia Trioli		Molto brilliant: RT @Brilliant_Ads: American Airlines: New York to Sydney  http://t.co/3mFbLuWMzE	en	[{'screen_name': 'brilliant_ads', 'name': 'brilliant ads', 'id': '564686965'}]	['https://twitter.com/Brilliant_Ads/status/448919952742187009/photo/1']	[]	5	47	39	[]	[]	https://twitter.com/LaTrioli/status/448934434440368128	False		0								[]				
448931332886765568	448931332886765568	2014-03-27 06:15:45 KST	2014-03-27	06:15:45	+0900	20803216	billymorrison	BILLY MORRISON		Gotta say…. credit where it’s due. The new @AmericanAir A321T to Noo Yoik is very good. Thanks for the WiFi :))  http://t.co/zhD11rcf1Y	en	[{'screen_name': 'americanair', 'name': 'americanair', 'id': '22536055'}]	[]	['https://pbs.twimg.com/media/BjrsqyUCIAAcsWB.jpg']	0	1	16	[]	[]	https://twitter.com/BillyMorrison/status/448931332886765568	False		1	https://pbs.twimg.com/media/BjrsqyUCIAAcsWB.jpg							[]				
448931139533549568	448931139533549568	2014-03-27 06:14:59 KST	2014-03-27	06:14:59	+0900	330504751	airlinegeeks	AirlineGeeks		#Avgeek Photo of the Day: @AmericanAir B737-823 over the famous Maho Beach at @sxmtweets on July 4th. ^IM  http://t.co/RKSlm25yI1	en	[{'screen_name': 'americanair', 'name': 'americanair', 'id': '22536055'}, {'screen_name': 'sxmtweets', 'name': 'sxm airport', 'id': '612895327'}]	[]	['https://pbs.twimg.com/media/Bjrsfi0CMAARx50.jpg']	2	7	11	['avgeek']	[]	https://twitter.com/AirlineGeeks/status/448931139533549568	False		1	https://pbs.twimg.com/media/Bjrsfi0CMAARx50.jpg							[]				
448843747028402176	448843747028402176	2014-03-27 00:27:43 KST	2014-03-27	00:27:43	+0900	61452308	planblive	PLAN B		Are u ready Miami? @miamibash 2014 en AmericanAirlines Arena 10 de abril Boletos aqui: http://t.co/LsvTFshl96  http://t.co/Eo1d9VdLJB	es	[{'screen_name': 'miamibash', 'name': 'miamibash', 'id': '2350598833'}]	['http://bit.ly/miamibash14tix']	['https://pbs.twimg.com/media/BidO848IQAAQMO0.jpg']	1	19	17	[]	[]	https://twitter.com/PLANBLIVE/status/448843747028402176	False		1	https://pbs.twimg.com/media/BidO848IQAAQMO0.jpg							[]				
448827504384430080	448827504384430080	2014-03-26 23:23:10 KST	2014-03-26	23:23:10	+0900	17486893	atrak	Kebab Saget		American Airlines now had muzak versions of EDM songs when you board. The cultural penetration is very real, ayo!	en	[]	[]	[]	11	31	69	[]	[]	https://twitter.com/atrak/status/448827504384430080	False		0								[]				
448593658678636544	448593658678636544	2014-03-26 07:53:57 KST	2014-03-26	07:53:57	+0900	979662576	tony_sheffler	Tony Sheffler		Can someone explain to me why an airplanes black box is not in the cloud? @Cisco @united @AmericanAir | maybe @BoxHQ &amp; @levie can weigh in?	en	[{'screen_name': 'cisco', 'name': 'cisco', 'id': '15749983'}, {'screen_name': 'united', 'name': 'united airlines', 'id': '260907612'}, {'screen_name': 'americanair', 'name': 'americanair', 'id': '22536055'}, {'screen_name': 'boxhq', 'name': 'boxhq', 'id': '1049436168264151041'}, {'screen_name': 'levie', 'name': 'aaron levie', 'id': '914061'}]	[]	[]	6	11	14	[]	[]	https://twitter.com/tony_sheffler/status/448593658678636544	False		0								[]				
448587313669767171	448587313669767171	2014-03-26 07:28:44 KST	2014-03-26	07:28:44	+0900	148738181	billytolley	Billy Tolley		I think you mean intriguing ;-) RT @Isabella300ff @BillyTolley @AmericanAir lol your fetish for carpets is bit disturbing Billy lol	en	[{'screen_name': 'isabella300ff', 'name': 'isabella', 'id': '530997428'}, {'screen_name': 'billytolley', 'name': 'billy tolley', 'id': '148738181'}, {'screen_name': 'americanair', 'name': 'americanair', 'id': '22536055'}]	[]	[]	3	4	21	[]	[]	https://twitter.com/BillyTolley/status/448587313669767171	False		0								[]				
448586230716854272	448586230716854272	2014-03-26 07:24:26 KST	2014-03-26	07:24:26	+0900	148738181	billytolley	Billy Tolley		I've seen worse. This is one cool :) RT @AmericanAir @billytolley We try to have an #interesting pattern, Billy. Have a great evening!	en	[{'screen_name': 'americanair', 'name': 'americanair', 'id': '22536055'}, {'screen_name': 'billytolley', 'name': 'billy tolley', 'id': '148738181'}]	[]	[]	2	5	24	['interesting']	[]	https://twitter.com/BillyTolley/status/448586230716854272	False		0								[]				
448544331654516736	448544331654516736	2014-03-26 04:37:56 KST	2014-03-26	04:37:56	+0900	148738181	billytolley	Billy Tolley		#randomcarpetcollection #americanairlines  http://t.co/l2k7qgk9Qv	und	[]	['http://instagram.com/p/l-kNguuuMv/']	[]	8	3	19	['randomcarpetcollection', 'americanairlines']	[]	https://twitter.com/BillyTolley/status/448544331654516736	False		0								[]				
448507922713419777	448507922713419777	2014-03-26 02:13:16 KST	2014-03-26	02:13:16	+0900	310687757	jarpad	Jared Padalecki		.@AmericanAir I've now repeatedly tried to contact you. Guess what, you're nowhere to be found.	en	[{'screen_name': 'americanair', 'name': 'americanair', 'id': '22536055'}]	[]	[]	239	450	1814	[]	[]	https://twitter.com/jarpad/status/448507922713419777	False		0								[]				
448507357644222464	448213602554494976	2014-03-26 02:11:01 KST	2014-03-26	02:11:01	+0900	310687757	jarpad	Jared Padalecki		@AmericanAir I've just sent you a DM. Please respond	en	[]	[]	[]	14	118	462	[]	[]	https://twitter.com/jarpad/status/448507357644222464	False		0								[]				
448443814072819712	448443814072819712	2014-03-25 21:58:31 KST	2014-03-25	21:58:31	+0900	14614833	passagensaereas	Melhores Destinos		Boa notícia! American Airlines agora permite paradas grátis em cidades de conexão!  http://t.co/5FhkTaPmIe	pt	[]	['http://ow.ly/uWlNl']	[]	4	31	32	[]	[]	https://twitter.com/passagensaereas/status/448443814072819712	False		0								[]				
448442582738415616	448442582738415616	2014-03-25 21:53:38 KST	2014-03-25	21:53:38	+0900	43905579	luxetiffany	Tiffany Dowd		Gorgeous view of #Miami today! @AmericanAir #travel  http://t.co/zbeDp3HpWg	en	[{'screen_name': 'americanair', 'name': 'americanair', 'id': '22536055'}]	[]	['https://pbs.twimg.com/media/BjkwJyNIAAEnjM0.jpg']	1	2	13	['miami', 'travel']	[]	https://twitter.com/LuxeTiffany/status/448442582738415616	False		1	https://pbs.twimg.com/media/BjkwJyNIAAEnjM0.jpg							[]				
448258383876227072	448258383876227072	2014-03-25 09:41:41 KST	2014-03-25	09:41:41	+0900	368381739	denisbrogniart	Denis Brogniart		Pour ceux qui se couchent tard photo depuis l'american Airlines arena de miami. Miami/ portland.  Quelle ambiance  http://t.co/7wkluxmwui	fr	[]	[]	['https://pbs.twimg.com/media/BjiIn_LIgAApnl-.jpg']	8	22	35	[]	[]	https://twitter.com/DenisBrogniart/status/448258383876227072	False		1	https://pbs.twimg.com/media/BjiIn_LIgAApnl-.jpg							[]				
448251730804092928	448251730804092928	2014-03-25 09:15:15 KST	2014-03-25	09:15:15	+0900	308556440	nhljets	Winnipeg Jets		It's almost that time again! The Jets take the ice at American Airlines Center. Puck drops at 7:30 p.m.  http://t.co/3o5Ubwl7Ja	en	[]	['http://instagram.com/p/l8fIeNDVsX/']	[]	1	0	12	[]	[]	https://twitter.com/NHLJets/status/448251730804092928	False		0								[]				
448213602554494976	448213602554494976	2014-03-25 06:43:44 KST	2014-03-25	06:43:44	+0900	310687757	jarpad	Jared Padalecki		.@AmericanAir the way you treat your customers SICKENS me. i will do everything in my power to never fly your airline again.	en	[{'screen_name': 'americanair', 'name': 'americanair', 'id': '22536055'}]	[]	[]	485	833	2598	[]	[]	https://twitter.com/jarpad/status/448213602554494976	False		0								[]				
448136093485907968	448136093485907968	2014-03-25 01:35:45 KST	2014-03-25	01:35:45	+0900	308556440	nhljets	Winnipeg Jets		Time for the morning skate at American Airlines Center! Jets vs Stars tonight at 7:30 pm CT.  http://t.co/F3joujaYpd	en	[]	[]	['https://pbs.twimg.com/media/BjgZZw0CUAA66nA.jpg']	0	8	25	[]	[]	https://twitter.com/NHLJets/status/448136093485907968	False		1	https://pbs.twimg.com/media/BjgZZw0CUAA66nA.jpg							[]				
447956192837378048	447956192837378048	2014-03-24 13:40:53 KST	2014-03-24	13:40:53	+0900	626802201	gabeikard	Gabe Ikard		"Sorry American Airlines, but a ""Gourmet Cheese Plate"" is not a dessert. Ever.  http://t.co/A5eUmsRv82"	en	[]	[]	['https://pbs.twimg.com/media/Bjd1yKvCUAAaYvd.jpg']	2	0	15	[]	[]	https://twitter.com/GabeIkard/status/447956192837378048	False		1	https://pbs.twimg.com/media/Bjd1yKvCUAAaYvd.jpg							[]				
447888739843715072	447888739843715072	2014-03-24 09:12:51 KST	2014-03-24	09:12:51	+0900	102790509	jessemetcalfe	Jesse Metcalfe		Gametime! #Brooklyn in the house. #LetsGoMavs #Tammy w/ the photo-bomb. @ American Airlines Center  http://t.co/LwFCZu8eqt	en	[]	['http://instagram.com/p/l56FQ_jK74/']	[]	4	3	17	['brooklyn', 'letsgomavs', 'tammy']	[]	https://twitter.com/jessemetcalfe/status/447888739843715072	False		0								[]				
447786455096909824	447786455096909824	2014-03-24 02:26:25 KST	2014-03-24	02:26:25	+0900	14328072	chold	Casey Holdahl		American Airlines Arena smells surprisingly fresh despite the fact there was a Miley Cyrus concert here last night	en	[]	[]	[]	4	9	13	[]	[]	https://twitter.com/CHold/status/447786455096909824	False		0								[]				
447572308878966784	447572308878966784	2014-03-23 12:15:28 KST	2014-03-23	12:15:28	+0900	22641532	brandicyrus	Brandi Cyrus		#bangerz @ American Airlines arena  http://t.co/ZZ5lxyyZLE	en	[]	['http://instagram.com/p/l3qL6ohpZQ/']	[]	7	42	61	['bangerz']	[]	https://twitter.com/BrandiCyrus/status/447572308878966784	False		0								[]				
447439942285656065	447439942285656065	2014-03-23 03:29:29 KST	2014-03-23	03:29:29	+0900	21713551	starsinsideedge	Mark Stepneski		Kari Lehtonen leads the Dallas Stars onto the ice at the American Airlines Center.	en	[]	[]	[]	2	9	31	[]	[]	https://twitter.com/StarsInsideEdge/status/447439942285656065	False		0								[]				
447164288244125696	447164288244125696	2014-03-22 09:14:08 KST	2014-03-22	09:14:08	+0900	297492186	izgutierrez	Izzy Gutierrez		Pretty sure Roger Federer is rockin the Red October Yeezys here at AmericanAirlines Arena.	en	[]	[]	[]	0	4	16	[]	[]	https://twitter.com/IzGutierrez/status/447164288244125696	False		0								[]				
447155792639033344	447155792639033344	2014-03-22 08:40:23 KST	2014-03-22	08:40:23	+0900	1079108184	lifeaseva	eva gutowski		just got charged $400 by @AmericanAir  to change an itinerary error. not too happy :/	en	[{'screen_name': 'americanair', 'name': 'americanair', 'id': '22536055'}]	[]	[]	4	2	49	[]	[]	https://twitter.com/lifeaseva/status/447155792639033344	False		0								[]				
447103603837132800	447103603837132800	2014-03-22 05:13:00 KST	2014-03-22	05:13:00	+0900	18224432	djvice	VICE		I'm exec platinum on @AmericanAir and for once flew @United to San Fran. Last row, aisle next to bathroom...thanks  http://t.co/TT3yZTujjG	en	[{'screen_name': 'americanair', 'name': 'americanair', 'id': '22536055'}, {'screen_name': 'united', 'name': 'united airlines', 'id': '260907612'}]	[]	['https://pbs.twimg.com/media/BjRuW9QCAAANCtz.jpg']	11	1	13	[]	[]	https://twitter.com/djvice/status/447103603837132800	False		1	https://pbs.twimg.com/media/BjRuW9QCAAANCtz.jpg							[]				
447005277305315329	447005277305315329	2014-03-21 22:42:17 KST	2014-03-21	22:42:17	+0900	483192121	thewookieeroars	Peter Mayhew Foundation		Crappy seats again. Makes rehab so easy. Just kidding. It really sucks. Thanks @AmericanAir  http://t.co/BABTBsjHUh	en	[{'screen_name': 'americanair', 'name': 'americanair', 'id': '22536055'}]	[]	['https://pbs.twimg.com/media/BjQU7mRCIAAONr2.jpg']	50	32	51	[]	[]	https://twitter.com/TheWookieeRoars/status/447005277305315329	False		1	https://pbs.twimg.com/media/BjQU7mRCIAAONr2.jpg							[]				
446772756768518144	446767964813922304	2014-03-21 07:18:20 KST	2014-03-21	07:18:20	+0900	397498830	philipsherburne	Philip Sherburne		".@AmericanAir @edwarddroste ""We're Sorry If You're Not Enjoying the Mixed Nuts, Edward"" -- Grizzly Bear's next album, dropping fall 2014."	en	[{'screen_name': 'americanair', 'name': 'americanair', 'id': '22536055'}, {'screen_name': 'edwarddroste', 'name': 'ed droste', 'id': '3771207262'}]	[]	[]	0	5	12	[]	[]	https://twitter.com/PhilipSherburne/status/446772756768518144	False		0								[]				
446721518471364609	446721518471364609	2014-03-21 03:54:44 KST	2014-03-21	03:54:44	+0900	39346451	iraheatbeat	Ira Winderman		The Heat are planning a special commemorative championship-ring moment for Mike Miller for Friday's return to AmericanAirlines Arena.	en	[]	[]	[]	12	83	60	[]	[]	https://twitter.com/IraHeatBeat/status/446721518471364609	False		0								[]				
446719234454720512	446719234454720512	2014-03-21 03:45:39 KST	2014-03-21	03:45:39	+0900	37876253	brucegreene	Bruce Greene		Vacation Tip #4: Never EVER fly @AmericanAir because they hand out delays like I blow out farts.	en	[{'screen_name': 'americanair', 'name': 'americanair', 'id': '22536055'}]	[]	[]	2	4	23	[]	[]	https://twitter.com/brucegreene/status/446719234454720512	False		0								[]				
446712310329913344	446712310329913344	2014-03-21 03:18:08 KST	2014-03-21	03:18:08	+0900	132166240	colindonnell	COLIN DONNELL		It’s moving day all around! @PattiMurin is starting OUR move (!) &amp; #Violet moves into our new home at the @AmericanAir on 42nd! @RTC_NYC	en	[{'screen_name': 'pattimurin', 'name': 'patti murin', 'id': '368978939'}, {'screen_name': 'americanair', 'name': 'americanair', 'id': '22536055'}, {'screen_name': 'rtc_nyc', 'name': 'roundabout', 'id': '921123431319470080'}]	[]	[]	1	1	17	['violet']	[]	https://twitter.com/colindonnell/status/446712310329913344	False		0								[]				
446628540533202944	446628540533202944	2014-03-20 21:45:16 KST	2014-03-20	21:45:16	+0900	397037059	spencerludwig	Spencer Ludwig		just landed in Miami and American Airlines puts on a solo piano version @thenbhd sweater song #nextlevel	en	[{'screen_name': 'thenbhd', 'name': 'the neighbourhood', 'id': '352689883'}]	[]	[]	1	0	11	['nextlevel']	[]	https://twitter.com/SpencerLudwig/status/446628540533202944	False		0								[]				
446495498875068416	446495498875068416	2014-03-20 12:56:37 KST	2014-03-20	12:56:37	+0900	117093671	allwaltrip	Darrell Waltrip		Had a very nice flight to #LAX on #AmericanAirlines, on the ground headed to the hotel, 3rd to to the west coast in 4 weeks!	en	[]	[]	[]	26	2	45	['lax', 'americanairlines']	[]	https://twitter.com/AllWaltrip/status/446495498875068416	False		0								[]				
446388211523522560	446388211523522560	2014-03-20 05:50:17 KST	2014-03-20	05:50:17	+0900	29304837	dallasstars	Dallas Stars		ENTER the @AmericanAir Breakaway sweeps for chance to win 2 tix, travel/hotel accomodations to tilt vs PHX on 4/13!--&gt; http://t.co/iPHcuDAyvC	en	[{'screen_name': 'americanair', 'name': 'americanair', 'id': '22536055'}]	['http://ow.ly/uLrne']	[]	4	14	24	[]	[]	https://twitter.com/DallasStars/status/446388211523522560	False		0								[]				
446055486782443521	446055486782443521	2014-03-19 07:48:10 KST	2014-03-19	07:48:10	+0900	110840720	lisavanderpump	Lisa Vanderpump		Even tho it went to Buenos Aires for 9 days!..I have my suitcase! I love you @AmericanAir  Now you can give me a ticket to Buenos Aires.	en	[{'screen_name': 'americanair', 'name': 'americanair', 'id': '22536055'}]	[]	[]	103	34	389	[]	[]	https://twitter.com/LisaVanderpump/status/446055486782443521	False		0								[]				
446054948229627905	446054948229627905	2014-03-19 07:46:01 KST	2014-03-19	07:46:01	+0900	14277276	techstars	Techstars		Big thanks to our global sponsors: @AmericanAir @CooleyLLP @Mastercard @MSFTventures @SoftLayer @SVB_Financial #rgaaccelerator	en	[{'screen_name': 'americanair', 'name': 'americanair', 'id': '22536055'}, {'screen_name': 'cooleyllp', 'name': 'cooley llp', 'id': '119120977'}, {'screen_name': 'mastercard', 'name': 'mastercard', 'id': '75014376'}, {'screen_name': 'msftventures', 'name': 'microsoft ventures', 'id': '737996544083787776'}, {'screen_name': 'svb_financial', 'name': 'silicon valley bank', 'id': '17396865'}]	[]	[]	2	5	10	['rgaaccelerator']	[]	https://twitter.com/techstars/status/446054948229627905	False		0								[]				
446052184485277696	446052184485277696	2014-03-19 07:35:02 KST	2014-03-19	07:35:02	+0900	65668018	rauldemolina	Raúl De Molina		View of Manhattan from window of #AmericanAirlines while landing in New York  http://t.co/j3bGfCSYAI	en	[]	[]	['https://pbs.twimg.com/media/BjCyGSqIUAE5si1.jpg']	3	29	59	['americanairlines']	[]	https://twitter.com/rauldemolina/status/446052184485277696	False		1	https://pbs.twimg.com/media/BjCyGSqIUAE5si1.jpg							[]				
445987356945186816	445987356945186816	2014-03-19 03:17:26 KST	2014-03-19	03:17:26	+0900	1396698397	taylorcaniff	Taylor Caniff		Once again @AmericanAir fails to show respect.. I literally hate flying anymore	en	[{'screen_name': 'americanair', 'name': 'americanair', 'id': '22536055'}]	[]	[]	545	1396	9719	[]	[]	https://twitter.com/taylorcaniff/status/445987356945186816	False		0								[]				
445580203742351361	445580203742351361	2014-03-18 00:19:33 KST	2014-03-18	00:19:33	+0900	2211385111	chrisbabb52	Chris Babb		Game day! Crazy feeling being back in Dallas, playing at the American Airlines Center!	en	[]	[]	[]	3	12	43	[]	[]	https://twitter.com/ChrisBabb52/status/445580203742351361	False		0								[]				
445567743551868929	445567743551868929	2014-03-17 23:30:02 KST	2014-03-17	23:30:02	+0900	235716665	giltcity	Gilt City		"Enter to win a trip to NYC &amp; see “If/Then."" Flights &amp; hotel by @AmericanAir &amp; @sheratonhotels:  http://t.co/ZKmCZql8Zc  http://t.co/ptC6hwhc6J"	en	[{'screen_name': 'americanair', 'name': 'americanair', 'id': '22536055'}, {'screen_name': 'sheratonhotels', 'name': 'sheraton', 'id': '153833998'}]	['http://gi.lt/1iSpg7H']	['https://pbs.twimg.com/media/Bi75gHlIYAA-Fv4.jpg']	0	6	17	[]	[]	https://twitter.com/giltcity/status/445567743551868929	False		1	https://pbs.twimg.com/media/Bi75gHlIYAA-Fv4.jpg							[]				
445500101751226369	445422632280666112	2014-03-17 19:01:15 KST	2014-03-17	19:01:15	+0900	248747209	ashleyjudd	ashley judd		"Suitable amends would be to send me to Hawaii! “@AmericanAir:  Our apologies your luggage went on a Hawaiian vacation without you, Ashley."""	en	[{'screen_name': 'americanair', 'name': 'americanair', 'id': '22536055'}]	[]	[]	7	10	35	[]	[]	https://twitter.com/AshleyJudd/status/445500101751226369	False		0								[]				
445260426805514240	445260426805514240	2014-03-17 03:08:52 KST	2014-03-17	03:08:52	+0900	79827261	jennawolfe	Jenna Wolfe		Dear @AmericanAir ... Brace yourself, here we come!!!! (@harperestelle 's 1st vaca)  http://t.co/PET21qY9rV	en	[{'screen_name': 'americanair', 'name': 'americanair', 'id': '22536055'}, {'screen_name': 'harperestelle', 'name': 'harper wolfeld-gosk', 'id': '1696500240'}]	[]	['https://pbs.twimg.com/media/Bi3h_7eIEAE9kg8.jpg']	20	9	129	[]	[]	https://twitter.com/JennaWolfe/status/445260426805514240	False		1	https://pbs.twimg.com/media/Bi3h_7eIEAE9kg8.jpg							[]				
445234683022819328	445219597755490304	2014-03-17 01:26:35 KST	2014-03-17	01:26:35	+0900	110840720	lisavanderpump	Lisa Vanderpump		@ksm2002 @AmericanAir  No I still have those they were in ..My hand luggage	en	[{'screen_name': 'americanair', 'name': 'americanair', 'id': '22536055'}]	[]	[]	4	2	22	[]	[]	https://twitter.com/LisaVanderpump/status/445234683022819328	False		0								[]				
445234089642426369	445234089642426369	2014-03-17 01:24:13 KST	2014-03-17	01:24:13	+0900	61452308	planblive	PLAN B		Are u ready Miami? @miamibash 2014 en AmericanAirlines Arena 10 de abril Boletos aqui: http://t.co/LsvTFshl96  http://t.co/Eo1d9VdLJB	es	[{'screen_name': 'miamibash', 'name': 'miamibash', 'id': '2350598833'}]	['http://bit.ly/miamibash14tix']	['https://pbs.twimg.com/media/BidO848IQAAQMO0.jpg']	1	22	23	[]	[]	https://twitter.com/PLANBLIVE/status/445234089642426369	False		1	https://pbs.twimg.com/media/BidO848IQAAQMO0.jpg							[]				
445221428002959361	445219597755490304	2014-03-17 00:33:54 KST	2014-03-17	00:33:54	+0900	110840720	lisavanderpump	Lisa Vanderpump		@WhotsWot @AmericanAir yes but you travel with your favourite things..ugh	en	[{'screen_name': 'americanair', 'name': 'americanair', 'id': '22536055'}]	[]	[]	3	1	13	[]	[]	https://twitter.com/LisaVanderpump/status/445221428002959361	False		0								[]				
445219597755490304	445219597755490304	2014-03-17 00:26:38 KST	2014-03-17	00:26:38	+0900	110840720	lisavanderpump	Lisa Vanderpump		And no @AmericanAir they still haven't found my bag,full of my favorite things. It's a week today and I hate them.	en	[{'screen_name': 'americanair', 'name': 'americanair', 'id': '22536055'}]	[]	[]	116	27	246	[]	[]	https://twitter.com/LisaVanderpump/status/445219597755490304	False		0								[]				
445199857792610304	445199857792610304	2014-03-16 23:08:12 KST	2014-03-16	23:08:12	+0900	20177423	ellemagazine	ELLE Magazine (US)		.@AmericanAir we MUST know how the @psimadethis love story ends up! We are ON EDGE!	en	[{'screen_name': 'americanair', 'name': 'americanair', 'id': '22536055'}, {'screen_name': 'psimadethis', 'name': 'p.s.- i made this...', 'id': '25402789'}]	[]	[]	4	14	50	[]	[]	https://twitter.com/ELLEmagazine/status/445199857792610304	False		0								[]				
445198600965210112	445196959486210049	2014-03-16 23:03:12 KST	2014-03-16	23:03:12	+0900	25402789	psimadethis	P.S.- I made this...		"Thnx @AmericanAir. Fitting that he was sitting in 2B... Like, we're meant ""to be"""	en	[{'screen_name': 'americanair', 'name': 'americanair', 'id': '22536055'}]	[]	[]	9	11	46	[]	[]	https://twitter.com/psimadethis/status/445198600965210112	False		0								[]				
445043989603811328	445042914616688640	2014-03-16 12:48:50 KST	2014-03-16	12:48:50	+0900	25402789	psimadethis	P.S.- I made this...		@AmericanAir what happened 2 romance? I'm just a girl, standin in front of the world,asking an airline to help her (2 quote Nottingham Hill)	en	[]	[]	[]	4	21	40	[]	[]	https://twitter.com/psimadethis/status/445043989603811328	False		0								[]				
445042914616688640	445042914616688640	2014-03-16 12:44:34 KST	2014-03-16	12:44:34	+0900	25402789	psimadethis	P.S.- I made this...		Dear @AmericanAir: just got off my flight with my future husband, but didn't catch his full name. Wanna be match maker #flight1037	en	[{'screen_name': 'americanair', 'name': 'americanair', 'id': '22536055'}]	[]	[]	29	115	159	['flight1037']	[]	https://twitter.com/psimadethis/status/445042914616688640	False		0								[]				
444997579479465984	444997579479465984	2014-03-16 09:44:25 KST	2014-03-16	09:44:25	+0900	33627557	wolfiesmom	Valerie Bertinelli		#loving the new airbus @AmericanAir Such a lovely crew 👏 Hello New York!	en	[{'screen_name': 'americanair', 'name': 'americanair', 'id': '22536055'}]	[]	[]	6	4	24	['loving']	[]	https://twitter.com/Wolfiesmom/status/444997579479465984	False		0								[]				
444981533053435905	444939765784526849	2014-03-16 08:40:39 KST	2014-03-16	08:40:39	+0900	90472293	emtothea	Emily Andras		Promise me you'll always whisper my name when you sit by the bathroom. @AmericanAir	en	[{'screen_name': 'americanair', 'name': 'americanair', 'id': '22536055'}]	[]	[]	3	0	15	[]	[]	https://twitter.com/emtothea/status/444981533053435905	False		0								[]				
444979565472251904	444939765784526849	2014-03-16 08:32:50 KST	2014-03-16	08:32:50	+0900	90472293	emtothea	Emily Andras		Well, @AmericanAir, I've landed in Toronto. I'm on the ground. I hope this doesn't change things between us.	en	[{'screen_name': 'americanair', 'name': 'americanair', 'id': '22536055'}]	[]	[]	3	0	17	[]	[]	https://twitter.com/emtothea/status/444979565472251904	False		0								[]				
444969211253645312	444952749873319936	2014-03-16 07:51:41 KST	2014-03-16	07:51:41	+0900	110840720	lisavanderpump	Lisa Vanderpump		@AmericanAir @thejonnyfine  Where is my bag	en	[{'screen_name': 'thejonnyfine', 'name': 'jonny', 'id': '2413430908'}]	[]	[]	12	5	24	[]	[]	https://twitter.com/LisaVanderpump/status/444969211253645312	False		0								[]				
444961607026630656	444961607026630656	2014-03-16 07:21:28 KST	2014-03-16	07:21:28	+0900	90472293	emtothea	Emily Andras		Just to be clear, I'm in the 2nd last row. Not the last: that's where you put the chumps (but your secret's safe with me.) @AmericanAir	en	[{'screen_name': 'americanair', 'name': 'americanair', 'id': '22536055'}]	[]	[]	1	1	11	[]	[]	https://twitter.com/emtothea/status/444961607026630656	False		0								[]				
444958931581165568	444939765784526849	2014-03-16 07:10:50 KST	2014-03-16	07:10:50	+0900	90472293	emtothea	Emily Andras		Wow, thanks! My gaming skills include making twitter jokes in flight instead of doing actual work, and sitting by the bathroom.@AmericanAir	en	[{'screen_name': 'americanair', 'name': 'americanair', 'id': '22536055'}]	[]	[]	3	0	11	[]	[]	https://twitter.com/emtothea/status/444958931581165568	False		0								[]				
444949663578615808	444949663578615808	2014-03-16 06:34:01 KST	2014-03-16	06:34:01	+0900	90472293	emtothea	Emily Andras		Guys, I might have misunderstood @AmericanAir, but I'm 90 percent sure they're painting a picture of me on this plane when we land #excited.	en	[{'screen_name': 'americanair', 'name': 'americanair', 'id': '22536055'}]	[]	[]	3	1	21	['excited']	[]	https://twitter.com/emtothea/status/444949663578615808	False		0								[]				
444944991090380800	444939765784526849	2014-03-16 06:15:27 KST	2014-03-16	06:15:27	+0900	90472293	emtothea	Emily Andras		Way ahead of you! They were friendly, courteous AND gave me the entire can. Check. Mate. @AmericanAir	en	[{'screen_name': 'americanair', 'name': 'americanair', 'id': '22536055'}]	[]	[]	5	1	14	[]	[]	https://twitter.com/emtothea/status/444944991090380800	False		0								[]				
444939765784526849	444939765784526849	2014-03-16 05:54:41 KST	2014-03-16	05:54:41	+0900	90472293	emtothea	Emily Andras		Dear @AmericanAir: little irked as was told plane would serve kid-sized glasses of Guinness and show The Deer Hunter, as per #WhiteManMarch.	en	[{'screen_name': 'americanair', 'name': 'americanair', 'id': '22536055'}]	[]	[]	5	2	15	['whitemanmarch']	[]	https://twitter.com/emtothea/status/444939765784526849	False		0								[]				
444577012577882112	444577012577882112	2014-03-15 05:53:14 KST	2014-03-15	05:53:14	+0900	16656350	fox4	FOX 4 NEWS		2014 Allen ISD graduation officially moved to American Airlines Center from Eagle Stadium due to cracked concrete issues.	en	[]	[]	[]	3	145	114	[]	[]	https://twitter.com/FOX4/status/444577012577882112	False		0								[]				
444509371230216192	444509371230216192	2014-03-15 01:24:27 KST	2014-03-15	01:24:27	+0900	21586418	danawhite	danawhite		Oops weigh ins today are at Gilley's Dallas not American Airlines Center	en	[]	[]	[]	59	58	101	[]	[]	https://twitter.com/danawhite/status/444509371230216192	False		0								[]				
444506594030526464	444506594030526464	2014-03-15 01:13:25 KST	2014-03-15	01:13:25	+0900	21586418	danawhite	danawhite		UFC 171 Hendricks vs Lawler weigh ins 2day at American Airlines Arena at 4pm CT!!!  https://t.co/qtBqDhH7jL	en	[]	['https://www.youtube.com/watch?v=r7HPn4-zy34']	[]	38	130	123	[]	[]	https://twitter.com/danawhite/status/444506594030526464	False		0								[]				
444492732627574784	444492732627574784	2014-03-15 00:18:20 KST	2014-03-15	00:18:20	+0900	110840720	lisavanderpump	Lisa Vanderpump		New strategy...forget @AmericanAir ...they don't care,now onto the head of security at Miami airport,soo frustrating!	en	[{'screen_name': 'americanair', 'name': 'americanair', 'id': '22536055'}]	[]	[]	39	8	77	[]	[]	https://twitter.com/LisaVanderpump/status/444492732627574784	False		0								[]				
444299417487552512	444299417487552512	2014-03-14 11:30:10 KST	2014-03-14	11:30:10	+0900	17074755	chriscagle	Chris Cagle		I'm about done with American Airlines!!  It doesn't take much to care about your job!!  I am tired of the continuous bad experiences!	en	[]	[]	[]	11	6	42	[]	[]	https://twitter.com/chriscagle/status/444299417487552512	False		0								[]				
444262344580153344	444262344580153344	2014-03-14 09:02:51 KST	2014-03-14	09:02:51	+0900	17928934	jillandkate	JillandKate		Trying to leave Nashville-lots of ✈️problems but Diania was awesome &amp; SUPER helpful. @AmericanAir -she needs a raise!  http://t.co/H19S2ioo4E	en	[{'screen_name': 'americanair', 'name': 'americanair', 'id': '22536055'}]	[]	['https://pbs.twimg.com/media/BipWP5rIYAANJEF.jpg']	8	3	26	[]	[]	https://twitter.com/Jillandkate/status/444262344580153344	False		1	https://pbs.twimg.com/media/BipWP5rIYAANJEF.jpg							[]				
444210894377988096	444208658772021248	2014-03-14 05:38:24 KST	2014-03-14	05:38:24	+0900	110840720	lisavanderpump	Lisa Vanderpump		@JesseJo75087127 @AmericanAir  He needs to get his company in order	en	[{'screen_name': 'americanair', 'name': 'americanair', 'id': '22536055'}]	[]	[]	8	1	30	[]	[]	https://twitter.com/LisaVanderpump/status/444210894377988096	False		0								[]				
444200679070892033	444193411168342016	2014-03-14 04:57:49 KST	2014-03-14	04:57:49	+0900	110840720	lisavanderpump	Lisa Vanderpump		@AmericanAir  What a load of cods wallop...nobody even returns a call.	en	[]	[]	[]	11	12	27	[]	[]	https://twitter.com/LisaVanderpump/status/444200679070892033	False		0								[]				
444193411168342016	444193411168342016	2014-03-14 04:28:56 KST	2014-03-14	04:28:56	+0900	110840720	lisavanderpump	Lisa Vanderpump		Ok after 50 phone calls about my luggage,I give up @AmericanAir  Does anyone out there know MR American Airlines? Terrible service!!!! Help!	en	[{'screen_name': 'americanair', 'name': 'americanair', 'id': '22536055'}]	[]	[]	128	35	112	[]	[]	https://twitter.com/LisaVanderpump/status/444193411168342016	False		0								[]				
444174956125896704	444163685330583553	2014-03-14 03:15:36 KST	2014-03-14	03:15:36	+0900	110840720	lisavanderpump	Lisa Vanderpump		@AmericanAir @FlyEIA yes earn double miles and lose your luggage	en	[{'screen_name': 'flyeia', 'name': 'eia', 'id': '73581025'}]	[]	[]	7	3	26	[]	[]	https://twitter.com/LisaVanderpump/status/444174956125896704	False		0								[]				
443924223853989889	443924223853989889	2014-03-13 10:39:17 KST	2014-03-13	10:39:17	+0900	21808510	aacenter	aacenter		'Bangerz' fans are having a great time inside American Airlines Center right now with @MileyCyrus!  http://t.co/uAgNgcaQRL	en	[{'screen_name': 'mileycyrus', 'name': 'miley ray cyrus', 'id': '268414482'}]	[]	['https://pbs.twimg.com/media/BikiusZCEAEMXnd.jpg']	2	15	16	[]	[]	https://twitter.com/AACenter/status/443924223853989889	False		1	https://pbs.twimg.com/media/BikiusZCEAEMXnd.jpg							[]				
443917293374799872	443911997822730240	2014-03-13 10:11:44 KST	2014-03-13	10:11:44	+0900	110840720	lisavanderpump	Lisa Vanderpump		@AmericanAir are you kidding me?????	en	[]	[]	[]	9	3	22	[]	[]	https://twitter.com/LisaVanderpump/status/443917293374799872	False		0								[]				
443913356722712576	443913356722712576	2014-03-13 09:56:06 KST	2014-03-13	09:56:06	+0900	110840720	lisavanderpump	Lisa Vanderpump		It's been three days and they still have my luggage..@AmericanAir  I am losing my mind,not just my luggage.	en	[{'screen_name': 'americanair', 'name': 'americanair', 'id': '22536055'}]	[]	[]	127	23	170	[]	[]	https://twitter.com/LisaVanderpump/status/443913356722712576	False		0								[]				
443911997822730240	443911997822730240	2014-03-13 09:50:42 KST	2014-03-13	09:50:42	+0900	110840720	lisavanderpump	Lisa Vanderpump		@AmericanAir ...this is atrocious really.	en	[]	[]	[]	7	2	27	[]	[]	https://twitter.com/LisaVanderpump/status/443911997822730240	False		0								[]				
443843813803429888	443843813803429888	2014-03-13 05:19:46 KST	2014-03-13	05:19:46	+0900	609688553	laina622	Laina		My friend Meaghan got her wings today and is now officially a flight attendant for @AmericanAir ! 😁✈️🎉🎊🎈  http://t.co/beHdsuNvjL	en	[{'screen_name': 'americanair', 'name': 'americanair', 'id': '22536055'}]	[]	['https://pbs.twimg.com/media/BijZmM1CcAAk80C.jpg']	14	12	178	[]	[]	https://twitter.com/laina622/status/443843813803429888	False		1	https://pbs.twimg.com/media/BijZmM1CcAAk80C.jpg							[]				
443743700565233664	443743700565233664	2014-03-12 22:41:57 KST	2014-03-12	22:41:57	+0900	59066604	jesusmiranda	CHYNO		10 de abril allá vamos!!!!! @JamminJohnny106 American Airlines Arena  http://t.co/onymXTT7Gp	es	[{'screen_name': 'jamminjohnny106', 'name': 'jammin johnny 106.7', 'id': '196613779'}]	[]	['https://pbs.twimg.com/media/Bih-i2CCAAAFd7e.jpg']	14	55	56	[]	[]	https://twitter.com/jesusmiranda/status/443743700565233664	False		1	https://pbs.twimg.com/media/Bih-i2CCAAAFd7e.jpg							[]				
443676416446840832	443676416446840832	2014-03-12 18:14:35 KST	2014-03-12	18:14:35	+0900	111423348	_oxygenjf	Jonas Ferry		Je suis allé a ma porte, j'ai vu un avion American Airlines, puis un avion Malaysia Airlines... Et il a disparu	fr	[]	[]	[]	4	7	16	[]	[]	https://twitter.com/_oxygenJF/status/443676416446840832	False		0								[]				
443441799072206848	443441672224251904	2014-03-12 02:42:18 KST	2014-03-12	02:42:18	+0900	62760327	zak_bagans	Zak Bagans 🧛🏻‍♂️		Thank you “@AmericanAir: @zak_bagans Thanks for flying with us today, Zak. Let us know if there's anything we can help you with.”	en	[{'screen_name': 'americanair', 'name': 'americanair', 'id': '22536055'}, {'screen_name': 'zak_bagans', 'name': 'zak bagans 🧛🏻\u200d♂️', 'id': '62760327'}]	[]	[]	13	18	118	[]	[]	https://twitter.com/Zak_Bagans/status/443441799072206848	False		0								[]				
443409896512688128	443409896512688128	2014-03-12 00:35:32 KST	2014-03-12	00:35:32	+0900	61452308	planblive	PLAN B		Are u ready Miami? @miamibash 2014 en AmericanAirlines Arena 10 de abril Boletos aqui: http://t.co/LsvTFshl96  http://t.co/Eo1d9VdLJB	es	[{'screen_name': 'miamibash', 'name': 'miamibash', 'id': '2350598833'}]	['http://bit.ly/miamibash14tix']	['https://pbs.twimg.com/media/BidO848IQAAQMO0.jpg']	2	30	25	[]	[]	https://twitter.com/PLANBLIVE/status/443409896512688128	False		1	https://pbs.twimg.com/media/BidO848IQAAQMO0.jpg							[]				
443235839498125312	443235839498125312	2014-03-11 13:03:53 KST	2014-03-11	13:03:53	+0900	74669397	billyeichner	billy eichner		There is nothing @AmericanAir can do to keep from Kathie Lee and Hoda. I will crawl across this country if I have to!!!	en	[{'screen_name': 'americanair', 'name': 'americanair', 'id': '22536055'}]	[]	[]	10	12	142	[]	[]	https://twitter.com/billyeichner/status/443235839498125312	False		0								[]				
443230157742956544	443230157742956544	2014-03-11 12:41:19 KST	2014-03-11	12:41:19	+0900	74669397	billyeichner	billy eichner		"The one and only @DebraMessing RT'd my ""Fuck You"" tweet to @AmericanAir. YOU DO NOT FUCK WITH THE MESSING/EICHNER COMBINATION. #YOU #GAYS"	en	[{'screen_name': 'debramessing', 'name': 'debra messing✍🏻', 'id': '499073990'}, {'screen_name': 'americanair', 'name': 'americanair', 'id': '22536055'}]	[]	[]	8	37	291	['you', 'gays']	[]	https://twitter.com/billyeichner/status/443230157742956544	False		0								[]				
443210135427493888	443207552679944192	2014-03-11 11:21:45 KST	2014-03-11	11:21:45	+0900	74669397	billyeichner	billy eichner		Fuck You. “@AmericanAir @billyeichner Billy, ur safety is always what's most important. Please DM ur locator. We'll check the status for u.”	en	[{'screen_name': 'americanair', 'name': 'americanair', 'id': '22536055'}, {'screen_name': 'billyeichner', 'name': 'billy eichner', 'id': '74669397'}]	[]	[]	18	108	449	[]	[]	https://twitter.com/billyeichner/status/443210135427493888	False		0								[]				
443207552679944192	443207552679944192	2014-03-11 11:11:29 KST	2014-03-11	11:11:29	+0900	74669397	billyeichner	billy eichner		Well I'm now on my 3rd broken @AmericanAir plane today. You know what's not great? When an airline's planes are all BROKEN.	en	[{'screen_name': 'americanair', 'name': 'americanair', 'id': '22536055'}]	[]	[]	19	37	174	[]	[]	https://twitter.com/billyeichner/status/443207552679944192	False		0								[]				
443177391502790656	443177391502790656	2014-03-11 09:11:38 KST	2014-03-11	09:11:38	+0900	23783692	bluejacketsnhl	Columbus Blue Jackets		A view from high above the American Airlines Center ice as warm-ups wrap up in Dallas! #CBJBWW  http://t.co/kTYb6GBfri	en	[]	[]	['https://pbs.twimg.com/media/BiZ7fUoCAAAxd7q.jpg']	1	12	23	['cbjbww']	[]	https://twitter.com/BlueJacketsNHL/status/443177391502790656	False		1	https://pbs.twimg.com/media/BiZ7fUoCAAAxd7q.jpg							[]				
443161768677109761	443161768677109761	2014-03-11 08:09:33 KST	2014-03-11	08:09:33	+0900	33315233	kirstin	kirstin™		"This overly dramatic American Airlines piano arrangement of ""Back to December"" needs to end lol omg"	en	[]	[]	[]	14	26	257	[]	[]	https://twitter.com/kirstin/status/443161768677109761	False		0								[]				
443113959806087169	443113959806087169	2014-03-11 04:59:35 KST	2014-03-11	04:59:35	+0900	110840720	lisavanderpump	Lisa Vanderpump		Still no bag @AmericanAir ...unbelievable.	en	[{'screen_name': 'americanair', 'name': 'americanair', 'id': '22536055'}]	[]	[]	126	12	115	[]	[]	https://twitter.com/LisaVanderpump/status/443113959806087169	False		0								[]				
443087098179244032	443087098179244032	2014-03-11 03:12:51 KST	2014-03-11	03:12:51	+0900	196516385	garrettrwang	Garrett Wang		Ice on the shores of Lake Michigan. Landing in Chicago... @AmericanAir #nofilter  http://t.co/bpHzyN32zl	en	[{'screen_name': 'americanair', 'name': 'americanair', 'id': '22536055'}]	[]	['https://pbs.twimg.com/media/BiYpXiZIIAA4ybV.jpg']	12	4	24	['nofilter']	[]	https://twitter.com/GarrettRWang/status/443087098179244032	False		1	https://pbs.twimg.com/media/BiYpXiZIIAA4ybV.jpg							[]				
443079367447830530	443079367447830530	2014-03-11 02:42:07 KST	2014-03-11	02:42:07	+0900	1049300442	danniallen14	Danni Allen		Oh finally! A chain that has almond milk AND it's at the airport! @argotea @AmericanAir #itsthelittlethings #almondmilklatte	en	[{'screen_name': 'argotea', 'name': 'argo tea', 'id': '30282927'}, {'screen_name': 'americanair', 'name': 'americanair', 'id': '22536055'}]	[]	[]	2	1	15	['itsthelittlethings', 'almondmilklatte']	[]	https://twitter.com/DanniAllen14/status/443079367447830530	False		0								[]				
443057444155973632	443057444155973632	2014-03-11 01:15:00 KST	2014-03-11	01:15:00	+0900	110840720	lisavanderpump	Lisa Vanderpump		@AmericanAir ok spent all morning on phone and waiting for update on bag,it's unbelievable the terrible service ..take note.	en	[]	[]	[]	12	2	28	[]	[]	https://twitter.com/LisaVanderpump/status/443057444155973632	False		0								[]				
442907386991222784	442849892369965057	2014-03-10 15:18:44 KST	2014-03-10	15:18:44	+0900	110840720	lisavanderpump	Lisa Vanderpump		@TerryOswald1 @AmericanAir thank god I didn't check him in.	en	[{'screen_name': 'americanair', 'name': 'americanair', 'id': '22536055'}]	[]	[]	2	1	20	[]	[]	https://twitter.com/LisaVanderpump/status/442907386991222784	False		0								[]				
442862649940770816	442855985783128064	2014-03-10 12:20:58 KST	2014-03-10	12:20:58	+0900	110840720	lisavanderpump	Lisa Vanderpump		@JLJeffLewis @americanair no read them already and sent them over to you.	en	[{'screen_name': 'americanair', 'name': 'americanair', 'id': '22536055'}]	[]	[]	7	6	48	[]	[]	https://twitter.com/LisaVanderpump/status/442862649940770816	False		0								[]				
442861646692614144	442839944705236993	2014-03-10 12:16:59 KST	2014-03-10	12:16:59	+0900	110840720	lisavanderpump	Lisa Vanderpump		@JLJeffLewis @AmericanAir  no I read them already and sent them over to you.	en	[{'screen_name': 'americanair', 'name': 'americanair', 'id': '22536055'}]	[]	[]	14	10	128	[]	[]	https://twitter.com/LisaVanderpump/status/442861646692614144	False		0								[]				
442850708207828992	442849892369965057	2014-03-10 11:33:31 KST	2014-03-10	11:33:31	+0900	110840720	lisavanderpump	Lisa Vanderpump		@gochangemove @AmericanAir I have more followers! But also I have lost my sense of humor with them.	en	[{'screen_name': 'americanair', 'name': 'americanair', 'id': '22536055'}]	[]	[]	5	1	14	[]	[]	https://twitter.com/LisaVanderpump/status/442850708207828992	False		0								[]				
442839944705236993	442839944705236993	2014-03-10 10:50:45 KST	2014-03-10	10:50:45	+0900	110840720	lisavanderpump	Lisa Vanderpump		@AmericanAir where is my bag?? This is so frustrating!! The service is terrible!	en	[]	[]	[]	20	17	53	[]	[]	https://twitter.com/LisaVanderpump/status/442839944705236993	False		0								[]				
442808397356748802	442808397356748802	2014-03-10 08:45:23 KST	2014-03-10	08:45:23	+0900	58913244	airlineflyer	Jason Rabinowitz		BEHOLD! My in-flight meal on the @AmericanAir 767-200ER transcon flight. Cc @inflightFeed  http://t.co/5SoUeRU0kd	en	[{'screen_name': 'americanair', 'name': 'americanair', 'id': '22536055'}, {'screen_name': 'inflightfeed', 'name': 'inflight feed', 'id': '291611296'}]	[]	['https://pbs.twimg.com/media/BiUr5ByCAAA50FU.jpg']	5	2	13	[]	[]	https://twitter.com/AirlineFlyer/status/442808397356748802	False		1	https://pbs.twimg.com/media/BiUr5ByCAAA50FU.jpg							[]				
442768009057161217	442768009057161217	2014-03-10 06:04:54 KST	2014-03-10	06:04:54	+0900	110840720	lisavanderpump	Lisa Vanderpump		@AmericanAir oh it's not important really...apparently. According to your staff.	en	[]	[]	[]	9	2	17	[]	[]	https://twitter.com/LisaVanderpump/status/442768009057161217	False		0								[]				
442766507265634305	442766507265634305	2014-03-10 05:58:56 KST	2014-03-10	05:58:56	+0900	110840720	lisavanderpump	Lisa Vanderpump		Ok @AmericanAir again you lose my bag! I need it when I arrive not when you give it to me.	en	[{'screen_name': 'americanair', 'name': 'americanair', 'id': '22536055'}]	[]	[]	109	41	197	[]	[]	https://twitter.com/LisaVanderpump/status/442766507265634305	False		0								[]				
442753503824330752	442753503824330752	2014-03-10 05:07:15 KST	2014-03-10	05:07:15	+0900	33276161	johnfugelsang	John Fugelsang		By charging 8 bucks for a blanket American Airlines has found a way to literally fleece the customers.	en	[]	[]	[]	8	52	54	[]	[]	https://twitter.com/JohnFugelsang/status/442753503824330752	False		0								[]				
442612755280183296	442612755280183296	2014-03-09 19:47:58 KST	2014-03-09	19:47:58	+0900	17074755	chriscagle	Chris Cagle		I am saddened by the fact that an American Airlines gate agent just asked my child if she was drinking Gin or Red Wine in her sippy cup! #dk	en	[]	[]	[]	17	9	29	['dk']	[]	https://twitter.com/chriscagle/status/442612755280183296	False		0								[]				
442539688088174594	442539688088174594	2014-03-09 14:57:38 KST	2014-03-09	14:57:38	+0900	50633388	russohockey	Michael Russo		Mike Modano's No. 9 in its proper place now in the American Airlines Center rafters.  http://t.co/s0ZXtxmXyF	en	[]	[]	['https://pbs.twimg.com/media/BiQ3gGKCUAAlRwH.jpg']	20	51	84	[]	[]	https://twitter.com/RussoHockey/status/442539688088174594	False		1	https://pbs.twimg.com/media/BiQ3gGKCUAAlRwH.jpg							[]				
442423748428189696	442423748428189696	2014-03-09 07:16:56 KST	2014-03-09	07:16:56	+0900	21808510	aacenter	aacenter		What an awesome crowd in front of American Airlines Center for the @DallasStars Victory Green Carpet Show!  http://t.co/DiNTewFVA5	en	[{'screen_name': 'dallasstars', 'name': 'dallas stars', 'id': '29304837'}]	[]	['https://pbs.twimg.com/media/BiPODgwCQAAdEY-.jpg']	0	16	26	[]	[]	https://twitter.com/AACenter/status/442423748428189696	False		1	https://pbs.twimg.com/media/BiPODgwCQAAdEY-.jpg							[]				
442413176492019712	442404422606278656	2014-03-09 06:34:55 KST	2014-03-09	06:34:55	+0900	23675921	chriswebby	Chris Webby		@AmericanAir y'all fucked me so hard today. I would say be gentle next time, but there will be no next time.	en	[]	[]	[]	3	20	80	[]	[]	https://twitter.com/ChrisWebby/status/442413176492019712	False		0								[]				
442404422606278656	442404422606278656	2014-03-09 06:00:08 KST	2014-03-09	06:00:08	+0900	23675921	chriswebby	Chris Webby		Yo @AmericanAir y'all can suck ten thousand dicks.	en	[{'screen_name': 'americanair', 'name': 'americanair', 'id': '22536055'}]	[]	[]	7	107	210	[]	[]	https://twitter.com/ChrisWebby/status/442404422606278656	False		0								[]				
442382328619229184	442382328619229184	2014-03-09 04:32:20 KST	2014-03-09	04:32:20	+0900	36117822	bishopjakes	T.D. Jakes		A Special THANK YOU to our Sponsors! American Airlines @AmericanAir, Gray Media @GrayMediaGabe &amp; TES Energy #PLCONF  http://t.co/lNRJRzoCDb	en	[{'screen_name': 'americanair', 'name': 'americanair', 'id': '22536055'}]	[]	['https://pbs.twimg.com/media/BiOoYlCCYAAYNY5.jpg']	4	26	30	['plconf']	[]	https://twitter.com/BishopJakes/status/442382328619229184	False		1	https://pbs.twimg.com/media/BiOoYlCCYAAYNY5.jpg							[]				
442359030149693441	442359030149693441	2014-03-09 02:59:46 KST	2014-03-09	02:59:46	+0900	23675921	chriswebby	Chris Webby		American Airlines strikes again.. Thanks a lot ya pricks. This is going to be a travel day from hell.	en	[]	[]	[]	7	4	73	[]	[]	https://twitter.com/ChrisWebby/status/442359030149693441	False		0								[]				
442335053100482560	442335053100482560	2014-03-09 01:24:29 KST	2014-03-09	01:24:29	+0900	21713551	starsinsideedge	Mark Stepneski		New banners at American Airlines Center.  http://t.co/bmoEXwyg0P	en	[]	[]	['https://pbs.twimg.com/media/BiN9YxCCUAAAFaC.jpg']	6	16	24	[]	[]	https://twitter.com/StarsInsideEdge/status/442335053100482560	False		1	https://pbs.twimg.com/media/BiN9YxCCUAAAFaC.jpg							[]				
442334373182853120	442334373182853120	2014-03-09 01:21:47 KST	2014-03-09	01:21:47	+0900	21713551	starsinsideedge	Mark Stepneski		The seats at American Airlines Center this morning..  http://t.co/HSdjJe6pKM	en	[]	[]	['https://pbs.twimg.com/media/BiN8xMUCUAAQ0ii.jpg']	0	34	35	[]	[]	https://twitter.com/StarsInsideEdge/status/442334373182853120	False		1	https://pbs.twimg.com/media/BiN8xMUCUAAQ0ii.jpg							[]				
442304207048429568	442304207048429568	2014-03-08 23:21:55 KST	2014-03-08	23:21:55	+0900	34301875	sagesteele	Sage Steele		As usual..bad, unfriendly service by @AmericanAir ..50 minutes after boarding should've begun, no announcements have been made.. #typical	en	[{'screen_name': 'americanair', 'name': 'americanair', 'id': '22536055'}]	[]	[]	16	6	12	['typical']	[]	https://twitter.com/sagesteele/status/442304207048429568	False		0								[]				
442027696990609408	442022596230397952	2014-03-08 05:03:10 KST	2014-03-08	05:03:10	+0900	17174309	diplo	diplo		@AmericanAir crew keeps saying that got better things to do then reset my IFE (like bring cheese to first class) pls help	en	[]	[]	[]	2	5	20	[]	[]	https://twitter.com/diplo/status/442027696990609408	False		0								[]				
442022596230397952	442022596230397952	2014-03-08 04:42:53 KST	2014-03-08	04:42:53	+0900	17174309	diplo	diplo		@AmericanAir i wanted to watch dallas buyers club but now I'm just tweeting u I'm soo bored	en	[]	[]	[]	1	5	19	[]	[]	https://twitter.com/diplo/status/442022596230397952	False		0								[]				
442022471605039104	442022471605039104	2014-03-08 04:42:24 KST	2014-03-08	04:42:24	+0900	17174309	diplo	diplo		@AmericanAir i love u guys but flight 3 from jfk to lax my tv doesn't work seat 7a and the stewardess is really mean	en	[]	[]	[]	0	8	29	[]	[]	https://twitter.com/diplo/status/442022471605039104	False		0								[]				
441978278115409921	441978278115409921	2014-03-08 01:46:47 KST	2014-03-08	01:46:47	+0900	613542402	werderedespn	Ed Werder		To all of you interested and especially to those not amused, @AmericanAir is finally using our plane for its intended purpose. That is all	en	[{'screen_name': 'americanair', 'name': 'americanair', 'id': '22536055'}]	[]	[]	2	6	21	[]	[]	https://twitter.com/WerderEdESPN/status/441978278115409921	False		0								[]				
441969490130006016	441969490130006016	2014-03-08 01:11:52 KST	2014-03-08	01:11:52	+0900	613542402	werderedespn	Ed Werder		How is it that 300 passengers can be to the plane on time but the three person crew scheduled by @AmericanAir can't quite pull it off?	en	[{'screen_name': 'americanair', 'name': 'americanair', 'id': '22536055'}]	[]	[]	17	13	20	[]	[]	https://twitter.com/WerderEdESPN/status/441969490130006016	False		0								[]				
441968319961522176	441968319961522176	2014-03-08 01:07:13 KST	2014-03-08	01:07:13	+0900	31447081	wingoz	trey wingo		Not gonna lie: one of my favorite things on twitter these days is the weekly banter between @Edwerderespn and @AmericanAir	en	[{'screen_name': 'edwerderespn', 'name': 'ed werder', 'id': '857647629693575173'}, {'screen_name': 'americanair', 'name': 'americanair', 'id': '22536055'}]	[]	[]	7	15	32	[]	[]	https://twitter.com/wingoz/status/441968319961522176	False		0								[]				
441963357084844032	441963357084844032	2014-03-08 00:47:30 KST	2014-03-08	00:47:30	+0900	22790881	briankrebs	briankrebs		#theonion American Airlines to phase out complimentary cabin pressurization  http://t.co/QAHBCvs328 &lt; just the headline made me laugh	en	[]	['http://ow.ly/ulH0X']	[]	7	37	16	['theonion']	[]	https://twitter.com/briankrebs/status/441963357084844032	False		0								[]				
441588199916199936	441588199916199936	2014-03-06 23:56:45 KST	2014-03-06	23:56:45	+0900	128961271	ian_eastwood	Ian Eastwood		Shoutout to @AmericanAir for a well functioning priority access service. Passed through the airport with ease to my gate in under 10 min.	en	[{'screen_name': 'americanair', 'name': 'americanair', 'id': '22536055'}]	[]	[]	3	16	114	[]	[]	https://twitter.com/Ian_Eastwood/status/441588199916199936	False		0								[]				
441299650025234432	441299650025234432	2014-03-06 04:50:10 KST	2014-03-06	04:50:10	+0900	248747209	ashleyjudd	ashley judd		My last 3 @AmericanAir flights have been early!! Thank you!	en	[{'screen_name': 'americanair', 'name': 'americanair', 'id': '22536055'}]	[]	[]	7	3	33	[]	[]	https://twitter.com/AshleyJudd/status/441299650025234432	False		0								[]				
441233440956882944	441233440956882944	2014-03-06 00:27:04 KST	2014-03-06	00:27:04	+0900	58913244	airlineflyer	Jason Rabinowitz		"#AvGeek photo of the day: In honor of the last @AmericanAir ""Super 80"" flight to LGA, a shot I may never get again  http://t.co/u3B42BLvsh"	en	[{'screen_name': 'americanair', 'name': 'americanair', 'id': '22536055'}]	[]	['https://pbs.twimg.com/media/Bh-TefMCQAECKGu.jpg']	3	6	16	['avgeek']	[]	https://twitter.com/AirlineFlyer/status/441233440956882944	False		1	https://pbs.twimg.com/media/Bh-TefMCQAECKGu.jpg							[]				
441232781578752000	441232781578752000	2014-03-06 00:24:27 KST	2014-03-06	00:24:27	+0900	14075928	theonion	The Onion		[American Voices] American Airlines Drops Bereavement Fares  http://t.co/9xT9Hn8c2u #WhatDoYouThink?	en	[]	['http://onion.com/1eWqYkL']	[]	4	7	20	['whatdoyouthink']	[]	https://twitter.com/TheOnion/status/441232781578752000	False		0								[]				
441231822710902785	441231822710902785	2014-03-06 00:20:38 KST	2014-03-06	00:20:38	+0900	1375736322	realleadelaria	Lea DeLaria		On American Airlines waiting to fly to LA, listening and realizing The only thing worse then Les Mis is the muzak version of Les Mis.	en	[]	[]	[]	1	3	14	[]	[]	https://twitter.com/realleadelaria/status/441231822710902785	False		0								[]				
441004537160032256	441004537160032256	2014-03-05 09:17:29 KST	2014-03-05	09:17:29	+0900	20035593	nottjmiller	t.j. miller		I do love you @AmericanAir with all my heart. I am loyal to you. I care about you company and I'm proud of your brand. #loveyoumeanit	en	[{'screen_name': 'americanair', 'name': 'americanair', 'id': '22536055'}]	[]	[]	6	1	12	['loveyoumeanit']	[]	https://twitter.com/nottjmiller/status/441004537160032256	False		0								[]				
440965220173766657	440965220173766657	2014-03-05 06:41:15 KST	2014-03-05	06:41:15	+0900	36793266	joshuawoodard	Joshua Woodard		Quality. 👍 @AmericanAir  http://t.co/p9GLdqFoYO	en	[{'screen_name': 'americanair', 'name': 'americanair', 'id': '22536055'}]	[]	['https://pbs.twimg.com/media/Bh6fh_-CIAAmTW7.jpg']	11	20	117	[]	[]	https://twitter.com/joshuawoodard/status/440965220173766657	False		1	https://pbs.twimg.com/media/Bh6fh_-CIAAmTW7.jpg							[]				
440736271447506945	440736271447506945	2014-03-04 15:31:30 KST	2014-03-04	15:31:30	+0900	55991693	thereallisaann	Lisa Ann		Nice first class trip to #Miami thank you @AmericanAir ... Ready to sleep and wake up where it is warm and sunny!	en	[{'screen_name': 'americanair', 'name': 'americanair', 'id': '22536055'}]	[]	[]	12	4	27	['miami']	[]	https://twitter.com/thereallisaann/status/440736271447506945	False		0								[]				
440674899779018755	440674899779018755	2014-03-04 11:27:38 KST	2014-03-04	11:27:38	+0900	371539066	shannonsharpe	shannon sharpe		If you live  in the Miami area call 911. @KingJames is on fire and about to burn down American Airlines arena. 53 pts	en	[{'screen_name': 'kingjames', 'name': 'lebron james', 'id': '23083404'}]	[]	[]	1	22	16	[]	[]	https://twitter.com/ShannonSharpe/status/440674899779018755	False		0								[]				
440664939087134720	440664939087134720	2014-03-04 10:48:03 KST	2014-03-04	10:48:03	+0900	90779436	h3cz	OpTic HECZ		. @AmericanAir Just waited 1:35:00 ONLY to be transferred again! Hey @VirginAmerica when will you start flying out of anywhere &amp; everywhere?	en	[{'screen_name': 'americanair', 'name': 'americanair', 'id': '22536055'}, {'screen_name': 'virginamerica', 'name': 'virgin america', 'id': '12101862'}]	[]	[]	13	6	37	[]	[]	https://twitter.com/H3CZ/status/440664939087134720	False		0								[]				
440651304319582208	440651304319582208	2014-03-04 09:53:52 KST	2014-03-04	09:53:52	+0900	90779436	h3cz	OpTic HECZ		Man, @AmericanAir needs help manning the phones.  http://t.co/wum5vwpUMJ	en	[{'screen_name': 'americanair', 'name': 'americanair', 'id': '22536055'}]	[]	['https://pbs.twimg.com/media/Bh2CBsmIcAEQmq-.jpg']	7	7	47	[]	[]	https://twitter.com/H3CZ/status/440651304319582208	False		1	https://pbs.twimg.com/media/Bh2CBsmIcAEQmq-.jpg							[]				
440642718445076480	440642718445076480	2014-03-04 09:19:45 KST	2014-03-04	09:19:45	+0900	50004938	nhl	NHL		The countdown is on. Puck drop at 8 PM ET. RT @NHLonNBCSports: Here we go American Airlines scoreboard.  http://t.co/mSN4rkpd9C	en	[{'screen_name': 'nhlonnbcsports', 'name': 'nhl on nbc sports', 'id': '29463928'}]	[]	['https://pbs.twimg.com/media/Bh1uTQZCMAAJRYn.jpg']	3	34	80	[]	[]	https://twitter.com/NHL/status/440642718445076480	False		1	https://pbs.twimg.com/media/Bh1uTQZCMAAJRYn.jpg							[]				
440633572706111488	440633572706111488	2014-03-04 08:43:24 KST	2014-03-04	08:43:24	+0900	22536395	buffalosabres	Buffalo Sabres		RJ and @robray32 are meeting #Sabres fans here in Dallas at American Airlines Center.  http://t.co/96oAs2PA3L	en	[{'screen_name': 'robray32', 'name': 'rob ray', 'id': '855191047'}]	[]	['https://pbs.twimg.com/media/Bh1x5ksCEAEEMlT.jpg']	1	8	34	['sabres']	[]	https://twitter.com/BuffaloSabres/status/440633572706111488	False		1	https://pbs.twimg.com/media/Bh1x5ksCEAEEMlT.jpg							[]				
440631801846177792	440631801846177792	2014-03-04 08:36:22 KST	2014-03-04	08:36:22	+0900	29463928	nhlonnbcsports	NHL on NBC Sports		Here we go American Airlines scoreboard (via @Hockeyequipmgr)  http://t.co/DhnirMuMdx	en	[{'screen_name': 'hockeyequipmgr', 'name': 'david williams', 'id': '709488356'}]	[]	['https://pbs.twimg.com/media/Bh1uTQZCMAAJRYn.jpg']	3	11	14	[]	[]	https://twitter.com/NHLonNBCSports/status/440631801846177792	False		1	https://pbs.twimg.com/media/Bh1uTQZCMAAJRYn.jpg							[]				
440543665803759616	440543665803759616	2014-03-04 02:46:09 KST	2014-03-04	02:46:09	+0900	14180365	donaldmiller	Donald Miller		The crew on @americanairlines flight from Dallas to Nashville last night were top notch. Went above and beyond to get us home. Grateful.	en	[]	[]	[]	5	1	20	[]	[]	https://twitter.com/donaldmiller/status/440543665803759616	False		0								[]				
440541467824508928	440541467824508928	2014-03-04 02:37:25 KST	2014-03-04	02:37:25	+0900	22536395	buffalosabres	Buffalo Sabres		#Sabres on the ice at American Airlines Center.  http://t.co/kY5dRLQUeK	en	[]	[]	['https://pbs.twimg.com/media/Bh0eIXbCEAAeSJB.jpg']	1	6	31	['sabres']	[]	https://twitter.com/BuffaloSabres/status/440541467824508928	False		1	https://pbs.twimg.com/media/Bh0eIXbCEAAeSJB.jpg							[]				
440516667517329409	440516667517329409	2014-03-04 00:58:52 KST	2014-03-04	00:58:52	+0900	20029472	jimlee	Jim Lee		THANK YOU to the incredible crew and captain of @AmericanAir flt#1086 out of DFW to SAN for taking caring of our entire family! #AAmazing	en	[{'screen_name': 'americanair', 'name': 'americanair', 'id': '22536055'}]	[]	[]	3	5	11	['aamazing']	[]	https://twitter.com/JimLee/status/440516667517329409	False		0								[]				
440363407531724801	440363407531724801	2014-03-03 14:49:52 KST	2014-03-03	14:49:52	+0900	34930912	gottliebshow	Doug Gottlieb		They serve real Cappuccino on my plane and Im on the internet- Fly me anywhere,Im good @AmericanAir #Welldone	en	[{'screen_name': 'americanair', 'name': 'americanair', 'id': '22536055'}]	[]	[]	4	5	18	['welldone']	[]	https://twitter.com/GottliebShow/status/440363407531724801	False		0								[]				
440254285863858176	440254285863858176	2014-03-03 07:36:15 KST	2014-03-03	07:36:15	+0900	478310214	thesamdaly	Sam Daly		Amazing weekend raising money and awareness for @CF_Foundation!! Thank you @AmericanAir, @TimmyDaly &amp; I had a blast.  http://t.co/0tk575lQ30	en	[{'screen_name': 'cf_foundation', 'name': 'cystic fibrosis foundation', 'id': '59526518'}, {'screen_name': 'americanair', 'name': 'americanair', 'id': '22536055'}, {'screen_name': 'timmydaly', 'name': 'tim daly', 'id': '85944752'}]	[]	['https://pbs.twimg.com/media/BhwY8LTCYAAknlR.jpg']	2	4	25	[]	[]	https://twitter.com/thesamdaly/status/440254285863858176	False		1	https://pbs.twimg.com/media/BhwY8LTCYAAknlR.jpg							[]				
440146064847691776	440146064847691776	2014-03-03 00:26:14 KST	2014-03-03	00:26:14	+0900	14559196	palewire	Ben Welsh		I'd like to congratulate @americanair for managing to lose my bag on a canceled flight that never left the airport. Groundbreaking fail.	en	[{'screen_name': 'americanair', 'name': 'americanair', 'id': '22536055'}]	[]	[]	6	4	12	[]	[]	https://twitter.com/palewire/status/440146064847691776	False		0								[]				
439972954537869312	439972954537869312	2014-03-02 12:58:21 KST	2014-03-02	12:58:21	+0900	89014429	natbynature	Nattie		I used to think @Delta was my favorite airline until they lost my bags today, too. Just like @AmericanAir, which never did recover my bag.	en	[{'screen_name': 'delta', 'name': 'delta', 'id': '5920532'}, {'screen_name': 'americanair', 'name': 'americanair', 'id': '22536055'}]	[]	[]	58	32	67	[]	[]	https://twitter.com/NatbyNature/status/439972954537869312	False		0								[]				
439958845310263297	439958845310263297	2014-03-02 12:02:17 KST	2014-03-02	12:02:17	+0900	1088082582	dylanbruno12	Dylan Bruno		My wife and I both won fastest time in the @CF_Foundation @AmericanAir  #celebrityski event in Vail. Raising $ 4 CF  http://t.co/4PCZ9HVt3f	en	[{'screen_name': 'cf_foundation', 'name': 'cystic fibrosis foundation', 'id': '59526518'}, {'screen_name': 'americanair', 'name': 'americanair', 'id': '22536055'}]	[]	['https://pbs.twimg.com/media/BhsMPRfCIAAYRPE.jpg']	7	4	19	['celebrityski']	[]	https://twitter.com/DylanBruno12/status/439958845310263297	False		1	https://pbs.twimg.com/media/BhsMPRfCIAAYRPE.jpg							[]				
439884454639968256	439884454639968256	2014-03-02 07:06:41 KST	2014-03-02	07:06:41	+0900	34930912	gottliebshow	Doug Gottlieb		Seinfeld episode no longer relevant? #DoubleDipChip  RT @CNBC: American Airlines drops bereavement fares:  http://t.co/5awrO5O00K	en	[{'screen_name': 'cnbc', 'name': 'cnbc', 'id': '20402945'}]	['http://cnb.cx/1cqjZfj']	[]	6	4	12	['doubledipchip']	[]	https://twitter.com/GottliebShow/status/439884454639968256	False		0								[]				
439809538834051074	439809538834051074	2014-03-02 02:08:59 KST	2014-03-02	02:08:59	+0900	44962272	arnejofficial	ARNEJ		they're playing trance on this American Airlines flight as the boarding music	en	[]	[]	[]	7	4	17	[]	[]	https://twitter.com/ArnejOfficial/status/439809538834051074	False		0								[]				
439800961406894081	439800961406894081	2014-03-02 01:34:54 KST	2014-03-02	01:34:54	+0900	14211946	rachelheldevans	Rachel Held Evans (1981-2019)		American Airlines To Phase Out Complimentary Cabin Pressurization | The Onion - America's Finest News Source  http://t.co/aSVRwXtUHX	en	[]	['http://buff.ly/1gJ7kGN']	[]	3	6	17	[]	[]	https://twitter.com/rachelheldevans/status/439800961406894081	False		0								[]				
439792350769209344	439792350769209344	2014-03-02 01:00:42 KST	2014-03-02	01:00:42	+0900	14075928	theonion	The Onion		This Week's Top Story: American Airlines To Phase Out Complimentary Cabin Pressurization  http://t.co/8re8u670qM	en	[]	['http://onion.com/1fP7Nt9']	[]	19	309	182	[]	[]	https://twitter.com/TheOnion/status/439792350769209344	False		0								[]				
439592854579867648	439592854579867648	2014-03-01 11:47:58 KST	2014-03-01	11:47:58	+0900	1075624326	clmgiudici	CatherineGiudiciLowe	{'type': 'Point', 'coordinates': [32.79048544, -96.81036472]}	Half time hunnies #gomavs @ American Airlines Center  http://t.co/CjGFlzoUOG	en	[]	['http://instagram.com/p/k-9jNShrCF/']	[]	3	6	114	['gomavs']	[]	https://twitter.com/clmgiudici/status/439592854579867648	False		0								[]				
439566946023903232	439562897727832064	2014-03-01 10:05:01 KST	2014-03-01	10:05:01	+0900	22536055	americanair	americanair		@sadler_3 Oh no, Mike. Please see a flight attendant for help.	en	[]	[]	[]	3	11	39	[]	[]	https://twitter.com/AmericanAir/status/439566946023903232	False		0								[]				
