id	conversation_id	created_at	date	time	timezone	user_id	username	name	place	tweet	language	mentions	urls	photos	replies_count	retweets_count	likes_count	hashtags	cashtags	link	retweet	quote_url	video	thumbnail	near	geo	source	user_rt_id	user_rt	retweet_id	reply_to	retweet_date	translate	trans_src	trans_dest
1277749596060561408	1277749596060561408	2020-06-30 08:43:37 KST	2020-06-30	08:43:37	+0900	33576192	reformanegocios	NEGOCIOS		Unilever, Coca-Cola, PepsiCo, Starbucks, Diageo, Hershey's y Levi's son algunas de empresas que han retirado o reducido anuncios en Facebook y otras redes sociales al criticar su control de contenidos, especialmente en temas sobre racismo y discriminación  https://t.co/8hlaZ8JeBg	es	[]	['https://refor.ma/1YcbUya4hAir']	[]	0	17	32	[]	[]	https://twitter.com/reformanegocios/status/1277749596060561408	False		0								[]				
1277701797759631367	1277701797759631367	2020-06-30 05:33:41 KST	2020-06-30	05:33:41	+0900	20707966	lizclaman	Liz Claman		PepsiCo latest company to join Facebook ad boycott @CGasparino    https://t.co/PoK8JBlEHV  #ClamanCountdown	en	[{'screen_name': 'cgasparino', 'name': 'charles gasparino', 'id': '68739089'}]	['https://video.foxbusiness.com/v/6168094202001']	[]	3	2	20	['clamancountdown']	[]	https://twitter.com/LizClaman/status/1277701797759631367	False		0								[]				
1277668387313848321	1277667647367282689	2020-06-30 03:20:56 KST	2020-06-30	03:20:56	+0900	242555999	senwhitehouse	Sheldon Whitehouse		Not @Amazon; not @Facebook; not @Apple; not @Microsoft; not @BankofAmerica; not @BlackRock; not @GoldmanSachs; not @CocaCola or @PepsiCo; not @Ford or @GM; not @StateFarm or @Nationwide; not @Cargill or @JNJNews; not @Walmart — not Big Tech, not Big Ag, not Wall Street.	en	[{'screen_name': 'amazon', 'name': 'amazon', 'id': '20793816'}, {'screen_name': 'facebook', 'name': 'facebook', 'id': '2425151'}, {'screen_name': 'apple', 'name': 'apple', 'id': '380749300'}, {'screen_name': 'microsoft', 'name': 'microsoft', 'id': '74286565'}, {'screen_name': 'bankofamerica', 'name': 'bank of america', 'id': '204881628'}, {'screen_name': 'blackrock', 'name': 'blackrock', 'id': '23756134'}, {'screen_name': 'goldmansachs', 'name': 'goldman sachs', 'id': '253167239'}, {'screen_name': 'cocacola', 'name': 'coca-cola', 'id': '26787673'}, {'screen_name': 'pepsico', 'name': 'pepsico', 'id': '21346619'}, {'screen_name': 'ford', 'name': 'ford motor company', 'id': '15676492'}, {'screen_name': 'gm', 'name': 'general motors', 'id': '10850192'}, {'screen_name': 'statefarm', 'name': 'state farm', 'id': '15091022'}, {'screen_name': 'nationwide', 'name': 'nationwide', 'id': '15637008'}, {'screen_name': 'cargill', 'name': 'cargill', 'id': '36178069'}, {'screen_name': 'jnjnews', 'name': 'johnson & johnson', 'id': '20457806'}, {'screen_name': 'walmart', 'name': 'walmart', 'id': '17137891'}]	[]	[]	3	23	44	[]	[]	https://twitter.com/SenWhitehouse/status/1277668387313848321	False		0								[]				
1277629277551366144	1277629277551366144	2020-06-30 00:45:31 KST	2020-06-30	00:45:31	+0900	959212727247032325	corteva	Corteva Agriscience™		We’re honored to have been a part of this collaboration with @PepsiCo. Understanding the oat genome has the potential to improve food and nutrition security, farmer livelihoods and can help advance a more sustainable food system. Read more:  https://t.co/tRguVtIHjD	en	[{'screen_name': 'pepsico', 'name': 'pepsico', 'id': '21346619'}]	['http://spr.ly/6018GPBWK']	[]	0	16	49	[]	[]	https://twitter.com/corteva/status/1277629277551366144	False		0								[]				
1277607303420805120	1277607303420805120	2020-06-29 23:18:12 KST	2020-06-29	23:18:12	+0900	20562637	businessinsider	Business Insider		Facebook sees $60 billion in market value erased in just 2 days as advertisers like Starbucks and PepsiCo halt social-media spending  https://t.co/wLb1syUHaf	en	[]	['http://www.businessinsider.com/facebook-stock-price-reaction-advertisers-halt-social-media-spending-2020-6']	[]	68	476	1483	[]	[]	https://twitter.com/BusinessInsider/status/1277607303420805120	False		0								[]				
1277599625613058048	1277599625613058048	2020-06-29 22:47:42 KST	2020-06-29	22:47:42	+0900	703162128669102080	investindia	Invest India		#InTheNews  @PepsiCo Foundation has committed USD 3 Mn towards providing #watersecurity to agricultural communities in India, as part of its commitment to provide 100 Mn people with #safewater access worldwide by 2030. Read more:  https://t.co/mMBp0G98sy  #NewIndia #InvestIndia  https://t.co/vlzsrwWL0b	en	[{'screen_name': 'pepsico', 'name': 'pepsico', 'id': '21346619'}]	['https://bit.ly/2YCSUG4']	['https://pbs.twimg.com/media/EbrxoPbXYAIzjpF.jpg']	0	5	19	['inthenews', 'watersecurity', 'safewater', 'newindia', 'investindia']	[]	https://twitter.com/investindia/status/1277599625613058048	False		1	https://pbs.twimg.com/media/EbrxoPbXYAIzjpF.jpg							[]				
1277401560339759104	1277401560339759104	2020-06-29 09:40:39 KST	2020-06-29	09:40:39	+0900	12425692	suthichai	suthichai		Starbucks, Levi Strauss, PepsiCo Diageo เข้าแถวถอนโฆษณาจาก Facebook ต้าน Hate Speech!	et	[]	[]	[]	7	296	283	[]	[]	https://twitter.com/suthichai/status/1277401560339759104	False		0								[]				
1277386881387413505	1277386881387413505	2020-06-29 08:42:19 KST	2020-06-29	08:42:19	+0900	499107662	sputnik_brasil	Sputnik Brasil		PepsiCo se junta a boicote ao Facebook, diz Fox News  https://t.co/u7pPaXP81P	pt	[]	['https://sptnkne.ws/CQyw']	[]	4	16	45	[]	[]	https://twitter.com/sputnik_brasil/status/1277386881387413505	False		0								[]				
1277320034453540865	1277320034453540865	2020-06-29 04:16:42 KST	2020-06-29	04:16:42	+0900	34200559	rianru	РИА Новости		Компания PepsiCo присоединилась к рекламному бойкоту Facebook  https://t.co/s4dQ7vJh2Y  https://t.co/YITe2sk1s6	uk	[]	['https://ria.ru/20200628/1573594927.html']	['https://pbs.twimg.com/media/EbnyUrTWoAIJgbN.jpg']	7	6	25	[]	[]	https://twitter.com/rianru/status/1277320034453540865	False		1	https://pbs.twimg.com/media/EbnyUrTWoAIJgbN.jpg							[]				
1277040074660753408	1277040074660753408	2020-06-28 09:44:14 KST	2020-06-28	09:44:14	+0900	21456548	rashadrobinson	Rashad Robinson		Whether or not @PepsiCo shouts it from the rooftops, @Facebook has no choice but to take note of the significant loss in revenue. We won't settle for less than real steps to address white supremacy on their platform.	en	[{'screen_name': 'pepsico', 'name': 'pepsico', 'id': '21346619'}, {'screen_name': 'facebook', 'name': 'facebook', 'id': '2425151'}]	[]	[]	9	65	293	[]	[]	https://twitter.com/rashadrobinson/status/1277040074660753408	False	https://twitter.com/business/status/1276991573784498176	0								[]				
1277031779325673474	1277031779325673474	2020-06-28 09:11:16 KST	2020-06-28	09:11:16	+0900	164425558	jonerlichman	Jon Erlichman		Some of Shaq’s investments:  *Google (pre-IPO) * Apple * Twitter * Uber * Lyft * Ring (Amazon bought for $1 billion) *PepsiCo *Krispy Kreme *Papa John’s *Big Chicken *Shaquille’s restaurant *Vegas clubs *real estate *car washes *CityPlex 12 *NRG eSports  https://t.co/VxQYzjGqOr	en	[]	[]	['https://pbs.twimg.com/media/EbjtomzXkAcCsVp.jpg']	15	151	843	[]	[]	https://twitter.com/JonErlichman/status/1277031779325673474	False		1	https://pbs.twimg.com/media/EbjtomzXkAcCsVp.jpg							[]				
1277001378708291584	1277000211534151680	2020-06-28 07:10:28 KST	2020-06-28	07:10:28	+0900	15384720	profcarroll	David Carroll		@chrisinsilico Looks like the needs to be updated with PepsiCo and Diageo	en	[]	[]	[]	0	5	28	[]	[]	https://twitter.com/profcarroll/status/1277001378708291584	False		0								[{'screen_name': 'chrisinsilico', 'name': 'Christopher Wylie 🏳️\u200d🌈', 'id': '787149253302812672'}]				
1276991573784498176	1276991573784498176	2020-06-28 06:31:31 KST	2020-06-28	06:31:31	+0900	34713362	business	Bloomberg		PepsiCo has “quietly” joined Facebook ad boycott: Fox Business  https://t.co/MkC5q4NsEV	en	[]	['https://trib.al/VLJJjX9']	[]	35	280	826	[]	[]	https://twitter.com/business/status/1276991573784498176	False		0								[]				
1276984676419358720	1276984676419358720	2020-06-28 06:04:06 KST	2020-06-28	06:04:06	+0900	252751061	quicktake	Bloomberg Quicktake		JUST IN: Sources inside @PepsiCo told Fox Business that the company has ‘quietly’ joined the Facebook ad #boycott  https://t.co/pzCtpdMI9x	en	[{'screen_name': 'pepsico', 'name': 'pepsico', 'id': '21346619'}]	[]	['https://pbs.twimg.com/media/EbjCy5gXQAYf6rr.jpg']	17	77	284	['boycott']	[]	https://twitter.com/Quicktake/status/1276984676419358720	False		1	https://pbs.twimg.com/media/EbjCy5gXQAYf6rr.jpg							[]				
1276976841740427265	1276976841740427265	2020-06-28 05:32:58 KST	2020-06-28	05:32:58	+0900	68739089	cgasparino	Charles Gasparino		"BREAKING: Sources inside @PepsiCo tell @FoxBusiness co  has ""quietly"" joined @Facebook ad boycott. Co has not publicly announced move being described as a ""global boycott"" running through July August. Previously reported its ad agency @GSP joined boycott. Story developing $PEP"	en	[{'screen_name': 'pepsico', 'name': 'pepsico', 'id': '21346619'}, {'screen_name': 'foxbusiness', 'name': 'fox business', 'id': '56413858'}, {'screen_name': 'facebook', 'name': 'facebook', 'id': '2425151'}, {'screen_name': 'gsp', 'name': 'goodby silverstein', 'id': '260324998'}]	[]	[]	17	42	83	[]	['pep']	https://twitter.com/CGasparino/status/1276976841740427265	False		0								[]				
1276947782520233984	1276947782520233984	2020-06-28 03:37:30 KST	2020-06-28	03:37:30	+0900	787149253302812672	chrisinsilico	Christopher Wylie 🏳️‍🌈		These are high value advertisers still on Facebook:  @ProcterGamble @Walmart @Target @amazon @Microsoft @BestBuy @GeneralMills @KelloggsUS @pepsico  1) Retweet this.   2) DM the brands.   Encourage them to do the right thing and withdraw their advertising for #StopHateForProfit	en	"[{'screen_name': 'proctergamble', 'name': 'procter & gamble', 'id': '27025414'}, {'screen_name': 'walmart', 'name': 'walmart', 'id': '17137891'}, {'screen_name': 'target', 'name': 'target', 'id': '89084561'}, {'screen_name': 'amazon', 'name': 'amazon', 'id': '20793816'}, {'screen_name': 'microsoft', 'name': 'microsoft', 'id': '74286565'}, {'screen_name': 'bestbuy', 'name': 'best buy', 'id': '17475575'}, {'screen_name': 'generalmills', 'name': 'general mills', 'id': '280557152'}, {'screen_name': 'kelloggsus', 'name': ""kellogg's"", 'id': '534249758'}, {'screen_name': 'pepsico', 'name': 'pepsico', 'id': '21346619'}]"	[]	[]	25	618	588	['stophateforprofit']	[]	https://twitter.com/chrisinsilico/status/1276947782520233984	False	https://twitter.com/chrisinsilico/status/1276940773704040448	0								[]				
1276651742634090507	1276651742634090507	2020-06-27 08:01:09 KST	2020-06-27	08:01:09	+0900	74846005	yabts	YABT		"Forma parte de la Conferencia Magistral con el Sr. Luis Montoya, Chairman de @PepsiCo Bebidas Latam: ""3 H's Head, Heart &amp; Hands"" 👏 durante el Demo Day de las Finales #TICAmericas 2020   📅 2 de julio  ✅ Registro abierto:  https://t.co/NgLNF8majr (Cupo Limitado) 🌎 #EcoReto  https://t.co/RyGuY9cVTW"	es	[{'screen_name': 'pepsico', 'name': 'pepsico', 'id': '21346619'}]	['https://bit.ly/2MPCTqK']	['https://pbs.twimg.com/media/EbeQuDTXkAECEeo.jpg']	0	31	673	['ticamericas', 'ecoreto']	[]	https://twitter.com/YABTs/status/1276651742634090507	False		1	https://pbs.twimg.com/media/EbeQuDTXkAECEeo.jpg							[]				
1276263873952182272	1276263873952182272	2020-06-26 06:19:54 KST	2020-06-26	06:19:54	+0900	23831682	reagangomez	Reagan Gomez		This is from 2015. A bit of context for them rushing to chage the image &amp; name. &gt;Judge Dismisses Aunt Jemima Heirs' $3 Billion Lawsuit Against PepsiCo  https://t.co/jRwTZb7e1n	en	[]	['https://www.eater.com/2015/2/19/8071729/judge-dismisses-aunt-jemima-heirs-3-billion-lawsuit-against-pepsico']	[]	3	65	89	[]	[]	https://twitter.com/ReaganGomez/status/1276263873952182272	False		0								[]				
1276127752928858112	1276127752928858112	2020-06-25 21:19:00 KST	2020-06-25	21:19:00	+0900	337808606	robertkennedyjr	Robert F. Kennedy Jr		Despite rampant diet-related disease in the U.S., a new report finds that soft-drink companies—led by corporate giants PepsiCo + CocaCola—are ramping up efforts to promote sugary drinks to the tune of $1 billion per year.   https://t.co/3RciaxbW2A	en	[]	['https://www.ehn.org/sugar-soda-advertising-2646244889.html']	[]	46	216	437	[]	[]	https://twitter.com/RobertKennedyJr/status/1276127752928858112	False		0								[]				
1275866438042075136	1275866438042075136	2020-06-25 04:00:37 KST	2020-06-25	04:00:37	+0900	867929010877190144	harddrivemag	Hard Drive		PepsiCo Announces New Mountain Dew Keurig Pods for Working Gamers   https://t.co/8pRUp19q57	en	[]	['https://thehardtimes.net/harddrive/pepsico-announces-new-mountain-dew-keurig-pods-for-working-gamers/']	[]	17	332	1645	[]	[]	https://twitter.com/HardDriveMag/status/1275866438042075136	False		0								[]				
1275660482721058824	1275658418318172168	2020-06-24 14:22:14 KST	2020-06-24	14:22:14	+0900	799047255378391040	slpng_giants	Sleeping Giants		@SarahKSilverman @adidas @ProcterGamble @KelloggsUS @PepsiCo @unileverusa Thanks for amplifying, @SarahKSilverman!   We’ve got a lot of momentum with #StopHateForProfit with brands like @benandjerrys @patagonia @thenorthface @Upwork &amp; @eddiebauer already taking July off of Facebook.  Help us keep it going! More info at  https://t.co/VqZCgmzHlf!	en	"[{'screen_name': 'sarahksilverman', 'name': 'sarah silverman', 'id': '30364057'}, {'screen_name': 'benandjerrys', 'name': ""ben & jerry's"", 'id': '18949610'}, {'screen_name': 'patagonia', 'name': 'patagonia', 'id': '16191793'}, {'screen_name': 'thenorthface', 'name': 'the north face', 'id': '7573792'}, {'screen_name': 'upwork', 'name': 'upwork', 'id': '15225375'}, {'screen_name': 'eddiebauer', 'name': 'eddie bauer', 'id': '19624068'}]"	['http://Stophateforprofit.org']	[]	1	29	134	['stophateforprofit']	[]	https://twitter.com/slpng_giants/status/1275660482721058824	False		0								"[{'screen_name': 'SarahKSilverman', 'name': 'Sarah Silverman', 'id': '30364057'}, {'screen_name': 'adidas', 'name': 'adidas', 'id': '300114634'}, {'screen_name': 'ProcterGamble', 'name': 'Procter & Gamble', 'id': '27025414'}, {'screen_name': 'KelloggsUS', 'name': ""Kellogg's"", 'id': '534249758'}, {'screen_name': 'PepsiCo', 'name': 'PepsiCo', 'id': '21346619'}, {'screen_name': 'unileverusa', 'name': 'UnileverUSA', 'id': '77037315'}]"				
1275658418318172168	1275658418318172168	2020-06-24 14:14:02 KST	2020-06-24	14:14:02	+0900	30364057	sarahksilverman	Sarah Silverman		CC:  @adidas @ProcterGamble @KelloggsUS @PepsiCo @unileverusa	und	"[{'screen_name': 'adidas', 'name': 'adidas', 'id': '300114634'}, {'screen_name': 'proctergamble', 'name': 'procter & gamble', 'id': '27025414'}, {'screen_name': 'kelloggsus', 'name': ""kellogg's"", 'id': '534249758'}, {'screen_name': 'pepsico', 'name': 'pepsico', 'id': '21346619'}, {'screen_name': 'unileverusa', 'name': 'unileverusa', 'id': '77037315'}]"	[]	[]	41	356	1552	[]	[]	https://twitter.com/SarahKSilverman/status/1275658418318172168	False	https://twitter.com/SachaBaronCohen/status/1273369284148973569	0								[]				
1275617322149937153	1275617322149937153	2020-06-24 11:30:44 KST	2020-06-24	11:30:44	+0900	1943418931	polimernews	Polimer News		பெப்சி நிறுவன ஊழியர்களுக்கு கொரோனா தொற்று உறுதி #China | #pepsico | #CoronaVirus  https://t.co/hrHaeOkXwn	ta	[]	['http://www.polimernews.com/view/113036']	[]	2	17	76	['china', 'pepsico', 'coronavirus']	[]	https://twitter.com/polimernews/status/1275617322149937153	False		0								[]				
1275542232691609602	1275542232691609602	2020-06-24 06:32:21 KST	2020-06-24	06:32:21	+0900	52855610	juliabradbury	Julia Bradbury💙		It's not unusual for big corporations to enlist the 'expert' help of paid for scientists to fight their corner when it comes to safety measures for eg: the Centre for Research on Ingredient Safety -CRIS is notably funded by Bayer, Hershey's &amp; PepsiCo.  https://t.co/7Lk96RCJV5	en	[]	['https://www.ehn.org/amp/european-parliament-endocrine-disruptors-2646227143?__twitter_impression=true']	[]	4	4	19	[]	[]	https://twitter.com/JuliaBradbury/status/1275542232691609602	False		0								[]				
1275511158523510784	1275511158523510784	2020-06-24 04:28:52 KST	2020-06-24	04:28:52	+0900	332993154	myriambregman	Myriam Bregman		"Los jueces ahora reconocen la escandalosa extorsión de la ""mesa judicial"" macrista, pero trabajadores y trabajadoras de Pepsico continúan en la calle. El Estado debe reparar esa situación, o ganan los extorsionadores."	es	[]	[]	[]	4	15	54	[]	[]	https://twitter.com/myriambregman/status/1275511158523510784	False	https://twitter.com/marianoemartin/status/1275425656382394369	0								[]				
1275468011244269570	1275468011244269570	2020-06-24 01:37:25 KST	2020-06-24	01:37:25	+0900	164425558	jonerlichman	Jon Erlichman		Netflix is worth more than companies such as:  Coca-Cola Exxon Mobil Merck Cisco Pfizer Pepsico Chevron Comcast Nike McDonald’s Costco Lowe’s Starbucks Oracle Salesforce IBM Boeing 3M UPS Target Eli Lilly American Express Goldman Sachs Caterpillar Citigroup Wells Fargo  https://t.co/2kHJORFYbH	en	[]	[]	[]	21	156	481	[]	[]	https://twitter.com/JonErlichman/status/1275468011244269570	False		1	https://pbs.twimg.com/ext_tw_video_thumb/1275467970119118849/pu/img/A1Sd9V_CAzs9YAjd.jpg							[]				
1275348402872582146	1275348402872582146	2020-06-23 17:42:08 KST	2020-06-23	17:42:08	+0900	49616273	globaltimesnews	Global Times		PepsiCo's #Beijing branch, where Lay's potato chips are produced, reported 3 more confirmed #COVID19 cases on Monday, bringing the total infections in the plant to 11.  https://t.co/TJlChJLGPm	en	[]	[]	['https://pbs.twimg.com/media/EbLycZcVcAEqy79.jpg']	23	14	44	['beijing', 'covid19']	[]	https://twitter.com/globaltimesnews/status/1275348402872582146	False		1	https://pbs.twimg.com/media/EbLycZcVcAEqy79.jpg							[]				
1275089169379975169	1275089169379975169	2020-06-23 00:32:02 KST	2020-06-23	00:32:02	+0900	148854179	brains9	B9		PepsiCo anuncia mudança na linha de produtos Aunt Jemima por estereótipo racista -  https://t.co/3kKZLRGHKJ  https://t.co/6dCkiEJnlE	pt	[]	['https://no.b9.com.br/3emZy9S']	['https://pbs.twimg.com/media/EbIG145X0AAisE3.jpg']	0	5	11	[]	[]	https://twitter.com/brains9/status/1275089169379975169	False		1	https://pbs.twimg.com/media/EbIG145X0AAisE3.jpg							[]				
1275063677478039554	1275063677478039554	2020-06-22 22:50:44 KST	2020-06-22	22:50:44	+0900	49616273	globaltimesnews	Global Times		Products made by #PepsiCo’s potato chips plant in #Beijing that reported a cluster of #coronavirus infections have been sealed off, the company told the Global Times on Monday.  https://t.co/7637uLfWYa  https://t.co/aTrSQ3isHO	en	[]	['https://bit.ly/3fPSEuu']	['https://pbs.twimg.com/media/EbHvobZUMAY2Sll.jpg', 'https://pbs.twimg.com/media/EbHvpAAWsAAlixR.jpg', 'https://pbs.twimg.com/media/EbHvp7CUMAA2d6O.jpg', 'https://pbs.twimg.com/media/EbHvpH-UMAM-P7x.jpg']	61	14	54	['pepsico', 'beijing', 'coronavirus']	[]	https://twitter.com/globaltimesnews/status/1275063677478039554	False		1	https://pbs.twimg.com/media/EbHvobZUMAY2Sll.jpg							[]				
1275059307353190400	1275059307353190400	2020-06-22 22:33:22 KST	2020-06-22	22:33:22	+0900	497262990	jchatterleycnn	Julia Chatterley		#China ramps up testing and shuts down PepsiCo factory after 8 employees are infected with #covid19. @David_Culver is live in #Beijing with the details on @firstmove. $PEP $TSN  https://t.co/3NIAzvKldM	en	[{'screen_name': 'david_culver', 'name': 'david culver', 'id': '52612881'}, {'screen_name': 'firstmove', 'name': 'first move cnn', 'id': '1036631333433421824'}]	[]	[]	9	27	69	['china', 'covid19', 'beijing']	['pep', 'tsn']	https://twitter.com/jchatterleyCNN/status/1275059307353190400	False		1	https://pbs.twimg.com/media/EbHrHKdXQAQ8PPQ.jpg							[]				
1274999345717415936	1274999345717415936	2020-06-22 18:35:07 KST	2020-06-22	18:35:07	+0900	1652541	reuters	Reuters		PepsiCo China food processing factory halted after COVID-19 infection found  https://t.co/7fVrAyuKK6  https://t.co/DIvHfKOcoa	en	[]	['https://reut.rs/2V2jUxG']	['https://pbs.twimg.com/media/EbG1JgRWsAAhr7l.jpg']	11	56	79	[]	[]	https://twitter.com/Reuters/status/1274999345717415936	False		1	https://pbs.twimg.com/media/EbG1JgRWsAAhr7l.jpg							[]				
1274966748207276033	1274966748207276033	2020-06-22 16:25:35 KST	2020-06-22	16:25:35	+0900	2825622506	pepsicoindia	PepsiCo		PepsiCo Foundation has partnered with @SeedsIndia to provide over 3.5 lakh meals, hygiene kits &amp; community water filters to cyclone impacted communities in West Bengal. Thanks to @CMOfficeWB #RajivaSinha #VandanaYadav for the support.  https://t.co/QCRZCaSoCi #AmphanRelief  https://t.co/E4l36C0fNf	en	[{'screen_name': 'seedsindia', 'name': 'seeds india', 'id': '105111921'}, {'screen_name': 'cmofficewb', 'name': 'cmo, west bengal', 'id': '3193967556'}]	['http://bit.ly/ReliefWork']	['https://pbs.twimg.com/media/EbGW79uVAAI99hj.jpg']	2	8	27	['rajivasinha', 'vandanayadav', 'amphanrelief']	[]	https://twitter.com/PepsiCoIndia/status/1274966748207276033	False		1	https://pbs.twimg.com/media/EbGW79uVAAI99hj.jpg							[]				
1274950142269878272	1274950142269878272	2020-06-22 15:19:36 KST	2020-06-22	15:19:36	+0900	39240673	abpnews	ABP News		Although Lay’s, a brand owned by #PepsiCo, has clarified on its micro-blog that the mentioned food-processing plant had manufactured a small batch of potato chips and that scope of any virus surviving during food processing is extremely low. #China  https://t.co/wVmAWZnU7b	en	[]	['https://news.abplive.com/news/covid-19-resurgence-pepsico-china-shuts-operations-of-food-processing-factory-bans-poultry-imports-from-a-top-us-producer-1266868']	[]	1	5	80	['pepsico', 'china']	[]	https://twitter.com/ABPNews/status/1274950142269878272	False		0								[]				
1274945192911491073	1274945192911491073	2020-06-22 14:59:55 KST	2020-06-22	14:59:55	+0900	1652541	reuters	Reuters		PepsiCo China food processing factory halted after COVID-19 infection found  https://t.co/HsJ3z1YHNe  https://t.co/UVu3BOg5Do	en	[]	['https://reut.rs/2YnPiJ7']	['https://pbs.twimg.com/media/EbGD5YdXYAAJuDV.jpg']	3	40	59	[]	[]	https://twitter.com/Reuters/status/1274945192911491073	False		1	https://pbs.twimg.com/media/EbGD5YdXYAAJuDV.jpg							[]				
1274936418423447552	1274936418423447552	2020-06-22 14:25:03 KST	2020-06-22	14:25:03	+0900	97877232	evrenselgzt	Evrensel Gazetesi		"🗨 Sendika temsilcileri asgari ücret tartışmalarında olduğu gibi masadan kalkıp gitmek yerine genel grev çağrısında bulunmalılar.   PepsiCo işçisi ""Kıdem hakkı için mücadele"" diyor  https://t.co/WvPSDhQWRq  https://t.co/ZIVkMlfZBA"	tr	[]	['https://evrn.sl/0ZoEoK?a=60783']	['https://pbs.twimg.com/media/EbF76o4WAAUxrAr.jpg']	0	9	18	[]	[]	https://twitter.com/evrenselgzt/status/1274936418423447552	False		1	https://pbs.twimg.com/media/EbF76o4WAAUxrAr.jpg							[]				
1274884813619630081	1274884813619630081	2020-06-22 11:00:00 KST	2020-06-22	11:00:00	+0900	1115874631	cgtnofficial	CGTN		#PepsiCo says all staff at its Beijing factory are home isolating #COVID19  https://t.co/BYAWzwSUKg	en	[]	['https://news.cgtn.com/news/2020-06-21/PepsiCo-in-Beijing-suspends-production-after-reporting-COVID-19-cases-Rvl75Fo5fq/index.html']	[]	1	15	50	['pepsico', 'covid19']	[]	https://twitter.com/CGTNOfficial/status/1274884813619630081	False		0								[]				
1274864680100659204	1274864680100659204	2020-06-22 09:40:00 KST	2020-06-22	09:40:00	+0900	15872418	abscbnnews	ABS-CBN News		PepsiCo China food processing factory halted after #COVID19 infection found  https://t.co/MRsRqjyjG1	en	[]	['https://bit.ly/2Yk9hby']	[]	2	10	28	['covid19']	[]	https://twitter.com/ABSCBNNews/status/1274864680100659204	False		0								[]				
1274786685113585667	1274786685113585667	2020-06-22 04:30:04 KST	2020-06-22	04:30:04	+0900	49616273	globaltimesnews	Global Times		"#Coronavirus infections in a PepsiCo chips branch in #Beijing sparked consumers' discontent and industry analysts said it could be ""a blow"" to its business     https://t.co/Yhoh5HpJxT  https://t.co/tvkebHfQED"	en	[]	['https://bit.ly/2YoUywh']	['https://pbs.twimg.com/media/EbDzvBGWoAE8zLL.jpg']	55	16	41	['coronavirus', 'beijing']	[]	https://twitter.com/globaltimesnews/status/1274786685113585667	False		1	https://pbs.twimg.com/media/EbDzvBGWoAE8zLL.jpg							[]				
1274781913870471175	1274781913870471175	2020-06-22 04:11:07 KST	2020-06-22	04:11:07	+0900	34713362	business	Bloomberg		Beijing’s latest virus outbreak disrupts companies including PepsiCo and Tyson Foods  https://t.co/JlveUZEIV6	en	[]	['https://trib.al/5uvrgvT']	[]	3	36	39	[]	[]	https://twitter.com/business/status/1274781913870471175	False		0								[]				
1274726268261601283	1274726268261601283	2020-06-22 00:30:00 KST	2020-06-22	00:30:00	+0900	1115874631	cgtnofficial	CGTN		#COVID19 cases detected at #PepsiCo snack factory in #Beijing  https://t.co/BYAWzwSUKg	en	[]	['https://news.cgtn.com/news/2020-06-21/PepsiCo-in-Beijing-suspends-production-after-reporting-COVID-19-cases-Rvl75Fo5fq/index.html']	[]	1	21	52	['covid19', 'pepsico', 'beijing']	[]	https://twitter.com/CGTNOfficial/status/1274726268261601283	False		0								[]				
1274715966656647168	1274715966656647168	2020-06-21 23:49:04 KST	2020-06-21	23:49:04	+0900	34713362	business	Bloomberg		Pepsico China said it shut a local food plant in Beijing after a coronavirus case was confirmed on June 15  https://t.co/IlhjQP5GDm	en	[]	['https://trib.al/GWI2FQI']	[]	6	39	68	[]	[]	https://twitter.com/business/status/1274715966656647168	False		0								[]				
1274714966520520705	1274714966520520705	2020-06-21 23:45:05 KST	2020-06-21	23:45:05	+0900	487118986	xhnews	China Xinhua News		PepsiCo factory in Beijing suspends production after 8 #COVID19 cases reported  https://t.co/h9lCXH3olf  https://t.co/ST5ucK2zjs	en	[]	['http://xhne.ws/8Vsp7']	['https://pbs.twimg.com/media/EbCygT1UEAEjqRD.jpg']	13	16	54	['covid19']	[]	https://twitter.com/XHNews/status/1274714966520520705	False		1	https://pbs.twimg.com/media/EbCygT1UEAEjqRD.jpg							[]				
1274713761186811904	1274713761186811904	2020-06-21 23:40:18 KST	2020-06-21	23:40:18	+0900	34713362	business	Bloomberg		Beijing's latest virus outbreak disrupts companies including PepsiCo and Tyson Foods  https://t.co/VvYGKWLiPH	en	[]	['https://trib.al/XtUDDtA']	[]	3	38	45	[]	[]	https://twitter.com/business/status/1274713761186811904	False		0								[]				
1274699844041338885	1274699844041338885	2020-06-21 22:45:00 KST	2020-06-21	22:45:00	+0900	711760467383877632	wionews	WION		Beverage maker PepsiCo on Sunday has suspended its operations in Beijing after confirmed COVID-19 cases were reported in the company   https://t.co/iFaEwONvoH	en	[]	['https://www.wionews.com/world/pepsico-suspends-operations-in-beijing-after-workers-test-positive-for-coronavirus-307478']	[]	1	10	59	[]	[]	https://twitter.com/WIONews/status/1274699844041338885	False		0								[]				
1274680381057273858	1274628411005087744	2020-06-21 21:27:39 KST	2020-06-21	21:27:39	+0900	1115874631	cgtnofficial	CGTN		PepsiCo's beverage factories report zero #COVID19 cases and will remain normal production, PepsiCo said in a statement on Sunday, adding the confirmed #COVID19 cases were only reported in one food processing plant located in Beijing's Daxing District.  https://t.co/cLH79Ka78m	en	[]	[]	['https://pbs.twimg.com/media/EbCTC36U8AAhqWW.jpg']	4	8	56	['covid19', 'covid19']	[]	https://twitter.com/CGTNOfficial/status/1274680381057273858	False		1	https://pbs.twimg.com/media/EbCTC36U8AAhqWW.jpg							[]				
1274676405012328449	1274676405012328449	2020-06-21 21:11:51 KST	2020-06-21	21:11:51	+0900	49616273	globaltimesnews	Global Times		#PepsiCo's beverage plants across #China have reported zero #COVID19 infections among its workers. The company's eight workers have been infected with the coronavirus at its food plant in #Beijing which doesn't produce beverages: PepsiCo China  https://t.co/CYtAPtXpDJ  https://t.co/b1IjF4kPwG	en	[]	['https://www.globaltimes.cn/content/1192313.shtml']	['https://pbs.twimg.com/media/EbCPZ9aUcAYw_0x.jpg']	35	7	27	['pepsico', 'china', 'covid19', 'beijing']	[]	https://twitter.com/globaltimesnews/status/1274676405012328449	False		1	https://pbs.twimg.com/media/EbCPZ9aUcAYw_0x.jpg							[]				
1274670920397963266	1274670920397963266	2020-06-21 20:50:04 KST	2020-06-21	20:50:04	+0900	20751449	the_hindu	The Hindu		Food and beverage giant PepsiCo has suspended operations in #Beijing after some of its employees tested positive for the #coronavirus.  https://t.co/eLSoUDkzOq	en	[]	['https://trib.al/CrlfcBN']	[]	4	22	134	['beijing', 'coronavirus']	[]	https://twitter.com/the_hindu/status/1274670920397963266	False		0								[]				
1274653220523008000	1274653220523008000	2020-06-21 19:39:44 KST	2020-06-21	19:39:44	+0900	49616273	globaltimesnews	Global Times		The #PepsiCo company in Beijing reports 8 of its employees have been infected with the #coronavirus. They work at the plant that mainly produces #Lays chips: media reports  https://t.co/CYtAPtXpDJ  https://t.co/rUct9lZ9SX	en	[]	['https://www.globaltimes.cn/content/1192313.shtml']	['https://pbs.twimg.com/media/EbB6SzaU0AEhdPV.jpg']	31	17	43	['pepsico', 'coronavirus', 'lays']	[]	https://twitter.com/globaltimesnews/status/1274653220523008000	False		1	https://pbs.twimg.com/media/EbB6SzaU0AEhdPV.jpg							[]				
1274640964884168705	1274640964884168705	2020-06-21 18:51:02 KST	2020-06-21	18:51:02	+0900	87775422	chinadaily	China Daily		#LATEST PepsiCo suspends operation in a Beijing factory due to confirmed #COVID_19 cases.  https://t.co/UzZaicZHHh	en	[]	[]	['https://pbs.twimg.com/media/EbBs6gPUYAA98F-.png']	6	20	61	['latest', 'covid_19']	[]	https://twitter.com/ChinaDaily/status/1274640964884168705	False		1	https://pbs.twimg.com/media/EbBs6gPUYAA98F-.png							[]				
1274640216658022401	1274640216658022401	2020-06-21 18:48:03 KST	2020-06-21	18:48:03	+0900	49616273	globaltimesnews	Global Times		PepsiCo in Beijing suspends operations after reporting 8 #COVID19 cases, 87 close contacts traced.  https://t.co/Yhoh5H889j  https://t.co/kKspHixa9I	en	[]	['https://bit.ly/2YoUywh']	['https://pbs.twimg.com/media/EbBe-ukVcAEgeSn.jpg']	27	17	56	['covid19']	[]	https://twitter.com/globaltimesnews/status/1274640216658022401	False		1	https://pbs.twimg.com/media/EbBe-ukVcAEgeSn.jpg							[]				
1274633627758817285	1274633627758817285	2020-06-21 18:21:53 KST	2020-06-21	18:21:53	+0900	303862998	pdchina	People's Daily, China		PepsiCo in #Beijing has suspended production and quarantined its staff after confirmed #COVID19 cases were reported in the company, according to the company's regional PR director on Sunday.  https://t.co/1XHmdheB9J	en	[]	[]	['https://pbs.twimg.com/media/EbBog2AU8AMoQFx.jpg']	5	37	76	['beijing', 'covid19']	[]	https://twitter.com/PDChina/status/1274633627758817285	False		1	https://pbs.twimg.com/media/EbBog2AU8AMoQFx.jpg							[]				
1274628411005087744	1274628411005087744	2020-06-21 18:01:09 KST	2020-06-21	18:01:09	+0900	1115874631	cgtnofficial	CGTN		PepsiCo in #Beijing has suspended production and isolated its staff after confirmed #COVID19 cases were reported, according to the company's regional PR director on Sunday.  https://t.co/D5MHyfMI3x	en	[]	[]	['https://pbs.twimg.com/media/EbBjxH3UYAAAMwW.jpg']	6	36	101	['beijing', 'covid19']	[]	https://twitter.com/CGTNOfficial/status/1274628411005087744	False		1	https://pbs.twimg.com/media/EbBjxH3UYAAAMwW.jpg							[]				
1274623239981944832	1274623239981944832	2020-06-21 17:40:36 KST	2020-06-21	17:40:36	+0900	49616273	globaltimesnews	Global Times		All of #PepsiCo's 87 close contacts of a confirmed case in #Beijing have been quarantined, and samples taken inside and outside its Beijing plant have come out negative. #COVID19	en	[]	[]	[]	27	9	31	['pepsico', 'beijing', 'covid19']	[]	https://twitter.com/globaltimesnews/status/1274623239981944832	False	https://twitter.com/globaltimesnews/status/1274623135938043904	0								[]				
1274623135938043904	1274623135938043904	2020-06-21 17:40:11 KST	2020-06-21	17:40:11	+0900	49616273	globaltimesnews	Global Times		#PepsiCo in Beijing suspends operations after confirmed #COVID19 cases were reported in the company.  https://t.co/s3icuVA2o3	en	[]	[]	['https://pbs.twimg.com/media/EbBe-ukVcAEgeSn.jpg']	60	40	184	['pepsico', 'covid19']	[]	https://twitter.com/globaltimesnews/status/1274623135938043904	False		1	https://pbs.twimg.com/media/EbBe-ukVcAEgeSn.jpg							[]				
1274448698056024065	1274448698056024065	2020-06-21 06:07:02 KST	2020-06-21	06:07:02	+0900	148854179	brains9	B9		PepsiCo anuncia mudança na linha de produtos Aunt Jemima por estereótipo racista -  https://t.co/3kKZLRGHKJ  https://t.co/BxnmYhdTQh	pt	[]	['https://no.b9.com.br/3emZy9S']	['https://pbs.twimg.com/media/Ea_AVh2XYAIzhbx.jpg']	0	0	18	[]	[]	https://twitter.com/brains9/status/1274448698056024065	False		1	https://pbs.twimg.com/media/Ea_AVh2XYAIzhbx.jpg							[]				
1274374773171277826	1274374773171277826	2020-06-21 01:13:17 KST	2020-06-21	01:13:17	+0900	202724099	dunn	Andy Dunn		Thank you @PepsiCo and @Quaker for pulling the Aunt Jemima brand. The next step: a $100m donation to racial equity causes, which is a fraction of the gross profits generated by this brand since 1926. #pepsipayup  https://t.co/FH46uGvArx	en	[{'screen_name': 'pepsico', 'name': 'pepsico', 'id': '21346619'}, {'screen_name': 'quaker', 'name': 'quakeroats', 'id': '18940252'}]	[]	['https://pbs.twimg.com/media/Ea99GLsWsAEL4dZ.jpg']	0	0	9	['pepsipayup']	[]	https://twitter.com/dunn/status/1274374773171277826	False		1	https://pbs.twimg.com/media/Ea99GLsWsAEL4dZ.jpg							[]				
1274261274990436352	1274261274990436352	2020-06-20 17:42:17 KST	2020-06-20	17:42:17	+0900	72853440	mochievous	moe		Haven’t moderated a @scalemyhustle session in a min so I’m excited for this one! Michael runs a firm focused on retail and e-commerce. He has worked with brands like Procter &amp; Gamble, PepsiCo and GapInc. MBA from Stanford and was most recently retail Director at Jumia Group 🔥  https://t.co/7szNoOzTg6	en	[{'screen_name': 'scalemyhustle', 'name': 'scalemyhustle', 'id': '1010937944054648834'}]	[]	['https://pbs.twimg.com/media/Ea8V3okWkAAB-PR.jpg']	3	7	23	[]	[]	https://twitter.com/Mochievous/status/1274261274990436352	False		1	https://pbs.twimg.com/media/Ea8V3okWkAAB-PR.jpg							[]				
1274124143634468864	1274124143634468864	2020-06-20 08:37:22 KST	2020-06-20	08:37:22	+0900	20696181	nekap	Neil (VAXXED AND READY) Kaplan		Hey @Quaker &amp; @PepsiCo here’s a wild idea for rebranding Aunt Jemima...   Call the line “Nancy Green’s” in honor of the woman whose image you used and whose recipe was allegedly also used. Celebrate her legacy. Also, give her descendants a stake in the company she helped build.	en	[{'screen_name': 'quaker', 'name': 'quakeroats', 'id': '18940252'}, {'screen_name': 'pepsico', 'name': 'pepsico', 'id': '21346619'}]	[]	[]	0	6	19	[]	[]	https://twitter.com/NeKap/status/1274124143634468864	False		0								[]				
1273994224006987777	1273994224006987777	2020-06-20 00:01:07 KST	2020-06-20	00:01:07	+0900	15612015	blackenterprise	Black Enterprise		PepsiCo To Invest Over $400 Million in Black Community  https://t.co/J9LAxVAflW	en	[]	['https://buff.ly/3efSmN1']	[]	0	15	24	[]	[]	https://twitter.com/blackenterprise/status/1273994224006987777	False		0								[]				
1273943398681128960	1273933565881966593	2020-06-19 20:39:09 KST	2020-06-19	20:39:09	+0900	1873568736	jgilliam_seal	Jonathan T Gilliam		@rickungar @PepsiCo Our history should not be forgotten so that it is never repeated. And those that showed they could climb out of true oppression should be celebrated forever.	en	[]	[]	[]	10	20	120	[]	[]	https://twitter.com/JGilliam_SEAL/status/1273943398681128960	False		0								[{'screen_name': 'rickungar', 'name': 'rickungar', 'id': '16314548'}, {'screen_name': 'PepsiCo', 'name': 'PepsiCo', 'id': '21346619'}]				
1273941560560881664	1273933565881966593	2020-06-19 20:31:51 KST	2020-06-19	20:31:51	+0900	16314548	rickungar	rickungar		@JGilliam_SEAL @PepsiCo This is something I have been thinking about because I think this is a fair point. I wonder if it wouldn't have been a better idea to returning to using the picture of Nancy Green as they did on the original product (they've changed it long ago) as an honorific.	en	[]	[]	[]	4	6	26	[]	[]	https://twitter.com/rickungar/status/1273941560560881664	False		0								[{'screen_name': 'JGilliam_SEAL', 'name': 'Jonathan T Gilliam', 'id': '1873568736'}, {'screen_name': 'PepsiCo', 'name': 'PepsiCo', 'id': '21346619'}]				
1273933770232561665	1273933770232561665	2020-06-19 20:00:54 KST	2020-06-19	20:00:54	+0900	30205586	adweek	Adweek		This fall, PepsiCo will start rolling out SodaStream Professional, a stand-alone beverage dispenser intended for workplaces, college campuses and travel hubs.  https://t.co/3qSa1N0jqn	en	[]	['https://nytv.to/lv0Am']	[]	2	6	12	[]	[]	https://twitter.com/Adweek/status/1273933770232561665	False		0								[]				
1273933565881966593	1273933565881966593	2020-06-19 20:00:05 KST	2020-06-19	20:00:05	+0900	1873568736	jgilliam_seal	Jonathan T Gilliam		Nancy Green died in 1923 at 89, one of America’s first black millionaires. Born a slave, she became a wealthy superstar in advertising as the living trademark of “Aunt Jemima”. She used her stature to advocate against poverty &amp; equal rights. A success story now erased by @PepsiCo  https://t.co/2vKNRXDkgB	en	[{'screen_name': 'pepsico', 'name': 'pepsico', 'id': '21346619'}]	[]	['https://pbs.twimg.com/media/Ea3r02gXsAEGvCh.jpg']	462	4762	7307	[]	[]	https://twitter.com/JGilliam_SEAL/status/1273933565881966593	False		1	https://pbs.twimg.com/media/Ea3r02gXsAEGvCh.jpg							[]				
1273923449061171200	1273923449061171200	2020-06-19 19:19:53 KST	2020-06-19	19:19:53	+0900	1181629051309572096	cnnbrbusiness	CNN Brasil Business		PODCAST | A Mars, dona da Uncle Bens, referência no mercado de arroz, e a Pepsico, que possui rótulo de xaropes e misturas para panquecas chamado Aunt Jemima, anunciaram que devem reformular os produtos.  https://t.co/u4rrEeKdEF	pt	[]	['https://www.cnnbrasil.com.br/business/2020/06/19/marcas-dos-eua-mudam-rotulos-e-nomes-de-produtos-com-conotacao-racista']	[]	1	4	38	[]	[]	https://twitter.com/CNNBrBusiness/status/1273923449061171200	False		0								[]				
1273785108085030913	1273667274335977472	2020-06-19 10:10:10 KST	2020-06-19	10:10:10	+0900	113413385	doritos_mx	Doritos Mx		@angel4mejia En PepsiCo. México realizamos acciones para apoyar a todos los sectores de la sociedad.  Aquí podrás conocerlas:  https://t.co/Gz8RvDI16J	es	[]	['https://bit.ly/3hJ4at1']	[]	2	4	111	[]	[]	https://twitter.com/Doritos_Mx/status/1273785108085030913	False		0								[{'screen_name': 'angel4mejia', 'name': 'Angel Mejia', 'id': '2895264971'}]				
1273721041177673728	1273721041177673728	2020-06-19 05:55:35 KST	2020-06-19	05:55:35	+0900	376364951	mef_uruguay	Economía y Finanzas		Resolución del MEF: Se ratificó extensión de la licencia de PepsiCo por 20 años más y establecieron las condiciones para ampliación de su planta  https://t.co/VA6NJCMZ14  https://t.co/0YewGowY4R	es	[]	['https://bit.ly/2BnYOTG']	['https://pbs.twimg.com/media/Ea0p2IJXkAYz82t.jpg', 'https://pbs.twimg.com/media/Ea0p4HIXgAIp7sJ.jpg']	0	14	34	[]	[]	https://twitter.com/mef_Uruguay/status/1273721041177673728	False		1	https://pbs.twimg.com/media/Ea0p2IJXkAYz82t.jpg							[]				
1273621648483266563	1273621648483266563	2020-06-18 23:20:38 KST	2020-06-18	23:20:38	+0900	1026414410452152320	ramonlaguarta	Ramon Laguarta		It’s clearer than ever that we need bold steps to bring about a stronger, more sustainable future for us all. That’s why @PepsiCo is using our scale and expertise to help build a more sustainable food system.  Read about the progress we’re already making:  https://t.co/oTaQFhNwdc	en	[{'screen_name': 'pepsico', 'name': 'pepsico', 'id': '21346619'}]	['https://www.linkedin.com/pulse/building-more-sustainable-food-system-resilient-future-ramon-laguarta']	[]	3	8	27	[]	[]	https://twitter.com/ramonlaguarta/status/1273621648483266563	False		0								[]				
1273556657130242048	1273556657130242048	2020-06-18 19:02:23 KST	2020-06-18	19:02:23	+0900	21014078	svaradarajan	Siddharth		Citing Racial Stereotype, PepsiCo Drops Aunt Jemima; Uncle Ben's, Mrs. Butterworth's Under Review  https://t.co/iEMUisYQ5e via @thewire_in	en	[{'screen_name': 'thewire_in', 'name': 'the wire', 'id': '3150940290'}]	['https://m.thewire.in/article/world/citing-racial-stereotype-pepsico-drops-aunt-jemima-uncle-bens-mrs-butterworths-under-review']	[]	0	6	22	[]	[]	https://twitter.com/svaradarajan/status/1273556657130242048	False		0								[]				
1273537538825891841	1273537538825891841	2020-06-18 17:46:25 KST	2020-06-18	17:46:25	+0900	2803786405	meduzaproject	Meduza		Mars и PepsiCo изменят логотипы брендов с изображением афроамериканцев    https://t.co/gcRtxt0yKB	ru	[]	['https://meduza.io/news/2020/06/18/mars-i-pepsico-izmenyat-logotipy-brendov-s-izobrazheniem-afroamerikantsev']	[]	49	9	53	[]	[]	https://twitter.com/meduzaproject/status/1273537538825891841	False		0								[]				
1273505775130943493	1273505775130943493	2020-06-18 15:40:12 KST	2020-06-18	15:40:12	+0900	252751061	quicktake	Bloomberg Quicktake		ICYMI: PepsiCo is changing the name of its Aunt Jemima breakfast products amid nationwide protests over systemic racism  https://t.co/5X2kyINRMZ	en	[]	[]	[]	9	8	42	[]	[]	https://twitter.com/Quicktake/status/1273505775130943493	False		1	https://pbs.twimg.com/amplify_video_thumb/1273375317198061568/img/vNRvOc2wOLAZz9ay.jpg							[]				
1273448648878239746	1273448648878239746	2020-06-18 11:53:12 KST	2020-06-18	11:53:12	+0900	257142675	dionnesearcey	Dionne Searcey		Best corporate-jargon answer ever to why PepsiCo did not retire a racist brand earlier: “due to personnel changes and shifting priorities, the workstream was eventually put on hold.”  https://t.co/LZ35r4Sr5Q	en	[]	['https://www.nytimes.com/2020/06/17/business/aunt-jemima-racial-stereotype.html']	[]	1	1	10	[]	[]	https://twitter.com/dionnesearcey/status/1273448648878239746	False		0								[]				
1273394996000034817	1273394996000034817	2020-06-18 08:20:00 KST	2020-06-18	08:20:00	+0900	1652541	reuters	Reuters		PepsiCo will change the name and brand image of its Aunt Jemima pancake mix and syrup, dropping a mascot that has been criticized for its racist history  https://t.co/A4XFvL03pf  https://t.co/v6PReCBD7D	en	[]	['https://reut.rs/2N7ZCOV']	[]	37	34	115	[]	[]	https://twitter.com/Reuters/status/1273394996000034817	False		1	https://pbs.twimg.com/amplify_video_thumb/1273335729381208065/img/0EcaVk4wPS75NdC0.jpg							[]				
1273392077175492615	1273392077175492615	2020-06-18 08:08:24 KST	2020-06-18	08:08:24	+0900	12993222	citynews	CityNews Toronto		As a racial revolution engulfs the world, PepsiCo announces that it is getting rid of the Aunt Jemima name and brand. @NewloveNigel reports.  https://t.co/ppghUQP6je	en	[{'screen_name': 'newlovenigel', 'name': 'nigel newlove', 'id': '1244288556958433283'}]	['https://bddy.me/3efhxPy']	[]	25	18	33	[]	[]	https://twitter.com/CityNews/status/1273392077175492615	False		0								[]				
1273374224896294912	1273374224896294912	2020-06-18 06:57:28 KST	2020-06-18	06:57:28	+0900	14755879	playgrounder	PlayGround		Los jarabes sabor maple de Quaker Oats, propiedad de Pepsico, dejarán de venderse bajo la marca Aunt Jemima, un personaje basado en Nancy Green, cuenta-cuentos y cocinera que fue esclavizada durante sus primeros años de vida.  https://t.co/GPIjT6bHCB	es	[]	[]	['https://pbs.twimg.com/media/EavvG1OUYAA_k_8.jpg', 'https://pbs.twimg.com/media/EavvG1JUEAE6uzc.jpg']	0	12	32	[]	[]	https://twitter.com/PlayGrounder/status/1273374224896294912	False		1	https://pbs.twimg.com/media/EavvG1OUYAA_k_8.jpg							[]				
1273350955795275777	1273350955795275777	2020-06-18 05:25:00 KST	2020-06-18	05:25:00	+0900	1652541	reuters	Reuters		Quaker Foods, a unit of snacks and drinks giant PepsiCo, announced it would retire Aunt Jemima for good after the brand has faced backlash for being a racist caricature  https://t.co/A4XFvKIs0F  https://t.co/jDwz4XSa0f	en	[]	['https://reut.rs/2N7ZCOV']	[]	49	49	103	[]	[]	https://twitter.com/Reuters/status/1273350955795275777	False		1	https://pbs.twimg.com/amplify_video_thumb/1273335729381208065/img/0EcaVk4wPS75NdC0.jpg							[]				
1273348200850616320	1273348200850616320	2020-06-18 05:14:03 KST	2020-06-18	05:14:03	+0900	8197942	sbsnews	SBS News		Amid nationwide protests against racism in the US, PepsiCo has announced it will end entirely the Aunt Jemima line of pancake syrup and batter adorned with the face of a black woman.  https://t.co/ZRh0CzGzxn	en	[]	['https://www.sbs.com.au/news/long-accused-of-being-racist-the-aunt-jemima-food-brand-will-now-be-retired']	[]	12	2	16	[]	[]	https://twitter.com/SBSNews/status/1273348200850616320	False		0								[]				
1273343406089965568	1273343406089965568	2020-06-18 04:55:00 KST	2020-06-18	04:55:00	+0900	15110357	reutersbiz	Reuters Business		Quaker Foods, a unit of snacks and drinks giant PepsiCo, announced it would retire Aunt Jemima for good after the brand has faced backlash for being a racist caricature  https://t.co/yJ65Sr6hlL  https://t.co/Vbl7D4JRGX	en	[]	['https://reut.rs/2N7ZCOV']	[]	8	11	20	[]	[]	https://twitter.com/ReutersBiz/status/1273343406089965568	False		1	https://pbs.twimg.com/amplify_video_thumb/1273338121266933760/img/S_m8xmvxVjW1WnSO.jpg							[]				
1273333369988952065	1273333369988952065	2020-06-18 04:15:07 KST	2020-06-18	04:15:07	+0900	4970411	ajenglish	Al Jazeera English		"""We recognize Aunt Jemima's origins are based on a racial stereotype.""  PepsiCo to remove the image of Aunt Jemima from packaging for its pancake mixes and syrup  https://t.co/AI0IZZ9vBt  https://t.co/Pk6WGV4e5h"	en	[]	['https://aje.io/gren9']	['https://pbs.twimg.com/media/EavJ865XYAcPG7f.jpg']	46	55	167	[]	[]	https://twitter.com/AJEnglish/status/1273333369988952065	False		1	https://pbs.twimg.com/media/EavJ865XYAcPG7f.jpg							[]				
1273329622059532290	1273329622059532290	2020-06-18 04:00:13 KST	2020-06-18	04:00:13	+0900	69620713	markets	Bloomberg Markets		PepsiCo Inc. plans to change the name of its Aunt Jemima breakfast products amid nationwide protests over systemic racism, a major shift for a brand dating back more than 130 years  https://t.co/9XhT4nl0xX	en	[]	['https://trib.al/KXptC5k']	[]	9	12	24	[]	[]	https://twitter.com/markets/status/1273329622059532290	False		0								[]				
1273322985668120577	1273322985668120577	2020-06-18 03:33:51 KST	2020-06-18	03:33:51	+0900	20778387	bittman	Mark Bittman		PepsiCo bought Quaker Oats in 2001, inheriting the Aunt Jemima brand. Ramon Laguarta, the chief executive of PepsiCo, wrote in an article in Fortune this week that “the journey for racial equality has long been part of our company’s DNA.”  Right.  https://t.co/blAbtgHk04	en	[]	['https://www.nytimes.com/2020/06/17/business/aunt-jemima-racial-stereotype.html?action=click&module=Top%20Stories&pgtype=Homepage']	[]	3	3	30	[]	[]	https://twitter.com/bittman/status/1273322985668120577	False		0								[]				
1273322825114439681	1273322825114439681	2020-06-18 03:33:13 KST	2020-06-18	03:33:13	+0900	4898091	financialtimes	Financial Times		Pepsico is ditching its Aunt Jemima baking ingredients label, acknowledging the brand's origins were based on a racial stereotype   https://t.co/Btt1MKBYBH	en	[]	['https://on.ft.com/3e9CNXa']	[]	9	17	41	[]	[]	https://twitter.com/FinancialTimes/status/1273322825114439681	False		0								[]				
1273322808832151553	1273322808832151553	2020-06-18 03:33:09 KST	2020-06-18	03:33:09	+0900	128585924	bethkowitt	Beth Kowitt		I wrote about how PepsiCo's Aunt Jemima brand is looking to shed its racist roots with a vow to change its name and logo @FortuneMagazine  https://t.co/299yjmevXD	en	[{'screen_name': 'fortunemagazine', 'name': 'fortune', 'id': '25053299'}]	['https://fortune.com/2020/06/17/aunt-jemima-logo-name-change/']	[]	1	4	14	[]	[]	https://twitter.com/bethkowitt/status/1273322808832151553	False		0								[]				
1273319807186853893	1273319807186853893	2020-06-18 03:21:13 KST	2020-06-18	03:21:13	+0900	2347049341	voxdotcom	Vox		Quaker Oats, the company that produces Aunt Jemima products and a subsidiary of PepsiCo, acknowledged that the brand’s origins are based on a racial stereotype.  The company announced it will work to make packaging and name changes toward the end of 2020.  https://t.co/daS45g6mZX	en	[]	['https://bit.ly/2UTo0Is']	[]	10	19	53	[]	[]	https://twitter.com/voxdotcom/status/1273319807186853893	False		0								[]				
1273305244764647424	1273305244764647424	2020-06-18 02:23:21 KST	2020-06-18	02:23:21	+0900	24277551	darrenrovell	Darren Rovell		Hours after PepsiCo announces it is changing out the Aunt Jemima brand, Mars announces its Uncle Ben’s brand will change...  https://t.co/uEjtZ5zHFi	en	[]	[]	['https://pbs.twimg.com/media/EauwXsVXQAQC0rZ.jpg']	40	41	110	[]	[]	https://twitter.com/darrenrovell/status/1273305244764647424	False		1	https://pbs.twimg.com/media/EauwXsVXQAQC0rZ.jpg							[]				
1273297765838270469	1273297765838270469	2020-06-18 01:53:38 KST	2020-06-18	01:53:38	+0900	2735591	fastcompany	Fast Company		PepsiCo is retiring the Aunt Jemima brand—and it’s about damn time  https://t.co/Io5mgrtprb	en	[]	['http://f-st.co/EvTpNzF']	[]	3	11	41	[]	[]	https://twitter.com/FastCompany/status/1273297765838270469	False		0								[]				
1273297260755984384	1273297260755984384	2020-06-18 01:51:38 KST	2020-06-18	01:51:38	+0900	66467109	wrko680	WRKO		On the heels of the Aunt Jemima brand image being dropped by PepsiCo, Mars is evaluating the same thing for Uncle Ben's.  https://t.co/sdY4YDQBnQ	en	[]	['http://ihe.art/SeqtyVd']	[]	8	12	28	[]	[]	https://twitter.com/WRKO680/status/1273297260755984384	False		0								[]				
1273291231787978752	1273291231787978752	2020-06-18 01:27:40 KST	2020-06-18	01:27:40	+0900	14352556	seattletimes	The Seattle Times		PepsiCo Inc. plans to change name of its Aunt Jemima breakfast products amid nationwide protests over systemic racism, a major shift for a brand dating back more than 130 years.  https://t.co/CQapJQpKv9	en	[]	['https://st.news/2BgT0Ls']	[]	12	6	28	[]	[]	https://twitter.com/seattletimes/status/1273291231787978752	False		0								[]				
1273288470816083968	1273288470816083968	2020-06-18 01:16:42 KST	2020-06-18	01:16:42	+0900	30205586	adweek	Adweek		Just hours after PepsiCo acknowledged its Aunt Jemima brand is based on a racial stereotype and it will change the name and packaging, rice brand Uncle Ben’s said it plans to follow suit by “evolving the visual brand identity.”  https://t.co/gn2t9o4RK0	en	[]	['https://nytv.to/wrNp8']	[]	9	64	92	[]	[]	https://twitter.com/Adweek/status/1273288470816083968	False		0								[]				
1273287509024309248	1273287509024309248	2020-06-18 01:12:53 KST	2020-06-18	01:12:53	+0900	89820928	mitchellreports	Andrea Mitchell		"On Aunt Jemima rebranding, @CapehartJ: ""It's a positive step when we can get rid of imagery that plays on stereotypes that have roots in hatred. It means that PepsiCo is listening to the country, paying attention to the mood of the country and the cultural movement."" #AMRstaff"	en	[{'screen_name': 'capehartj', 'name': 'jonathan capehart', 'id': '97474887'}]	[]	[]	29	20	138	['amrstaff']	[]	https://twitter.com/mitchellreports/status/1273287509024309248	False		0								[]				
1273286857191763968	1273286857191763968	2020-06-18 01:10:17 KST	2020-06-18	01:10:17	+0900	148854179	brains9	B9		PepsiCo anuncia mudança na linha de produtos Aunt Jemima por estereótipo racista -  https://t.co/3kKZLRGHKJ  https://t.co/ctl8YuuJEe	pt	[]	['https://no.b9.com.br/3emZy9S']	['https://pbs.twimg.com/media/EaufpgfXkAUEdUP.jpg']	1	1	11	[]	[]	https://twitter.com/brains9/status/1273286857191763968	False		1	https://pbs.twimg.com/media/EaufpgfXkAUEdUP.jpg							[]				
1273282733863731202	1273282733863731202	2020-06-18 00:53:54 KST	2020-06-18	00:53:54	+0900	237417499	bloomberglive	Bloomberg Live		"On correcting racial injustice on the corporate level, ""Brands are understanding they need to get their own house in order. And this morning @PepsiCo pulling the Aunt Jemima brand - we are beginning to see actions."" @tpg's Jim Coulter at #TheYearAhead Revisited.  https://t.co/G8dK1jbwZv"	en	[{'screen_name': 'pepsico', 'name': 'pepsico', 'id': '21346619'}, {'screen_name': 'tpg', 'name': 'tpg', 'id': '1192847975535579141'}]	[]	[]	3	12	19	['theyearahead']	[]	https://twitter.com/BloombergLive/status/1273282733863731202	False		1	https://pbs.twimg.com/amplify_video_thumb/1273280582424772610/img/sc17TfEe3_mIvo2G.jpg							[]				
1273278559868596225	1273278559868596225	2020-06-18 00:37:19 KST	2020-06-18	00:37:19	+0900	2785044234	rwdettman	Richard Dettman		"Aunt Jemima branding will be dropped by PepsiCo-owned Quaker Foods. Co. statement says  “We recognize Aunt Jemima’s origins are based on a racial stereotype,” adding that changes to it over the years ""are not enough.""  https://t.co/cYjGaRgudV"	en	[]	[]	['https://pbs.twimg.com/media/EauWl4xWoAIR1S-.jpg', 'https://pbs.twimg.com/media/EauWnjaXsAEcKT5.jpg']	10	6	13	[]	[]	https://twitter.com/rwdettman/status/1273278559868596225	False		1	https://pbs.twimg.com/media/EauWl4xWoAIR1S-.jpg							[]				
1273271124634120193	1273271124634120193	2020-06-18 00:07:47 KST	2020-06-18	00:07:47	+0900	23314049	ynb	yvette nicole brown		*sigh*   Their FACES on the boxes prove they worked for them.   Make it right @quaker and @PepsiCo. The WORLD is watching you. Think of the money you’ll lose.   Do it for the money, if you can’t bring yourself to do it because it’s the RIGHT THING TO DO!  *fights sky with fists*	en	[{'screen_name': 'quaker', 'name': 'quakeroats', 'id': '18940252'}, {'screen_name': 'pepsico', 'name': 'pepsico', 'id': '21346619'}]	[]	[]	2	7	49	[]	[]	https://twitter.com/YNB/status/1273271124634120193	False	https://twitter.com/HiDizzle20/status/1273268527789756416	0								[]				
1273270855179657224	1273270855179657224	2020-06-18 00:06:42 KST	2020-06-18	00:06:42	+0900	30205586	adweek	Adweek		As you've probably heard, PepsiCo retired Aunt Jemima due to the brand's basis in slavery- and Jim Crow-era stereotypes. A few weeks ago, we explored several mascots based on stereotypes and how brands have approached updating them in the past:  https://t.co/zXxWCHl5bh	en	[]	['https://nytv.to/dqVn1']	[]	3	36	80	[]	[]	https://twitter.com/Adweek/status/1273270855179657224	False		0								[]				
1273270669594095616	1273270669594095616	2020-06-18 00:05:58 KST	2020-06-18	00:05:58	+0900	18494510	radiomirage	Shereen Marisol Meraji		I would have mentioned this on the pod this week (brands finally deciding to do something) but, alas, this decision from Pepsico came too late. Marvel at this and then listen to our newest @NPRCodeSwitch episode called:  Why Now, White People?   - wherever you get your podcasts.	en	"[{'screen_name': 'nprcodeswitch', 'name': ""npr's code switch"", 'id': '1117836660'}]"	[]	[]	2	4	49	[]	[]	https://twitter.com/RadioMirage/status/1273270669594095616	False	https://twitter.com/RadioMirage/status/1273268570865102849	0								[]				
1273268229994016768	1273268229994016768	2020-06-17 23:56:16 KST	2020-06-17	23:56:16	+0900	23314049	ynb	yvette nicole brown		Hear that, @Quaker and @PepsiCo? Because something tells me that 130 years ago y’all weren’t thinking about properly compensating the black woman you modeled your “mammy” character on.   Why don’t ya “woke” your way to your checkbook, too?   It’s only right! 😘	en	[{'screen_name': 'quaker', 'name': 'quakeroats', 'id': '18940252'}, {'screen_name': 'pepsico', 'name': 'pepsico', 'id': '21346619'}]	[]	[]	5	12	123	[]	[]	https://twitter.com/YNB/status/1273268229994016768	False	https://twitter.com/sldfspectresix/status/1273267624131125249	0								[]				
1273268147882090498	1273265814292979713	2020-06-17 23:55:57 KST	2020-06-17	23:55:57	+0900	15576928	goldengateblond	shauna		@YNB @Quaker @PepsiCo whoa whoa whoa slow down there little lady this highway has a speed limit	en	[]	[]	[]	0	0	15	[]	[]	https://twitter.com/goldengateblond/status/1273268147882090498	False		0								[{'screen_name': 'YNB', 'name': 'yvette nicole brown', 'id': '23314049'}, {'screen_name': 'Quaker', 'name': 'QuakerOats', 'id': '18940252'}, {'screen_name': 'PepsiCo', 'name': 'PepsiCo', 'id': '21346619'}]				
1273267911562612736	1273267911562612736	2020-06-17 23:55:00 KST	2020-06-17	23:55:00	+0900	16664681	latimes	Los Angeles Times		PepsiCo says it will rename Aunt Jemima breakfast products, conceding the 'racial stereotype'  https://t.co/HfHZR4WLAO	en	[]	['https://www.latimes.com/business/story/2020-06-17/aunt-jemima-new-name-racial-stereotype']	[]	41	49	138	[]	[]	https://twitter.com/latimes/status/1273267911562612736	False		0								[]				
1273267152150118405	1273265814292979713	2020-06-17 23:51:59 KST	2020-06-17	23:51:59	+0900	23314049	ynb	yvette nicole brown		But @Quaker, a subsidiary of @PepsiCo said removing the image and name is part of an effort by the company “to make progress toward racial equality.”  ... They said “to make progress towards racial equality” ... ONE HUNDRED AND THIRTY YEARS LATER.   We’re on our way, y’all! 😃👍🏾	en	[{'screen_name': 'quaker', 'name': 'quakeroats', 'id': '18940252'}, {'screen_name': 'pepsico', 'name': 'pepsico', 'id': '21346619'}]	[]	[]	9	8	93	[]	[]	https://twitter.com/YNB/status/1273267152150118405	False		0								[]				
1273267147272306688	1273267147272306688	2020-06-17 23:51:58 KST	2020-06-17	23:51:58	+0900	169962549	atmosphere	MASKMOSPHERE		hot cake take: shout out to a giant corporate foods company (PepsiCo) for realizing the-times-are-a-changing-so-they-better-re-name-the-trash-they-pass-off-to-your-family-as-syrup  however, if you don’t use pure maple syrup on your pancakes, I can’t respect your opinions on food  https://t.co/WZQYvfseye	en	[]	[]	['https://pbs.twimg.com/media/EauNuFEXgAcAkr7.jpg']	28	64	551	[]	[]	https://twitter.com/atmosphere/status/1273267147272306688	False		1	https://pbs.twimg.com/media/EauNuFEXgAcAkr7.jpg							[]				
1273265205821276162	1273265205821276162	2020-06-17 23:44:15 KST	2020-06-17	23:44:15	+0900	100588178	elgincharles	Elgin Charles		After 131 years, PepsiCo is retiring the controversial brand name &amp; mascot, Aunt Jemima, acknowledging that the brand is based on a racial stereotype.  #AuntJemima #RevolutionNow    https://t.co/rQe7d44p0s	en	[]	['https://nytv.to/eBLZ6']	[]	1	13	39	['auntjemima', 'revolutionnow']	[]	https://twitter.com/ElginCharles/status/1273265205821276162	False		0								[]				
1273261863745224711	1273261863745224711	2020-06-17 23:30:59 KST	2020-06-17	23:30:59	+0900	6433472	cbcnews	CBC News		PepsiCo Inc will change the name and brand image of its Aunt Jemima pancake mix and syrup. The logo of the 130-year-old brand features a Black woman named after a character from 19th-century minstrel shows.  https://t.co/yGUt6cOtnn	en	[]	['https://www.cbc.ca/1.5615391']	[]	100	52	233	[]	[]	https://twitter.com/CBCNews/status/1273261863745224711	False		0								[]				
1273260948845932544	1273260948845932544	2020-06-17 23:27:20 KST	2020-06-17	23:27:20	+0900	20725994	adamweinstein	Adam Weinstein		"The good news is PepsiCo/Quaker clearly crunched the numbers and found a significant economic and reputational downside to continuing the racist ""Aunt Jemima"" brand  The bad news is it took until **the year 2020**"	en	[]	[]	[]	5	8	116	[]	[]	https://twitter.com/AdamWeinstein/status/1273260948845932544	False		0								[]				
1273258683011604481	1273258683011604481	2020-06-17 23:18:20 KST	2020-06-17	23:18:20	+0900	41688209	bowknowsbiz	Bowdeya Tweh		After the 753,382 focus groups we have had on the issue, we have decided ......   PepsiCo is getting rid of its Aunt Jemima brand.  https://t.co/jfuIEn4hIq via @WSJ	en	[{'screen_name': 'wsj', 'name': 'the wall street journal', 'id': '3108351'}]	['https://www.wsj.com/articles/pepsico-unit-to-retire-aunt-jemima-brand-citing-origins-in-racist-stereotype-11592398455']	[]	0	4	30	[]	[]	https://twitter.com/BowKnowsBiz/status/1273258683011604481	False		0								[]				
1273257526918815747	1273257526918815747	2020-06-17 23:13:45 KST	2020-06-17	23:13:45	+0900	624413	marketwatch	MarketWatch		PepsiCo's Quaker Oats to change name of 131-year-old Aunt Jemima brand  https://t.co/CsFemN2aKr	en	[]	['https://on.mktw.net/37BGhzb']	[]	32	14	48	[]	[]	https://twitter.com/MarketWatch/status/1273257526918815747	False		0								[]				
1273257041033924608	1273257041033924608	2020-06-17 23:11:49 KST	2020-06-17	23:11:49	+0900	148593548	tressiemcphd	Tressie McMillan Cottom		A whole civil rights movement and still it persisted. Thanks @pepsico!	en	[{'screen_name': 'pepsico', 'name': 'pepsico', 'id': '21346619'}]	[]	[]	1	4	68	[]	[]	https://twitter.com/tressiemcphd/status/1273257041033924608	False	https://twitter.com/erinblogan/status/1273254580185415682	0								[]				
1273256127011213316	1273256127011213316	2020-06-17 23:08:11 KST	2020-06-17	23:08:11	+0900	3260518932	twittermoments	Twitter Moments		After 131 years, PepsiCo announced that it will remove the controversial Aunt Jemima name and image, saying the brand is “based on a racial stereotype.”  https://t.co/PQELjxk7Aq	en	[]	['https://twitter.com/i/events/1273240218858971136/']	[]	23	52	166	[]	[]	https://twitter.com/TwitterMoments/status/1273256127011213316	False		0								[]				
1273255153366372352	1273255153366372352	2020-06-17 23:04:19 KST	2020-06-17	23:04:19	+0900	19038934	cbcalerts	CBC News Alerts		PepsiCo Inc to drop Aunt Jemima pancake name and logo due to criticism for its racist history. The 130-year-old brand features an African American woman named after a character from 19th-century minstrel shows.  https://t.co/QUHK8rrTKG  https://t.co/nYegIF3Mcy	en	[]	['http://cbc.ca/1.5615391']	['https://pbs.twimg.com/media/EauCRH7XgAgG-DV.png']	23	31	110	[]	[]	https://twitter.com/CBCAlerts/status/1273255153366372352	False		1	https://pbs.twimg.com/media/EauCRH7XgAgG-DV.png							[]				
1273254580185415682	1273254580185415682	2020-06-17 23:02:02 KST	2020-06-17	23:02:02	+0900	20018428	erinblogan	Erin B. Logan		It only took 131 years. Thank you for your bravery @PepsiCo	en	[{'screen_name': 'pepsico', 'name': 'pepsico', 'id': '21346619'}]	[]	[]	0	11	64	[]	[]	https://twitter.com/erinblogan/status/1273254580185415682	False	https://twitter.com/Adweek/status/1273208947508482048	0								[]				
1273252920197296129	1273252920197296129	2020-06-17 22:55:26 KST	2020-06-17	22:55:26	+0900	15433452	jenniferjjacobs	Jennifer Jacobs		Image of black woman will be removed from Aunt Jemima syrup packaging. And PepsiCo plans to change the name of all its Aunt Jemima breakfast products amid nationwide protests over systemic racism, a major shift for a brand dating back more than 130 years.   https://t.co/GNzqvblm96	en	[]	['https://www.bloomberg.com/news/articles/2020-06-17/pepsico-to-retire-aunt-jemima-as-racial-stereotype-doesn-t-fly']	[]	14	15	31	[]	[]	https://twitter.com/JenniferJJacobs/status/1273252920197296129	False		0								[]				
1273252280574316544	1273252280574316544	2020-06-17 22:52:54 KST	2020-06-17	22:52:54	+0900	20562637	businessinsider	Business Insider		Aunt Jemima will change its name and its mascot, with PepsiCo saying its origins are based on a racial stereotype  https://t.co/DO3OIJ72U4	en	[]	['http://www.businessinsider.com/aunt-jemima-is-changing-its-name-mascot-over-racial-stereotype-2020-6']	[]	25	80	144	[]	[]	https://twitter.com/BusinessInsider/status/1273252280574316544	False		0								[]				
1273249615341469697	1273249615341469697	2020-06-17 22:42:18 KST	2020-06-17	22:42:18	+0900	15965292	mprnews	MPR News		After more than 130 years, Aunt Jemima is being removed from packaging for syrup and pancake mix. A spokesperson for Pepsico-owned Quaker Oats said it recognized Aunt Jemima's origins are based on a racial stereotype  https://t.co/bJVhDNqZ5L	en	[]	['https://www.mprnews.org/story/2020/06/17/after-130-years-aunt-jemima-will-vanish-from-packaging']	[]	8	3	23	[]	[]	https://twitter.com/MPRnews/status/1273249615341469697	False		0								[]				
1273248804502994944	1273248804502994944	2020-06-17 22:39:05 KST	2020-06-17	22:39:05	+0900	1652541	reuters	Reuters		PepsiCo said it will change the name and brand image of its Aunt Jemima pancake mix and syrup, dropping a mascot criticized for a racist history  https://t.co/xCEhZ0xOUy  https://t.co/1sUUpk4VaS	en	[]	['https://reut.rs/2zIZCC0']	['https://pbs.twimg.com/media/Eat8NNHXsAAOD6G.jpg']	63	112	285	[]	[]	https://twitter.com/Reuters/status/1273248804502994944	False		1	https://pbs.twimg.com/media/Eat8NNHXsAAOD6G.jpg							[]				
1273248011808911361	1273248011808911361	2020-06-17 22:35:56 KST	2020-06-17	22:35:56	+0900	45556680	kimbhasin	Kim Bhasin		Aunt Jemima is finally changing its brand name. PepsiCo has been avoiding this for years.   Here's the author of “Slave in a Box,” from a 2007 NPR interview with @farai, on how slavery nostalgia sells. It was never about the pancakes:  https://t.co/MBOflpgBwT  https://t.co/thx5QWlaYj	en	[{'screen_name': 'farai', 'name': 'farai chideya', 'id': '19152977'}]	['https://www.npr.org/templates/story/story.php?storyId=6709995']	['https://pbs.twimg.com/media/Eat6mXuXsAE2Wp0.jpg']	25	156	308	[]	[]	https://twitter.com/KimBhasin/status/1273248011808911361	False		1	https://pbs.twimg.com/media/Eat6mXuXsAE2Wp0.jpg							[]				
1273245488624656385	1273245488624656385	2020-06-17 22:25:54 KST	2020-06-17	22:25:54	+0900	95431448	bostonglobe	The Boston Globe		Aunt Jemima will get new name as PepsiCo admits ‘racial stereotype’ origins  https://t.co/jX8lTksnfo	en	[]	['http://bos.gl/HhSLiKQ']	[]	7	12	32	[]	[]	https://twitter.com/BostonGlobe/status/1273245488624656385	False		0								[]				
1273238367405252610	1273238367405252610	2020-06-17 21:57:37 KST	2020-06-17	21:57:37	+0900	14216661	nationalpost	National Post		Aunt Jemima will get a new name as PepsiCo admits 'racial stereotype' origins  https://t.co/WZ7uHtY3F6	en	[]	['https://business.financialpost.com/news/retail-marketing/aunt-jemima-rebrand-pepsico-admits-racial-stereotype?utm_medium=Social&utm_source=Twitter#Echobox=1592398656']	[]	81	28	72	[]	[]	https://twitter.com/nationalpost/status/1273238367405252610	False		0								[]				
1273237737936752640	1273237737936752640	2020-06-17 21:55:06 KST	2020-06-17	21:55:06	+0900	1652541	reuters	Reuters		PepsiCo's Aunt Jemima brand to change name, logo: NBC News  https://t.co/oFp2UCdz1k  https://t.co/biqeZT9zm5	en	[]	['https://reut.rs/30QH0LB']	['https://pbs.twimg.com/media/Eaty-aAWAAAZ07Q.jpg']	22	30	102	[]	[]	https://twitter.com/Reuters/status/1273237737936752640	False		1	https://pbs.twimg.com/media/Eaty-aAWAAAZ07Q.jpg							[]				
1273235961795817472	1273235961795817472	2020-06-17 21:48:03 KST	2020-06-17	21:48:03	+0900	18993395	abc7newsbayarea	ABC7 News		Pepsico is retiring the Aunt Jemima brand after 131 years, says origins are “based on a racial stereotype”  https://t.co/8glT6UjLUz	en	[]	['https://abc7ne.ws/2Y7u3Ly']	[]	7	13	25	[]	[]	https://twitter.com/abc7newsbayarea/status/1273235961795817472	False		0								[]				
1273234419432787968	1273234419432787968	2020-06-17 21:41:55 KST	2020-06-17	21:41:55	+0900	252751061	quicktake	Bloomberg Quicktake		PepsiCo is changing the name of its Aunt Jemima breakfast products amid nationwide protests over systemic racism, a major shift for a brand dating back more than 130 years  https://t.co/0yfFDg7hKo	en	[]	[]	[]	23	48	132	[]	[]	https://twitter.com/Quicktake/status/1273234419432787968	False		1	https://pbs.twimg.com/ext_tw_video_thumb/1273234384095756296/pu/img/qRFeKEYXFlOUGpol.jpg							[]				
1273233761023524864	1273233761023524864	2020-06-17 21:39:18 KST	2020-06-17	21:39:18	+0900	16247383	abc13houston	ABC13 Houston		Pepsico is changing the name and images associated with its Aunt Jemima brand, acknowledging its racist origins.  https://t.co/88Pvzw8R7b	en	[]	['https://abc13.com/society/aunt-jemima-to-change-brand-because-of-racial-stereotypes/6251840/?ex_cid=SND_KTRK_TW&utm_source=twitter&utm_medium=social&utm_campaign=snd']	[]	80	55	178	[]	[]	https://twitter.com/abc13houston/status/1273233761023524864	False		0								[]				
1273230608362360839	1273230608362360839	2020-06-17 21:26:47 KST	2020-06-17	21:26:47	+0900	19546277	yahoofinance	Yahoo Finance		PepsiCo's Aunt Jemima brand to change name, logo  https://t.co/LXf4GA12zR  https://t.co/eiTggLCW2P	en	[]	['https://yhoo.it/3fynSpH']	['https://pbs.twimg.com/media/Eatsfa3XgAE1Yn4.jpg']	15	23	40	[]	[]	https://twitter.com/YahooFinance/status/1273230608362360839	False		1	https://pbs.twimg.com/media/Eatsfa3XgAE1Yn4.jpg							[]				
1273228430792941568	1273228430792941568	2020-06-17 21:18:07 KST	2020-06-17	21:18:07	+0900	48650395	exavierpope	𝐄𝐱𝐚𝐯𝐢𝐞𝐫 𝐏𝐨𝐩𝐞		The gross part about Aunt Jemima is her name and likeness were worth a considerable amount of money in intellectual property. PepsiCo waiting until the end of year and changing name at “later date” is them squeezing remaining of value out of trading of the racist moniker  https://t.co/dIt9mBNW8A	en	[]	[]	['https://pbs.twimg.com/media/EatqgT2XQAAfb7t.jpg']	2	2	22	[]	[]	https://twitter.com/exavierpope/status/1273228430792941568	False		1	https://pbs.twimg.com/media/EatqgT2XQAAfb7t.jpg							[]				
1273228308931584002	1273228308931584002	2020-06-17 21:17:38 KST	2020-06-17	21:17:38	+0900	24277551	darrenrovell	Darren Rovell		PepsiCo announces they are retiring the Aunt Jemima brand, which they acquired when they bought Quaker Oats 20 years ago. The character comes from minstrel shows with white people in blackface.  https://t.co/GSCTlvN8N3	en	[]	[]	['https://pbs.twimg.com/media/EatqZbfXsAEuWyH.jpg', 'https://pbs.twimg.com/media/EatqZbiWsAE5mQJ.jpg']	118	242	638	[]	[]	https://twitter.com/darrenrovell/status/1273228308931584002	False		1	https://pbs.twimg.com/media/EatqZbfXsAEuWyH.jpg							[]				
1273224663817019393	1273224663817019393	2020-06-17 21:03:09 KST	2020-06-17	21:03:09	+0900	16490790	joemygod	JoeMyGod		PepsiCo Axes Aunt Jemima Brand Amid Criticism -  https://t.co/ZpS0JJZGCL  https://t.co/zPoMPcZUEc	en	[]	['https://is.gd/sU2hWb']	['https://pbs.twimg.com/media/EatnFXUVAAMIQl5.jpg']	1	2	20	[]	[]	https://twitter.com/JoeMyGod/status/1273224663817019393	False		1	https://pbs.twimg.com/media/EatnFXUVAAMIQl5.jpg							[]				
1273223639878340608	1273223639878340608	2020-06-17 20:59:05 KST	2020-06-17	20:59:05	+0900	8736882	globeandmail	The Globe and Mail		PepsiCo’s Aunt Jemima brand to change name and logo: report  https://t.co/Es3FmGRpZk @GlobeBusiness  https://t.co/OyJUtitvKx	en	[{'screen_name': 'globebusiness', 'name': 'report on business', 'id': '18981482'}]	['http://dlvr.it/RYpc5h']	['https://pbs.twimg.com/media/EatmJy-UEAA2qJZ.jpg']	6	8	23	[]	[]	https://twitter.com/globeandmail/status/1273223639878340608	False		1	https://pbs.twimg.com/media/EatmJy-UEAA2qJZ.jpg							[]				
1273222753374531585	1273222753374531585	2020-06-17 20:55:34 KST	2020-06-17	20:55:34	+0900	16106584	stillgray	Ian Miles Cheong @ stillgray.substack.com		This woman got Quaker to nuke its Aunt Jemima brand. All it took was a single TikTok video for a multi-billion dollar company (PepsiCo) to erase one of its most well known products.   Tell me how TikTok and Twitter aren’t inordinately powerful.  https://t.co/HApQvFUw8y	en	[]	['https://twitter.com/raiaah_/status/1272671506645082112/video/1']	[]	510	1221	3926	[]	[]	https://twitter.com/stillgray/status/1273222753374531585	False		0								[]				
1273222206474997760	1273222206474997760	2020-06-17 20:53:24 KST	2020-06-17	20:53:24	+0900	2575340701	jobinafortson	Jobina Fortson		Finally!  “PepsiCo said it will drop the image of Aunt Jemima and rebrand the line of pancake mix and syrup that has borne the name since 1889.”  https://t.co/5i0KF30ODl	en	[]	['https://www.google.com/amp/s/amp.cnn.com/cnn/2020/06/17/business/aunt-jemima-logo-change/index.html']	[]	2	5	33	[]	[]	https://twitter.com/JobinaFortson/status/1273222206474997760	False		0								[]				
1273219852610625538	1273219852610625538	2020-06-17 20:44:02 KST	2020-06-17	20:44:02	+0900	1013800890	adriennelaw	Adrienne Lawrence		The Aunt Jemima brand has profited from our oppression for 130 years.  Yet Quaker Oats (owned by $80 billion-in-assets PepsiCo) is suddenly changing the label next year and donating a meager $5 million to Black charities over the next 5 years as a fix?  https://t.co/s8OmUHFq7s	en	[]	['https://www.nbcnews.com/news/us-news/aunt-jemima-brand-will-change-name-remove-image-quaker-says-n1231260']	[]	25	56	120	[]	[]	https://twitter.com/AdrienneLaw/status/1273219852610625538	False		0								[]				
1273208947508482048	1273208947508482048	2020-06-17 20:00:42 KST	2020-06-17	20:00:42	+0900	30205586	adweek	Adweek		JUST IN | After 131 years, PepsiCo is retiring the controversial brand name and mascot, Aunt Jemima, acknowledging that the brand is based on a racial stereotype.  https://t.co/SVQDJ62oPv  https://t.co/72XFuYOh9R	en	[]	['https://nytv.to/eBLZ6']	['https://pbs.twimg.com/media/EarNWQKXsAA14iM.jpg']	1322	5837	13043	[]	[]	https://twitter.com/Adweek/status/1273208947508482048	False		1	https://pbs.twimg.com/media/EarNWQKXsAA14iM.jpg							[]				
1273016462815498241	1273016462815498241	2020-06-17 07:15:50 KST	2020-06-17	07:15:50	+0900	30205586	adweek	Adweek		JUST IN | PepsiCo CEO and chairman Ramon Laguarta announced on Twitter that the CPG conglomerate would be committing $400 million to fund several initiatives centered around racial justice and equality.  https://t.co/Y5IN1Gj1LG	en	[]	['https://nytv.to/nBem6']	[]	1	7	17	[]	[]	https://twitter.com/Adweek/status/1273016462815498241	False		0								[]				
1272979633978425344	1272979633978425344	2020-06-17 04:49:30 KST	2020-06-17	04:49:30	+0900	2511399482	jon_banner1	Jon Banner		This moment calls for big, meaningful change. That’s why @PepsiCo is investing more than $400M over five years to lift up Black communities and increase Black representation at our company. Learn more about this holistic effort from CEO @RamonLaguarta.  https://t.co/RVQ4kJfMgI	en	[{'screen_name': 'pepsico', 'name': 'pepsico', 'id': '21346619'}, {'screen_name': 'ramonlaguarta', 'name': 'ramon laguarta', 'id': '1026414410452152320'}]	['https://www.linkedin.com/pulse/pepsicos-journey-racial-equality-ramon-laguarta/']	[]	2	11	43	[]	[]	https://twitter.com/jon_banner1/status/1272979633978425344	False		0								[]				
1272975247332061184	1272975247332061184	2020-06-17 04:32:04 KST	2020-06-17	04:32:04	+0900	1026414410452152320	ramonlaguarta	Ramon Laguarta		Today I am announcing that @PepsiCo is investing more than $400 million over five years to lift up Black communities and increase Black representation. This is a holistic effort to address the need for systemic change.  https://t.co/xKcqshJKTd	en	[{'screen_name': 'pepsico', 'name': 'pepsico', 'id': '21346619'}]	['https://www.linkedin.com/pulse/pepsicos-journey-racial-equality-ramon-laguarta']	[]	25	36	107	[]	[]	https://twitter.com/ramonlaguarta/status/1272975247332061184	False		0								[]				
1272856231288492033	1272856231288492033	2020-06-16 20:39:08 KST	2020-06-16	20:39:08	+0900	236346272	sarahwillers	Sarah Willingham		this is SO good!!! Competition at its finest. Read the captions. Left is a PepsiCo ad and right is Coca cola’s response 🤣🤣💪💪💪  https://t.co/bkwfzqrWo2	en	[]	[]	['https://pbs.twimg.com/media/EaoX_q1XYAAp89V.jpg']	2	6	85	[]	[]	https://twitter.com/sarahwillers/status/1272856231288492033	False		1	https://pbs.twimg.com/media/EaoX_q1XYAAp89V.jpg							[]				
1272113997328928771	1272113997328928771	2020-06-14 19:29:46 KST	2020-06-14	19:29:46	+0900	20562637	businessinsider	Business Insider		A step-by-step guide to Shopify, including all the free tools and resources you need to get set up with the ecommerce site behind Lively, Allbirds, PepsiCo, and Heinz  https://t.co/dQ9JQcR8Vw	en	[]	['http://www.businessinsider.com/shopify-how-to-ecommerce-business-online-store-integrate-apps-2020-6']	[]	0	8	27	[]	[]	https://twitter.com/BusinessInsider/status/1272113997328928771	False		0								[]				
1271136658331664386	1271136658331664386	2020-06-12 02:46:10 KST	2020-06-12	02:46:10	+0900	1283775062	usambuk	U.S. Ambassador to the UK		Just spoke with 2 great 🇺🇸 companies, @PepsiCo &amp; @KelloggsUKI! Both are working hard to support charities and key workers in 🇬🇧. The #SpecialRelationship in action!  https://t.co/SndIXl0E6j	en	[{'screen_name': 'pepsico', 'name': 'pepsico', 'id': '21346619'}, {'screen_name': 'kelloggsuki', 'name': 'kellogg’s uk & ire', 'id': '19400602'}]	[]	['https://pbs.twimg.com/media/EaP8DSZWAAAa4eH.jpg', 'https://pbs.twimg.com/media/EaP8DSZXgAExyeG.jpg']	6	20	125	['specialrelationship']	[]	https://twitter.com/USAmbUK/status/1271136658331664386	False		1	https://pbs.twimg.com/media/EaP8DSZWAAAa4eH.jpg							[]				
1270823057985359872	1270823057985359872	2020-06-11 06:00:02 KST	2020-06-11	06:00:02	+0900	2551000568	twittermktlatam	Twitter Mktg Latam		¡Arrancamos con la sesión #2 de #CouchConference - Redefiniendo la Cultura de Trabajo 💻!! Nos acompañan @LaBalle de Anónimo, @xepus de HAVAS Group México, @RaulBribiescaH de PepsiCo. LATAM y @PacoJivi de Twitter México. ¡Acompáñanos!  https://t.co/vvl3pXp0BU	es	[{'screen_name': 'laballe', 'name': 'ale ballesteros', 'id': '281695855'}, {'screen_name': 'xepus', 'name': 'xepus', 'id': '253237452'}, {'screen_name': 'raulbribiescah', 'name': 'raul bribiesca', 'id': '2765122193'}, {'screen_name': 'pacojivi', 'name': 'paco jimenez', 'id': '163716438'}]	['https://twitter.com/i/broadcasts/1YqJDENDzqDxV']	[]	8	65	233	['couchconference']	[]	https://twitter.com/TwitterMktLatam/status/1270823057985359872	False		0								[]				
1270143897742819330	1270143897742819330	2020-06-09 09:01:18 KST	2020-06-09	09:01:18	+0900	24511456	embaixadaeua	Embaixada EUA Brasil		A Pepsico está se movimentando para gerar impacto positivo nas comunidades em que opera durante a pandemia de COVID-19. A empresa realizará doações a populações vulneráveis, além de fornecer suporte financeiro a cooperativas de reciclagem. Saiba mais:   https://t.co/cvZUx08V1S  https://t.co/W6p43DvcGr	pt	[]	['http://ow.ly/l2u950A2cKi']	['https://pbs.twimg.com/media/EaB1JNaWAAAqD3e.jpg']	3	20	108	[]	[]	https://twitter.com/EmbaixadaEUA/status/1270143897742819330	False		1	https://pbs.twimg.com/media/EaB1JNaWAAAqD3e.jpg							[]				
1269150382069932032	1269150382069932032	2020-06-06 15:13:25 KST	2020-06-06	15:13:25	+0900	799047255378391040	slpng_giants	Sleeping Giants		Tonight, a Fox News host slagged @PepsiCo @intel and @Airbnb as “soulless, craven corporations.”  As an advertiser, even if you can get past the racism, incitement and disinformation, do you really want to risk this network trying do destroy you on air? https://t.co/GOSZvyaRnN	en	[{'screen_name': 'pepsico', 'name': 'pepsico', 'id': '21346619'}, {'screen_name': 'intel', 'name': 'intel', 'id': '2803191'}, {'screen_name': 'airbnb', 'name': 'airbnb', 'id': '17416571'}]	[]	[]	28	149	484	[]	[]	https://twitter.com/slpng_giants/status/1269150382069932032	False		1	https://pbs.twimg.com/ext_tw_video_thumb/1269140406450585600/pu/img/ez6rLFscnDyXiYje.jpg							[]				
1269068239985946625	1269068239985946625	2020-06-06 09:47:01 KST	2020-06-06	09:47:01	+0900	82669742	forbessports	Forbes SportsMoney		Charece Williams Gee, the head of NBA and Hoops at PepsiCo, is using her power as an executive to  promote the unique voice and perspective of women  https://t.co/mp1GesRDDW  https://t.co/SwCluv9dHM	en	[]	['http://on.forbes.com/6018GGYvw']	['https://pbs.twimg.com/media/EZyi1sKXQAAArQ2.jpg']	0	6	17	[]	[]	https://twitter.com/ForbesSports/status/1269068239985946625	False		1	https://pbs.twimg.com/media/EZyi1sKXQAAArQ2.jpg							[]				
1268897898038726656	1268896765987753986	2020-06-05 22:30:08 KST	2020-06-05	22:30:08	+0900	93618872	ian_fraser	Ian Fraser		In addition to his senior marketing roles with Procter &amp; Gamble and Pepsico, the BBC's next director general Tim Davie is a former deputy chairman of the Hammersmith and Fulham Conservative party.  https://t.co/9vDFK3IKdM	en	[]	['https://www.theguardian.com/media/2020/jun/05/tim-davie-bbc-director-general-ultrarunner-marketing-guru']	[]	14	80	60	[]	[]	https://twitter.com/Ian_Fraser/status/1268897898038726656	False		0								[]				
1268872645455392768	1268872645455392768	2020-06-05 20:49:47 KST	2020-06-05	20:49:47	+0900	315421768	rifatjawaid	Rifat Jawaid		Wow! So happy to know that my former boss and mentor, Tim Davie, has been named new Director-General of BBC. Best choice by the Beeb A people's leader, I first came in contact with Tim when he worked with Pepsico as its senior executive during my management training. #TimDavie  https://t.co/nMUSvxqudI	en	[]	[]	['https://pbs.twimg.com/media/EZvwtqoUEAQpZlT.jpg']	4	6	49	['timdavie']	[]	https://twitter.com/RifatJawaid/status/1268872645455392768	False		1	https://pbs.twimg.com/media/EZvwtqoUEAQpZlT.jpg							[]				
1268541803873124353	1268541803873124353	2020-06-04 22:55:09 KST	2020-06-04	22:55:09	+0900	37303117	houstonhealth	Houston Health Dept		We're grateful to @PepsiCo for donating 177 cases (2,655 bottles) of @Bolt24 to the Houston Health Foundation in support of our employee #COVID19 response team efforts. Thanks for helping us #ProtectTheH by keeping our team members hydrated. #HoustonStrong  https://t.co/ZRbM7h7SsX	en	[{'screen_name': 'pepsico', 'name': 'pepsico', 'id': '21346619'}, {'screen_name': 'bolt24', 'name': 'bolt24', 'id': '1131624677082710017'}]	[]	['https://pbs.twimg.com/media/EZrEC6LWoAAKw60.jpg', 'https://pbs.twimg.com/media/EZrEC9PXkAEmNyd.jpg', 'https://pbs.twimg.com/media/EZrEC9TWoAEp9tE.jpg', 'https://pbs.twimg.com/media/EZrEC9hXQAM0KeA.jpg']	0	4	31	['covid19', 'protecttheh', 'houstonstrong']	[]	https://twitter.com/HoustonHealth/status/1268541803873124353	False		1	https://pbs.twimg.com/media/EZrEC6LWoAAKw60.jpg							[]				
1268506716913537024	1268506716913537024	2020-06-04 20:35:43 KST	2020-06-04	20:35:43	+0900	4057311554	thelallantop	The Lallantop		पेप्सिको ने सोनू से इंस्टाग्राम कैंपेन करवाया है. ये कैंपेन कॉन्टैक्टलेस ग्रीटिंग्स (संपर्क रहित मेलमिलाप) पर फोकस करता है और फिजिकल डिस्टेंसिंग को बढ़ावा देता है. @PepsiCo @pepsi @SonuSood   https://t.co/eOqFlO2PsF	hi	[{'screen_name': 'pepsico', 'name': 'pepsico', 'id': '21346619'}, {'screen_name': 'pepsi', 'name': 'pepsi', 'id': '18139619'}, {'screen_name': 'sonusood', 'name': 'sonu sood', 'id': '295026890'}]	['https://www.thelallantop.com/jhamajham/actor-sonu-sood-signs-with-pepsico-for-its-instagram-campaign-that-centres-on-physical-distancing/']	[]	1	15	125	[]	[]	https://twitter.com/TheLallantop/status/1268506716913537024	False		0								[]				
1268308983535804417	1268308983535804417	2020-06-04 07:30:00 KST	2020-06-04	07:30:00	+0900	45373599	arashmadani	Arash Madani		Drew Brees' endorsement deals include Nike, Proctor &amp; Gamble, PepsiCo, and Wrangler.    How many hours before those companies cut ties? You can believe their lawyers are going through those contracts line by line.    Where's NBC on its heir apparent in the SNF analyst chair...?	en	[]	[]	[]	6	14	66	[]	[]	https://twitter.com/ArashMadani/status/1268308983535804417	False	https://twitter.com/YahooFinance/status/1268206174073126915	0								[]				
1268272527337566215	1268272527337566215	2020-06-04 05:05:08 KST	2020-06-04	05:05:08	+0900	2551000568	twittermktlatam	Twitter Mktg Latam		¡La segunda sesión de #CouchConference ha llegado! 🙌Acompáñanos junto a @LaBalle de Anónimo, @xepus de HAVAS Group México, @RaulBribiescaH de PepsiCo LATAM y @PacoJiVi de Twitter México para conversar sobre el impacto del trabajo en casa hacia el futuro. #SaveTheDate  https://t.co/YdHxSyhRVD	es	[{'screen_name': 'laballe', 'name': 'ale ballesteros', 'id': '281695855'}, {'screen_name': 'xepus', 'name': 'xepus', 'id': '253237452'}, {'screen_name': 'raulbribiescah', 'name': 'raul bribiesca', 'id': '2765122193'}, {'screen_name': 'pacojivi', 'name': 'paco jimenez', 'id': '163716438'}]	[]	['https://pbs.twimg.com/media/EZnOuuxWoAQHot0.jpg']	13	80	463	['couchconference', 'savethedate']	[]	https://twitter.com/TwitterMktLatam/status/1268272527337566215	False		1	https://pbs.twimg.com/media/EZnOuuxWoAQHot0.jpg							[]				
1268256135317843968	1268256135317843968	2020-06-04 04:00:00 KST	2020-06-04	04:00:00	+0900	39743812	economictimes	Economic Times		#PepsiCo signed actor and Bollywood man-of-the-moment Sonu Sood for a one-off Instagram campaign that centres around contact-less greetings and encourages people to adhere to physical-distancing norms    https://t.co/FTRuPLZDwi	en	[]	['https://economictimes.indiatimes.com/magazines/panache/pepsi-signs-on-man-of-the-moment-sonu-sood-for-instagram-campaign/articleshow/76167421.cms']	[]	9	33	495	['pepsico']	[]	https://twitter.com/EconomicTimes/status/1268256135317843968	False		0								[]				
1268217641266749442	1268217641266749442	2020-06-04 01:27:02 KST	2020-06-04	01:27:02	+0900	332993154	myriambregman	Myriam Bregman		Sin repetir y sin soplar, ¿cuántas veces te reprimió el PRO que ahora condena la violencia?: *En Pepsico, en la planta y en marchas *Puerta del Congreso, reforma previsional, dos veces *Legislatura x Unicaba  *Marcha trabajadores Coca Cola *Protesta cooperativas ... ¡Tiempo!	es	[]	[]	[]	161	490	2000	[]	[]	https://twitter.com/myriambregman/status/1268217641266749442	False		0								[]				
1268097755160797184	1268097755160797184	2020-06-03 17:30:39 KST	2020-06-03	17:30:39	+0900	68927629	moneycontrolcom	moneycontrol		.@PepsiCo signs Bollywood actor and 'migrant messiah' @SonuSood for its #Instagram campaigns. Here's what it is all about.  #SonuSood #Pepsi @Instagram #Lockdown   https://t.co/67oozbx9Sy	en	[{'screen_name': 'pepsico', 'name': 'pepsico', 'id': '21346619'}, {'screen_name': 'sonusood', 'name': 'sonu sood', 'id': '295026890'}, {'screen_name': 'instagram', 'name': 'instagram', 'id': '180505807'}]	['https://www.moneycontrol.com/news/trends/entertainment/pepsi-signs-migrants-messiah-sonu-sood-for-instagram-campaign-5352681.html']	[]	2	2	62	['instagram', 'sonusood', 'pepsi', 'lockdown']	[]	https://twitter.com/moneycontrolcom/status/1268097755160797184	False		0								[]				
1268039847786147840	1268039847786147840	2020-06-03 13:40:33 KST	2020-06-03	13:40:33	+0900	631810714	cnbctv18news	CNBC-TV18		PepsiCo’s India bottling partner, Varun Beverages had a lost qtr due to lockdown. However, Chairman Ravi Kant Jaipuria doesn’t see this as major challenge &amp; says demand is normalising. People are buying larger bottles as they’re consuming more at home, he adds. @blitzkreigm  https://t.co/JQkKJdW4oB	en	[{'screen_name': 'blitzkreigm', 'name': 'mangalam maloo', 'id': '35699012'}]	[]	[]	2	13	55	[]	[]	https://twitter.com/CNBCTV18News/status/1268039847786147840	False		1	https://pbs.twimg.com/amplify_video_thumb/1268038175068311552/img/6sX8cT0-NGJh_kQb.jpg							[]				
1267971221381054466	1267971221381054466	2020-06-03 09:07:51 KST	2020-06-03	09:07:51	+0900	132291920	ryanquarlesky	Ryan Quarles		This is Kentucky AgTech. Danimer Scientific is expanding with huge potential in the works. With formal agreements with PepsiCo-Frito Lay &amp; Nestle they currently grow biodegradable plastic substitutes. Imagine the day when KY grows renewable plastic that doesn’t clog up landfills.  https://t.co/Hgq9YKo2We	en	[]	[]	['https://pbs.twimg.com/media/EZi9D5vWAAMMdA5.jpg', 'https://pbs.twimg.com/media/EZi9D5yX0AE9PUh.jpg', 'https://pbs.twimg.com/media/EZi9D7BXQAAgCxK.jpg']	0	5	29	[]	[]	https://twitter.com/RyanQuarlesKY/status/1267971221381054466	False		1	https://pbs.twimg.com/media/EZi9D5vWAAMMdA5.jpg							[]				
1267734698823999493	1267734698823999493	2020-06-02 17:28:00 KST	2020-06-02	17:28:00	+0900	43855487	bsindia	Business Standard		Former PepsiCo CEO Indra Nooyi in a statement has said everyone has a responsibility to recognise this pain and the systemic racism that has caused it  #GeorgeFloyd #GeorgeFloydProtests    https://t.co/KoghM8lP3D	en	[]	['https://mybs.in/2YNsFb6']	[]	1	5	27	['georgefloyd', 'georgefloydprotests']	[]	https://twitter.com/bsindia/status/1267734698823999493	False		0								[]				
