id	conversation_id	created_at	date	time	timezone	user_id	username	name	place	tweet	language	mentions	urls	photos	replies_count	retweets_count	likes_count	hashtags	cashtags	link	retweet	quote_url	video	thumbnail	near	geo	source	user_rt_id	user_rt	retweet_id	reply_to	retweet_date	translate	trans_src	trans_dest
1233430537869647872	1233430537869647872	2020-02-29 01:35:30 KST	2020-02-29	01:35:30	+0900	1026414410452152320	ramonlaguarta	Ramon Laguarta		Had a great time visiting @PepsiCoArabia in Saudi Arabia and Egypt! It was exciting to meet w/ local government, partners, &amp; associates to share @PepsiCo's vision for continued prosperity &amp; success across these important markets. Together, we're getting faster, stronger &amp; better.  https://t.co/qVqpQuosC0	en	[{'screen_name': 'pepsicoarabia', 'name': '@pepsicoarabia', 'id': '978497886089605120'}, {'screen_name': 'pepsico', 'name': 'pepsico', 'id': '21346619'}]	[]	['https://pbs.twimg.com/media/ER4GhygXkAI39y7.jpg', 'https://pbs.twimg.com/media/ER4GhyiXYAA7o8Q.jpg', 'https://pbs.twimg.com/media/ER4GhygXsAEuS1Q.jpg', 'https://pbs.twimg.com/media/ER4GhyhWoAE1NB3.jpg']	8	4	40	[]	[]	https://twitter.com/ramonlaguarta/status/1233430537869647872	False		1	https://pbs.twimg.com/media/ER4GhygXkAI39y7.jpg							[]				
1233392675560337409	1233392675560337409	2020-02-28 23:05:03 KST	2020-02-28	23:05:03	+0900	185809250	civileats	Civil Eats		PepsiCo Inc says it will introduce stricter rules for the palm oil used in its goods.   https://t.co/fHmumGr2QE	en	[]	['https://buff.ly/39ZUi9Q']	[]	1	3	15	[]	[]	https://twitter.com/CivilEats/status/1233392675560337409	False		0								[]				
1233246036753141761	1233246036753141761	2020-02-28 13:22:22 KST	2020-02-28	13:22:22	+0900	16897082	garyruskin	Gary Ruskin		".@CocaCola, @PepsiCo, @Nestle and ""other large companies are being sued by a California environmental group for creating a plastic pollution 'nuisance' and misleading consumers about the recyclability of plastic."" Via @guardian  https://t.co/iaYzknHzQO @earthisland"	en	[{'screen_name': 'cocacola', 'name': 'coca-cola', 'id': '26787673'}, {'screen_name': 'pepsico', 'name': 'pepsico', 'id': '21346619'}, {'screen_name': 'nestle', 'name': 'nestlé', 'id': '23085995'}, {'screen_name': 'guardian', 'name': 'the guardian', 'id': '87818409'}, {'screen_name': 'earthisland', 'name': 'earth island institute', 'id': '22984215'}]	['http://bit.ly/2PxtUfz']	[]	0	18	28	[]	[]	https://twitter.com/garyruskin/status/1233246036753141761	False		0								[]				
1233110055966461953	1233110055966461953	2020-02-28 04:22:02 KST	2020-02-28	04:22:02	+0900	1026414410452152320	ramonlaguarta	Ramon Laguarta		I’m proud to share @PepsiCo has been recognized by the @USDOL with the Gold Award for Excellence in Disability Inclusion. At our company, we strive to celebrate our differences, and will continue taking steps to bring more people with disabilities into our workforce.	en	[{'screen_name': 'pepsico', 'name': 'pepsico', 'id': '21346619'}, {'screen_name': 'usdol', 'name': 'us labor department', 'id': '20179628'}]	[]	[]	5	6	55	[]	[]	https://twitter.com/ramonlaguarta/status/1233110055966461953	False		0								[]				
1232950208536858624	1232950208536858624	2020-02-27 17:46:51 KST	2020-02-27	17:46:51	+0900	1320311154	etbrandequity	ET Brand Equity		@PepsiCo has unveiled a new #brandcampaign ‘Naya Slice Itna Thick Kaise’ for its fruit-flavoured #softdrink, @slice , featuring #brandambassador #KatrinaKaif.   https://t.co/r5AovhUx4U	en	[{'screen_name': 'slice', 'name': 'slice', 'id': '1834171'}]	['https://brandequity.economictimes.indiatimes.com/news/marketing/pepsico-asks-naya-slice-itna-thick-kaise-in-new-brand-campaign-featuring-katrina-kaif/74332538']	[]	0	7	13	['brandcampaign', 'softdrink', 'brandambassador', 'katrinakaif']	[]	https://twitter.com/ETBrandEquity/status/1232950208536858624	False		0								[]				
1232696001305034754	1232696001305034754	2020-02-27 00:56:43 KST	2020-02-27	00:56:43	+0900	4497601693	cmpatowary	Chandra Mohan Patowary		Glad to meet a team from PEPSICO planning to put up a Snack Food Unit in Assam . PEPSICO has a program of contract farming directly with Farmers with assured buyback arrangements which shall help the farmers of Assam tremendously. @sarbanandsonwal  https://t.co/oEpKVFKhhv	en	[{'screen_name': 'sarbanandsonwal', 'name': 'sarbananda sonowal', 'id': '2570829264'}]	[]	['https://pbs.twimg.com/media/ERtqdprU4AAhLwL.jpg', 'https://pbs.twimg.com/media/ERtqdp6UUAAa_3e.jpg']	3	13	35	[]	[]	https://twitter.com/cmpatowary/status/1232696001305034754	False		1	https://pbs.twimg.com/media/ERtqdprU4AAhLwL.jpg							[]				
1232428054636568578	1232428054636568578	2020-02-26 07:12:00 KST	2020-02-26	07:12:00	+0900	501801749	bcg	Boston Consulting Group		Indra Nooyi’s first steps taken as PepsiCo’s CEO to “future-proof” the company were to predict changes in consumer preferences and become a leader in environmental sustainability before it was on the radar of businesses, shares BCG’s Grant Freeland.  https://t.co/DcOvf0Fhx3	en	[]	['https://on.bcg.com/2HXrd2B']	[]	0	9	26	[]	[]	https://twitter.com/BCG/status/1232428054636568578	False		0								[]				
1232379737290551299	1232379737290551299	2020-02-26 04:00:00 KST	2020-02-26	04:00:00	+0900	18045145	mkdirecto	MarketingDirecto.com		Unilever y PepsiCo se unen para la venta online de productos con envases reutilizables que se recargan a domicilio   https://t.co/ursjp1OHSs  https://t.co/0CB2MXMkI1	es	[]	['https://www.marketingdirecto.com/marketing-general/tendencias/unilever-y-pepsico-se-unen-para-la-venta-online-de-productos-con-envases-reutilizables-que-se-recargan-a-domicilio']	['https://pbs.twimg.com/media/ERooWxTXsAALul-.jpg']	0	5	16	[]	[]	https://twitter.com/mkdirecto/status/1232379737290551299	False		1	https://pbs.twimg.com/media/ERooWxTXsAALul-.jpg							[]				
1232319044256055296	1232319044256055296	2020-02-25 23:58:50 KST	2020-02-25	23:58:50	+0900	89711639	trf_climate	TRF Climate		.@PepsiCo is introducing stricter rules for #palmoil used in its goods, to prevent #deforestation &amp; worker exploitation, and will enforce the new policy for all its business partners, in a first for consumer goods industry @RAN #forests  https://t.co/gKF7ssPGFE	en	[{'screen_name': 'pepsico', 'name': 'pepsico', 'id': '21346619'}, {'screen_name': 'ran', 'name': 'rainforest action network (ran)', 'id': '10340482'}]	['https://tmsnrt.rs/3c5CDiM']	[]	0	7	16	['palmoil', 'deforestation', 'forests']	[]	https://twitter.com/TRF_Climate/status/1232319044256055296	False		0								[]				
1231942096233418756	1231942096233418756	2020-02-24 23:00:58 KST	2020-02-24	23:00:58	+0900	14800270	harvardbiz	Harvard Business Review		It has been 14 years since PepsiCo debuted a “performance with purpose” program. On the heels of commercial and ethical success, the company has learned a lot about balancing short- and long-term needs.  https://t.co/bEOeeoAmHT	en	[]	['https://s.hbr.org/38LSscw']	[]	0	14	34	[]	[]	https://twitter.com/HarvardBiz/status/1231942096233418756	False		0								[]				
1231921998290391040	1231921998290391040	2020-02-24 21:41:07 KST	2020-02-24	21:41:07	+0900	32529120	valoreconomico	Valor Econômico		Pepsico compra fabricante chinesa de salgadinhos saudáveis por US$ 705 mi  https://t.co/QpUB6f9WNT	pt	[]	['https://valor.globo.com/empresas/noticia/2020/02/24/pepsico-compra-fabricante-chinesa-de-salgadinhos-saudveis-por-us-705-milhes.ghtml']	[]	0	1	29	[]	[]	https://twitter.com/valoreconomico/status/1231921998290391040	False		0								[]				
1231904004969463812	1231904004969463812	2020-02-24 20:29:37 KST	2020-02-24	20:29:37	+0900	1652541	reuters	Reuters		PepsiCo buys Chinese snack brand Be &amp; Cheery for $705 million  https://t.co/Ns0XVVlpnk  https://t.co/FabQ3d4zuS	en	[]	['https://reut.rs/2HOCQc6']	['https://pbs.twimg.com/media/ERiaKfgXsAARRQX.jpg']	1	24	47	[]	[]	https://twitter.com/Reuters/status/1231904004969463812	False		1	https://pbs.twimg.com/media/ERiaKfgXsAARRQX.jpg							[]				
1231840093561917440	1231840093561917440	2020-02-24 16:15:39 KST	2020-02-24	16:15:39	+0900	1652541	reuters	Reuters		PepsiCo buys Chinese snack brand Be &amp; Cheery for $705 million  https://t.co/lIAKRCtXw6  https://t.co/TXXaFCqWrp	en	[]	['https://reut.rs/2wKdIBn']	['https://pbs.twimg.com/media/ERhgCYSXsAAQHaX.jpg']	4	25	61	[]	[]	https://twitter.com/Reuters/status/1231840093561917440	False		1	https://pbs.twimg.com/media/ERhgCYSXsAAQHaX.jpg							[]				
1231788416318234624	1231788416318234624	2020-02-24 12:50:18 KST	2020-02-24	12:50:18	+0900	1652541	reuters	Reuters		PepsiCo buys Chinese snack brand Be &amp; Cheery for $705 million  https://t.co/Y5RWIbp1wW  https://t.co/F7sVQ2y6C8	en	[]	['https://reut.rs/32pCZwq']	['https://pbs.twimg.com/media/ERgxCWcXUAIFnqT.jpg']	6	33	58	[]	[]	https://twitter.com/Reuters/status/1231788416318234624	False		1	https://pbs.twimg.com/media/ERgxCWcXUAIFnqT.jpg							[]				
1231443330296434689	1231443330296434689	2020-02-23 13:59:03 KST	2020-02-23	13:59:03	+0900	14800270	harvardbiz	Harvard Business Review		“We needed to change the way we made money — not just give away some of the money we earned,” writes @IndraNooyi, former CEO of PepsiCo, describing the company’s aim to root its contributions to society into its business model.  https://t.co/I1WbywW0Xk	en	[{'screen_name': 'indranooyi', 'name': 'indra nooyi', 'id': '2652536876'}]	['https://s.hbr.org/2PtmQRp']	[]	0	18	64	[]	[]	https://twitter.com/HarvardBiz/status/1231443330296434689	False		0								[]				
1231256107894571009	1231256107894571009	2020-02-23 01:35:06 KST	2020-02-23	01:35:06	+0900	12480582	adage	Ad Age		TBWA\Chiat\Day New York lands lead creative on PepsiCo's Bubly brand  https://t.co/D4xwWfAYSn  https://t.co/aDfv3PThH7	en	[]	['http://ow.ly/rbfo50yrFGh']	['https://pbs.twimg.com/media/ERZM55NXkAQrkDb.png']	0	2	15	[]	[]	https://twitter.com/adage/status/1231256107894571009	False		1	https://pbs.twimg.com/media/ERZM55NXkAQrkDb.png							[]				
1230650843805806594	1230650843805806594	2020-02-21 09:30:00 KST	2020-02-21	09:30:00	+0900	8315402	olhardigital	Olhar Digital		Uma startup que está desenvolvendo um novo tipo de etiqueta eletrônica, baseada no protocolo Bluetooth, acaba de receber um aporte de US$ 20 milhões da PepsiCo e do braço de investimentos da Verizon, uma operadora de telefonia norte-americana   https://t.co/uZQvVZe5gY	pt	[]	['https://olhardigital.com.br/noticia/startup-cria-etiqueta-que-transforma-ate-roupas-em-objetos-conectados/97086']	[]	0	4	33	[]	[]	https://twitter.com/olhardigital/status/1230650843805806594	False		0								[]				
1230539363420954624	1230539363420954624	2020-02-21 02:07:01 KST	2020-02-21	02:07:01	+0900	12480582	adage	Ad Age		TBWA\Chiat\Day New York lands lead creative on PepsiCo's Bubly brand  https://t.co/6L8xde5EQo  https://t.co/Rv2EK0VwUd	en	[]	['http://ow.ly/G3En50yrFDK']	['https://pbs.twimg.com/media/ERPBB4DXYAEG-K4.png']	0	4	21	[]	[]	https://twitter.com/adage/status/1230539363420954624	False		1	https://pbs.twimg.com/media/ERPBB4DXYAEG-K4.png							[]				
1230471663059230720	1230471663059230720	2020-02-20 21:38:00 KST	2020-02-20	21:38:00	+0900	86390214	wikipedia	Wikipedia		In 2017, a PepsiCo warehouse in Lebedyan, Russia collapsed.  28 million liters, or 7.4 million US gallons, of fruit and vegetable juices were released onto the streets.  Still, no one died.  https://t.co/tacxLyymv5	en	[]	['https://w.wiki/FSw']	[]	6	12	90	[]	[]	https://twitter.com/Wikipedia/status/1230471663059230720	False		0								[]				
1230012727621488640	1230012727621488640	2020-02-19 15:14:21 KST	2020-02-19	15:14:21	+0900	20402945	cnbc	CNBC		These companies, from Lockheed Martin to PepsiCo, are offering thousands in hiring bonuses. (via @CNBCMakeIt)  https://t.co/j6tOyilquq	en	[{'screen_name': 'cnbcmakeit', 'name': 'cnbc make it', 'id': '514513113'}]	['https://cnb.cx/322alkA']	[]	2	15	37	[]	[]	https://twitter.com/CNBC/status/1230012727621488640	False		0								[]				
1229794643333783552	1229794643333783552	2020-02-19 00:47:46 KST	2020-02-19	00:47:46	+0900	114782468	carlquintanilla	Carl Quintanilla		#coronavirus fears so bad, the all-time highs today only include:  Alphabet T-Mobile Chipotle DR Horton Home Depot Lowe's Costco Monster Bev Pepsico Allstate MSCI S&amp;P Global Moody's Kansas City Southern Humana Waste Mgmt Adobe ADP AMD MasterCard Intuit Visa ServiceNow Duke Energy	en	[]	[]	[]	25	89	252	['coronavirus']	[]	https://twitter.com/carlquintanilla/status/1229794643333783552	False		0								[]				
1229703165026525184	1229703165026525184	2020-02-18 18:44:15 KST	2020-02-18	18:44:15	+0900	47045926	chetansanghi	Chetan Sanghi		@NestleIndia @BritanniaIndLtd @PepsiCo @HUL_News @DaburIndia @ParleAgro  Congratulations!💐👏👍  You have shown great sensitivity to #AmazingAndamans  You signed Extended Producer Responsibility agreements to take back as much plastic as you bring into the islands.	en	[{'screen_name': 'britanniaindltd', 'name': 'britannia industries', 'id': '3281245460'}, {'screen_name': 'pepsico', 'name': 'pepsico', 'id': '21346619'}, {'screen_name': 'hul_news', 'name': 'hindustan unilever', 'id': '1703704490'}, {'screen_name': 'daburindia', 'name': 'dabur india ltd', 'id': '127809688'}, {'screen_name': 'parleagro', 'name': 'parle agro', 'id': '94486096'}]	[]	[]	6	47	70	['amazingandamans']	[]	https://twitter.com/ChetanSanghi/status/1229703165026525184	False		0								[]				
1229168895765905408	1229168895765905408	2020-02-17 07:21:16 KST	2020-02-17	07:21:16	+0900	43620417	andreadatri	Andrea D'Atri 😷✊🏽		Hablemos de la libertad de consumo de la que gozamos en el capitalismo, según los libertontos. Apenas 10 transnacionales están detrás de 2150 marcas q consumimos diariamente en todo el mundo, entre ellas, Nestlé, Unilever, PepsiCo, CocaCola, Danone, P&amp;G y Kellog’s #BuenDomingo	es	[]	[]	[]	6	124	403	['buendomingo']	[]	https://twitter.com/andreadatri/status/1229168895765905408	False		0								[]				
1228422770813472768	1228422770813472768	2020-02-15 05:56:26 KST	2020-02-15	05:56:26	+0900	23420231	etoro	eToro		PepsiCo reported better-than-expected fourth-quarter results driven by its Frito-Lay unit and North American beverage business.  The top 5 companies owned by Pepsi: 1. Frito-Lay 2. Quaker Oats 3. Tropicana 4. Sabra Dipping Company 5. Naked Juice  #Earnings #ZeroCommission #Stocks  https://t.co/v3zVscBCSj	en	[]	[]	['https://pbs.twimg.com/media/EQw7_eOXsAQBmvz.jpg']	0	10	54	['earnings', 'zerocommission', 'stocks']	[]	https://twitter.com/eToro/status/1228422770813472768	False		1	https://pbs.twimg.com/media/EQw7_eOXsAQBmvz.jpg							[]				
1228377368861069312	1228377368861069312	2020-02-15 02:56:01 KST	2020-02-15	02:56:01	+0900	2343406999	fiafdn	FIA Foundation		Exciting new project #ReactForChange has UK launch at @LCCLondon – challenging design students to develop peer-to-peer #BehaviouralChange campaigns for #RoadSafety with @tfl @pepsico_uk + @ZurichInsUK   https://t.co/d2ihv3h0Ax	en	[{'screen_name': 'lcclondon', 'name': 'lcc', 'id': '22134801'}, {'screen_name': 'tfl', 'name': 'transport for london 😷', 'id': '47319664'}, {'screen_name': 'pepsico_uk', 'name': 'pepsico uk news', 'id': '197450643'}, {'screen_name': 'zurichinsuk', 'name': 'zurich insurance uk', 'id': '130445082'}]	['http://bit.ly/31TjoUY']	[]	0	7	13	['reactforchange', 'behaviouralchange', 'roadsafety']	[]	https://twitter.com/FIAFdn/status/1228377368861069312	False		0								[]				
1228355137078468608	1228355137078468608	2020-02-15 01:27:41 KST	2020-02-15	01:27:41	+0900	3654248067	orlpride	Orlando Pride		NEWS: PepsiCo Beverages North America Partners with Exploria Stadium as Official Non-Alcoholic Pouring Partner.   Welcome, @pepsi!	en	[{'screen_name': 'pepsi', 'name': 'pepsi', 'id': '18139619'}]	[]	[]	2	25	512	[]	[]	https://twitter.com/ORLPride/status/1228355137078468608	False		0								[]				
1228353197984665601	1228350033587851264	2020-02-15 01:19:58 KST	2020-02-15	01:19:58	+0900	213474069	orlandocitysc	Orlando City SC		@pepsi Welcome to the family, @pepsi!  PepsiCo Beverages North America Partners with Exploria Stadium as Official Non-Alcoholic Pouring Partner.    https://t.co/OhpbMRm2wU	en	[{'screen_name': 'pepsi', 'name': 'pepsi', 'id': '18139619'}]	['https://cards.twitter.com/cards/3j3hn9/8zwjt']	[]	20	6	41	[]	[]	https://twitter.com/OrlandoCitySC/status/1228353197984665601	False		0								[{'screen_name': 'pepsi', 'name': 'Pepsi', 'id': '18139619'}]				
1228350787652333569	1228350787652333569	2020-02-15 01:10:24 KST	2020-02-15	01:10:24	+0900	114782468	carlquintanilla	Carl Quintanilla		Some record highs today:  Chipotle Home Depot Lowe’s TJX Costco Hormel Coke Monster Bev Pepsico Ingersoll-Rand Fastenal  Aon  MSCI S&amp;P Global Adobe AMD Intuit NVIDIA MasterCard PayPal Visa Duke Energy Dominion   https://t.co/1NjUO4LfRG	en	[]	[]	['https://pbs.twimg.com/tweet_video_thumb/EIlMNBwWkAAVFKu.jpg']	7	18	53	[]	[]	https://twitter.com/carlquintanilla/status/1228350787652333569	False		1	https://pbs.twimg.com/tweet_video_thumb/EIlMNBwWkAAVFKu.jpg							[]				
1228348877469835265	1228348877469835265	2020-02-15 01:02:48 KST	2020-02-15	01:02:48	+0900	3007932069	williamsbob75	Bob Williams		INBOX: PepsiCo Beverages North America is excited to announce its official partnership with Orlando City SC, Orlando Pride and Exploria Stadium as the official non-alcoholic pouring partner, effective today.	en	[]	[]	[]	3	2	12	[]	[]	https://twitter.com/WilliamsBob75/status/1228348877469835265	False		0								[]				
1227984132443181056	1227984132443181056	2020-02-14 00:53:26 KST	2020-02-14	00:53:26	+0900	14216123	jimcramer	Jim Cramer		#StockoftheDay PepsiCo Beats on Revenue Along With Strong Looking Charts and Indicators $PEP:  https://t.co/mz5Xs25fnE	en	[]	['http://bit.ly/2OP5kq4']	[]	3	2	19	['stockoftheday']	['pep']	https://twitter.com/jimcramer/status/1227984132443181056	False		0								[]				
1227932935992406016	1227932935992406016	2020-02-13 21:30:00 KST	2020-02-13	21:30:00	+0900	16451932	madmoneyoncnbc	Mad Money On CNBC		How do you handle PepsiCo's upcoming earnings? @JimCramer has a plan for you  TODAY'S REPORTS: $PEP $WM $NVDA $KHC $EXPE $DXCM  https://t.co/scRkpr6yxC	en	[{'screen_name': 'jimcramer', 'name': 'jim cramer', 'id': '14216123'}]	[]	[]	1	4	36	[]	['pep', 'wm', 'nvda', 'khc', 'expe', 'dxcm']	https://twitter.com/MadMoneyOnCNBC/status/1227932935992406016	False		1	https://pbs.twimg.com/amplify_video_thumb/1227334238934118401/img/qP3nN9u91AWwo-Rh.jpg							[]				
1227926076237795330	1227926076237795330	2020-02-13 21:02:44 KST	2020-02-13	21:02:44	+0900	1026414410452152320	ramonlaguarta	Ramon Laguarta		Congratulations to the entire @PepsiCo family on our performance in 2019! We met or exceeded each of the full-year financial targets we communicated a year ago, and we’re continuing to invest to become a faster, stronger, better company. $PEP #PepEarnings  https://t.co/KDnpB6tllU	en	[{'screen_name': 'pepsico', 'name': 'pepsico', 'id': '21346619'}]	['https://pepsi.co/3bzsfj7']	[]	8	20	124	['pepearnings']	['pep']	https://twitter.com/ramonlaguarta/status/1227926076237795330	False		0								[]				
1227562723011170304	1227561497406181377	2020-02-12 20:58:54 KST	2020-02-12	20:58:54	+0900	127483019	ptiofficial	PTI		The Prime Minister welcomed the commitment of Pepsico towards social development of Pakistan and said that the Government would extend all possible facilitation to the Company for expansion of its business, including in the agriculture sector.  #AwamiReliefPackage	en	[]	[]	[]	1	9	32	['awamireliefpackage']	[]	https://twitter.com/PTIofficial/status/1227562723011170304	False		0								[]				
1227255926698258432	1227255926698258432	2020-02-12 00:39:48 KST	2020-02-12	00:39:48	+0900	14697575	news24	News24		Competition Commission gives nod to PepsiCo takeover of Pioneer Foods | @Fin24    https://t.co/0wwGxTWREX  https://t.co/5bg8Nu2iSp	en	[{'screen_name': 'fin24', 'name': 'fin24', 'id': '29950404'}]	['http://ow.ly/84cI50yjtc6']	['https://pbs.twimg.com/media/EQgWwsbXkAE4m97.jpg']	5	57	147	[]	[]	https://twitter.com/News24/status/1227255926698258432	False		1	https://pbs.twimg.com/media/EQgWwsbXkAE4m97.jpg							[]				
1226890561258430464	1226890561258430464	2020-02-11 00:27:58 KST	2020-02-11	00:27:58	+0900	114782468	carlquintanilla	Carl Quintanilla		Three FAANG components at all-time highs today:   Amazon Alphabet Microsoft ..  .. along with:  Clorox Costco Coca-Cola Pepsico UTX Lockheed Waste Mgmt	en	[]	[]	[]	7	14	44	[]	[]	https://twitter.com/carlquintanilla/status/1226890561258430464	False		0								[]				
1226633422270951425	1226633422270951425	2020-02-10 07:26:12 KST	2020-02-10	07:26:12	+0900	164425558	jonerlichman	Jon Erlichman		Some of Shaq’s investments:  *Google (pre-IPO) * Apple * Twitter * Uber * Lyft * Ring (Amazon bought for $1 billion) *PepsiCo *Krispy Kreme *Papa John’s *Big Chicken *Shaquille’s restaurant *Vegas clubs *real estate *car washes *CityPlex 12 *NRG eSports  https://t.co/BwAg2T1t7D	en	[]	[]	[]	10	161	710	[]	[]	https://twitter.com/JonErlichman/status/1226633422270951425	False		1	https://pbs.twimg.com/media/DnuGp9nU4AAsANJ.jpg							[]				
1226613485028728832	1226613485028728832	2020-02-10 06:06:58 KST	2020-02-10	06:06:58	+0900	988955288	investingcom	Investing.com		3 Stocks To Watch In The Coming Week: CVS Health, PepsiCo, NVIDIA  Along with coronavirus worries, investors will be digesting some important  earnings releases this coming week.   These three could have key implications:   https://t.co/tsA4IdRfiC  $CVS $PEP $NVDA  https://t.co/5vIs8LIhS6	en	[]	['https://invst.ly/psxrj']	['https://pbs.twimg.com/media/EQXOZZNWAAQd9pM.jpg', 'https://pbs.twimg.com/media/EQXObT0UYAAp6VB.png', 'https://pbs.twimg.com/media/EQXObT1VUAEqFsY.png', 'https://pbs.twimg.com/media/EQXObT5XUAETrqN.png']	1	7	26	[]	['cvs', 'pep', 'nvda']	https://twitter.com/Investingcom/status/1226613485028728832	False		1	https://pbs.twimg.com/media/EQXOZZNWAAQd9pM.jpg							[]				
1225913202476814339	1225913202476814339	2020-02-08 07:44:18 KST	2020-02-08	07:44:18	+0900	326315947	optionsaction	Options Action		PepsiCo is reporting earnings next week. Carter Worth and @Michael_Khouw are eyeing a pop for the stock $PEP  https://t.co/qhXvjjzAYD	en	[{'screen_name': 'michael_khouw', 'name': 'michael c. khouw', 'id': '306850457'}]	[]	['https://pbs.twimg.com/media/EQNRKMlWAAQd03x.png']	1	7	28	[]	['pep']	https://twitter.com/OptionsAction/status/1225913202476814339	False		1	https://pbs.twimg.com/media/EQNRKMlWAAQd03x.png							[]				
1225834689681858572	1225834689681858572	2020-02-08 02:32:19 KST	2020-02-08	02:32:19	+0900	61824258	jimstengel	Jim Stengel		Last night, @garyvee hosted a fun night in NYC where we recorded a special episode of @TheCMOPodcast talking about the #SuperBowl. We had Shelle Santana @HarvardHBS, Todd Kaplan @PepsiCo, and Ricardo Marques @abinbev. Episode will be released soon!  https://t.co/9ejE4dMrZQ	en	[{'screen_name': 'garyvee', 'name': 'gary vaynerchuk', 'id': '5768872'}, {'screen_name': 'thecmopodcast', 'name': 'thecmopodcast', 'id': '1113448970846654465'}, {'screen_name': 'harvardhbs', 'name': 'harvard business', 'id': '19606528'}, {'screen_name': 'pepsico', 'name': 'pepsico', 'id': '21346619'}, {'screen_name': 'abinbev', 'name': 'anheuser-busch inbev', 'id': '576545436'}]	[]	['https://pbs.twimg.com/media/EQMKJc9WAAMRQKx.jpg']	2	5	43	['superbowl']	[]	https://twitter.com/JimStengel/status/1225834689681858572	False		1	https://pbs.twimg.com/media/EQMKJc9WAAMRQKx.jpg							[]				
1225568294905630720	1225568294905630720	2020-02-07 08:53:46 KST	2020-02-07	08:53:46	+0900	1146139850883514368	snapforbusiness	Snapchat for Business		Director of Creative Strategy, Jeff Miller, discusses how @verizon, @PepsiCo and @turbotax used AR to make a big impact with Gen Z and millennials during #SuperBowl.  https://t.co/IWJ3dJTVln	en	[{'screen_name': 'verizon', 'name': 'verizon', 'id': '59889953'}, {'screen_name': 'pepsico', 'name': 'pepsico', 'id': '21346619'}, {'screen_name': 'turbotax', 'name': 'intuit turbotax', 'id': '1125151'}]	['http://bit.ly/375krlu']	[]	0	2	18	['superbowl']	[]	https://twitter.com/SnapForBusiness/status/1225568294905630720	False		0								[]				
1225503376865099777	1225503376865099777	2020-02-07 04:35:48 KST	2020-02-07	04:35:48	+0900	1026414410452152320	ramonlaguarta	Ramon Laguarta		PepsiCo is proud to honor #BlackHistoryMonth with celebrations at our offices across the country. All month long we'll be recognizing the ways African Americans have made both the US and @PepsiCo stronger, and why diversity &amp; engagement are crucial to our culture.	en	[{'screen_name': 'pepsico', 'name': 'pepsico', 'id': '21346619'}]	[]	[]	0	10	46	['blackhistorymonth']	[]	https://twitter.com/ramonlaguarta/status/1225503376865099777	False		0								[]				
1224777677934153730	1224777677934153730	2020-02-05 04:32:08 KST	2020-02-05	04:32:08	+0900	225732136	pepsicofrance	PepsiCo France		🏆 PepsiCo France prend à nouveau la première place des entreprises certifiées #TopEmployers et figure dans le classement pour la 9e année consécutive ! Une très belle récompense dont nous sommes fiers ! #WinningWithPurpose #TECD20 #DreamTeamPepsiCo  https://t.co/GXxxcu8sK8	fr	[]	[]	['https://pbs.twimg.com/media/EP9IzSnXkAAc9-7.jpg']	1	2	19	['topemployers', 'winningwithpurpose', 'tecd20', 'dreamteampepsico']	[]	https://twitter.com/pepsicofrance/status/1224777677934153730	False		1	https://pbs.twimg.com/media/EP9IzSnXkAAc9-7.jpg							[]				
1224388778527199235	1224348277841256452	2020-02-04 02:46:47 KST	2020-02-04	02:46:47	+0900	174618314	mjgranger1	Montgomery Granger		@steph93065 @21stcentury120 It was a public peep show that should have at least come with a WARNING. An R rated segment in the middle of a PG event is not right. .@shakira @JLo @NFL @NFLonFOX @PepsiCo #SuperBowl #HalftimeShow	en	[{'screen_name': 'shakira', 'name': 'shakira', 'id': '44409004'}, {'screen_name': 'jlo', 'name': 'jlo', 'id': '85603854'}, {'screen_name': 'nfl', 'name': 'nfl', 'id': '19426551'}, {'screen_name': 'nflonfox', 'name': 'fox sports: nfl', 'id': '23508439'}, {'screen_name': 'pepsico', 'name': 'pepsico', 'id': '21346619'}]	[]	[]	1	3	16	['superbowl', 'halftimeshow']	[]	https://twitter.com/mjgranger1/status/1224388778527199235	False		0								[{'screen_name': 'steph93065', 'name': 'steph93065', 'id': '1360406988576985089'}]				
1224352157564010496	1224203986124857346	2020-02-04 00:21:16 KST	2020-02-04	00:21:16	+0900	174618314	mjgranger1	Montgomery Granger		@ARmastrangelo @Serafinos Public peep show. #SuperBowl #HalftimeShow .@shakira @JLo  @NFL @NFLonFOX @PepsiCo	en	[{'screen_name': 'shakira', 'name': 'shakira', 'id': '44409004'}, {'screen_name': 'jlo', 'name': 'jlo', 'id': '85603854'}, {'screen_name': 'nfl', 'name': 'nfl', 'id': '19426551'}, {'screen_name': 'nflonfox', 'name': 'fox sports: nfl', 'id': '23508439'}, {'screen_name': 'pepsico', 'name': 'pepsico', 'id': '21346619'}]	[]	[]	0	7	31	['superbowl', 'halftimeshow']	[]	https://twitter.com/mjgranger1/status/1224352157564010496	False		0								[{'screen_name': 'ARmastrangelo', 'name': 'Alana Mastrangelo', 'id': '26520948'}, {'screen_name': 'Serafinos', 'name': '𝓢𝓮𝓻𝓪𝓯𝓲𝓷𝓸𝓼🐘🇺🇸', 'id': '16320885'}]				
1224330198356762624	1224330198356762624	2020-02-03 22:54:00 KST	2020-02-03	22:54:00	+0900	15389918	keeleuniversity	Keele University		"""Keele prepared me for my future as it is unlike many other universities... It helped to build a mindset of trying new things to see what you enjoy doing, not just what you know.""  From Keele to @PepsiCo, read Tom's story 🎓 ⬇️ @ForeverKeele  https://t.co/CanArbJd3P"	en	[{'screen_name': 'pepsico', 'name': 'pepsico', 'id': '21346619'}, {'screen_name': 'foreverkeele', 'name': 'keele alumni', 'id': '1074088320'}]	['https://www.keele.ac.uk/discover/news/2020/january/keele-alumnus-job/alumnus-pepsico-new-york.php']	[]	2	4	16	[]	[]	https://twitter.com/KeeleUniversity/status/1224330198356762624	False		0								[]				
1224146834441957376	1224146834441957376	2020-02-03 10:45:23 KST	2020-02-03	10:45:23	+0900	17737614	robertmackey	Robert Mackey		Sabra hummus is produced in a joint venture by PepsiCo and the Strauss Group, an Israeli company that's been boycotted for providing financial support to the Israel Defense Forces' Golani Brigade. Sabra's website says it is an American company - with a mailing address in Israel.  https://t.co/WZqeK5rmLP	en	[]	[]	['https://pbs.twimg.com/media/EP0LDcCUwAAK2CC.jpg']	0	15	29	[]	[]	https://twitter.com/RobertMackey/status/1224146834441957376	False	https://twitter.com/Sabra/status/1224133948336418816	1	https://pbs.twimg.com/media/EP0LDcCUwAAK2CC.jpg							[]				
1224142759298306049	1224142759298306049	2020-02-03 10:29:11 KST	2020-02-03	10:29:11	+0900	12480582	adage	Ad Age		SodaStream certainly plays it safer than its last time in the #SuperBowl when its original ad was banned for taking jabs at then rivals Pepsi and Coke. Of course, PepsiCo now owns SodaStream.  https://t.co/RGijXg5UY6	en	[]	['https://adage.com/videos/sodastream-saving-the-world/226']	[]	0	2	22	['superbowl']	[]	https://twitter.com/adage/status/1224142759298306049	False		0								[]				
1224105299952488448	1224105299952488448	2020-02-03 08:00:20 KST	2020-02-03	08:00:20	+0900	1026414410452152320	ramonlaguarta	Ramon Laguarta		Great to be in Miami for @SuperBowl LIV. The energy here is incredible and team @PepsiCo is out in full force. I'm looking forward to a fun game and an exciting #PepsiHalftime Show with @JLo and @Shakira!  https://t.co/N2woDGj1q4	en	[{'screen_name': 'superbowl', 'name': 'super bowl', 'id': '19425947'}, {'screen_name': 'pepsico', 'name': 'pepsico', 'id': '21346619'}, {'screen_name': 'jlo', 'name': 'jlo', 'id': '85603854'}, {'screen_name': 'shakira', 'name': 'shakira', 'id': '44409004'}]	[]	['https://pbs.twimg.com/media/EPzlRRWX4AEdRGR.jpg', 'https://pbs.twimg.com/media/EPzlRRNXkAMLp-g.jpg', 'https://pbs.twimg.com/media/EPzlRRuVAAAAiK-.jpg', 'https://pbs.twimg.com/media/EPzlRRwX4AETbdt.jpg']	2	23	139	['pepsihalftime']	[]	https://twitter.com/ramonlaguarta/status/1224105299952488448	False		1	https://pbs.twimg.com/media/EPzlRRWX4AEdRGR.jpg							[]				
1224025820416573440	1224025820416573440	2020-02-03 02:44:31 KST	2020-02-03	02:44:31	+0900	21346619	pepsico	PepsiCo		PepsiCo and The PepsiCo Foundation are proud to sponsor @TasteoftheNFL again this year! Together, we’re raising money for food banks across the country to #kickhunger #SBLIV  https://t.co/7jW2cgb6Gg	en	[{'screen_name': 'tasteofthenfl', 'name': 'taste of the nfl', 'id': '25533504'}]	[]	['https://pbs.twimg.com/media/EPyc_gKWAAMBQHi.jpg']	1	18	82	['kickhunger', 'sbliv']	[]	https://twitter.com/PepsiCo/status/1224025820416573440	False		1	https://pbs.twimg.com/media/EPyc_gKWAAMBQHi.jpg							[]				
1223502032738430976	1223502032738430976	2020-02-01 16:03:10 KST	2020-02-01	16:03:10	+0900	50745599	umarsaif	Umar Saif		Krishna joins the club of Indian CEO that includes Microsoft CEO Satya Nadella, Google and Alphabet CEO Sundar Pichai, MasterCard CEO Ajay Banga, PepsiCo's former CEO Indra Nooyi and Adobe CEO Shantanu Narayen.  https://t.co/ef66oP7xvq	en	[]	['https://www.indiatoday.in/business/story/indian-origin-arvind-krishna-elected-new-ceo-international-business-machines-ibm-1641829-2020-01-31']	[]	22	92	373	[]	[]	https://twitter.com/umarsaif/status/1223502032738430976	False		0								[]				
