id	conversation_id	created_at	date	time	timezone	user_id	username	name	place	tweet	language	mentions	urls	photos	replies_count	retweets_count	likes_count	hashtags	cashtags	link	retweet	quote_url	video	thumbnail	near	geo	source	user_rt_id	user_rt	retweet_id	reply_to	retweet_date	translate	trans_src	trans_dest
1322173825010774016	1322173825010774016	2020-10-30 22:49:39 KST	2020-10-30	22:49:39	+0900	90703007	ufcwcanada	UFCW Canada		Huge news out of London, Ontario: @UFCW175633 beverage members working at PepsiCo have ratified a new #UFCW collective agreement that brings increased wages, pension improvements and more.   Congratulations!  Details here:  https://t.co/TXWBt9Yw98  #canlab #londonontario  https://t.co/CJov9uN6IG	en	[{'screen_name': 'ufcw175633', 'name': 'ufcw locals 175 & 633', 'id': '153859788'}]	['http://ow.ly/1tfE50C78Dl']	['https://pbs.twimg.com/media/EllOBp9WMAET8lO.jpg']	0	6	18	['ufcw', 'canlab', 'londonontario']	[]	https://twitter.com/UFCWCanada/status/1322173825010774016	False		1	https://pbs.twimg.com/media/EllOBp9WMAET8lO.jpg							[]				
1322156715866030080	1322119040815538176	2020-10-30 21:41:40 KST	2020-10-30	21:41:40	+0900	155304314	valeriafgl	Valeria Fgl		@PAPATOelunico @alferdez @larroqueandres @Kicillofok Vos vivís en un termo. Detenidos, procesados, reprimidos durante todo el macrismo. Te perdiste diciembre de 2017, te perdiste Pepsico, Cresta Roja, la pelea contra el presupuesto de ajuste, las protestas contra el G20 y el FMI, etc. Salí del termo.	es	[]	[]	[]	1	0	39	[]	[]	https://twitter.com/valeriafgl/status/1322156715866030080	False		0								[{'screen_name': 'PAPATOelunico', 'name': 'PAPATO', 'id': '191698882'}, {'screen_name': 'alferdez', 'name': 'Alberto Fernández', 'id': '149991703'}, {'screen_name': 'larroqueandres', 'name': 'Andrés Larroque', 'id': '519497576'}, {'screen_name': 'Kicillofok', 'name': 'Axel Kicillof', 'id': '2953955753'}]				
1321848736256053253	1321848736256053253	2020-10-30 01:17:52 KST	2020-10-30	01:17:52	+0900	538274095	skylar__spence	Skylar Spence		the curse of the bambino, but it's me ruining every pepsico marketing campaign since 2015	en	[]	[]	[]	1	1	81	[]	[]	https://twitter.com/skylar__spence/status/1321848736256053253	False		0								[]				
1321490232961880065	1321490232961880065	2020-10-29 01:33:18 KST	2020-10-29	01:33:18	+0900	332993154	myriambregman	Myriam Bregman		Noticias de ayer. ¡Extra! ¡Extra!  Persecución ideológica | Bullrich y Vidal culparon a la izquierda por la situación de PepsiCo  https://t.co/hz6z9GLZIC a través de @Pagina12	es	[{'screen_name': 'pagina12', 'name': 'página|12', 'id': '775474080715767808'}]	['https://bit.ly/2uZC0C0']	[]	1	18	83	[]	[]	https://twitter.com/myriambregman/status/1321490232961880065	False		0								[]				
1321332130421485570	1321332130421485570	2020-10-28 15:05:03 KST	2020-10-28	15:05:03	+0900	2825622506	pepsicoindia	PepsiCo		As part of continued efforts to fight the pandemic, PepsiCo India has rolled out awareness programs focused on hygiene for the truckers community in Sangrur, Punjab. Thousands of hygiene kits which include masks and sanitizers are also being distributed. #IndiaFightsCorona  https://t.co/iJfmDxZ5IV	en	[]	[]	['https://pbs.twimg.com/media/ElZP8SrU0AE8xA2.jpg']	14	7	23	['indiafightscorona']	[]	https://twitter.com/PepsiCoIndia/status/1321332130421485570	False		1	https://pbs.twimg.com/media/ElZP8SrU0AE8xA2.jpg							[]				
1321173863082954761	1321173863082954761	2020-10-28 04:36:09 KST	2020-10-28	04:36:09	+0900	1300532619151630336	robertocazevedo	Roberto Azevêdo		Recently, @PepsiCo CEO @ramonlaguarta sent a letter to congratulate @WFPChief on their Nobel Peace Prize. @WFP deserves the partnership + backing of every company out there to support their important work.  https://t.co/Fs4mngbMYi	en	[{'screen_name': 'pepsico', 'name': 'pepsico', 'id': '21346619'}, {'screen_name': 'ramonlaguarta', 'name': 'ramon laguarta', 'id': '1026414410452152320'}, {'screen_name': 'wfpchief', 'name': 'david beasley', 'id': '849183802777882624'}, {'screen_name': 'wfp', 'name': 'world food programme', 'id': '27830610'}]	[]	[]	0	6	29	[]	[]	https://twitter.com/robertocazevedo/status/1321173863082954761	False		1	https://pbs.twimg.com/ext_tw_video_thumb/1321173838953107456/pu/img/7IYEXzO-jucELkLC.jpg							[]				
1320820313177968641	1320820313177968641	2020-10-27 05:11:16 KST	2020-10-27	05:11:16	+0900	108740292	expansionmx	Expansión		Citibanamex se alía con Pepsico y Amigo PAQ para que los microempresarios puedan abrir cuentas de banco, pagar y recibir dinero con pagos digitales.  https://t.co/rVHWpZh3UH	es	[]	['https://expansion.mx/finanzas-personales/2020/10/26/plan-para-que-tienditas-usen-codi-y-accedan-a-creditos']	[]	1	6	35	[]	[]	https://twitter.com/ExpansionMx/status/1320820313177968641	False		0								[]				
1320725626676862976	1320725626676862976	2020-10-26 22:55:01 KST	2020-10-26	22:55:01	+0900	763699	katiefehren	Katie Fehrenbacher		The top 25 most sustainable fleets, both commercial &amp; public:  https://t.co/BAOkN8v4q7 @amazon, @Oakland, @AnheuserBusch, @AVTA1, @DENAirport, @FedEx, @genentech, @IKEAUSA, @Leaseplan, @limebike, @PGE4Me @PepsiCo, @portlandgeneral, @PANYNJ, @SRPconnect, @VTA, @TwinRiversUSD:	en	"[{'screen_name': 'amazon', 'name': 'amazon', 'id': '20793816'}, {'screen_name': 'oakland', 'name': 'city of oakland', 'id': '393024497'}, {'screen_name': 'anheuserbusch', 'name': 'anheuser-busch', 'id': '1435710336'}, {'screen_name': 'avta1', 'name': 'avta', 'id': '499351110'}, {'screen_name': 'denairport', 'name': ""denver int'l airport"", 'id': '59256282'}, {'screen_name': 'fedex', 'name': 'fedex', 'id': '134887156'}, {'screen_name': 'genentech', 'name': 'genentech', 'id': '16150688'}, {'screen_name': 'ikeausa', 'name': 'ikea usa', 'id': '303827856'}, {'screen_name': 'leaseplan', 'name': 'leaseplan', 'id': '897782982425096192'}, {'screen_name': 'limebike', 'name': 'lime', 'id': '3316290844'}, {'screen_name': 'pge4me', 'name': 'pacific gas & electric', 'id': '31496613'}, {'screen_name': 'pepsico', 'name': 'pepsico', 'id': '21346619'}, {'screen_name': 'portlandgeneral', 'name': 'portland general', 'id': '57131180'}, {'screen_name': 'panynj', 'name': 'port authority of ny & nj. wear a face covering.', 'id': '43464013'}, {'screen_name': 'srpconnect', 'name': 'salt river project', 'id': '76984842'}, {'screen_name': 'vta', 'name': 'vta', 'id': '29280594'}, {'screen_name': 'twinriversusd', 'name': 'twin rivers unified', 'id': '612287563'}]"	['https://www.greenbiz.com/article/top-25-most-sustainable-fleets']	[]	1	2	17	[]	[]	https://twitter.com/katiefehren/status/1320725626676862976	False		0								[]				
1320639625724047361	1320639625724047361	2020-10-26 17:13:17 KST	2020-10-26	17:13:17	+0900	401775393	assaadrazzouk	Assaad Razzouk		"Tone deaf: @pepsico_uk shouting about plastic (which is 99% oil, at least 90% of which you can't recycle) in world drowning with plastic  Try this: ""We're moving ALL our ready-to-drink beverages to 100% oil by the end of 2022, knowing full well 90% of plastic can't be recycled"""	en	[{'screen_name': 'pepsico_uk', 'name': 'pepsico uk news', 'id': '197450643'}]	[]	[]	1	10	22	[]	[]	https://twitter.com/AssaadRazzouk/status/1320639625724047361	False	https://twitter.com/pepsico_uk/status/1319248885148229633	0								[]				
1320349392235229190	1320349392235229190	2020-10-25 22:00:00 KST	2020-10-25	22:00:00	+0900	108740292	expansionmx	Expansión		PepsiCo, Lala y Constellations Brands se encuentran entre las empresas con mayor presencia en la conversación en redes sociales. Pero no son las únicas.  https://t.co/dbkQ9cksBq	es	[]	['https://expansion.mx/empresas/2020/10/22/estas-empresas-lideran-la-conversacion-digital-y-solo-una-es-farmaceutica']	[]	0	2	22	[]	[]	https://twitter.com/ExpansionMx/status/1320349392235229190	False		0								[]				
1320013377683546115	1320013377683546115	2020-10-24 23:44:48 KST	2020-10-24	23:44:48	+0900	152630167	iamcouncil	Indian American Muslim Council		Indian News channels today are engaged in dangerous speech, false speech, microtargeting &amp; creating hateful narratives.   Do you endorse their targeting of Indian Muslim minority?   #StopFundingHate   @amazon @dominos @MGMotorIn @PepsiCo @PepsiCoIndia @Flipkart @flipkartsupport  https://t.co/xdlgSaGpkV	en	"[{'screen_name': 'amazon', 'name': 'amazon', 'id': '20793816'}, {'screen_name': 'dominos', 'name': ""domino's pizza"", 'id': '31444922'}, {'screen_name': 'mgmotorin', 'name': 'morris garages india', 'id': '1132981568207613953'}, {'screen_name': 'pepsico', 'name': 'pepsico', 'id': '21346619'}, {'screen_name': 'pepsicoindia', 'name': 'pepsico', 'id': '2825622506'}, {'screen_name': 'flipkart', 'name': 'flipkart', 'id': '57947109'}, {'screen_name': 'flipkartsupport', 'name': 'flipkartsupport', 'id': '951522626'}]"	[]	[]	13	104	179	['stopfundinghate']	[]	https://twitter.com/IAMCouncil/status/1320013377683546115	False		1	https://pbs.twimg.com/ext_tw_video_thumb/1320013344833703938/pu/img/a4xsXpRAeQamtR6s.jpg							[]				
1320009503614656518	1320009503614656518	2020-10-24 23:29:24 KST	2020-10-24	23:29:24	+0900	84968599	milligazette	Milli Gazette		Indian News channels today are engaged in dangerous speech, false speech, microtargeting &amp; creating hateful narratives. Do you endorse their targeting of Indian Muslim minority?   #StopFundingHate   @amazon @dominos @MGMotorIn @PepsiCo @PepsiCoIndia @Flipkart @flipkartsupport  https://t.co/HzLJsfhX2h	en	"[{'screen_name': 'amazon', 'name': 'amazon', 'id': '20793816'}, {'screen_name': 'dominos', 'name': ""domino's pizza"", 'id': '31444922'}, {'screen_name': 'mgmotorin', 'name': 'morris garages india', 'id': '1132981568207613953'}, {'screen_name': 'pepsico', 'name': 'pepsico', 'id': '21346619'}, {'screen_name': 'pepsicoindia', 'name': 'pepsico', 'id': '2825622506'}, {'screen_name': 'flipkart', 'name': 'flipkart', 'id': '57947109'}, {'screen_name': 'flipkartsupport', 'name': 'flipkartsupport', 'id': '951522626'}]"	[]	[]	6	29	75	['stopfundinghate']	[]	https://twitter.com/milligazette/status/1320009503614656518	False		1	https://pbs.twimg.com/ext_tw_video_thumb/1320009470769061889/pu/img/l9kJibzDm5IeOAEJ.jpg							[]				
1319711320028205057	1319711320028205057	2020-10-24 03:44:32 KST	2020-10-24	03:44:32	+0900	1026414410452152320	ramonlaguarta	Ramon Laguarta		Honored to be named among @Forbes World’s Best Employers. Above all, this is a testament to our incredible associates around the world, who consistently push us to be faster, stronger, better &amp; more inclusive — that is the @PepsiCo Way! Thank you all!   https://t.co/RbTHIa0ZtD  https://t.co/uWisPHrGhD	en	[{'screen_name': 'forbes', 'name': 'forbes', 'id': '91478624'}, {'screen_name': 'pepsico', 'name': 'pepsico', 'id': '21346619'}]	['https://pepsi.co/3lNfRjI']	[]	3	4	48	[]	[]	https://twitter.com/ramonlaguarta/status/1319711320028205057	False		1	https://pbs.twimg.com/ext_tw_video_thumb/1319709397577322496/pu/img/cBkA6iidcUupSLpP.jpg							[]				
1319708340599975936	1319708340599975936	2020-10-24 03:32:42 KST	2020-10-24	03:32:42	+0900	54649261	epigmenioibarra	epigmenio ibarra		Escribe @cafevega: Vía fideicomisos, sólo en 2006, General Motors se embolsó 500 millones de pesos; DaimlerChrysler, 320 millones; Arca, embotellador de Coca-Cola, 200; Gamesa-Pepsico, 38; Cadbury Adams, 30; Posadas, 22; Du Pont, 16; AstraZeneca, 13...  https://t.co/pNYP9Y7wZC  https://t.co/fdIL46rqXv	es	[{'screen_name': 'cafevega', 'name': 'carlos fernándezvega', 'id': '187549505'}]	['https://bit.ly/3mgpEit']	['https://pbs.twimg.com/media/ElCLYN6VcAEqg1m.jpg']	73	795	1079	[]	[]	https://twitter.com/epigmenioibarra/status/1319708340599975936	False		1	https://pbs.twimg.com/media/ElCLYN6VcAEqg1m.jpg							[]				
1319408443158122496	1319408443158122496	2020-10-23 07:41:00 KST	2020-10-23	07:41:00	+0900	182845963	procolombiaco	PROCOLOMBIA		#PepsiCo, compañía global de alimentos y bebidas, líder de snacks salados en Colombia, anuncia la inversión de más de US$158 millones con la cual reafirma su compromiso con el crecimiento económico y social del país. #InviertaEnColombia  https://t.co/xjcWXb24P2	es	[]	['https://procolombia.co/noticias/pepsico-reafirma-su-compromiso-con-colombia-con-una-inversion-de-mas-de-us158-millones-que-contempla']	[]	0	7	14	['pepsico', 'inviertaencolombia']	[]	https://twitter.com/PROCOLOMBIACO/status/1319408443158122496	False		0								[]				
1319296275095810049	1319296275095810049	2020-10-23 00:15:17 KST	2020-10-23	00:15:17	+0900	152325528	c5n	C5N		Paula Santilli, CEO de Pepsico Latin América, figura en el ranking de las mujeres más poderosas del mundo elaborado por la revista Fortune.  https://t.co/D4rcTwQ6Ke  https://t.co/jb9IKpcft5	es	[]	['https://bit.ly/31zuUpH']	['https://pbs.twimg.com/media/Ek8U9r2VgAMMzvh.jpg']	2	1	38	[]	[]	https://twitter.com/C5N/status/1319296275095810049	False		1	https://pbs.twimg.com/media/Ek8U9r2VgAMMzvh.jpg							[]				
1319295186460094465	1319295186460094465	2020-10-23 00:10:58 KST	2020-10-23	00:10:58	+0900	15930906	angelayee	Angela Yee		So proud to kick off the Building Black Biz podcast with my friend, the President of Pepsi Beverages - South @realdereklewis Tune in here to learn about his hustle and what drives him in his 32 year career at PepsiCo  https://t.co/ysFiyzrWBI	en	[{'screen_name': 'realdereklewis', 'name': 'derek lewis', 'id': '1161998187181281281'}]	['https://bit.ly/34j5Jt5']	[]	3	4	20	[]	[]	https://twitter.com/angelayee/status/1319295186460094465	False		0								[]				
1318688738990608385	1318688738990608385	2020-10-21 08:01:10 KST	2020-10-21	08:01:10	+0900	74846005	yabts	YABT		¡Atención emprendedores! Tu Startup podría traer la solución que busca el #EcoReto 12. Benefíciate de todas las herramientas que te ofrece el #YABT y haz que tu emprendimiento tenga un impacto global Regístrate ya:  https://t.co/B0BsxHfksb  @PepsiCo y #YABT te invitan.  https://t.co/dN0NAaAwhZ	es	[{'screen_name': 'pepsico', 'name': 'pepsico', 'id': '21346619'}]	['http://bit.ly/EcoReto12']	['https://pbs.twimg.com/media/EkzsaguW0AAiUCH.jpg']	0	3	154	['ecoreto', 'yabt', 'yabt']	[]	https://twitter.com/YABTs/status/1318688738990608385	False		1	https://pbs.twimg.com/media/EkzsaguW0AAiUCH.jpg							[]				
1318249464407183362	1318249464407183362	2020-10-20 02:55:38 KST	2020-10-20	02:55:38	+0900	68872015	lauravaldivieso	Laura Valdivieso		PepsiCo reafirma su compromiso con Colombia con una inversión de más de US$158 millones que contempla la construcción de una nueva planta de producción  https://t.co/PRJhXeizAo @PROCOLOMBIACO @MincomercioCo @FlaviaSantoroT @jrestrp	es	[{'screen_name': 'procolombiaco', 'name': 'procolombia', 'id': '182845963'}, {'screen_name': 'mincomercioco', 'name': 'mincomercio colombia', 'id': '176931171'}, {'screen_name': 'flaviasantorot', 'name': 'flavia santoro trujillo', 'id': '1030200892694429696'}, {'screen_name': 'jrestrp', 'name': 'jose manuel restrepo', 'id': '327553766'}]	['http://bit.ly/2Hcy9w4']	[]	1	7	32	[]	[]	https://twitter.com/LauraValdivieso/status/1318249464407183362	False		0								[]				
1318146388270731265	1318146388270731265	2020-10-19 20:06:03 KST	2020-10-19	20:06:03	+0900	286418059	angelamaria29	Ángela María Calderón F.		PepsiCo invertirá $609.000 millones en modernizar planta en Cundinamarca y Antioquia. Se proyecta modernizar la planta en Funza, Cundinamarca. Inversión crearía unos 4.000 empleos nuevos y dejaría 20% de aumento en la compra de papa.  https://t.co/gjecbpfICx	es	[]	['https://www.larepublica.co/empresas/pepsico-invertira-609000-millones-en-modernizar-planta-en-cundinamarca-y-antioquia-3074192']	[]	1	12	48	[]	[]	https://twitter.com/AngelaMaria29/status/1318146388270731265	False		0								[]				
1317467305815715840	1317467305815715840	2020-10-17 23:07:37 KST	2020-10-17	23:07:37	+0900	737989529827704832	davidnovakogo	David Novak		My career was w big companies like Pepsico and Yum!, which have plenty of  human and financial capital As I’ve started, David Novak Leadership, I am learning how much harder it is to build a company from scratch. I admire entrepreneurs who make it on their own. #ThursdayThoughts	en	[]	[]	[]	1	8	47	['thursdaythoughts']	[]	https://twitter.com/DavidNovakOGO/status/1317467305815715840	False		0								[]				
1317204729156538370	1317204729156538370	2020-10-17 05:44:14 KST	2020-10-17	05:44:14	+0900	35013719	noticiasrcn	Noticias RCN		La compañía de alimentos Pepsico confirmó una millonaria inversión en Colombia. El proyecto, que se desarrollará en Cundinamarca y Antioquia, permitirá la generación de empleo e incluye la compra de productos del campo de la región  https://t.co/BXPS3y0hKi  https://t.co/VsieeIlltd	es	[]	['http://noticiasrcn.com']	[]	3	13	90	[]	[]	https://twitter.com/NoticiasRCN/status/1317204729156538370	False		1	https://pbs.twimg.com/ext_tw_video_thumb/1317204682297790465/pu/img/Fj5qJmT3yU9x52A5.jpg							[]				
1317120919584858112	1317120919584858112	2020-10-17 00:11:12 KST	2020-10-17	00:11:12	+0900	1026414410452152320	ramonlaguarta	Ramon Laguarta		The global hunger crisis cannot be ignored. The @PepsiCo Foundation and our partners are working tirelessly, providing over 100 million meals since March, to address this challenge and build a more sustainable food system. #WorldFoodDay  https://t.co/Lphq4eR1Ba	en	[{'screen_name': 'pepsico', 'name': 'pepsico', 'id': '21346619'}]	[]	['https://pbs.twimg.com/media/EkdXvJHWAAI3BrJ.jpg']	2	2	26	['worldfoodday']	[]	https://twitter.com/ramonlaguarta/status/1317120919584858112	False		1	https://pbs.twimg.com/media/EkdXvJHWAAI3BrJ.jpg							[]				
1317061086189965314	1317061086189965314	2020-10-16 20:13:27 KST	2020-10-16	20:13:27	+0900	109224937	unilever	Unilever #StaySafe		We support the call for a UN #PlasticPollutionTreaty.  And we’re in good company: @WWF @circulareconomy  @BCG @ProcterGamble @Nestle @CP_News @Danone @Henkel @MDLZ @PepsiCo @CarrefourGroup @Tesco @CocaColaCo ...among others  We’re all in this together.   https://t.co/Qgqexrz7j3	en	[{'screen_name': 'wwf', 'name': 'wwf', 'id': '13201312'}, {'screen_name': 'circulareconomy', 'name': 'ellen macarthur foundation', 'id': '189134186'}, {'screen_name': 'bcg', 'name': 'boston consulting group', 'id': '501801749'}, {'screen_name': 'proctergamble', 'name': 'procter & gamble', 'id': '27025414'}, {'screen_name': 'nestle', 'name': 'nestlé', 'id': '23085995'}, {'screen_name': 'cp_news', 'name': 'colgate-palmolive', 'id': '128668358'}, {'screen_name': 'danone', 'name': 'danone', 'id': '570715775'}, {'screen_name': 'henkel', 'name': 'henkel', 'id': '19548426'}, {'screen_name': 'mdlz', 'name': 'mondelēz intl', 'id': '2215976798'}, {'screen_name': 'pepsico', 'name': 'pepsico', 'id': '21346619'}, {'screen_name': 'carrefourgroup', 'name': 'carrefour', 'id': '2842466458'}, {'screen_name': 'tesco', 'name': 'tesco', 'id': '271986064'}, {'screen_name': 'cocacolaco', 'name': 'the coca-cola co.', 'id': '23482357'}]	['https://lp.panda.org/plastic-pollution-report']	[]	52	120	616	['plasticpollutiontreaty']	[]	https://twitter.com/Unilever/status/1317061086189965314	False		0								[]				
1316993097058770944	1316993097058770944	2020-10-16 15:43:17 KST	2020-10-16	15:43:17	+0900	2825622506	pepsicoindia	PepsiCo		PepsiCo India under its brand @QuakerIndia &amp; @FollowCII have come together to raise awareness around healthy eating and active lifestyle. This is in line with the company’s commitment towards creating awareness about safe food, healthy and sustainable diets.  #WorldFoodDay2020  https://t.co/RRhOs8ussx	en	[{'screen_name': 'quakerindia', 'name': 'quaker india', 'id': '76011309'}, {'screen_name': 'followcii', 'name': 'confederation of indian industry', 'id': '86479411'}]	[]	['https://pbs.twimg.com/media/Ekbl1VvVcAEyo6P.jpg']	14	31	49	['worldfoodday2020']	[]	https://twitter.com/PepsiCoIndia/status/1316993097058770944	False		1	https://pbs.twimg.com/media/Ekbl1VvVcAEyo6P.jpg							[]				
1316897142632374273	1316897142632374273	2020-10-16 09:22:00 KST	2020-10-16	09:22:00	+0900	176931171	mincomercioco	MinComercio Colombia		Multinacionales que confían en Colombia: PepsiCo invertirá $609.000 millones en modernizar planta en Cundinamarca y Antioquia.  https://t.co/5zXdJgnFDT Vía @larepublica_co   #MásInversiónMásEmpleo  https://t.co/Ss6HeaoFg1	es	[{'screen_name': 'larepublica_co', 'name': 'diario la república', 'id': '58650958'}]	['https://bit.ly/3o4vbKW']	['https://pbs.twimg.com/media/EkaHGtMXgAESubT.jpg']	0	3	13	['másinversiónmásempleo']	[]	https://twitter.com/MincomercioCo/status/1316897142632374273	False		1	https://pbs.twimg.com/media/EkaHGtMXgAESubT.jpg							[]				
1316758681309057024	1316758681309057024	2020-10-16 00:11:48 KST	2020-10-16	00:11:48	+0900	68872015	lauravaldivieso	Laura Valdivieso		PepsiCo invertirá $609.000 millones en modernizar planta en Cundinamarca y Antioquia  https://t.co/brwi4XGxMo @larepublica_co Colombia cuenta con posición geográfica estratégica, estabilidad e instrumentos para atraer y facilitar llegada de IED @jrestrp @IvanDuque @PROCOLOMBIACO	es	[{'screen_name': 'larepublica_co', 'name': 'diario la república', 'id': '58650958'}, {'screen_name': 'jrestrp', 'name': 'jose manuel restrepo', 'id': '327553766'}, {'screen_name': 'ivanduque', 'name': 'iván duque 🇨🇴', 'id': '77653794'}, {'screen_name': 'procolombiaco', 'name': 'procolombia', 'id': '182845963'}]	['http://bit.ly/37gH6iu']	[]	1	11	35	[]	[]	https://twitter.com/LauraValdivieso/status/1316758681309057024	False		0								[]				
1316711881378271233	1316711881378271233	2020-10-15 21:05:50 KST	2020-10-15	21:05:50	+0900	1026414410452152320	ramonlaguarta	Ramon Laguarta		I’m proud that @PepsiCo is taking the next steps on our Racial Equality Journey by investing $172 million over 5 years to lift up Hispanic Americans, with a three-pronged approach focused on people, businesses, and communities.  https://t.co/cIrhRMSrY6  https://t.co/MWrwL5azuW	en	[{'screen_name': 'pepsico', 'name': 'pepsico', 'id': '21346619'}]	['https://www.linkedin.com/pulse/next-chapter-pepsicos-racial-equality-journey-ramon-laguarta/?trackingId=k%2BgeVSl%2FRcixFEKi5Fr6pg%3D%3D']	[]	3	6	60	[]	[]	https://twitter.com/ramonlaguarta/status/1316711881378271233	False		1	https://pbs.twimg.com/ext_tw_video_thumb/1316710478400417792/pu/img/ATyJ7JSu4S4KnFHB.jpg							[]				
1316700725896904709	1316700725896904709	2020-10-15 20:21:30 KST	2020-10-15	20:21:30	+0900	2825622506	pepsicoindia	PepsiCo		Malati, is a farmer from Harishchandrapur village in Hooghly, West Bengal. Like hundreds of other women farmers, she has undergone a transformational journey after being associated with PepsiCo India's 'Women Empowerment Initiative'.  #NationalWomenFarmersDay  https://t.co/0bJiH81XD5	en	[]	[]	['https://pbs.twimg.com/media/EkXbrpJUYAA3gLo.jpg']	24	17	25	['nationalwomenfarmersday']	[]	https://twitter.com/PepsiCoIndia/status/1316700725896904709	False		1	https://pbs.twimg.com/media/EkXbrpJUYAA3gLo.jpg							[]				
1316588568530292737	1316588568530292737	2020-10-15 12:55:50 KST	2020-10-15	12:55:50	+0900	126204564	lafm	La FM		Inversión de PepsiCo en Colombia generará más de 4.000 empleos, dice Duque  https://t.co/t0gJ0o43zP	es	[]	['https://www.lafm.com.co/economia/inversion-de-pepsico-en-colombia-generara-mas-de-4000-empleos-dice-duque']	[]	15	65	221	[]	[]	https://twitter.com/lafm/status/1316588568530292737	False		0								[]				
1316587068311703559	1316587068311703559	2020-10-15 12:49:52 KST	2020-10-15	12:49:52	+0900	40533752	rcnradio	RCN Radio		PepsiCo invertirá 609.000 millones de pesos en Colombia, dice Duque  https://t.co/9TPvTl9Hkt	es	[]	['https://www.rcnradio.com/economia/pepsico-invertira-609000-millones-de-pesos-en-colombia-dice-duque']	[]	8	11	66	[]	[]	https://twitter.com/rcnradio/status/1316587068311703559	False		0								[]				
1316586412599373827	1316586412599373827	2020-10-15 12:47:16 KST	2020-10-15	12:47:16	+0900	1300532619151630336	robertocazevedo	Roberto Azevêdo		Today, @PepsiCo announced more than $170 million in investments to help fight issues of Hispanic inequality, through initiatives focused on People, Businesses, and Communities. Thank you, @ramonlaguarta for your continued leadership on this journey:  https://t.co/h0UwPT4Vnt  https://t.co/kQpa0CpYPo	en	[{'screen_name': 'pepsico', 'name': 'pepsico', 'id': '21346619'}, {'screen_name': 'ramonlaguarta', 'name': 'ramon laguarta', 'id': '1026414410452152320'}]	['https://pepsi.co/3dvnPLE']	[]	0	3	21	[]	[]	https://twitter.com/robertocazevedo/status/1316586412599373827	False		1	https://pbs.twimg.com/ext_tw_video_thumb/1316586238757961728/pu/img/4ZzuFmVeC2hXiLTC.jpg							[]				
1316569303412506624	1316569303412506624	2020-10-15 11:39:17 KST	2020-10-15	11:39:17	+0900	1030200892694429696	flaviasantorot	Flavia Santoro Trujillo		Esta nueva inversión de PepsiCo es una gran noticia para el país.   Desde @PROCOLOMBIACO estamos muy orgullosos de haber contribuido con nuestro acompañamiento en la materialización de estos proyectos. #CompromisoPorColombia.	es	[{'screen_name': 'procolombiaco', 'name': 'procolombia', 'id': '182845963'}]	[]	[]	0	5	21	['compromisoporcolombia']	[]	https://twitter.com/FlaviaSantoroT/status/1316569303412506624	False	https://twitter.com/IvanDuque/status/1316549397623246848	0								[]				
1316549397623246848	1316549397623246848	2020-10-15 10:20:11 KST	2020-10-15	10:20:11	+0900	77653794	ivanduque	Iván Duque 🇨🇴		Una muy buena noticia para Colombia que demuestra la confianza en el país y que avanza la reactivación: en reunión virtual con directivos de PepsiCo, se finiquitó inversión de $609 mil millones, que generará más de 4 mil empleos, y beneficiará a Funza (Cund) y Guarne (Ant).  https://t.co/QStFQlUm2q	es	[]	[]	[]	159	423	1360	[]	[]	https://twitter.com/IvanDuque/status/1316549397623246848	False		1	https://pbs.twimg.com/ext_tw_video_thumb/1316549094630981633/pu/img/Ea-6jumcRSgUjulA.jpg							[]				
1316542030072471552	1316542030072471552	2020-10-15 09:50:54 KST	2020-10-15	09:50:54	+0900	302794483	mclacouture	Ma Claudia Lacouture		Las empresas de Estados Unidos siguen siendo protagonistas del desarrollo nacional. Gran inversión de @PepsiCo que generará empleo y aumentará compra de papa a proveedores locales. Inversión que impulsa la reactivación @larepublica_co @jrestrp @AmChamCol   https://t.co/5yWdy3jK0O	es	[{'screen_name': 'pepsico', 'name': 'pepsico', 'id': '21346619'}, {'screen_name': 'larepublica_co', 'name': 'diario la república', 'id': '58650958'}, {'screen_name': 'jrestrp', 'name': 'jose manuel restrepo', 'id': '327553766'}, {'screen_name': 'amchamcol', 'name': 'amcham colombia', 'id': '919769868'}]	['https://www.larepublica.co/economia/presidente-duque-anuncia-un-contrato-609000-millones-que-generara-4000-empleos-3074127']	[]	0	8	23	[]	[]	https://twitter.com/mclacouture/status/1316542030072471552	False		0								[]				
1316539932438077441	1316539932438077441	2020-10-15 09:42:34 KST	2020-10-15	09:42:34	+0900	166967644	mariapcorrea	Maria Paula Correa		En el marco del #CompromisoPorColombia y contribuyendo con la #ReactivaciónEconómica, hoy @PepsiCo anuncia inversión por más de 600mil millones de pesos, generando más de 4000 nuevos empleos en el país.   https://t.co/QhFuYzVipd	es	[{'screen_name': 'pepsico', 'name': 'pepsico', 'id': '21346619'}]	['https://bit.ly/318JxzR']	[]	7	109	213	['compromisoporcolombia', 'reactivacióneconómica']	[]	https://twitter.com/mariapcorrea/status/1316539932438077441	False		0								[]				
1316526643033276416	1316526643033276416	2020-10-15 08:49:46 KST	2020-10-15	08:49:46	+0900	38227815	revistadinero	Revista Dinero		#Atención | El presidente colombiano, Iván Duque, confirmó este miércoles que la compañía PepsiCo invertirá en Colombia $609.000 millones para modernizar su planta de producción en Funza (Cundinamarca), lo que generará 4.000 empleos en el país.  https://t.co/W5NVZW9Ee9	es	[]	['https://www.dinero.com/empresas/articulo/pepsico-anuncia-inversion-para-modernizar-planta-en-funza/303530?utm_medium=Social&utm_source=Twitter#Echobox=1602719389']	[]	6	28	131	['atención']	[]	https://twitter.com/RevistaDinero/status/1316526643033276416	False		0								[]				
1316522695014703110	1316522695014703110	2020-10-15 08:34:04 KST	2020-10-15	08:34:04	+0900	20560294	wradiocolombia	W Radio Colombia		#NoticiaW | @IvanDuque: “Hoy se finiquitó una inversión multimillonaria en Colombia que llega a $609.000 millones que van a generar más de 4.000 empleos. Se trata de la modernización de la planta de Pepsico en Funza” &gt;&gt;  https://t.co/tbm3iWvODO  https://t.co/RoYdC1CDR3	es	[{'screen_name': 'ivanduque', 'name': 'iván duque 🇨🇴', 'id': '77653794'}]	['https://bit.ly/30Rt15w']	['https://pbs.twimg.com/media/EkU6YZlXsAENDq3.jpg']	11	26	86	['noticiaw']	[]	https://twitter.com/WRadioColombia/status/1316522695014703110	False		1	https://pbs.twimg.com/media/EkU6YZlXsAENDq3.jpg							[]				
1316461998654263298	1316461998654263298	2020-10-15 04:32:53 KST	2020-10-15	04:32:53	+0900	20562637	businessinsider	Business Insider		How PepsiCo's trends forecaster is using artificial intelligence to scan tweets, restaurant menus, and recipe blogs as consumers' preferences shift during the pandemic  https://t.co/wVe8ikhxuh	en	[]	['http://www.businessinsider.com/how-pepsico-scours-restaurant-menus-and-tweets-for-consumer-trends-2020-10']	[]	0	9	12	[]	[]	https://twitter.com/BusinessInsider/status/1316461998654263298	False		0								[]				
1316108179063943169	1316108179063943169	2020-10-14 05:06:56 KST	2020-10-14	05:06:56	+0900	890254341877243904	daniel_perezfl	Daniel Perez		Thank you to @FIU for hosting  @PepsiCo and myself with a great discussion on the importance of the manufacturing industry in Florida.	en	[{'screen_name': 'fiu', 'name': 'fiu', 'id': '39583267'}, {'screen_name': 'pepsico', 'name': 'pepsico', 'id': '21346619'}]	[]	[]	0	2	27	[]	[]	https://twitter.com/Daniel_PerezFL/status/1316108179063943169	False		0								[]				
1316042259889094658	1316042259889094658	2020-10-14 00:45:00 KST	2020-10-14	00:45:00	+0900	119051398	elfinanciero_mx	El Financiero		En promedio 56 por ciento de los productos de empresas como Nestlé, Coca-Cola, Bimbo, PepsiCo, Kellogg’s y Lala entre otras, se reformularán ante el nuevo etiquetado.  https://t.co/IbTi8AUMb9	es	[]	['https://elfinanciero.com.mx/empresas/el-nuevo-etiquetado-de-advertencia-obliga-a-reformular-productos']	[]	3	22	90	[]	[]	https://twitter.com/ElFinanciero_Mx/status/1316042259889094658	False		0								[]				
1316010976718790656	1316010976718790656	2020-10-13 22:40:41 KST	2020-10-13	22:40:41	+0900	1026414410452152320	ramonlaguarta	Ramon Laguarta		One year ago @PepsiCo issued our first Green Bond. So far we’ve allocated $447M:   ♻️ Sustainable plastics &amp; packaging 🚛 Transitioning fleet to lower-carbon models 🏢 Building a green R&amp;D facility 💧 Improving water efficiency in our plants   Go deeper:  https://t.co/3uKmv4cdFa	en	[{'screen_name': 'pepsico', 'name': 'pepsico', 'id': '21346619'}]	['https://www.pepsico.com/news/press-release/pepsico-provides-update-on-us1-billion-green-bond10132020']	[]	0	1	20	[]	[]	https://twitter.com/ramonlaguarta/status/1316010976718790656	False		0								[]				
1316005574287319040	1316005574287319040	2020-10-13 22:19:13 KST	2020-10-13	22:19:13	+0900	1394485897	sidharthnsingh	Sidharth Nath Singh		विश्व की तमाम बड़ी कंपनियों #UP में निवेश करने को इच्छुक हैं। विश्वप्रसिद्ध कंपनी #PepsiCo मथुरा में लगाएगी अपना प्लांट, अगले साल शुरू होगा उत्पादन, जिससे स्थानीय लोगों को रोजगार के अवसर भी प्राप्त हो सकेंगे।  https://t.co/iL9hqXoP50	hi	[]	[]	['https://pbs.twimg.com/media/EkNkFG3VkAU7G_v.jpg']	6	12	143	['up', 'pepsico']	[]	https://twitter.com/SidharthNSingh/status/1316005574287319040	False		1	https://pbs.twimg.com/media/EkNkFG3VkAU7G_v.jpg							[]				
1315942099590680576	1315942099590680576	2020-10-13 18:07:00 KST	2020-10-13	18:07:00	+0900	1056850669	airnewsalerts	All India Radio News		#PepsiCo to set up greenfield potato chips production unit in #UP with investment of Rs. 814 crore   https://t.co/nTjVWhZZdJ	en	[]	['http://newsonair.com/News?title=PepsiCo-to-set-up-greenfield-potato-chips-production-unit-in-UP-with-investment-of-Rs.-814-crore&id=402065']	[]	1	10	34	['pepsico', 'up']	[]	https://twitter.com/airnewsalerts/status/1315942099590680576	False		0								[]				
1315940342991130624	1315940342991130624	2020-10-13 18:00:01 KST	2020-10-13	18:00:01	+0900	2451476942	swarajyamag	Swarajya		Big Boost To Food Processing Industry In UP: PepsiCo To Set Up Rs 814 Crore Potato Chips Plant In Mathura  https://t.co/RVostaUuC3	en	[]	['https://swarajyamag.com/insta/big-boost-to-food-processing-industry-in-up-pepsico-to-set-up-rs-814-crore-potato-chips-plant-in-mathura']	[]	1	35	204	[]	[]	https://twitter.com/SwarajyaMag/status/1315940342991130624	False		0								[]				
1315880319929606144	1315880319929606144	2020-10-13 14:01:30 KST	2020-10-13	14:01:30	+0900	2451476942	swarajyamag	Swarajya		Big Boost To Food Processing Industry In UP: PepsiCo To Set Up Rs 814 Crore Potato Chips Plant In Mathura  https://t.co/RVostaCTdt	en	[]	['https://swarajyamag.com/insta/big-boost-to-food-processing-industry-in-up-pepsico-to-set-up-rs-814-crore-potato-chips-plant-in-mathura']	[]	7	170	768	[]	[]	https://twitter.com/SwarajyaMag/status/1315880319929606144	False		0								[]				
1315878116531806209	1315878116531806209	2020-10-13 13:52:45 KST	2020-10-13	13:52:45	+0900	2588841246	upgovt	Government of UP		PepsiCo to set up potato chips production unit in Mathura  https://t.co/tb4ABjeCGI	en	[]	[]	['https://pbs.twimg.com/media/EkLwIm8XgAI3r5B.jpg']	6	23	181	[]	[]	https://twitter.com/UPGovt/status/1315878116531806209	False		1	https://pbs.twimg.com/media/EkLwIm8XgAI3r5B.jpg							[]				
1315294017412710400	1315294017412710400	2020-10-11 23:11:45 KST	2020-10-11	23:11:45	+0900	2451476942	swarajyamag	Swarajya		PepsiCo Inc Increases Investment In Its Upcoming Manufacturing Facility In Uttar Pradesh To 814 Crore   https://t.co/IYXZ8WBD2T	en	[]	['https://swarajyamag.com/insta/pepsico-inc-increases-investment-in-its-upcoming-manufacturing-facility-in-uttar-pradesh-to-814-crore']	[]	7	104	615	[]	[]	https://twitter.com/SwarajyaMag/status/1315294017412710400	False		0								[]				
1314726357658730496	1314726357658730496	2020-10-10 09:36:04 KST	2020-10-10	09:36:04	+0900	28380954	towsontigers	Towson Athletics		This week's Tiger Talk, presented by @PepsiCo, Spiro Morekas chats with @Towson_FB greats Dan Crowley and Mark Orlando! @spirotowsonpbp | @TowsonQB9  https://t.co/WhquPEgngE	en	[{'screen_name': 'pepsico', 'name': 'pepsico', 'id': '21346619'}, {'screen_name': 'towson_fb', 'name': 'towson football', 'id': '320572196'}, {'screen_name': 'spirotowsonpbp', 'name': 'spiro morekas', 'id': '24884161'}, {'screen_name': 'towsonqb9', 'name': 'danny crowley', 'id': '464082310'}]	[]	[]	1	5	13	[]	[]	https://twitter.com/TowsonTigers/status/1314726357658730496	False		1	https://pbs.twimg.com/amplify_video_thumb/1314717542213132293/img/AJCxt907sVzT0E49.jpg							[]				
1314656850361679874	1314656850361679874	2020-10-10 04:59:52 KST	2020-10-10	04:59:52	+0900	1026414410452152320	ramonlaguarta	Ramon Laguarta		At a time when global hunger is on the rise, no organization is more deserving of the #NobelPeacePrize than the @WFP. On behalf of all of us at @PepsiCo, congratulations — it’s an honor to be in this fight alongside you.	en	[{'screen_name': 'wfp', 'name': 'world food programme', 'id': '27830610'}, {'screen_name': 'pepsico', 'name': 'pepsico', 'id': '21346619'}]	[]	[]	1	9	75	['nobelpeaceprize']	[]	https://twitter.com/ramonlaguarta/status/1314656850361679874	False	https://twitter.com/WFP/status/1314500332702101504	0								[]				
1314534158509670401	1314532756085506049	2020-10-09 20:52:20 KST	2020-10-09	20:52:20	+0900	90636188	williamsracing	Williams Racing		Thanks to @lavazzagroup &amp; @PepsiCo for the drinks both hot &amp; cold 🥵 🥶 😋	en	[{'screen_name': 'lavazzagroup', 'name': 'lavazza group', 'id': '2326832058'}, {'screen_name': 'pepsico', 'name': 'pepsico', 'id': '21346619'}]	[]	[]	0	1	225	[]	[]	https://twitter.com/WilliamsRacing/status/1314534158509670401	False		0								[]				
1314263802364547084	1314263802364547084	2020-10-09 02:58:02 KST	2020-10-09	02:58:02	+0900	5988062	theeconomist	The Economist		PepsiCo’s revenues last year of $67bn dwarfed Coca-Cola’s $37bn in sales  https://t.co/3DeQEboxK8	en	[]	['https://econ.trib.al/DhAQRkW']	[]	2	24	84	[]	[]	https://twitter.com/TheEconomist/status/1314263802364547084	False		0								[]				
1314027016140722176	1314027016140722176	2020-10-08 11:17:08 KST	2020-10-08	11:17:08	+0900	18071358	zeenewsenglish	Zee News English		#PepsiCo cannot use #MountainDew brand name, India's MagFast Beverages wins trademark battle   https://t.co/zaDBzAByKG	en	[]	['https://zeenews.india.com/companies/pepsico-cannot-use-mountain-dew-brand-name-indias-magfast-beverages-wins-trademark-battle-2315616.html']	[]	0	7	56	['pepsico', 'mountaindew']	[]	https://twitter.com/ZeeNewsEnglish/status/1314027016140722176	False		0								[]				
1313937138740793346	1313937138740793346	2020-10-08 05:20:00 KST	2020-10-08	05:20:00	+0900	30070288	exame	exame		#Carreira: Trabalhar a hora que quiser, de onde estiver. Essa é a nova política da Pepsico. Um aplicativo fará a gestão dos escritórios, que podem ser reservados em qualquer Estado!   https://t.co/9A3nGoA6ki	pt	[]	['https://exame.com/esg/na-pepsico-funcionarios-agora-definem-a-hora-e-o-local-de-trabalho/']	[]	3	4	34	['carreira']	[]	https://twitter.com/exame/status/1313937138740793346	False		0								[]				
1313450180562178049	1313450180562178049	2020-10-06 21:05:00 KST	2020-10-06	21:05:00	+0900	67378160	dainikbhaskar	Dainik Bhaskar		भारत में 17 साल से नाम चुराकर बेची जा रही है माउंटेन ड्यू कोल्ड ड्रिंक, पढ़िए चौंकाने वाली यह रिपोर्ट  https://t.co/E1DAnrMJwA #Pepsico #MountainDew	hi	[]	['https://www.bhaskar.com/business/news/magfast-wins-battle-against-pepsico-for-use-of-mountain-dew-trademark-127785765.html']	[]	1	8	37	['pepsico', 'mountaindew']	[]	https://twitter.com/DainikBhaskar/status/1313450180562178049	False		0								[]				
1313222200074342401	1313222200074342401	2020-10-06 05:59:05 KST	2020-10-06	05:59:05	+0900	5988062	theeconomist	The Economist		Donald Kendall started out as a youngster on PepsiCo’s bottling line, and rose to become the legendary CEO who presided over a cultural phenomenon. “Money Talks” reflects on the life of the man who sparked the “cola wars”  https://t.co/XrZdXcZ83i  https://t.co/k4gKEBXRjv	en	[]	['https://econ.trib.al/3lmMchU']	['https://pbs.twimg.com/media/EjmAoYFXcAEk2fV.jpg']	0	14	29	[]	[]	https://twitter.com/TheEconomist/status/1313222200074342401	False		1	https://pbs.twimg.com/media/EjmAoYFXcAEk2fV.jpg							[]				
1313158097767030784	1313158097767030784	2020-10-06 01:44:22 KST	2020-10-06	01:44:22	+0900	39743812	economictimes	Economic Times		"#MagFastBeverages wins battle against #PepsiCo to use trademark '#MountainDew' ""In 2000, we started selling packaged drinking water named 'Mountain Dew'. In '03, Pepsi Co launched a soft drink under the same name. Now, court has dismissed their claims,"" MagFast Beverages Chairman  https://t.co/pPtGSJtg5T"	en	[]	[]	['https://pbs.twimg.com/media/EjlGPDBVoAEDP4J.jpg']	1	25	115	['magfastbeverages', 'pepsico', 'mountaindew']	[]	https://twitter.com/EconomicTimes/status/1313158097767030784	False		1	https://pbs.twimg.com/media/EjlGPDBVoAEDP4J.jpg							[]				
1313154362680639488	1313154362680639488	2020-10-06 01:29:31 KST	2020-10-06	01:29:31	+0900	355989081	ani	ANI		"MagFast Beverages wins battle against PepsiCo to use trademark 'Mountain Dew'  ""In 2000, we started selling packaged drinking water named 'Mountain Dew'. In '03, Pepsi Co launched a soft drink under the same name. Now, court has dismissed their claims,"" MagFast Beverages Chairman  https://t.co/NzlZ7dJDAC"	en	[]	[]	['https://pbs.twimg.com/media/Ejk_F-4UwAETWZw.jpg', 'https://pbs.twimg.com/media/Ejk_F-5UcAIy35b.jpg']	16	152	1075	[]	[]	https://twitter.com/ANI/status/1313154362680639488	False		1	https://pbs.twimg.com/media/Ejk_F-4UwAETWZw.jpg							[]				
1313131352678641664	1313131352678641664	2020-10-05 23:58:05 KST	2020-10-05	23:58:05	+0900	5988062	theeconomist	The Economist		Donald Kendall started out as a youngster on PepsiCo’s bottling line, and rose to become the legendary CEO who presided over a cultural phenomenon. “Money Talks” reflects on the life of the man who sparked the “cola wars”  https://t.co/ApmHXEGll6  https://t.co/OEaag8tj6t	en	[]	['https://econ.trib.al/S4WL3zs']	['https://pbs.twimg.com/media/EjkuAWTX0AQYYf1.jpg']	2	12	35	[]	[]	https://twitter.com/TheEconomist/status/1313131352678641664	False		1	https://pbs.twimg.com/media/EjkuAWTX0AQYYf1.jpg							[]				
1313110783711211522	1313110783711211522	2020-10-05 22:36:21 KST	2020-10-05	22:36:21	+0900	2511399482	jon_banner1	Jon Banner		Last week at @ConcordiaSummit, my colleague, Christine Daugherty, spoke about the key role women in agriculture play in eliminating hunger. Read her reflections and learn how @PepsiCo's partnership with @CARE is building a more inclusive food system:  https://t.co/pqZjXYZiHO	en	[{'screen_name': 'concordiasummit', 'name': 'concordia', 'id': '329888286'}, {'screen_name': 'pepsico', 'name': 'pepsico', 'id': '21346619'}, {'screen_name': 'care', 'name': 'care (care.org)', 'id': '16834046'}]	['https://www.linkedin.com/pulse/women-girls-integral-fight-against-food-insecurity-daugherty-/']	[]	0	7	15	[]	[]	https://twitter.com/jon_banner1/status/1313110783711211522	False		0								[]				
1313010797086416897	1313010797086416897	2020-10-05 15:59:03 KST	2020-10-05	15:59:03	+0900	5988062	theeconomist	The Economist		Donald Kendall started out as a youngster on PepsiCo’s bottling line, and rose to become the legendary CEO who presided over a cultural phenomenon. “Money Talks” reflects on the life of the man who sparked the “cola wars”  https://t.co/dfhU0F8BgI  https://t.co/c0z43CrsHx	en	[]	['https://econ.trib.al/X0GVJuR']	['https://pbs.twimg.com/media/EjjAXGtWsAEfJ3S.jpg']	2	16	45	[]	[]	https://twitter.com/TheEconomist/status/1313010797086416897	False		1	https://pbs.twimg.com/media/EjjAXGtWsAEfJ3S.jpg							[]				
1312859556146483203	1312859556146483203	2020-10-05 05:58:04 KST	2020-10-05	05:58:04	+0900	5988062	theeconomist	The Economist		Donald Kendall started out as a youngster on PepsiCo’s bottling line, and rose to become the legendary CEO who presided over a cultural phenomenon. “Money Talks” reflects on the life of the man who sparked the “cola wars”  https://t.co/jOHEepEqzk  https://t.co/GnIEiihoZ2	en	[]	['https://econ.trib.al/bP9fYm3']	['https://pbs.twimg.com/media/Ejg2ztvXsAM57Kv.jpg']	6	12	36	[]	[]	https://twitter.com/TheEconomist/status/1312859556146483203	False		1	https://pbs.twimg.com/media/Ejg2ztvXsAM57Kv.jpg							[]				
1312768957280071682	1312768957280071682	2020-10-04 23:58:04 KST	2020-10-04	23:58:04	+0900	5988062	theeconomist	The Economist		Donald Kendall started out as a youngster on PepsiCo’s bottling line, and rose to become the legendary CEO who presided over a cultural phenomenon. “Money Talks” reflects on the life of the man who sparked the “cola wars”  https://t.co/SSBILjQwA2  https://t.co/T7eZEOWLtf	en	[]	['https://econ.trib.al/RbgVqSl']	['https://pbs.twimg.com/media/EjfkaJiXcAIAqAZ.jpg']	2	17	48	[]	[]	https://twitter.com/TheEconomist/status/1312768957280071682	False		1	https://pbs.twimg.com/media/EjfkaJiXcAIAqAZ.jpg							[]				
1312744959246839808	1312744959246839808	2020-10-04 22:22:42 KST	2020-10-04	22:22:42	+0900	164425558	jonerlichman	Jon Erlichman		Companies that have ordered Tesla semi trucks include:  Walmart FedEx  UPS Pepsico DHL Anheuser-Busch Sysco Ryder JB Hunt Loblaw Meijer Bison Transport NFI Fercam Asko Flexport Fortigo Mecca &amp; Son Girteka Logistics Breytner JK Moving Services Posten Norge  https://t.co/Iz7OHJMpGx	en	[]	['https://www.google.com/amp/s/beta.ctvnews.ca/national/business/2018/9/6/1_4081966.html']	[]	38	332	1361	[]	[]	https://twitter.com/JonErlichman/status/1312744959246839808	False		0								[]				
1312648406670741504	1312648406670741504	2020-10-04 15:59:02 KST	2020-10-04	15:59:02	+0900	5988062	theeconomist	The Economist		Donald Kendall started out as a youngster on PepsiCo’s bottling line, and rose to become the legendary CEO who presided over a cultural phenomenon. “Money Talks” reflects on the life of the man who sparked the “cola wars”  https://t.co/ovtf7rdaq2  https://t.co/k4RSCONtav	en	[]	['https://econ.trib.al/W4hoiir']	['https://pbs.twimg.com/media/Ejd2xNKWsAAiup0.jpg']	3	11	49	[]	[]	https://twitter.com/TheEconomist/status/1312648406670741504	False		1	https://pbs.twimg.com/media/Ejd2xNKWsAAiup0.jpg							[]				
1312497167194484739	1312497167194484739	2020-10-04 05:58:04 KST	2020-10-04	05:58:04	+0900	5988062	theeconomist	The Economist		Donald Kendall started out as a youngster on PepsiCo’s bottling line, and rose to become the legendary CEO who presided over a cultural phenomenon. “Money Talks” reflects on the life of the man who sparked the “cola wars”  https://t.co/MoazdAIi53  https://t.co/F4NDagACCt	en	[]	['https://econ.trib.al/vcjvUZ5']	['https://pbs.twimg.com/media/EjbtN4CWkAESpf9.jpg']	2	9	31	[]	[]	https://twitter.com/TheEconomist/status/1312497167194484739	False		1	https://pbs.twimg.com/media/EjbtN4CWkAESpf9.jpg							[]				
1312406565098487811	1312406565098487811	2020-10-03 23:58:03 KST	2020-10-03	23:58:03	+0900	5988062	theeconomist	The Economist		Donald Kendall started out as a youngster on PepsiCo’s bottling line, and rose to become the legendary CEO who presided over a cultural phenomenon. “Money Talks” reflects on the life of the man who sparked the “cola wars”  https://t.co/CEsSQv0wyE  https://t.co/gRmN7ebXRE	en	[]	['https://econ.trib.al/7fuOyBe']	['https://pbs.twimg.com/media/Ejaa0IpX0AAuabw.jpg']	1	14	30	[]	[]	https://twitter.com/TheEconomist/status/1312406565098487811	False		1	https://pbs.twimg.com/media/Ejaa0IpX0AAuabw.jpg							[]				
1312293003436855297	1312293003436855297	2020-10-03 16:26:47 KST	2020-10-03	16:26:47	+0900	18205527	beastoftraal	Karthik 🇮🇳		Interesting to see ITC launch desi snacks with the 'Bingo Tedhe Medhe' brand name (that they used to launch ITC's equivalent of Pepsico's Kurkure). And the fact that they chose the all-black pack design. Reminded me of Lay's Maxx packs and Pipo popcorn.  https://t.co/BFYrTFf7qa	en	[]	[]	['https://pbs.twimg.com/media/EjYyuyLVgAE2jQC.jpg', 'https://pbs.twimg.com/media/EjYywidU8AE1dJK.jpg', 'https://pbs.twimg.com/media/EjYzhj1VkAEbMRm.jpg']	2	1	12	[]	[]	https://twitter.com/beastoftraal/status/1312293003436855297	False		1	https://pbs.twimg.com/media/EjYyuyLVgAE2jQC.jpg							[]				
1312286015655206913	1312286015655206913	2020-10-03 15:59:01 KST	2020-10-03	15:59:01	+0900	5988062	theeconomist	The Economist		Donald Kendall started out as a youngster on PepsiCo’s bottling line, and rose to become the legendary CEO who presided over a cultural phenomenon. “Money Talks” reflects on the life of the man who sparked the “cola wars”  https://t.co/lbskvOq4cT  https://t.co/6ZtwK5s9uM	en	[]	['https://econ.trib.al/Rz94acL']	['https://pbs.twimg.com/media/EjYtLRCXgAAOqPH.jpg']	4	9	52	[]	[]	https://twitter.com/TheEconomist/status/1312286015655206913	False		1	https://pbs.twimg.com/media/EjYtLRCXgAAOqPH.jpg							[]				
1312134804721168387	1312134804721168387	2020-10-03 05:58:10 KST	2020-10-03	05:58:10	+0900	5988062	theeconomist	The Economist		Donald Kendall started out as a youngster on PepsiCo’s bottling line, and rose to become the legendary CEO who presided over a cultural phenomenon. “Money Talks” reflects on the life of the man who sparked the “cola wars”  https://t.co/wsZAuTbnaA  https://t.co/WLrdpxyAeg	en	[]	['https://econ.trib.al/Cu7ILW8']	['https://pbs.twimg.com/media/EjWjpmnWkAI7Ke1.jpg']	3	10	33	[]	[]	https://twitter.com/TheEconomist/status/1312134804721168387	False		1	https://pbs.twimg.com/media/EjWjpmnWkAI7Ke1.jpg							[]				
1312044175714668544	1312044175714668544	2020-10-02 23:58:02 KST	2020-10-02	23:58:02	+0900	5988062	theeconomist	The Economist		Donald Kendall started out as a youngster on PepsiCo’s bottling line, and rose to become the legendary CEO who presided over a cultural phenomenon. “Money Talks” reflects on the life of the man who sparked the “cola wars”  https://t.co/k2S8yZrMIi  https://t.co/NL2RhyrN4z	en	[]	['https://econ.trib.al/75Y8GW7']	['https://pbs.twimg.com/media/EjVROVaXcAIBnoB.jpg']	1	10	28	[]	[]	https://twitter.com/TheEconomist/status/1312044175714668544	False		1	https://pbs.twimg.com/media/EjVROVaXcAIBnoB.jpg							[]				
1311952362064539651	1311952362064539651	2020-10-02 17:53:12 KST	2020-10-02	17:53:12	+0900	50278507	sascampaigns	Surfers Against Sewage		This Is A #PlasticProtest!  2019's #BrandAudit showed that Coca Cola and PepsiCo were responsible for 25% of all the packaging pollution we found. Are they still?  Submit your data today to help us challenge the offending companies:  https://t.co/nIRMdlE8NX  📷 Ian Lean  https://t.co/7X1vzW5TSz	en	[]	['https://www.sas.org.uk/brands/']	['https://pbs.twimg.com/media/EjT9RBrXgAEDih1.jpg']	3	12	33	['plasticprotest', 'brandaudit']	[]	https://twitter.com/sascampaigns/status/1311952362064539651	False		1	https://pbs.twimg.com/media/EjT9RBrXgAEDih1.jpg							[]				
1311923633917394947	1311923633917394947	2020-10-02 15:59:03 KST	2020-10-02	15:59:03	+0900	5988062	theeconomist	The Economist		Donald Kendall started out as a youngster on PepsiCo’s bottling line, and rose to become the legendary CEO who presided over a cultural phenomenon. “Money Talks” reflects on the life of the man who sparked the “cola wars”  https://t.co/JRCyuZ54EP  https://t.co/7eq8uf0BBt	en	[]	['https://econ.trib.al/vzOR5e9']	['https://pbs.twimg.com/media/EjTjl30XkAEf0TD.jpg']	3	8	42	[]	[]	https://twitter.com/TheEconomist/status/1311923633917394947	False		1	https://pbs.twimg.com/media/EjTjl30XkAEf0TD.jpg							[]				
1311857938773028866	1311857938773028866	2020-10-02 11:38:00 KST	2020-10-02	11:38:00	+0900	5988062	theeconomist	The Economist		Donald Kendall forced PepsiCo and Coca-Cola into an advertising arms race. It paid off for both firms  https://t.co/HWe9R13Srm	en	[]	['https://econ.trib.al/Z2NLt3B']	[]	4	22	72	[]	[]	https://twitter.com/TheEconomist/status/1311857938773028866	False		0								[]				
1311810834667053057	1311810834667053057	2020-10-02 08:30:49 KST	2020-10-02	08:30:49	+0900	5988062	theeconomist	The Economist		In 1975 Coca-Cola spent around $25m on advertising and PepsiCo some $18m. In 1995 Pepsi outspent Coke by $112m to $82m  https://t.co/qmEQVzQ6qX	en	[]	['https://econ.trib.al/C8bDhcs']	[]	3	33	81	[]	[]	https://twitter.com/TheEconomist/status/1311810834667053057	False		0								[]				
1311772388862853120	1311772388862853120	2020-10-02 05:58:03 KST	2020-10-02	05:58:03	+0900	5988062	theeconomist	The Economist		Donald Kendall started out as a youngster on PepsiCo’s bottling line, and rose to become the legendary CEO who presided over a cultural phenomenon. “Money Talks” reflects on the life of the man who sparked the “cola wars”  https://t.co/vEXoFqxO26  https://t.co/yp3GUAKWfL	en	[]	['https://econ.trib.al/hAtJg2p']	['https://pbs.twimg.com/media/EjRaCNXXcAES1T7.jpg']	4	6	25	[]	[]	https://twitter.com/TheEconomist/status/1311772388862853120	False		1	https://pbs.twimg.com/media/EjRaCNXXcAES1T7.jpg							[]				
1311746577053220865	1311746577053220865	2020-10-02 04:15:29 KST	2020-10-02	04:15:29	+0900	264248576	renoomokri	Reno Omokri		Don’t see rivalry as bad. Competition is not hate. It makes you great. @MichaelJackson was greater because of @Prince. @CocaCola is better because of @PepsiCo. @McDonalds is better because of @BurgerKing. You are much better because of your rivals   #FreeLeahSharibu #RenosNuggets	en	[{'screen_name': 'michaeljackson', 'name': 'michael jackson', 'id': '54387680'}, {'screen_name': 'prince', 'name': 'prince', 'id': '1088924523548663809'}, {'screen_name': 'cocacola', 'name': 'coca-cola', 'id': '26787673'}, {'screen_name': 'pepsico', 'name': 'pepsico', 'id': '21346619'}, {'screen_name': 'mcdonalds', 'name': 'mcdonald’s❄️', 'id': '71026122'}, {'screen_name': 'burgerking', 'name': 'burger king', 'id': '167421802'}]	[]	[]	9	72	326	['freeleahsharibu', 'renosnuggets']	[]	https://twitter.com/renoomokri/status/1311746577053220865	False		0								[]				
1311724569867292673	1311724569867292673	2020-10-02 02:48:02 KST	2020-10-02	02:48:02	+0900	5988062	theeconomist	The Economist		The cola wars became a cultural phenomenon. Credit for that goes to Donald Kendall, PepsiCo’s legendary former boss  https://t.co/Zzc9RSyrrs	en	[]	['https://econ.trib.al/gq6IKTj']	[]	3	19	40	[]	[]	https://twitter.com/TheEconomist/status/1311724569867292673	False		0								[]				
1311674470860496896	1311674470860496896	2020-10-01 23:28:58 KST	2020-10-01	23:28:58	+0900	1300532619151630336	robertocazevedo	Roberto Azevêdo		Earlier today, @PepsiCo reported Q3 2020 earnings. Congratulations and thank you to the PepsiCo family for a great quarter. Every day we are becoming a Faster, Stronger and Better company.  https://t.co/XmgLADGCnW  https://t.co/0VfWlXuicK	en	[{'screen_name': 'pepsico', 'name': 'pepsico', 'id': '21346619'}]	['https://pepsi.co/36zV52X']	[]	1	7	43	[]	[]	https://twitter.com/robertocazevedo/status/1311674470860496896	False		1	https://pbs.twimg.com/ext_tw_video_thumb/1311674290983534595/pu/img/JjsRHLBwcHpRI8oN.jpg							[]				
1311663478357340160	1311663478357340160	2020-10-01 22:45:17 KST	2020-10-01	22:45:17	+0900	15110357	reutersbiz	Reuters Business		PepsiCo sees strong annual profit as snacks, sodas thrive in pandemic  https://t.co/xq2hJVzF3u  https://t.co/om6p56wT6Z	en	[]	['http://reut.rs/3l4dbhn']	['https://pbs.twimg.com/media/EjP2-5SU4Aw9Kyd.jpg']	1	9	25	[]	[]	https://twitter.com/ReutersBiz/status/1311663478357340160	False		1	https://pbs.twimg.com/media/EjP2-5SU4Aw9Kyd.jpg							[]				
1311654872257880067	1311654872257880067	2020-10-01 22:11:05 KST	2020-10-01	22:11:05	+0900	79128043	tobyanstis	Toby Anstis		Great to be here at @PepsiCo HQ to co host a big live event! And they just happen to make the best crisps ever😉👍hello @walkers_crisps collective watching at home!  https://t.co/9u37eNV7t2	en	[{'screen_name': 'pepsico', 'name': 'pepsico', 'id': '21346619'}, {'screen_name': 'walkers_crisps', 'name': 'walkers crisps', 'id': '19331448'}]	[]	['https://pbs.twimg.com/media/EjPvJoiXYAE6fpx.jpg']	2	1	16	[]	[]	https://twitter.com/tobyanstis/status/1311654872257880067	False		1	https://pbs.twimg.com/media/EjPvJoiXYAE6fpx.jpg							[]				
1311652260980633600	1311652260980633600	2020-10-01 22:00:42 KST	2020-10-01	22:00:42	+0900	39549428	todd_harrison	Todd Harrison		*PEPSICO: DECISIONS ON HARD SELTZERS, CBD DRINKS IN COMING QRTS  *PEPSICO THINKING `MORE LONG TERM VS. 2021' ON CBD, HARD SELTZER  $PEP	en	[]	[]	[]	2	10	44	[]	['pep']	https://twitter.com/todd_harrison/status/1311652260980633600	False		0								[]				
1311648344125714439	1311648344125714439	2020-10-01 21:45:09 KST	2020-10-01	21:45:09	+0900	1652541	reuters	Reuters		PepsiCo sees strong annual profit as snacks, sodas thrive in pandemic  https://t.co/2nwdXqDJIu  https://t.co/6OoG4GmzYA	en	[]	['http://reut.rs/3jlxB55']	['https://pbs.twimg.com/media/EjPpN9OXgAINEhC.jpg']	4	20	79	[]	[]	https://twitter.com/Reuters/status/1311648344125714439	False		1	https://pbs.twimg.com/media/EjPpN9OXgAINEhC.jpg							[]				
1311630758067482628	1311630758067482628	2020-10-01 20:35:16 KST	2020-10-01	20:35:16	+0900	21346619	pepsico	PepsiCo		$PEP Get the full breakdown of PepsiCo Q3 2020 Earnings here:  https://t.co/NJFYH5bVyW #PEPearnings  https://t.co/yr0froJJ0S	en	[]	['https://pepsi.co/36zV52X']	[]	5	3	30	['pepearnings']	['pep']	https://twitter.com/PepsiCo/status/1311630758067482628	False		1	https://pbs.twimg.com/ext_tw_video_thumb/1311628708692795394/pu/img/i3wkjVvgCNiDX4OU.jpg							[]				
1311625652508950528	1311625652508950528	2020-10-01 20:14:59 KST	2020-10-01	20:14:59	+0900	3108351	wsj	The Wall Street Journal		PepsiCo reported strong global snack and food sales and an improvement in its beverage business that drove revenue growth in the latest quarter  https://t.co/8TPfyD0fUp	en	[]	['https://on.wsj.com/3l4kGVo']	[]	8	21	75	[]	[]	https://twitter.com/WSJ/status/1311625652508950528	False		0								[]				
1311611066229587968	1311611066229587968	2020-10-01 19:17:01 KST	2020-10-01	19:17:01	+0900	20402945	cnbc	CNBC		PepsiCo sales grow 5.3%, fueled by snack sales  https://t.co/Xg45KtQTgq	en	[]	['https://cnb.cx/3l2rDGz']	[]	2	25	70	[]	[]	https://twitter.com/CNBC/status/1311611066229587968	False		0								[]				
