id	conversation_id	created_at	date	time	timezone	user_id	username	name	place	tweet	language	mentions	urls	photos	replies_count	retweets_count	likes_count	hashtags	cashtags	link	retweet	quote_url	video	thumbnail	near	geo	source	user_rt_id	user_rt	retweet_id	reply_to	retweet_date	translate	trans_src	trans_dest
1300184803015307264	1300184803015307264	2020-08-31 06:33:07 KST	2020-08-31	06:33:07	+0900	148854179	brains9	B9		Pepsico é patrocinadora do futebol feminino da UEFA até 2025 -  https://t.co/sgGXu22LxE  https://t.co/vsaf6k2euX	pt	[]	['https://no.b9.com.br/32nNqRo']	['https://pbs.twimg.com/media/EgsvMBkWsAEFvJp.jpg']	0	4	42	[]	[]	https://twitter.com/brains9/status/1300184803015307264	False		1	https://pbs.twimg.com/media/EgsvMBkWsAEFvJp.jpg							[]				
1300142492009070592	1300142492009070592	2020-08-31 03:45:00 KST	2020-08-31	03:45:00	+0900	9317502	estadao	Estadão		‘É preciso tirar rótulo de que mulher não serve para exatas’, diz VP da PepsiCo (via @EstadaoEconomia)  https://t.co/FuroNhYMxN	pt	[{'screen_name': 'estadaoeconomia', 'name': 'economia estadão', 'id': '78774644'}]	['https://bit.ly/2EOZWB8']	[]	39	36	361	[]	[]	https://twitter.com/Estadao/status/1300142492009070592	False		0								[]				
1299982689060171777	1299982689060171777	2020-08-30 17:10:00 KST	2020-08-30	17:10:00	+0900	3150940290	thewire_in	The Wire		A day after he will step down as the director general of the World Trade Organization on August 31, Azevêdo will serve as the executive vice-president at PepsiCo with millions of dollars of emoluments.   https://t.co/qhjsIJKok3	en	[]	['https://thewire.in/economy/roberto-azevedo-wto-pepsi-legacy']	[]	1	12	31	[]	[]	https://twitter.com/thewire_in/status/1299982689060171777	False		0								[]				
1299314258501664768	1299314258501664768	2020-08-28 20:53:53 KST	2020-08-28	20:53:53	+0900	2511399482	jon_banner1	Jon Banner		COVID-19 has exacerbated food insecurity and 54M Americans could face hunger this year. With @TeamRubicon, the @USDA, @BaylorCoHP and others, The @PepsiCo Foundation has provided over 66M meals. I encourage everyone who can to help fight against hunger.  https://t.co/V7qWzMGI9f	en	[{'screen_name': 'teamrubicon', 'name': 'team rubicon', 'id': '106507775'}, {'screen_name': 'usda', 'name': 'dept. of agriculture', 'id': '61853389'}, {'screen_name': 'baylorcohp', 'name': 'baylor collaborative on hunger and poverty', 'id': '266003003'}, {'screen_name': 'pepsico', 'name': 'pepsico', 'id': '21346619'}]	['https://www.wsj.com/articles/more-americans-go-hungry-amid-coronavirus-pandemic-census-shows-11597570200']	[]	0	4	14	[]	[]	https://twitter.com/jon_banner1/status/1299314258501664768	False		0								[]				
1299116004421840903	1299116004421840903	2020-08-28 07:46:06 KST	2020-08-28	07:46:06	+0900	148854179	brains9	B9		Pepsico é patrocinadora do futebol feminino da UEFA até 2025 -  https://t.co/sgGXu22LxE  https://t.co/hlgnhoArAh	pt	[]	['https://no.b9.com.br/32nNqRo']	['https://pbs.twimg.com/media/EgdjHw5XYAAHrOs.jpg']	0	3	29	[]	[]	https://twitter.com/brains9/status/1299116004421840903	False		1	https://pbs.twimg.com/media/EgdjHw5XYAAHrOs.jpg							[]				
1299003133054590982	1299003133054590982	2020-08-28 00:17:35 KST	2020-08-28	00:17:35	+0900	993456540249149440	faodg	FAO Director-General QU Dongyu		Today I thanked @WTODGAZEVEDO for the close collaboration between @FAO &amp; @wto during his tenure &amp; congratulated him for his new role at @PepsiCo. Looking forward to continuing to work together on food security &amp; sustainable agriculture. I wish him all the success in his new role.  https://t.co/LhgosC5mpf	en	[{'screen_name': 'wtodgazevedo', 'name': 'roberto azevêdo', 'id': '1722541195'}, {'screen_name': 'fao', 'name': 'fao', 'id': '19649135'}, {'screen_name': 'wto', 'name': 'wto', 'id': '169963553'}, {'screen_name': 'pepsico', 'name': 'pepsico', 'id': '21346619'}]	[]	['https://pbs.twimg.com/media/Egb8dJ9U4AIJI6C.jpg']	2	8	43	[]	[]	https://twitter.com/FAODG/status/1299003133054590982	False		1	https://pbs.twimg.com/media/Egb8dJ9U4AIJI6C.jpg							[]				
1298984612991926273	1298981818016751620	2020-08-27 23:04:00 KST	2020-08-27	23:04:00	+0900	1263999129874690048	elpaismexico	EL PAÍS México		3. Emiliano y Vidal recuerdan la cara del repartidor de Pepsico el primer día que llegó al pueblo después de la asamblea de 2017. “Se le dijo que no podía entrar”, cuenta Vidal. Luego ellos quisieron llegar a un acuerdo”, añade, “pero no, no”  🔴  https://t.co/B1u0NhF2FY  https://t.co/rCSOQl2ODR	es	[]	['https://bit.ly/3gAZB2l']	['https://pbs.twimg.com/media/EgbpbceUYAYEXcJ.jpg']	3	18	29	[]	[]	https://twitter.com/elpaismexico/status/1298984612991926273	False		1	https://pbs.twimg.com/media/EgbpbceUYAYEXcJ.jpg							[]				
1298777245993951232	1298777245993951232	2020-08-27 09:20:00 KST	2020-08-27	09:20:00	+0900	13531162	gzhdigital	GZH		Rede abre supermercado de R$ 40 milhões construído em antiga área da PepsiCo no RS (via @GianeGuerra)   https://t.co/IA91aoJTzw	pt	[{'screen_name': 'gianeguerra', 'name': 'giane guerra', 'id': '36575851'}]	['https://gauchazh.clicrbs.com.br/colunistas/giane-guerra/noticia/2020/08/rede-abre-supermercado-de-r-40-milhoes-construido-em-antiga-area-da-pepsico-no-rs-ckebdgfb600000147hv8yfa1i.html']	[]	2	4	29	[]	[]	https://twitter.com/gzhdigital/status/1298777245993951232	False		0								[]				
1298772215052136448	1298772215052136448	2020-08-27 09:00:00 KST	2020-08-27	09:00:00	+0900	33320098	mkt_esportivo	MKTEsportivo		Pepsico amplia acordo e patrocinará TODOS os torneios femininos da UEFA.   https://t.co/UXYJBDUHfs  https://t.co/QBCkW8rX9t	pt	[]	['https://bit.ly/2EwRtTr']	['https://pbs.twimg.com/media/EgXy05jUMAIk8Tg.jpg']	1	1	15	[]	[]	https://twitter.com/mkt_esportivo/status/1298772215052136448	False		1	https://pbs.twimg.com/media/EgXy05jUMAIk8Tg.jpg							[]				
1298711169683734530	1298711169683734530	2020-08-27 04:57:26 KST	2020-08-27	04:57:26	+0900	33320098	mkt_esportivo	MKTEsportivo		Pepsico amplia acordo com Uefa e patrocinará TODOS os torneios femininos da entidade.   https://t.co/UXYJBDUHfs  https://t.co/vP9JSusqxQ	pt	[]	['https://bit.ly/2EwRtTr']	['https://pbs.twimg.com/media/EgXy05jUMAIk8Tg.jpg']	1	2	28	[]	[]	https://twitter.com/mkt_esportivo/status/1298711169683734530	False		1	https://pbs.twimg.com/media/EgXy05jUMAIk8Tg.jpg							[]				
1298693178883809282	1298693178883809282	2020-08-27 03:45:57 KST	2020-08-27	03:45:57	+0900	34113439	sierraclub	Sierra Club		.@CocaColaCo @PepsiCo @MorganStanley @Chase Have you considered getting a better CEO for @USChamber?   Tom Donohue is stepping down in 2022 and his replacement should be someone who accepts climate science.  https://t.co/qc5kRgCjri   #LobbyForClimate #ChangeTheChamber	en	[{'screen_name': 'cocacolaco', 'name': 'the coca-cola co.', 'id': '23482357'}, {'screen_name': 'pepsico', 'name': 'pepsico', 'id': '21346619'}, {'screen_name': 'morganstanley', 'name': 'morgan stanley', 'id': '426159377'}, {'screen_name': 'chase', 'name': 'chase', 'id': '274673392'}, {'screen_name': 'uschamber', 'name': 'u.s. chamber', 'id': '85606078'}]	['http://changethechamber.org']	[]	0	6	16	['lobbyforclimate', 'changethechamber']	[]	https://twitter.com/SierraClub/status/1298693178883809282	False		0								[]				
1298675987786469376	1298675987786469376	2020-08-27 02:37:38 KST	2020-08-27	02:37:38	+0900	34113439	sierraclub	Sierra Club		.@MorganStanley @Chase @CocaColaCo @PepsiCo Your funding for @USChamber is buying more than you think: Global warming, ice loss, rising sea levels, and higher carbon emissions.   #LobbyforClimate before our future becomes unlivable.   https://t.co/qc5kRgCjri  #ChangeTheChamber	en	[{'screen_name': 'morganstanley', 'name': 'morgan stanley', 'id': '426159377'}, {'screen_name': 'chase', 'name': 'chase', 'id': '274673392'}, {'screen_name': 'cocacolaco', 'name': 'the coca-cola co.', 'id': '23482357'}, {'screen_name': 'pepsico', 'name': 'pepsico', 'id': '21346619'}, {'screen_name': 'uschamber', 'name': 'u.s. chamber', 'id': '85606078'}]	['http://changethechamber.org']	[]	1	9	16	['lobbyforclimate', 'changethechamber']	[]	https://twitter.com/SierraClub/status/1298675987786469376	False		0								[]				
1298633687697850371	1298633687697850371	2020-08-26 23:49:33 KST	2020-08-26	23:49:33	+0900	17810539	byianthomas	Ian Thomas		Inbox: PepsiCo has signed a 5-year sponsorship deal with UEFA Women’s football.  Pepsi, Lay’s and Gatorade will have their brands aligned with UEFA Women's Champions League &amp; UEFA Women's EURO, among other events.  PepsiCo has had a deal with the UCL Men's event since '15.	en	[]	[]	[]	1	6	11	[]	[]	https://twitter.com/byIanThomas/status/1298633687697850371	False		0								[]				
1298406025142382592	1298406025142382592	2020-08-26 08:44:54 KST	2020-08-26	08:44:54	+0900	1222205118466154496	sandhutaranjits	Taranjit Singh Sandhu		Pleasure to reconnect with former Chairman &amp; CEO of PepsiCo @IndraNooyi. She shared interesting facets of partnership in healthcare innovation.Also discussed ways to deepen industry linkages and India-US economic ties.	en	[{'screen_name': 'indranooyi', 'name': 'indra nooyi', 'id': '2652536876'}]	[]	[]	2	15	152	[]	[]	https://twitter.com/SandhuTaranjitS/status/1298406025142382592	False		0								[]				
1298004220352724992	1298004220352724992	2020-08-25 06:08:16 KST	2020-08-25	06:08:16	+0900	10781952	spoonen	Sanjay Poonen		A small sampling of the C-level execs speaking at @VVMworld - and more reasons for you to attend this great event.  Register NOW, it is FREE &amp; virtual:  https://t.co/R2Jjwn3tAM, to hear these C-level execs currently/formerly at @PepsiCo  @Moderna_Tx @Nike  @Zoom_us  @NorthernTrust  https://t.co/bKR5lSEefa	en	[{'screen_name': 'pepsico', 'name': 'pepsico', 'id': '21346619'}, {'screen_name': 'moderna_tx', 'name': 'moderna', 'id': '2227355222'}, {'screen_name': 'nike', 'name': 'nike', 'id': '415859364'}, {'screen_name': 'zoom_us', 'name': 'zoom redirect', 'id': '1355303991643492353'}, {'screen_name': 'northerntrust', 'name': 'northern trust', 'id': '308506248'}]	['https://www.vmworld.com/en/index.html']	['https://pbs.twimg.com/media/EgNre5sU4AAUVqs.png']	1	28	52	[]	[]	https://twitter.com/spoonen/status/1298004220352724992	False		1	https://pbs.twimg.com/media/EgNre5sU4AAUVqs.png							[]				
1297878976879304706	1297878976879304706	2020-08-24 21:50:36 KST	2020-08-24	21:50:36	+0900	1026414410452152320	ramonlaguarta	Ramon Laguarta		Last year I joined over 180 CEOs in signing @BizRoundtable's new Statement on the Purpose of a Corporation. Today we remain committed to leading our companies to benefit all our stakeholders, something at @PepsiCo we call #WinningWithPurpose. Read more:  https://t.co/AbzJSAEMk4	en	[{'screen_name': 'bizroundtable', 'name': 'business roundtable', 'id': '44682276'}, {'screen_name': 'pepsico', 'name': 'pepsico', 'id': '21346619'}]	['https://www.wsj.com/articles/a-good-year-for-stakeholder-capitalism-11597792536?mod=opinion_lead_pos6']	[]	2	2	23	['winningwithpurpose']	[]	https://twitter.com/ramonlaguarta/status/1297878976879304706	False		0								[]				
1296847871103377409	1295044777033920512	2020-08-22 01:33:21 KST	2020-08-22	01:33:21	+0900	21237045	flickr	Flickr		@SmugMug @DonMacAskill @SarahKSilverman @JeffBezos @Walmart @amazon @PepsiCo @CocaCola @McDonalds Yes what they said, always in!	en	[]	[]	[]	2	6	177	[]	[]	https://twitter.com/Flickr/status/1296847871103377409	False		0								[{'screen_name': 'SmugMug', 'name': 'SmugMug', 'id': '15294787'}, {'screen_name': 'DonMacAskill', 'name': 'Don MacAskill', 'id': '813491'}, {'screen_name': 'SarahKSilverman', 'name': 'Sarah Silverman', 'id': '30364057'}, {'screen_name': 'JeffBezos', 'name': 'Jeff Bezos', 'id': '15506669'}, {'screen_name': 'Walmart', 'name': 'Walmart', 'id': '17137891'}, {'screen_name': 'amazon', 'name': 'Amazon', 'id': '20793816'}, {'screen_name': 'PepsiCo', 'name': 'PepsiCo', 'id': '21346619'}, {'screen_name': 'CocaCola', 'name': 'Coca-Cola', 'id': '26787673'}, {'screen_name': 'McDonalds', 'name': 'McDonald’s❄️', 'id': '71026122'}]				
1296847469406326789	1295044777033920512	2020-08-22 01:31:45 KST	2020-08-22	01:31:45	+0900	15294787	smugmug	SmugMug		@DonMacAskill @SarahKSilverman @JeffBezos @Walmart @amazon @PepsiCo @CocaCola @McDonalds Like @DonMacAskill said we are in!	en	[{'screen_name': 'donmacaskill', 'name': 'don macaskill', 'id': '813491'}]	[]	[]	1	2	139	[]	[]	https://twitter.com/SmugMug/status/1296847469406326789	False		0								[{'screen_name': 'DonMacAskill', 'name': 'Don MacAskill', 'id': '813491'}, {'screen_name': 'SarahKSilverman', 'name': 'Sarah Silverman', 'id': '30364057'}, {'screen_name': 'JeffBezos', 'name': 'Jeff Bezos', 'id': '15506669'}, {'screen_name': 'Walmart', 'name': 'Walmart', 'id': '17137891'}, {'screen_name': 'amazon', 'name': 'Amazon', 'id': '20793816'}, {'screen_name': 'PepsiCo', 'name': 'PepsiCo', 'id': '21346619'}, {'screen_name': 'CocaCola', 'name': 'Coca-Cola', 'id': '26787673'}, {'screen_name': 'McDonalds', 'name': 'McDonald’s❄️', 'id': '71026122'}]				
1296833186241150977	1296833186241150977	2020-08-22 00:35:00 KST	2020-08-22	00:35:00	+0900	47285504	markruffalo	Mark Ruffalo		Come on, guys. Democracy, this country, and your workers have been good to you. They deserve a day off to vote for this country. How about some extra patriotism in these tough times? @JeffBezos @Walmart @amazon @PepsiCo @CocaCola @McDonalds  https://t.co/Xx7P8pEvuA	en	[{'screen_name': 'jeffbezos', 'name': 'jeff bezos', 'id': '15506669'}, {'screen_name': 'walmart', 'name': 'walmart', 'id': '17137891'}, {'screen_name': 'amazon', 'name': 'amazon', 'id': '20793816'}, {'screen_name': 'pepsico', 'name': 'pepsico', 'id': '21346619'}, {'screen_name': 'cocacola', 'name': 'coca-cola', 'id': '26787673'}, {'screen_name': 'mcdonalds', 'name': 'mcdonald’s❄️', 'id': '71026122'}]	['https://www.electionday.org/']	[]	43	224	1870	[]	[]	https://twitter.com/MarkRuffalo/status/1296833186241150977	False	https://twitter.com/LeoDiCaprio/status/1296563074350977024	0								[]				
1296814095589609472	1296814095589609472	2020-08-21 23:19:08 KST	2020-08-21	23:19:08	+0900	21346619	pepsico	PepsiCo		Recently @rockstarenergy became part of the PepsiCo family. Which version is your go-to: original, sugar free, organic, or another one?  https://t.co/U2N6rVdHKL	en	[{'screen_name': 'rockstarenergy', 'name': 'rockstar energy drink', 'id': '28207950'}]	[]	[]	16	8	43	[]	[]	https://twitter.com/PepsiCo/status/1296814095589609472	False		1	https://pbs.twimg.com/ext_tw_video_thumb/1296814071614971906/pu/img/gonfLxqHgxBfzmTK.jpg							[]				
1296703188444180487	1295044777033920512	2020-08-21 15:58:26 KST	2020-08-21	15:58:26	+0900	813491	donmacaskill	Don MacAskill		@SarahKSilverman @JeffBezos @Walmart @amazon @PepsiCo @CocaCola @McDonalds We’re in. Not just this year, but every Election Day.	en	[]	[]	[]	3	8	247	[]	[]	https://twitter.com/DonMacAskill/status/1296703188444180487	False		0								[{'screen_name': 'SarahKSilverman', 'name': 'Sarah Silverman', 'id': '30364057'}, {'screen_name': 'JeffBezos', 'name': 'Jeff Bezos', 'id': '15506669'}, {'screen_name': 'Walmart', 'name': 'Walmart', 'id': '17137891'}, {'screen_name': 'amazon', 'name': 'Amazon', 'id': '20793816'}, {'screen_name': 'PepsiCo', 'name': 'PepsiCo', 'id': '21346619'}, {'screen_name': 'CocaCola', 'name': 'Coca-Cola', 'id': '26787673'}, {'screen_name': 'McDonalds', 'name': 'McDonald’s❄️', 'id': '71026122'}]				
1296645818670182401	1295044777033920512	2020-08-21 12:10:28 KST	2020-08-21	12:10:28	+0900	480791688	thehunt	The Hunt		@SarahKSilverman @JeffBezos @Walmart @amazon @PepsiCo @CocaCola @McDonalds We are in!	en	[]	[]	[]	10	18	432	[]	[]	https://twitter.com/thehunt/status/1296645818670182401	False		0								[{'screen_name': 'SarahKSilverman', 'name': 'Sarah Silverman', 'id': '30364057'}, {'screen_name': 'JeffBezos', 'name': 'Jeff Bezos', 'id': '15506669'}, {'screen_name': 'Walmart', 'name': 'Walmart', 'id': '17137891'}, {'screen_name': 'amazon', 'name': 'Amazon', 'id': '20793816'}, {'screen_name': 'PepsiCo', 'name': 'PepsiCo', 'id': '21346619'}, {'screen_name': 'CocaCola', 'name': 'Coca-Cola', 'id': '26787673'}, {'screen_name': 'McDonalds', 'name': 'McDonald’s❄️', 'id': '71026122'}]				
1296572598210437120	1296572598210437120	2020-08-21 07:19:31 KST	2020-08-21	07:19:31	+0900	17017636	johncusack	John Cusack		I’m pretty sure  They don’t give a Fuck @SarahKSilverman: HEY BIG BUSINESSES, who’s gonna step up and make Election Day a day off instead of a classist farce?  WHO’S IN?? @JeffBezos @Walmart @amazon @PepsiCo @CocaCola @McDonalds   https://t.co/W74ju19XaD”	en	[{'screen_name': 'sarahksilverman', 'name': 'sarah silverman', 'id': '30364057'}, {'screen_name': 'jeffbezos', 'name': 'jeff bezos', 'id': '15506669'}, {'screen_name': 'walmart', 'name': 'walmart', 'id': '17137891'}, {'screen_name': 'amazon', 'name': 'amazon', 'id': '20793816'}, {'screen_name': 'pepsico', 'name': 'pepsico', 'id': '21346619'}, {'screen_name': 'cocacola', 'name': 'coca-cola', 'id': '26787673'}, {'screen_name': 'mcdonalds', 'name': 'mcdonald’s❄️', 'id': '71026122'}]	['https://www.electionday.org/']	[]	9	32	123	[]	[]	https://twitter.com/johncusack/status/1296572598210437120	False		0								[]				
1296471807923564544	1296471807923564544	2020-08-21 00:39:00 KST	2020-08-21	00:39:00	+0900	215685563	ashwani_mahajan	ASHWANI MAHAJAN		While we at @swadeshimanch keep raising concerns against conflict of interest and misuse of official position, and demanding cooling period for outgoing bureacrats, its surprising that outgoing ⁦⁦@wto⁩ chief Azevedo has been hired by @PepsiCo   https://t.co/sY8rPvkEKO	en	[{'screen_name': 'swadeshimanch', 'name': 'swadeshijagranmanch', 'id': '816966198097104897'}, {'screen_name': 'wto', 'name': 'wto', 'id': '169963553'}, {'screen_name': 'pepsico', 'name': 'pepsico', 'id': '21346619'}]	['https://www.reuters.com/article/us-trade-wto-azevedo/pepsico-hires-wto-chief-azevedo-as-trade-bodys-leadership-void-drags-on-idUSKCN25F21B']	[]	1	20	25	[]	[]	https://twitter.com/ashwani_mahajan/status/1296471807923564544	False		0								[]				
1296423026402131973	1296423026402131973	2020-08-20 21:25:10 KST	2020-08-20	21:25:10	+0900	1317803029	alkhidmatorg	Alkhidmat Foundation Pakistan		Alkhidmat Foundation Pakistan and #pepsico jointly organized food package distribution for the needy and deserving people of Mohmand, KP  #distribution #Mohmand #alkhidmat #tenmillionmeals #foodpackages #deserving #help #support #charity #pepsicopak #Pakistan  https://t.co/BhrA789ofT	en	[]	[]	['https://pbs.twimg.com/media/Ef3RwcbWoAI0iqn.jpg', 'https://pbs.twimg.com/media/Ef3R0xAXgAIcRMj.jpg', 'https://pbs.twimg.com/media/Ef3R2_kWsAY0IH2.jpg', 'https://pbs.twimg.com/media/Ef3R2_gXYAAWf9C.jpg']	0	7	21	['pepsico', 'distribution', 'mohmand', 'alkhidmat', 'tenmillionmeals', 'foodpackages', 'deserving', 'help', 'support', 'charity', 'pepsicopak', 'pakistan']	[]	https://twitter.com/AlkhidmatOrg/status/1296423026402131973	False		1	https://pbs.twimg.com/media/Ef3RwcbWoAI0iqn.jpg							[]				
1296191963377610755	1296191963377610755	2020-08-20 06:07:00 KST	2020-08-20	06:07:00	+0900	95023423	uberfacts	UberFacts		Only 10 companies control almost every large food and beverage brand in the world.  Nestlé, PepsiCo, Coca-Cola, Unilever, Danone, General Mills, Kellogg's, Mars, Associated British Foods, and Mondelez.	en	[]	[]	[]	16	430	1885	[]	[]	https://twitter.com/UberFacts/status/1296191963377610755	False		0								[]				
1296159196795346944	1295044777033920512	2020-08-20 03:56:48 KST	2020-08-20	03:56:48	+0900	15749983	cisco	Cisco		@SarahKSilverman @JeffBezos @Walmart @amazon @PepsiCo @CocaCola @McDonalds Done! Our employees get the day off to #vote. See where you can cast your ballot:  https://t.co/jfAjDpIHKr #LetsDoThis	en	[]	['https://www.vote.org/polling-place-locator/']	[]	93	627	5258	['vote', 'letsdothis']	[]	https://twitter.com/Cisco/status/1296159196795346944	False		0								[{'screen_name': 'SarahKSilverman', 'name': 'Sarah Silverman', 'id': '30364057'}, {'screen_name': 'JeffBezos', 'name': 'Jeff Bezos', 'id': '15506669'}, {'screen_name': 'Walmart', 'name': 'Walmart', 'id': '17137891'}, {'screen_name': 'amazon', 'name': 'Amazon', 'id': '20793816'}, {'screen_name': 'PepsiCo', 'name': 'PepsiCo', 'id': '21346619'}, {'screen_name': 'CocaCola', 'name': 'Coca-Cola', 'id': '26787673'}, {'screen_name': 'McDonalds', 'name': 'McDonald’s❄️', 'id': '71026122'}]				
1296111445684498433	1296111445684498433	2020-08-20 00:47:03 KST	2020-08-20	00:47:03	+0900	2880932962	o_antagonista	O Antagonista		Na PepsiCo, Roberto Azevêdo chefiará comunicação e lobby.  https://t.co/4IdB4VU42L	pt	[]	['https://www.oantagonista.com/mundo/na-pepsico-roberto-azevedo-chefiara-comunicacao-e-lobby/']	[]	0	6	18	[]	[]	https://twitter.com/o_antagonista/status/1296111445684498433	False		0								[]				
1296095335824097280	1296095335824097280	2020-08-19 23:43:03 KST	2020-08-19	23:43:03	+0900	14594813	folha	Folha de S.Paulo		Roberto Azevêdo, diretor da OMC, é novo vice-presidente da PepsiCo  https://t.co/AYkJwdDfWi	pt	[]	['https://www1.folha.uol.com.br/mercado/2020/08/roberto-azevedo-diretor-da-omc-e-novo-vice-presidente-da-pepsico.shtml?utm_source=twitter&utm_medium=social&utm_campaign=twfolha']	[]	2	3	28	[]	[]	https://twitter.com/folha/status/1296095335824097280	False		0								[]				
1296089653729255424	1296089653729255424	2020-08-19 23:20:28 KST	2020-08-19	23:20:28	+0900	224628959	jamilchade	Jamil Chade		Diplomata brasileiro Roberto Azevedo deixa comando da OMC para assumir vice-presidência de PepsiCo    https://t.co/mfgupuBVOH	pt	[]	['https://noticias.uol.com.br/colunas/jamil-chade/2020/08/19/diplomata-brasileiro-deixa-omc-para-assumir-vice-presidencia-de-pepsico.htm?cmpid=copiaecola']	[]	0	16	61	[]	[]	https://twitter.com/JamilChade/status/1296089653729255424	False		0								[]				
1296025454906871814	1296025454906871814	2020-08-19 19:05:22 KST	2020-08-19	19:05:22	+0900	96998563	zenit_spb	ФК «Зенит»		⚡️На «Газпром Арене» все готово к новому сезону! В день первого домашнего матча «Зенита» мы объявляем о продолжении сотрудничества с компанией PepsiCo, представляющей бренды Pepsi и Lay’s #ЗенитPepsiCo  https://t.co/llddEhiehk	ru	[]	[]	[]	4	6	98	['зенитpepsico']	[]	https://twitter.com/zenit_spb/status/1296025454906871814	False		1	https://pbs.twimg.com/media/EfxnY5XXYAYIuPM.jpg							[]				
1295813583620775943	1295813583620775943	2020-08-19 05:03:28 KST	2020-08-19	05:03:28	+0900	332993154	myriambregman	Myriam Bregman		"¿Le quedan ganas de hablar de República después de la ""mesa judicial"", la ley del arrepentido o del escándalo de la AFI? Si se investigara la mesa y se revirtieran los fallos contra trabajadores de Pepsico q provocó, si se deroga la ley de arrepentido, se le van las ganas,pero..."	es	[]	[]	[]	18	43	366	[]	[]	https://twitter.com/myriambregman/status/1295813583620775943	False	https://twitter.com/elisacarrio/status/1295740268923310082	0								[]				
1295079585441132544	1295044777033920512	2020-08-17 04:26:49 KST	2020-08-17	04:26:49	+0900	30364057	sarahksilverman	Sarah Silverman		@AndrewWinston @JeffBezos @Walmart @amazon @PepsiCo @CocaCola @McDonalds True! ... (but the day off would be to vote in person)	en	[]	[]	[]	11	8	346	[]	[]	https://twitter.com/SarahKSilverman/status/1295079585441132544	False		0								[{'screen_name': 'AndrewWinston', 'name': '(((Andrew Winston)))', 'id': '33955377'}, {'screen_name': 'JeffBezos', 'name': 'Jeff Bezos', 'id': '15506669'}, {'screen_name': 'Walmart', 'name': 'Walmart', 'id': '17137891'}, {'screen_name': 'amazon', 'name': 'Amazon', 'id': '20793816'}, {'screen_name': 'PepsiCo', 'name': 'PepsiCo', 'id': '21346619'}, {'screen_name': 'CocaCola', 'name': 'Coca-Cola', 'id': '26787673'}, {'screen_name': 'McDonalds', 'name': 'McDonald’s', 'id': '71026122'}]				
1295044777033920512	1295044777033920512	2020-08-17 02:08:30 KST	2020-08-17	02:08:30	+0900	30364057	sarahksilverman	Sarah Silverman		HEY BIG BUSINESSES, who’s gonna step up and make Election Day a day off instead of a classist farce?  WHO’S IN?? @JeffBezos @Walmart @amazon @PepsiCo @CocaCola @McDonalds   https://t.co/mCqVSBTeut	en	[{'screen_name': 'jeffbezos', 'name': 'jeff bezos', 'id': '15506669'}, {'screen_name': 'walmart', 'name': 'walmart', 'id': '17137891'}, {'screen_name': 'amazon', 'name': 'amazon', 'id': '20793816'}, {'screen_name': 'pepsico', 'name': 'pepsico', 'id': '21346619'}, {'screen_name': 'cocacola', 'name': 'coca-cola', 'id': '26787673'}, {'screen_name': 'mcdonalds', 'name': 'mcdonald’s❄️', 'id': '71026122'}]	['https://www.electionday.org/']	[]	554	5105	27183	[]	[]	https://twitter.com/SarahKSilverman/status/1295044777033920512	False		0								[]				
1295026853837778952	1295026853837778952	2020-08-17 00:57:17 KST	2020-08-17	00:57:17	+0900	29753405	laurie_david	Laurie David		Coca-Cola, Nestlé and PepsiCo named top plastic polluters for the second year in a row  https://t.co/xZ8CJ6nw4a	en	[]	['https://www.breakfreefromplastic.org/2019/10/23/brand-audit-report-2019-press-release/']	[]	24	281	376	[]	[]	https://twitter.com/Laurie_David/status/1295026853837778952	False		0								[]				
1294891608224276480	1294891608224276480	2020-08-16 15:59:51 KST	2020-08-16	15:59:51	+0900	1317803029	alkhidmatorg	Alkhidmat Foundation Pakistan		Alkhidmat Foundation Pakistan and #pepsico jointly organized food package distribution in Boni, Upper Chitral for the needy and deserving people  #distribution #chitral #alkhidmat #tenmillionmeals #foodpackages #deserving #help #support #charity #pepsicopak #Pakistan  https://t.co/yZKKqzz9cU	en	[]	[]	['https://pbs.twimg.com/media/EfhhBDsXsAAM9AB.jpg', 'https://pbs.twimg.com/media/EfhhCN3XoAEUsk7.jpg', 'https://pbs.twimg.com/media/EfhhC9qXgAMpd1L.jpg', 'https://pbs.twimg.com/media/EfhhDeuXkAAtWQs.jpg']	0	12	29	['pepsico', 'distribution', 'chitral', 'alkhidmat', 'tenmillionmeals', 'foodpackages', 'deserving', 'help', 'support', 'charity', 'pepsicopak', 'pakistan']	[]	https://twitter.com/AlkhidmatOrg/status/1294891608224276480	False		1	https://pbs.twimg.com/media/EfhhBDsXsAAM9AB.jpg							[]				
1294509870817742848	1294509870817742848	2020-08-15 14:42:58 KST	2020-08-15	14:42:58	+0900	1317803029	alkhidmatorg	Alkhidmat Foundation Pakistan		Alkhidmat Foundation Pakistan and #pepsico jointly organized food package distribution for the needy and deserving people of Chitral  #distribution #chitral #alkhidmat #tenmillionmeals #foodpackages #deserving #help #support #charity #pepsicopak #Pakistan #SaturdayThoughts  https://t.co/DFigAyJgte	en	[]	[]	['https://pbs.twimg.com/media/EfcFyhIUcAExgep.jpg', 'https://pbs.twimg.com/media/EfcFz_4VAAI5oF7.jpg', 'https://pbs.twimg.com/media/EfcFz_5UEAAFoCR.jpg', 'https://pbs.twimg.com/media/EfcFz_4UMAELqrM.jpg']	2	15	49	['pepsico', 'distribution', 'chitral', 'alkhidmat', 'tenmillionmeals', 'foodpackages', 'deserving', 'help', 'support', 'charity', 'pepsicopak', 'pakistan', 'saturdaythoughts']	[]	https://twitter.com/AlkhidmatOrg/status/1294509870817742848	False		1	https://pbs.twimg.com/media/EfcFyhIUcAExgep.jpg							[]				
1294265832802066434	1294265832802066434	2020-08-14 22:33:15 KST	2020-08-14	22:33:15	+0900	63823019	microsoftbr	Microsoft Brasil		Inovação se faz com as ferramentas certas! 💡 #MicrosoftAzure, #Microsoft365 e #MicrosoftTeams serão usados para aumentar a agilidade e capacidade de novos insights dentro da @PepsiCo em todo o mundo.🌍 Veja detalhes dessa parceria:   https://t.co/OTX8GOQbCX	pt	[{'screen_name': 'pepsico', 'name': 'pepsico', 'id': '21346619'}]	['http://msft.it/6016TUr8e']	[]	0	1	28	['microsoftazure', 'microsoft365', 'microsoftteams']	[]	https://twitter.com/MicrosoftBr/status/1294265832802066434	False		0								[]				
1294265044264509446	1294265044264509446	2020-08-14 22:30:07 KST	2020-08-14	22:30:07	+0900	21346619	pepsico	PepsiCo		We stand in solidarity with the resilient people of Lebanon. Together with PepsiCo Foundation, our bottling partner Societe Moderne Libanaise pour le Commerce (SMLC), and PepsiCo employees, we will be donating $1M.  https://t.co/H11nn2EI92	en	[]	[]	['https://pbs.twimg.com/tweet_video_thumb/EfYnMt7X0AA9a-f.jpg']	1	9	49	[]	[]	https://twitter.com/PepsiCo/status/1294265044264509446	False		1	https://pbs.twimg.com/tweet_video_thumb/EfYnMt7X0AA9a-f.jpg							[]				
1293834683445211136	1293834683445211136	2020-08-13 18:00:01 KST	2020-08-13	18:00:01	+0900	17596020	scaniagroup	Scania Group		PepsiCo in Brazil has acquired 18 compressed gas vehicles from Scania, the largest order to date of gas trucks in the country.  https://t.co/kzSKkH5CYN	en	[]	['https://www.scania.com/group/en/home/newsroom/news/2020/pepsico-leads-the-way-with-scanias-gas-trucks.html']	[]	1	13	78	[]	[]	https://twitter.com/ScaniaGroup/status/1293834683445211136	False		0								[]				
1293612308950917120	1293612308950917120	2020-08-13 03:16:23 KST	2020-08-13	03:16:23	+0900	34113439	sierraclub	Sierra Club		.@CocaColaCo &amp; @PepsiCo: All the cold drinks you make won’t matter if we keep hitting record temps around the world. Stop blocking climate laws by funding @USChamber. Stop ignoring the climate crisis &amp; drop the Chamber!  https://t.co/qc5kRgCjri #LobbyforClimate #ChangetheChamber	en	[{'screen_name': 'cocacolaco', 'name': 'the coca-cola co.', 'id': '23482357'}, {'screen_name': 'pepsico', 'name': 'pepsico', 'id': '21346619'}, {'screen_name': 'uschamber', 'name': 'u.s. chamber', 'id': '85606078'}]	['http://changethechamber.org']	[]	1	29	52	['lobbyforclimate', 'changethechamber']	[]	https://twitter.com/SierraClub/status/1293612308950917120	False		0								[]				
1293419600764313600	1293419600764313600	2020-08-12 14:30:38 KST	2020-08-12	14:30:38	+0900	168608759	usaid_india	USAID India		.@USAID &amp; @PepsiCo's partnership under #WGDP has supported 500 women in #WestBengal become potato farmers, earn steady income &amp; even access land for agriculture. In 2019-20, these women farmers' families sold 2000 metric tonne of their potato produce to PepsiCo. @IvankaTrump  https://t.co/756aqH8D5x	en	[{'screen_name': 'usaid', 'name': 'usaid', 'id': '36683668'}, {'screen_name': 'pepsico', 'name': 'pepsico', 'id': '21346619'}, {'screen_name': 'ivankatrump', 'name': 'ivanka trump', 'id': '52544275'}]	[]	['https://pbs.twimg.com/media/EfMmQawUcAApxKW.jpg', 'https://pbs.twimg.com/media/EfMmQaxUYAE11rA.jpg']	0	6	25	['wgdp', 'westbengal']	[]	https://twitter.com/usaid_india/status/1293419600764313600	False		1	https://pbs.twimg.com/media/EfMmQawUcAApxKW.jpg							[]				
1291948533818560513	1291948533818560513	2020-08-08 13:05:08 KST	2020-08-08	13:05:08	+0900	2735591	fastcompany	Fast Company		Starbucks, PepsiCo, and BMW partner to fix a global problem worth trillions  https://t.co/yHSMSgvx2U	en	[]	['http://f-st.co/VBPOTL0']	[]	0	11	48	[]	[]	https://twitter.com/FastCompany/status/1291948533818560513	False		0								[]				
1291749744407011328	1291749744407011328	2020-08-07 23:55:13 KST	2020-08-07	23:55:13	+0900	1394485897	sidharthnsingh	Sidharth Nath Singh		A wide-ranging conversation with the members of #AMCHAM.  During the interaction #PepsiCo representive announced that they have decided to increase their #UP investment portfolio to ₹ 800 Crore for their plant in Kosi, #Mathura  https://t.co/PGuLwvujXj	en	[]	[]	['https://pbs.twimg.com/media/Ee03iLrU4AA_cBR.jpg', 'https://pbs.twimg.com/media/Ee03irJU0AUIpB1.jpg']	5	16	95	['amcham', 'pepsico', 'up', 'mathura']	[]	https://twitter.com/SidharthNSingh/status/1291749744407011328	False		1	https://pbs.twimg.com/media/Ee03iLrU4AA_cBR.jpg							[]				
1291492353509908482	1291492353509908482	2020-08-07 06:52:26 KST	2020-08-07	06:52:26	+0900	2735591	fastcompany	Fast Company		Starbucks, PepsiCo, and BMW partner to fix a global problem worth trillions  https://t.co/AhgKU86x1T	en	[]	['http://f-st.co/A1DbP9E']	[]	0	8	18	[]	[]	https://twitter.com/FastCompany/status/1291492353509908482	False		0								[]				
1291428112484438016	1291428112484438016	2020-08-07 02:37:10 KST	2020-08-07	02:37:10	+0900	10252962	ktla	KTLA		PepsiCo unveils new Cheetos Mac ‘n’ Cheese product with 3 flavors  https://t.co/UHGginCMb4	en	[]	['https://ktla.com/news/nationworld/pepsico-unveils-new-cheetos-mac-n-cheese-product-with-3-flavors/']	[]	38	113	320	[]	[]	https://twitter.com/KTLA/status/1291428112484438016	False		0								[]				
1291427289545220096	1291427289545220096	2020-08-07 02:33:54 KST	2020-08-07	02:33:54	+0900	842072478834909184	sonnyperdue	Sonny Perdue		When schools are closed, kids still need to get fed. Our partnership with @BaylorCoHP, @MclaneGlobal, @PepsiCo has delivered over 25.5 million meals to kids across America. Listen here to learn more:  https://t.co/9U4sBwzV50  https://t.co/Od5RXf7N2z	en	[{'screen_name': 'baylorcohp', 'name': 'baylor collaborative on hunger and poverty', 'id': '266003003'}, {'screen_name': 'mclaneglobal', 'name': 'mclane global', 'id': '1240039761814925312'}, {'screen_name': 'pepsico', 'name': 'pepsico', 'id': '21346619'}]	['https://open.spotify.com/episode/3PSTy9xgma2UWSHnKgXDLs']	['https://pbs.twimg.com/media/EewSNX_XsAE9Brr.jpg']	3	10	33	[]	[]	https://twitter.com/SonnyPerdue/status/1291427289545220096	False		1	https://pbs.twimg.com/media/EewSNX_XsAE9Brr.jpg							[]				
1291389315688402944	1291389315688402944	2020-08-07 00:03:00 KST	2020-08-07	00:03:00	+0900	48008848	microsoftlatam	Microsoft Latinoamérica		PepsiCo distribuirá #Microsoft365 y #MicrosoftTeams a todos sus 270 mil empleados a nivel mundial, mientras #MicrosoftAzure brindará agilidad y capacidad de derivar información para la innovación, privacidad del cliente y metas de sostenibilidad.  https://t.co/XeBgd8f68S	es	[]	['http://msft.it/6017ToMFL']	[]	15	237	1082	['microsoft365', 'microsoftteams', 'microsoftazure']	[]	https://twitter.com/MicrosoftLatam/status/1291389315688402944	False		0								[]				
1291343303984766976	1291343303984766976	2020-08-06 21:00:10 KST	2020-08-06	21:00:10	+0900	759251	cnn	CNN		You can add Cheetos Mac 'n' Cheese to your list of pandemic comfort foods.  It's a way for PepsiCo to capitalize on new consumer habits and break into a new category. It also allows the company to marry products from two of its brands: Quaker and Frito-Lay  https://t.co/fTQXJVeYtG	en	[]	['https://cnn.it/33zs9X8']	[]	71	64	250	[]	[]	https://twitter.com/CNN/status/1291343303984766976	False		0								[]				
1291143465330520072	1291143465330520072	2020-08-06 07:46:05 KST	2020-08-06	07:46:05	+0900	16184358	cnnbusiness	CNN Business		You can add Cheetos Mac 'n' Cheese to your list of pandemic comfort foods.  It's a way for PepsiCo to capitalize on new consumer habits and break into a new category. It also allows the company to marry products from two of its brands: Quaker and Frito-Lay  https://t.co/bwVuGTKNMx	en	[]	['https://cnn.it/33wW3Lt']	[]	4	8	18	[]	[]	https://twitter.com/CNNBusiness/status/1291143465330520072	False		0								[]				
1291105458888089601	1291105458888089601	2020-08-06 05:15:03 KST	2020-08-06	05:15:03	+0900	12480582	adage	Ad Age		Here's the mashup that 2020 needs...@PepsiCo brings us Cheetos Mac ‘n Cheese.  https://t.co/lwkOcuGGDz	en	[{'screen_name': 'pepsico', 'name': 'pepsico', 'id': '21346619'}]	['http://ow.ly/Nsjc50AROGv']	[]	2	4	13	[]	[]	https://twitter.com/adage/status/1291105458888089601	False		0								[]				
1291086367250944001	1291086367250944001	2020-08-06 03:59:11 KST	2020-08-06	03:59:11	+0900	34113439	sierraclub	Sierra Club		.@CocaColaCo &amp; @PepsiCo: The world is headed for record temps while you continue to block climate laws by funding @USChamber. It's time to stop ignoring the climate crisis &amp; drop the Chamber!  https://t.co/qc5kRgCjri #LobbyforClimate #ChangetheChamber	en	[{'screen_name': 'cocacolaco', 'name': 'the coca-cola co.', 'id': '23482357'}, {'screen_name': 'pepsico', 'name': 'pepsico', 'id': '21346619'}, {'screen_name': 'uschamber', 'name': 'u.s. chamber', 'id': '85606078'}]	['http://changethechamber.org']	[]	2	35	49	['lobbyforclimate', 'changethechamber']	[]	https://twitter.com/SierraClub/status/1291086367250944001	False		0								[]				
1291076820788490240	1291076820788490240	2020-08-06 03:21:15 KST	2020-08-06	03:21:15	+0900	242555999	senwhitehouse	Sheldon Whitehouse		.@USChamber is one of the worst two climate obstructors in the United States. By belonging to @USChamber, companies like @CocaCola @PepsiCo &amp; so many more are funding climate denial. #ChangeTheChamber or quit.	en	[{'screen_name': 'uschamber', 'name': 'u.s. chamber', 'id': '85606078'}, {'screen_name': 'uschamber', 'name': 'u.s. chamber', 'id': '85606078'}, {'screen_name': 'cocacola', 'name': 'coca-cola', 'id': '26787673'}, {'screen_name': 'pepsico', 'name': 'pepsico', 'id': '21346619'}]	[]	[]	20	135	327	['changethechamber']	[]	https://twitter.com/SenWhitehouse/status/1291076820788490240	False		0								[]				
1290470587194904579	1290470587194904579	2020-08-04 11:12:18 KST	2020-08-04	11:12:18	+0900	421701259	gaonconnection	GaonConnection		पेप्सिको कंपनी ने अपने यहां 20-25 वर्षों से काम कर रहे 63 कर्मचारियों को व्हाट्सएप पर मैसेज भेजकर नौकरी से निकाल दिया। अब ये कर्मचारी सरकार से इच्छामृत्यु की मांग कर रहे हैं। @PepsiCo @PepsiCoIndia @CMOfficeUP  https://t.co/Tsyc60nKsU	hi	[{'screen_name': 'pepsico', 'name': 'pepsico', 'id': '21346619'}, {'screen_name': 'pepsicoindia', 'name': 'pepsico', 'id': '2825622506'}, {'screen_name': 'cmofficeup', 'name': 'cm office, goup', 'id': '2587240482'}]	['https://www.gaonconnection.com/desh/pepsico-plant-kanpur-dehat-terminate-their-63-employee-sent-termination-letter-on-whatsapp-47899']	[]	0	12	34	[]	[]	https://twitter.com/GaonConnection/status/1290470587194904579	False		0								[]				
1290302152749903873	1290302152749903873	2020-08-04 00:03:00 KST	2020-08-04	00:03:00	+0900	1337776009	msftmexico	Microsoft México		PepsiCo distribuirá #Microsoft365 y #MicrosoftTeams a todos sus 270 mil empleados a nivel mundial, mientras #MicrosoftAzure brindará agilidad y capacidad de derivar información para la innovación, privacidad del cliente y metas de sostenibilidad.  https://t.co/nTzfZKUrmq	es	[]	['http://msft.it/6011ToMFN']	[]	0	9	24	['microsoft365', 'microsoftteams', 'microsoftazure']	[]	https://twitter.com/MSFTMexico/status/1290302152749903873	False		0								[]				
1290296182313549826	1290296182313549826	2020-08-03 23:39:17 KST	2020-08-03	23:39:17	+0900	6911912	florws	Florencia Pulla		Globant compra gA, una multinacional argentina que una vez soñó con cotizar en el Nasdaq pero a la que le pinchó el globo el 2001.   ¿Las negociaciones? Todas por videollamada. Suman 1100 empleados y clientes como Pepsico y DHL 👇🏼👇🏼👇🏼👇🏼   https://t.co/8XmL6c8K2B	es	[]	['https://www.infotechnology.com/negocios/Globant-compra-gA-la-multinacional-argentina-que-sobrevivio-al-2001-y-hoy-atiende-a-las-empresas-mas-poderosas-del-mundo-20200803-0004.html#_ga=2.207880658.1121356217.1596465142-703387653.1527691892']	[]	1	5	22	[]	[]	https://twitter.com/florws/status/1290296182313549826	False		0								[]				
1289954067494576129	1289954067494576129	2020-08-03 00:59:50 KST	2020-08-03	00:59:50	+0900	99719314	juhiesingh	Juhie Singh		ITC &amp;PEPSICO been in up for more than 20 yrs @AmanKayamHai_ET PMSinha then chairman accompanied Netaji on a delegation to UK,Pantnagar Univ(then in up)collaborated in developing thier Chipsona variety ,UP was not a sleeping beauty waiting for its Prince Charming  @yadavakhilesh	en	[{'screen_name': 'yadavakhilesh', 'name': 'akhilesh yadav', 'id': '57948579'}]	[]	[]	2	9	47	[]	[]	https://twitter.com/juhiesingh/status/1289954067494576129	False	https://twitter.com/AmanKayamHai_/status/1289756761813966848	0								[]				
