id	conversation_id	created_at	date	time	timezone	user_id	username	name	place	tweet	language	mentions	urls	photos	replies_count	retweets_count	likes_count	hashtags	cashtags	link	retweet	quote_url	video	thumbnail	near	geo	source	user_rt_id	user_rt	retweet_id	reply_to	retweet_date	translate	trans_src	trans_dest
1333079143806853120	1332987632469602304	2020-11-30 01:03:29 KST	2020-11-30	01:03:29	+0900	28763451	samgerrits	Sam		In 2017 schreef the @guardian over hoe Unilever met Pepsico en Nestlé het tropische woud verwoest om palmolie. De website van de in 2018 overgenomen Vegaslager vermeldt nog steeds dat hun palmolie duurzaam is. Maar ja, als je ineens enorm gaat opschalen, onder nieuw management...  https://t.co/9XCElTLtz1	nl	[{'screen_name': 'guardian', 'name': 'the guardian', 'id': '87818409'}]	[]	['https://pbs.twimg.com/media/EoAK6-JWMAAwRfN.jpg', 'https://pbs.twimg.com/media/EoALOrxW8AcRpDz.png', 'https://pbs.twimg.com/media/EoALPwpWEAUEhFi.jpg']	2	7	25	[]	[]	https://twitter.com/samgerrits/status/1333079143806853120	False		1	https://pbs.twimg.com/media/EoAK6-JWMAAwRfN.jpg							[]				
1332385596908711938	1332385596908711938	2020-11-28 03:07:35 KST	2020-11-28	03:07:35	+0900	401775393	assaadrazzouk	Assaad Razzouk		Here's how much plastic the world's worst polluters dump on us, in elephants  @CocaCola 725,000 elephants @PepsiCo 575K @Nestle 425K @Danone 205K @ProcterGamble 178K @Unilever 175K  while 93% of it is not recycled and we now each eat and breathe 200,000 plastic particles/ year  https://t.co/jGdHLlTWo4	en	[{'screen_name': 'cocacola', 'name': 'coca-cola', 'id': '26787673'}, {'screen_name': 'pepsico', 'name': 'pepsico', 'id': '21346619'}, {'screen_name': 'nestle', 'name': 'nestlé', 'id': '23085995'}, {'screen_name': 'danone', 'name': 'danone', 'id': '570715775'}, {'screen_name': 'proctergamble', 'name': 'procter & gamble', 'id': '27025414'}, {'screen_name': 'unilever', 'name': 'unilever #staysafe', 'id': '109224937'}]	[]	['https://pbs.twimg.com/media/En2QB13XEAI1dgL.jpg']	5	56	73	[]	[]	https://twitter.com/AssaadRazzouk/status/1332385596908711938	False		1	https://pbs.twimg.com/media/En2QB13XEAI1dgL.jpg							[]				
1331620236672417794	1331620236672417794	2020-11-26 00:26:19 KST	2020-11-26	00:26:19	+0900	2652536876	indranooyi	Indra Nooyi		Congratulations to @LaurenHobart for being named the CEO of @DICKS. Lauren was a great leader during her time at @PepsiCo and has clearly brought sharp strategy and superb management to Dick’s Sporting Goods. I’m just one of many who are thrilled to see her take on this new role.	en	"[{'screen_name': 'laurenhobart', 'name': 'lauren hobart', 'id': '40925972'}, {'screen_name': 'dicks', 'name': ""dick's sporting goods"", 'id': '41135906'}, {'screen_name': 'pepsico', 'name': 'pepsico', 'id': '21346619'}]"	[]	[]	4	4	58	[]	[]	https://twitter.com/IndraNooyi/status/1331620236672417794	False	https://twitter.com/business/status/1331245195799752711	0								[]				
1331599596615823360	1331599596615823360	2020-11-25 23:04:18 KST	2020-11-25	23:04:18	+0900	1026414410452152320	ramonlaguarta	Ramon Laguarta		Through all the troubles experienced in 2020, the @PepsiCo team has demonstrated profound resilience. As we enter the season of giving thanks, I’m so grateful for our incredible associates who continue to drive our company, and our communities, forward.  https://t.co/E5z8yj9LlC	en	[{'screen_name': 'pepsico', 'name': 'pepsico', 'id': '21346619'}]	['https://www.linkedin.com/pulse/happy-thanksgiving-ramon-laguarta/?published=t']	[]	155	38	523	[]	[]	https://twitter.com/ramonlaguarta/status/1331599596615823360	False		0								[]				
1331296595497934849	1331296595497934849	2020-11-25 03:00:17 KST	2020-11-25	03:00:17	+0900	74991835	websummit	Web Summit		Senior VP and chief design officer of @PepsiCo, @MauroPorcini, has a message for #WebSummit attendees ahead of his event keynote next week. He'll be discussing the value of design thinking in a post-Covid world, and what you need to do to stay ahead of the competition 💪  https://t.co/3w19kESctE	en	[{'screen_name': 'pepsico', 'name': 'pepsico', 'id': '21346619'}, {'screen_name': 'mauroporcini', 'name': 'mauro porcini', 'id': '374071244'}]	[]	[]	0	2	23	['websummit']	[]	https://twitter.com/WebSummit/status/1331296595497934849	False		1	https://pbs.twimg.com/ext_tw_video_thumb/1331296535536144391/pu/img/bz6d6QhkFZOSptET.jpg							[]				
1331190689741172737	1331190689741172737	2020-11-24 19:59:27 KST	2020-11-24	19:59:27	+0900	39240673	abpnews	ABP News		Former Pepsico Chairman Indira Nooyi Likely To Be Part Of Joe Biden's Cabinet  Know More About It  https://t.co/4Ndu1l59qg	en	[]	['https://news.abplive.com/videos/news/india-indira-nooyi-can-join-biden-cabinet-as-commerce-minister-1396206']	[]	1	3	60	[]	[]	https://twitter.com/ABPNews/status/1331190689741172737	False		0								[]				
1331008542774620162	1331008542774620162	2020-11-24 07:55:40 KST	2020-11-24	07:55:40	+0900	30070288	exame	exame		Coca-Cola, Pepsico e 10 empresas se unem em compromisso de equidade racial  https://t.co/xHaF6HrBIN	pt	[]	['https://exame.com/negocios/coca-cola-pepsico-e-10-empresas-se-unem-em-compromisso-de-equidade-racial/']	[]	5	3	57	[]	[]	https://twitter.com/exame/status/1331008542774620162	False		0								[]				
1330834730934263808	1330834730934263808	2020-11-23 20:25:00 KST	2020-11-23	20:25:00	+0900	2380861230	techbarcelona	Tech Barcelona		NEWS | La multinacional del sector de la alimentación y bebidas @PepsiCo_ESP nuevo Global Partner de @bcntechcity.   👋Welcome! #partners #bcntechcity  https://t.co/M9odUnrJu1	es	[{'screen_name': 'pepsico_esp', 'name': 'pepsico españa', 'id': '382096919'}]	['https://barcelonatechcity.com/press-releases/pepsico-impulsa-su-transformacion-digital-y-se-convierte-en-global-partner-de-barcelona-tech-city/']	[]	0	1	19	['partners', 'bcntechcity']	[]	https://twitter.com/TechBarcelona/status/1330834730934263808	False		0								[]				
1330275868917321731	1330275868917321731	2020-11-22 07:24:17 KST	2020-11-22	07:24:17	+0900	314690118	krg_usa	KRG-USA		American companies @honeywell, @Citi, @PepsiCo, and @CochlearUS  will be discussing their experience of working in @Kurdistan and wider Iraq, and providing their business outlook for the future. #InvestKurdistan @USChamber                     Registration:  https://t.co/7wL3gNVfy2  https://t.co/1PAaSDeMRQ	en	[{'screen_name': 'honeywell', 'name': 'honeywell', 'id': '64764487'}, {'screen_name': 'citi', 'name': 'citi', 'id': '79320096'}, {'screen_name': 'pepsico', 'name': 'pepsico', 'id': '21346619'}, {'screen_name': 'cochlearus', 'name': 'cochlear americas', 'id': '114768246'}, {'screen_name': 'kurdistan', 'name': 'kurdistan regional government', 'id': '86853497'}, {'screen_name': 'uschamber', 'name': 'u.s. chamber', 'id': '85606078'}]	['https://bit.ly/3kIeQIZ']	['https://pbs.twimg.com/media/EnYW2bdXIAA532g.jpg']	1	11	32	['investkurdistan']	[]	https://twitter.com/KRG_USA/status/1330275868917321731	False		1	https://pbs.twimg.com/media/EnYW2bdXIAA532g.jpg							[]				
1329926278712090634	1329926278712090634	2020-11-21 08:15:08 KST	2020-11-21	08:15:08	+0900	3108351	wsj	The Wall Street Journal		PepsiCo has redesigned the two-liter bottles in which it sells its drinks on store shelves in North America, replacing the familiar cylinders with more sculpted shapes  https://t.co/Eee5Lonh6x	en	[]	['https://on.wsj.com/3lP58pm']	[]	23	11	63	[]	[]	https://twitter.com/WSJ/status/1329926278712090634	False		0								[]				
1329900836491812864	1329900836491812864	2020-11-21 06:34:02 KST	2020-11-21	06:34:02	+0900	14505497	emiliomoreno	Emílio Moreno 🐊		Racismo não interfere nos lucros, por isso fornecedores do Carrefour calam  Unilever, Coca-Cola, Bunge e Pepsico, algumas das principais marcas fornecedoras da rede, não fizeram uma única manifestação sobre o ocorrido.  E elas se dizem antirracistas.  https://t.co/0eLFVf0SPf	pt	[]	['https://noticias.uol.com.br/colunas/ronilso-pacheco/2020/11/20/racismo-tambem-e-sobre-mercado-carrefour-e-fornecedores-estao-juntos.htm']	[]	0	3	19	[]	[]	https://twitter.com/emiliomoreno/status/1329900836491812864	False		0								[]				
1329824999348334593	1329822680699252740	2020-11-21 01:32:41 KST	2020-11-21	01:32:41	+0900	877236050397147136	movnaranja3	Movimiento Naranja		@PremiosPopis @PepsiCo Por algo esos paquetes miden su contenido por peso, no por volumen  Si el paquete pesa lo que dice, no están robando a nadie	es	[]	[]	[]	1	1	91	[]	[]	https://twitter.com/MovNaranja3/status/1329824999348334593	False		0								[{'screen_name': 'PremiosPopis', 'name': 'Premios Naty Bedoya de Uribe', 'id': '3147103332'}, {'screen_name': 'PepsiCo', 'name': 'PepsiCo', 'id': '21346619'}]				
1329788153167831044	1329788153167831044	2020-11-20 23:06:16 KST	2020-11-20	23:06:16	+0900	26095909	athigeleba	ATHI GELEBA 🇿🇦		President Ramaphosa’s investment conference bags R109.6 billion – including investments from Google and Pepsico  https://t.co/XM4jvfxQ8T	en	[]	['https://businesstech.co.za/news/finance/449859/ramaphosas-investment-conference-bags-r109-6-billion-including-investments-from-google-and-pepsico/']	[]	13	16	44	[]	[]	https://twitter.com/AthiGeleba/status/1329788153167831044	False		0								[]				
1329149434589032448	1329149434589032448	2020-11-19 04:48:14 KST	2020-11-19	04:48:14	+0900	1613681130	michellenunn	Michelle Nunn		Honored to announce The @PepsiCo Foundation &amp; @CARE were recognized by the @USCCFoundation as a 2020 Citizens Award winner for Best Economic Opportunity and Empowerment Program for #SheFeedsTheWorld. @USCCFBiz4Good #Citizens2020  https://t.co/FVOcTlt150	en	[{'screen_name': 'pepsico', 'name': 'pepsico', 'id': '21346619'}, {'screen_name': 'care', 'name': 'care (care.org)', 'id': '16834046'}, {'screen_name': 'usccfoundation', 'name': 'u.s. chamber of commerce foundation', 'id': '29796093'}, {'screen_name': 'usccfbiz4good', 'name': 'usccfbiz4good', 'id': '16686516'}]	[]	['https://pbs.twimg.com/media/EnIWUjnXUAAI5jf.jpg']	2	6	30	['shefeedstheworld', 'citizens2020']	[]	https://twitter.com/MichelleNunn/status/1329149434589032448	False		1	https://pbs.twimg.com/media/EnIWUjnXUAAI5jf.jpg							[]				
1329129863119331336	1329129863119331336	2020-11-19 03:30:28 KST	2020-11-19	03:30:28	+0900	2511399482	jon_banner1	Jon Banner		The @PepsiCo Foundation is honored to receive the @USCCFBiz4Good's Citizens Award in partnership with @CARE. Through She Feeds the World, we've made great strides towards building a more sustainable and inclusive food system. #Citizens2020  https://t.co/LODAZFbjp2	en	[{'screen_name': 'pepsico', 'name': 'pepsico', 'id': '21346619'}, {'screen_name': 'usccfbiz4good', 'name': 'usccfbiz4good', 'id': '16686516'}, {'screen_name': 'care', 'name': 'care (care.org)', 'id': '16834046'}]	[]	['https://pbs.twimg.com/media/EnIEDOdXEAY1-Ia.jpg']	1	3	13	['citizens2020']	[]	https://twitter.com/jon_banner1/status/1329129863119331336	False		1	https://pbs.twimg.com/media/EnIEDOdXEAY1-Ia.jpg							[]				
1329093800011177986	1329093800011177986	2020-11-19 01:07:09 KST	2020-11-19	01:07:09	+0900	21346619	pepsico	PepsiCo		Design is a critical component of consumer experience; congrats to our amazing PepsiCo Design Team on ten 2020 @reddot awards, and another year of impactful work!  https://t.co/gRuiR1Geo2	en	[{'screen_name': 'reddot', 'name': 'red dot', 'id': '1285443074'}]	[]	[]	4	14	61	[]	[]	https://twitter.com/PepsiCo/status/1329093800011177986	False		1	https://pbs.twimg.com/ext_tw_video_thumb/1329093774342021121/pu/img/J4yhbWMBo_X3VXGc.jpg							[]				
1328797682765336576	1328797682765336576	2020-11-18 05:30:30 KST	2020-11-18	05:30:30	+0900	430995737	girlswhocode	Girls Who Code		We sat down with @IndraNooyi, former CEO of PepsiCo and one of the few woc to lead a Fortune 100 company to discuss sisterhood, the challenges of being a woman of color at the top. Check out the latest ep. of @ReshmaSaujani’s #BraveNotPerfect.  https://t.co/TwuXgCj45K	en	[{'screen_name': 'indranooyi', 'name': 'indra nooyi', 'id': '2652536876'}, {'screen_name': 'reshmasaujani', 'name': 'reshmasaujani', 'id': '57172253'}]	['https://apple.co/3kGtZui']	[]	0	7	35	['bravenotperfect']	[]	https://twitter.com/GirlsWhoCode/status/1328797682765336576	False		0								[]				
1328766239381069826	1328766239381069826	2020-11-18 03:25:33 KST	2020-11-18	03:25:33	+0900	48937174	barnardfox5dc	Bob Barnard		The @WashingtonNFL &amp; its Charitable Fdn handing out #Thanksgiving meals to 2,500 families in @PrinceGeorgesMD today. @EIGHTTODANINE &amp; @Fsmoot21SeanT helping @foodbankmetrodc @PepsiCo @Safeway &amp; @RyanHomes1948 A drive thru @FedExField this year because of #Covid_19  @fox5dc  https://t.co/HWZE0vRKNU	en	[{'screen_name': 'washingtonnfl', 'name': 'washington football team', 'id': '36375662'}, {'screen_name': 'princegeorgesmd', 'name': 'princegeorgesmd', 'id': '28589777'}, {'screen_name': 'eighttodanine', 'name': 'santana moss', 'id': '260600105'}, {'screen_name': 'fsmoot21seant', 'name': 'fred smoot', 'id': '376907632'}, {'screen_name': 'foodbankmetrodc', 'name': 'capital area food bank', 'id': '17626836'}, {'screen_name': 'pepsico', 'name': 'pepsico', 'id': '21346619'}, {'screen_name': 'safeway', 'name': 'safeway', 'id': '29286254'}, {'screen_name': 'ryanhomes1948', 'name': 'ryan homes', 'id': '415129469'}, {'screen_name': 'fedexfield', 'name': 'fedexfield', 'id': '3260316397'}, {'screen_name': 'fox5dc', 'name': 'fox 5 dc', 'id': '13918492'}]	[]	[]	0	3	16	['thanksgiving', 'covid_19']	[]	https://twitter.com/barnardfox5dc/status/1328766239381069826	False		1	https://pbs.twimg.com/ext_tw_video_thumb/1328766149530673152/pu/img/q8AAsPzmtueBiKt-.jpg							[]				
1328368534070697984	1328368534070697984	2020-11-17 01:05:13 KST	2020-11-17	01:05:13	+0900	2735591	fastcompany	Fast Company		After 30 years, PepsiCo redesigned the two-liter bottle. Here’s why  https://t.co/uKeKXoTEiW	en	[]	['http://f-st.co/B3D8EYl']	[]	1	5	22	[]	[]	https://twitter.com/FastCompany/status/1328368534070697984	False		0								[]				
1328026609090252800	1328026609090252800	2020-11-16 02:26:31 KST	2020-11-16	02:26:31	+0900	922883114933899264	bublywater	bublywater		haayy, it’s #AmericaRecyclesDay! the day you tell us why you recycle at home for a chance to win $5,000 just for making the world a fizzin’ better place. reply with #RecycleAtHomeSweepstakes to enter. @PepsiCo. ends 11/16/20 50 US/DC 18+. see rules: short.url/aBcXyZ  https://t.co/9i2CPDJbOy	en	[{'screen_name': 'pepsico', 'name': 'pepsico', 'id': '21346619'}]	[]	['https://pbs.twimg.com/media/Em4ZKM1XUAERsRq.jpg']	761	58	466	['americarecyclesday', 'recycleathomesweepstakes']	[]	https://twitter.com/bublywater/status/1328026609090252800	False		1	https://pbs.twimg.com/media/Em4ZKM1XUAERsRq.jpg							[]				
1327993741962047490	1327993741962047490	2020-11-16 00:15:55 KST	2020-11-16	00:15:55	+0900	460190713	pureleaf	Pure Leaf		Why do you recycle at home? Reply with #RecycleAtHomeSweepstakes and you could win $5,000 🍃 @pepsico #AmericaRecyclesDay . . . Ends 11/16/20 All 50 States + DC Must be 18+ See rules at  https://t.co/e1KlQNg6hZ  https://t.co/NjeyAODzF5	en	[{'screen_name': 'pepsico', 'name': 'pepsico', 'id': '21346619'}]	['http://PepsiCoRecycleAtHome.com']	['https://pbs.twimg.com/media/Em37Oc0WMAcJeCf.jpg']	902	92	785	['recycleathomesweepstakes', 'americarecyclesday']	[]	https://twitter.com/PureLeaf/status/1327993741962047490	False		1	https://pbs.twimg.com/media/Em37Oc0WMAcJeCf.jpg							[]				
1327359344602656768	1327359344602656768	2020-11-14 06:15:03 KST	2020-11-14	06:15:03	+0900	30205586	adweek	Adweek		PepsiCo is prepping the international rollout of an in-house media optimization tool called ROI Engine, an initiative that has helped trim millions of dollars of waste from its online media spend in the U.S.  https://t.co/uxlLiAeUUL	en	[]	['https://adweek.it/3eWaTyM']	[]	2	1	13	[]	[]	https://twitter.com/Adweek/status/1327359344602656768	False		0								[]				
1327115482915287040	1327115482915287040	2020-11-13 14:06:02 KST	2020-11-13	14:06:02	+0900	30205586	adweek	Adweek		PepsiCo is preparing the international rollout of an in-house media optimization tool called ROI Engine, an initiative that has helped trim millions of dollars of waste from its online media spend in the U.S.  https://t.co/uxlLiAeUUL  https://t.co/UZArjGOyYD	en	[]	['https://adweek.it/3eWaTyM']	['https://pbs.twimg.com/media/Emrcf6zXMAUfXlo.jpg']	1	7	24	[]	[]	https://twitter.com/Adweek/status/1327115482915287040	False		1	https://pbs.twimg.com/media/Emrcf6zXMAUfXlo.jpg							[]				
1327031475162603521	1327031475162603521	2020-11-13 08:32:13 KST	2020-11-13	08:32:13	+0900	284845901	bydcompany	BYD		Congratulations @PepsiCo for being named by @GreenBiz as having 1 of the US's top 25 sustainable fleets  PepsiCo has embraced #zeroemission tech as it works towards reducing its total GHGs emissions by 20%  It's fleet includes BYD 8Y electric yard trucks &amp; a dozen BYD e-forklifts  https://t.co/J5FlS4ajMc	en	[{'screen_name': 'pepsico', 'name': 'pepsico', 'id': '21346619'}, {'screen_name': 'greenbiz', 'name': 'greenbiz', 'id': '15942016'}]	[]	['https://pbs.twimg.com/media/EmqP2fzVEAAEdzo.png']	2	10	53	['zeroemission']	[]	https://twitter.com/BYDCompany/status/1327031475162603521	False		1	https://pbs.twimg.com/media/EmqP2fzVEAAEdzo.png							[]				
1326872462311690240	1326872462311690240	2020-11-12 22:00:21 KST	2020-11-12	22:00:21	+0900	30205586	adweek	Adweek		To provide home cooks with both inspiration and a source of pleasure during a difficult period, PepsiCo is rolling out a new recipe hub and two cookbooks—one with recipes that incorporate Cheetos, and another that features Mountain Dew.  https://t.co/TjxzpcB8HP  https://t.co/z1IhqrT3VJ	en	[]	['https://adweek.it/2IrkAt1']	['https://pbs.twimg.com/media/Emn_eRBWMAE6pCK.jpg']	0	0	15	[]	[]	https://twitter.com/Adweek/status/1326872462311690240	False		1	https://pbs.twimg.com/media/Emn_eRBWMAE6pCK.jpg							[]				
1326546740573466625	1326546740573466625	2020-11-12 00:26:03 KST	2020-11-12	00:26:03	+0900	1026414410452152320	ramonlaguarta	Ramon Laguarta		Veterans make our country and our company stronger.   At @PepsiCo, we know that well — we have had four veteran CEOs and have hired 4,000 veterans in just the past three years.   Every day, but especially on #VeteransDay, we recognize and honor all those who have served.  https://t.co/7sJYpKoOFY	en	[{'screen_name': 'pepsico', 'name': 'pepsico', 'id': '21346619'}]	[]	['https://pbs.twimg.com/media/EmjV5f1U4AAPyOl.jpg']	1	4	28	['veteransday']	[]	https://twitter.com/ramonlaguarta/status/1326546740573466625	False		1	https://pbs.twimg.com/media/EmjV5f1U4AAPyOl.jpg							[]				
1326289101977481222	1326289101977481222	2020-11-11 07:22:17 KST	2020-11-11	07:22:17	+0900	15837189	matociquala	Elizabeth Bear		PepsiCo brands include Pepsi, Lay's, Gatorade, Tropicana, 7 Up, Doritos, Brisk, Quaker, Cheetos, Ruffles, Aquafina, Naked, Kevita, Propel, Sobe, H2oh, Sabra, Starbucks (ready to Drink Beverages), Tostitos, Sierra Mist, Fritos, Walkers, and Bubly.  #BoycottPepsi	en	[]	[]	[]	3	15	23	['boycottpepsi']	[]	https://twitter.com/matociquala/status/1326289101977481222	False	https://twitter.com/kurteichenwald/status/1326287872777981960	0								[]				
1326287872777981960	1326287872777981960	2020-11-11 07:17:24 KST	2020-11-11	07:17:24	+0900	215207998	kurteichenwald	Kurt Eichenwald		Retweet this image.  If @PepsiCo wants to do business with law firms like @JonesDay that are trying to invalidate African American votes, to hell with them. #BoycottPepsi #DrinkCoke  https://t.co/s0GLupknKa	en	[{'screen_name': 'pepsico', 'name': 'pepsico', 'id': '21346619'}, {'screen_name': 'jonesday', 'name': 'jones day', 'id': '27892177'}]	[]	['https://pbs.twimg.com/media/Emfrx4sXIAEQf5c.jpg']	34	461	691	['boycottpepsi', 'drinkcoke']	[]	https://twitter.com/kurteichenwald/status/1326287872777981960	False		1	https://pbs.twimg.com/media/Emfrx4sXIAEQf5c.jpg							[]				
1326285705878908929	1326285705878908929	2020-11-11 07:08:48 KST	2020-11-11	07:08:48	+0900	215207998	kurteichenwald	Kurt Eichenwald		Since @PepsiCo pays a lot  to @JonesDay, which is in court trying to overturn the election with lies &amp; disenfranchise 100,000 African Americans - take photos of you burning Pepsi symbols. Anyone who works to fight black suffrage is a racist. And so are their buddies #BoycottPepsi	en	[{'screen_name': 'pepsico', 'name': 'pepsico', 'id': '21346619'}, {'screen_name': 'jonesday', 'name': 'jones day', 'id': '27892177'}]	[]	[]	24	195	470	['boycottpepsi']	[]	https://twitter.com/kurteichenwald/status/1326285705878908929	False		0								[]				
1326285023570522119	1326285023570522119	2020-11-11 07:06:05 KST	2020-11-11	07:06:05	+0900	215207998	kurteichenwald	Kurt Eichenwald		"By the way, @CocaCola - a great campaign right now, given that @PepsiCo is buddies with people trying to disenfranchise 100,000 African Americans - would be ""Drink Coke. We won't work with racists who hate democracy.""  #BoycottPepsi"	en	[{'screen_name': 'cocacola', 'name': 'coca-cola', 'id': '26787673'}, {'screen_name': 'pepsico', 'name': 'pepsico', 'id': '21346619'}]	[]	[]	25	140	485	['boycottpepsi']	[]	https://twitter.com/kurteichenwald/status/1326285023570522119	False	https://twitter.com/kurteichenwald/status/1326283139774373889	0								[]				
1326283139774373889	1326283139774373889	2020-11-11 06:58:36 KST	2020-11-11	06:58:36	+0900	215207998	kurteichenwald	Kurt Eichenwald		Hey! Another big @JonesDay client is @PepsiCo. Yo, @Pepsi: Your lawyers are now in court fighting to throw out 100,000 African American votes. You cool with racist attacks on black suffrage?  Better  tell them to stop attacking democracy. Or fire them. Till then...#BoycottPepsi	en	[{'screen_name': 'jonesday', 'name': 'jones day', 'id': '27892177'}, {'screen_name': 'pepsico', 'name': 'pepsico', 'id': '21346619'}, {'screen_name': 'pepsi', 'name': 'pepsi', 'id': '18139619'}]	[]	[]	49	591	1319	['boycottpepsi']	[]	https://twitter.com/kurteichenwald/status/1326283139774373889	False		0								[]				
1326257302832214016	1326257302832214016	2020-11-11 05:15:56 KST	2020-11-11	05:15:56	+0900	21313357	agowa	Washington State Attorney General		#BREAKING The Washington State Court of Appeals upholds $18 million penalty in campaign finance case against a trade organization of large companies, including  PepsiCo, Inc, Nestle USA, Inc, and The Coca Cola Company.  https://t.co/8cSSguWNnI	en	[]	[]	['https://pbs.twimg.com/media/EmfPmexU4AAflKd.jpg']	8	29	153	['breaking']	[]	https://twitter.com/AGOWA/status/1326257302832214016	False		1	https://pbs.twimg.com/media/EmfPmexU4AAflKd.jpg							[]				
1326093503882031105	1326093503882031105	2020-11-10 18:25:03 KST	2020-11-10	18:25:03	+0900	225732136	pepsicofrance	PepsiCo France		« En cette période de crise, loin de freiner nos engagements, nous nous devons d’accélérer pour contribuer à un système alimentaire plus durable. » Olivier Péchereau, Directeur général de PepsiCo France. #EconomieCirculaire  https://t.co/KkIzOSIK2V  https://t.co/KprjzUWHeF	fr	[]	['https://buff.ly/38x8t8L']	['https://pbs.twimg.com/media/Emc7A6cXUAA2Vao.png']	7	0	16	['economiecirculaire']	[]	https://twitter.com/pepsicofrance/status/1326093503882031105	False		1	https://pbs.twimg.com/media/Emc7A6cXUAA2Vao.png							[]				
1325991469191192578	1325991469191192578	2020-11-10 11:39:36 KST	2020-11-10	11:39:36	+0900	16513416	fox35orlando	FOX 35 Orlando		Shaq, along with PepsiCo and the Orlando Magic, helped break ground on a new basketball court at Harbor House of Central Florida, Orange County's only state-certified domestic violence organization.  https://t.co/8BmgXK20cj	en	[]	['https://www.fox35orlando.com/news/former-orlando-magic-star-shaq-helps-break-ground-on-new-basketball-courts']	[]	1	6	39	[]	[]	https://twitter.com/fox35orlando/status/1325991469191192578	False		0								[]				
1325969501968588801	1325967561993949185	2020-11-10 10:12:19 KST	2020-11-10	10:12:19	+0900	15705542	camorris	Chris Morris		@BrentTerhune 8 hrs total, two shifts at Taco Bueno, Dallas TX. After a couple weeks of PepsiCo video training I was told on my first day to scrub the taco meat vat/autoclave with a Brillo pad the size of a catcher’s mitt. Shit was baked on.. second day? Same assignment. No thanks.	en	[]	[]	[]	3	0	52	[]	[]	https://twitter.com/camorris/status/1325969501968588801	False		0								[{'screen_name': 'BrentTerhune', 'name': 'Brent in Lexington 8.19-21', 'id': '30826525'}]				
1325800349274402816	1325800349274402816	2020-11-09 23:00:10 KST	2020-11-09	23:00:10	+0900	851526206	speedway	Speedway		We're celebrating the first anniversary of Speedy Deals! 🎉 We've teamed up with PepsiCo to bring you exclusive savings and 1000 FREE bonus points! Download the app to celebrate with us!  https://t.co/AUjyP3uTio  https://t.co/ZfUXbDa7Mk	en	[]	['https://www.speedway.com/About/MobileApps']	[]	1	3	22	[]	[]	https://twitter.com/Speedway/status/1325800349274402816	False		1	https://pbs.twimg.com/ext_tw_video_thumb/1325800316630147073/pu/img/LVchnqJwIptkhZ0G.jpg							[]				
1324812610118692865	1324812610118692865	2020-11-07 05:35:14 KST	2020-11-07	05:35:14	+0900	320572196	towson_fb	Towson Football		This week's Tiger Talk, presented by @PepsiCo, Spiro Morekas catches up with Towson football great and two-time Super Bowl champion Sean Landeta!  https://t.co/gHzr3crmBm	en	[{'screen_name': 'pepsico', 'name': 'pepsico', 'id': '21346619'}]	[]	[]	0	2	14	[]	[]	https://twitter.com/Towson_FB/status/1324812610118692865	False		1	https://pbs.twimg.com/amplify_video_thumb/1324810942060752896/img/23S55bfgcKGhz5W-.jpg							[]				
1324613315616624640	1324613315616624640	2020-11-06 16:23:19 KST	2020-11-06	16:23:19	+0900	2825622506	pepsicoindia	PepsiCo		As part of continued efforts to fight the pandemic, PepsiCo India has rolled out awareness programs focused on hygiene for the trucker’s community in Howrah, West Bengal. Additionally, hygiene kits which include masks and sanitizers are also being distributed. #IndiaFightsCorona  https://t.co/NPKBq6dim2	en	[]	[]	['https://pbs.twimg.com/media/EmH4S2NVcAAtuoS.jpg']	10	4	20	['indiafightscorona']	[]	https://twitter.com/PepsiCoIndia/status/1324613315616624640	False		1	https://pbs.twimg.com/media/EmH4S2NVcAAtuoS.jpg							[]				
1324457608682463232	1324457608682463232	2020-11-06 06:04:35 KST	2020-11-06	06:04:35	+0900	23646194	redcrossnorcal	Red Cross Northern California Coastal Region		In partnership with @PepsiCo, the @49ers donated several pallets of @aquafina and @bublywater to NorCal communities affected by the major #LightningComplex #wildfires this fall. Thank you!  https://t.co/M2AELbAMgx	en	[{'screen_name': 'pepsico', 'name': 'pepsico', 'id': '21346619'}, {'screen_name': '49ers', 'name': 'san francisco 49ers', 'id': '43403778'}, {'screen_name': 'aquafina', 'name': 'aquafina', 'id': '443968204'}, {'screen_name': 'bublywater', 'name': 'bublywater', 'id': '922883114933899264'}]	[]	['https://pbs.twimg.com/media/EmFq9s9VkAEN7mE.jpg', 'https://pbs.twimg.com/media/EmFq9s-U8AAEVmx.jpg', 'https://pbs.twimg.com/media/EmFq9tjU4AEjEIh.jpg']	1	10	101	['lightningcomplex', 'wildfires']	[]	https://twitter.com/RedCrossNorCal/status/1324457608682463232	False		1	https://pbs.twimg.com/media/EmFq9s9VkAEN7mE.jpg							[]				
1324082354873421825	1324082354873421825	2020-11-05 05:13:28 KST	2020-11-05	05:13:28	+0900	15281391	thestreet	TheStreet		.@byKatherineRoss asks if @jimcramer is still watching Starbucks $SBUX, Take-Two $TTWO and PepsiCo $PEP following #Election2020 ?    https://t.co/r3o9HGPUHJ	en	[{'screen_name': 'bykatherineross', 'name': 'katherine ross', 'id': '1444909723'}, {'screen_name': 'jimcramer', 'name': 'jim cramer', 'id': '14216123'}]	['https://www.thestreet.com/video/jim-cramer-3-election-stocks-avoid']	[]	0	5	19	['election2020']	['sbux', 'ttwo', 'pep']	https://twitter.com/TheStreet/status/1324082354873421825	False		0								[]				
1323972411595907075	1323972411595907075	2020-11-04 21:56:35 KST	2020-11-04	21:56:35	+0900	30070288	exame	exame		PepsiCo tem vagas para profissionais fora do mercado há dois anos  https://t.co/Y4nuBdm3uF	pt	[]	['https://exame.com/carreira/pepsico-tem-vagas-para-profissionais-fora-do-mercado-ha-dois-anos/']	[]	0	2	57	[]	[]	https://twitter.com/exame/status/1323972411595907075	False		0								[]				
1323702008843587584	1323702008843587584	2020-11-04 04:02:06 KST	2020-11-04	04:02:06	+0900	74846005	yabts	YABT		"""¡Da el salto que tu Startup necesita con el #EcoReto 12.0! El #YABT y @PepsiCo buscan proyectos innovadores con una nueva visión del plástico, y te ofrecerán las herramientas necesarias para convertir tu prototipo en un negocio viable. Más información:  https://t.co/B0BsxHfksb""  https://t.co/aODPuAzeig"	es	[{'screen_name': 'pepsico', 'name': 'pepsico', 'id': '21346619'}]	['http://bit.ly/EcoReto12']	['https://pbs.twimg.com/media/El679PUXYAMARHk.jpg']	0	2	117	['ecoreto', 'yabt']	[]	https://twitter.com/YABTs/status/1323702008843587584	False		1	https://pbs.twimg.com/media/El679PUXYAMARHk.jpg							[]				
1323585730115964928	1323585730115964928	2020-11-03 20:20:03 KST	2020-11-03	20:20:03	+0900	43534995	periodicohoy	Periódico Hoy		#PeriódicoHOY Paula Santilli, CEO de PepsiCo es incluida en el listado de las Mujeres Más Poderosas  https://t.co/PDyxvtNrX6  https://t.co/Y2DbHqkEFG	es	[]	['http://ow.ly/mxVz50Ca4cH']	['https://pbs.twimg.com/media/El5SNRcXYAA6fK5.jpg']	0	2	25	['periódicohoy']	[]	https://twitter.com/PeriodicoHoy/status/1323585730115964928	False		1	https://pbs.twimg.com/media/El5SNRcXYAA6fK5.jpg							[]				
1323509741239234563	1323509741239234563	2020-11-03 15:18:06 KST	2020-11-03	15:18:06	+0900	15003446	john_hempton	John_Hempton		In 1986 RJR Nabisco sold Kentucky Fried Chicken to PepsiCo for $840 million.  $840 million buys jack-shit in the stock market now.  Oh how asset prices have changed.	en	[]	[]	[]	19	6	122	[]	[]	https://twitter.com/John_Hempton/status/1323509741239234563	False		0								[]				
1323308461749231616	1323308461749231616	2020-11-03 01:58:17 KST	2020-11-03	01:58:17	+0900	775476828	pepsicoturkiye	PepsiCo Türkiye		PepsiCo olarak, TİDER iş birliği ile İzmir'deki on binlerce vatandaşımıza ulaştırılmak üzere gıda yardım paketleri hazırlatıyoruz. Depremde hayatını kaybeden vatandaşlarımıza Allah’tan rahmet, yakınlarına başsağlığı ve sabır, yaralılara acil şifalar diliyoruz.  https://t.co/lpMhqUaTtn	tr	[]	[]	['https://pbs.twimg.com/media/El1V9feXYAUUYXW.jpg']	0	4	38	[]	[]	https://twitter.com/PepsiCoTurkiye/status/1323308461749231616	False		1	https://pbs.twimg.com/media/El1V9feXYAUUYXW.jpg							[]				
1323155495054577664	1323155495054577664	2020-11-02 15:50:27 KST	2020-11-02	15:50:27	+0900	2825622506	pepsicoindia	PepsiCo		India's trucking community continues to work relentlessly in the face of the pandemic. As a thank you gesture, PepsiCo India is providing thousands of hygiene kits and conducting awareness sessions for truck drivers in Pune, Maharashtra. #IndiaFightsCorona  https://t.co/gFCsH7pe0l	en	[]	[]	['https://pbs.twimg.com/media/ElzJ-d3U4AEMNax.jpg']	20	15	26	['indiafightscorona']	[]	https://twitter.com/PepsiCoIndia/status/1323155495054577664	False		1	https://pbs.twimg.com/media/ElzJ-d3U4AEMNax.jpg							[]				
