id	conversation_id	created_at	date	time	timezone	user_id	username	name	place	tweet	language	mentions	urls	photos	replies_count	retweets_count	likes_count	hashtags	cashtags	link	retweet	quote_url	video	thumbnail	near	geo	source	user_rt_id	user_rt	retweet_id	reply_to	retweet_date	translate	trans_src	trans_dest
47909466779299840	47909466779299840	2011-03-16 15:38:01 KST	2011-03-16	15:38:01	+0900	2735591	fastcompany	Fast Company		PepsiCo to @Coke: Our 100% PlantBottle Is 70% Plantier Than Your PlantBottle  http://bit.ly/hP85uP	en	[{'screen_name': 'coke', 'name': '@coke', 'id': '305895848'}]	[]	[]	0	29	10	[]	[]	https://twitter.com/FastCompany/status/47909466779299840	False		0								[]				
46396800587935744	46396800587935744	2011-03-12 11:27:13 KST	2011-03-12	11:27:13	+0900	784304	sxsw	SXSW		Can't Attend #SXSW Interactive? Watch live sessions thanks to @PepsiCo!  http://ow.ly/4cV69	en	[{'screen_name': 'pepsico', 'name': 'pepsico', 'id': '21346619'}]	[]	[]	0	98	40	['sxsw']	[]	https://twitter.com/sxsw/status/46396800587935744	False		0								[]				
44936617315676160	44936617315676160	2011-03-08 10:44:59 KST	2011-03-08	10:44:59	+0900	18358070	hiconcep	정지훈 Jihoon Jeong		올들어 가장 뜨고 있는 회사 Instagram이 PepsiCo와 손을 잡고 SxSW 프로모션을 합니다. 이런 협업을 주목해야 할 듯 -  http://goo.gl/LtFNm	ko	[]	[]	[]	0	4	36	[]	[]	https://twitter.com/hiconcep/status/44936617315676160	False		0								[]				
43024096518348801	43024096518348801	2011-03-03 04:05:18 KST	2011-03-03	04:05:18	+0900	972651	mashable	Mashable		"PepsiCo CEO, Filmmaker & Ford Executive On ""Worlds Imagined"" at TED [LIVE] -  http://on.mash.to/hlRBHs #TED2011"	en	[]	[]	[]	0	16	16	['ted2011']	[]	https://twitter.com/mashable/status/43024096518348801	False		0								[]				
42910325850390528	42910325850390528	2011-03-02 20:33:13 KST	2011-03-02	20:33:13	+0900	20778387	bittman	Mark Bittman		And me, on the Op-Ed page, on why we shouldn't end subsidies (and get PepsiCo, etc. to pay for them!):  http://nyti.ms/gUtg3s	en	[]	[]	[]	0	34	12	[]	[]	https://twitter.com/bittman/status/42910325850390528	False		0								[]				
