id	conversation_id	created_at	date	time	timezone	user_id	username	name	place	tweet	language	mentions	urls	photos	replies_count	retweets_count	likes_count	hashtags	cashtags	link	retweet	quote_url	video	thumbnail	near	geo	source	user_rt_id	user_rt	retweet_id	reply_to	retweet_date	translate	trans_src	trans_dest
504576614760316929	504576614760316929	2014-08-27 19:30:14 KST	2014-08-27	19:30:14	+0900	14293310	time	TIME		India just asked PepsiCo to help improve the diet of the nation’s children  http://t.co/iOM7o2n7wl	en	[]	['http://ti.me/1vltLfT']	[]	15	73	36	[]	[]	https://twitter.com/TIME/status/504576614760316929	False		0								[]				
503616642497413120	503616642497413120	2014-08-25 03:55:38 KST	2014-08-25	03:55:38	+0900	71715193	bishopbronner	Bishop Dale Bronner		Bishop Bronner with Richard Montanez, VP of PepsiCo, who started out a janitor!  http://t.co/MRb0QfR2so	en	[]	[]	['https://pbs.twimg.com/media/Bv00qouIMAAVFLy.jpg']	2	9	16	[]	[]	https://twitter.com/BishopBronner/status/503616642497413120	False		1	https://pbs.twimg.com/media/Bv00qouIMAAVFLy.jpg							[]				
503406517790330881	503406517790330881	2014-08-24 14:00:41 KST	2014-08-24	14:00:41	+0900	111615736	anupamachopra	Anupama Chopra		In fan girl mode with one of my biggest heroes: @PepsiCo  http://t.co/uIBUxt5HEh	en	[{'screen_name': 'pepsico', 'name': 'pepsico', 'id': '21346619'}]	[]	['https://pbs.twimg.com/media/Bvx1jlWCIAA-JpA.jpg']	8	15	86	[]	[]	https://twitter.com/anupamachopra/status/503406517790330881	False		1	https://pbs.twimg.com/media/Bvx1jlWCIAA-JpA.jpg							[]				
501936906813181952	501936906813181952	2014-08-20 12:40:58 KST	2014-08-20	12:40:58	+0900	260705412	aksharpathak	Akshar		PepsiCo India should nominate Katrina Kaif to take the Slice bucket challenge.	en	[]	[]	[]	3	28	20	[]	[]	https://twitter.com/AksharPathak/status/501936906813181952	False		0								[]				
501395229929656322	501395229929656322	2014-08-19 00:48:32 KST	2014-08-19	00:48:32	+0900	24277551	darrenrovell	Darren Rovell		Years ago, PepsiCo CEO Indra Nooyi told me she doesn’t like when people drink Gatorade w/o working out. My 1st thought? Isn’t a sale a sale?	en	[]	[]	[]	29	26	39	[]	[]	https://twitter.com/darrenrovell/status/501395229929656322	False		0								[]				
501395060681105408	501395060681105408	2014-08-19 00:47:52 KST	2014-08-19	00:47:52	+0900	24277551	darrenrovell	Darren Rovell		Funny spot by @gatorade, but if you are a PepsiCo shareholder do you really care why someone buys it?  http://t.co/VX5cOrLRBQ	en	[{'screen_name': 'gatorade', 'name': 'gatorade', 'id': '34369690'}]	['http://youtu.be/sdmY2lGKoCU']	[]	16	53	63	[]	[]	https://twitter.com/darrenrovell/status/501395060681105408	False		0								[]				
500345981112565761	500345981112565761	2014-08-16 03:19:12 KST	2014-08-16	03:19:12	+0900	9317502	estadao	Estadão		Pepsico convoca recall de Toddynho após inspeção  http://t.co/4ZfxliGoSY  http://t.co/VsIZOPsj8b	pt	[]	['http://oesta.do/1rAZrbO']	['https://pbs.twimg.com/media/BvGUovUIMAA__EY.jpg']	7	65	34	[]	[]	https://twitter.com/Estadao/status/500345981112565761	False		1	https://pbs.twimg.com/media/BvGUovUIMAA__EY.jpg							[]				
500317038879854592	500317038879854592	2014-08-16 01:24:12 KST	2014-08-16	01:24:12	+0900	9317502	estadao	Estadão		Pepsico convoca recall de Toddynho  http://t.co/4ZfxliGoSY  http://t.co/v0lvzZlmvD	pt	[]	['http://oesta.do/1rAZrbO']	['https://pbs.twimg.com/media/BvF2kARIEAAlSsw.jpg']	11	43	28	[]	[]	https://twitter.com/Estadao/status/500317038879854592	False		1	https://pbs.twimg.com/media/BvF2kARIEAAlSsw.jpg							[]				
499667226958364672	499667226958364672	2014-08-14 06:22:04 KST	2014-08-14	06:22:04	+0900	54341363	jornaloglobo	Jornal O Globo		Anvisa estuda punição para PepsiCo por Toddynho com bactéria.  http://t.co/sDjH6VVAaz  http://t.co/EYrd8GNr5S	pt	[]	['http://glo.bo/1ovlOC6']	['https://pbs.twimg.com/media/Bu8sr09CMAYB0YP.jpg']	16	129	66	[]	[]	https://twitter.com/JornalOGlobo/status/499667226958364672	False		1	https://pbs.twimg.com/media/Bu8sr09CMAYB0YP.jpg							[]				
499301300560203777	499301300560203777	2014-08-13 06:08:01 KST	2014-08-13	06:08:01	+0900	17715048	veja	VEJA		Pepsico manda recolher lote de Toddyinho contaminado com bactéria  http://t.co/2dBim24iFa	pt	[]	['http://abr.ai/1sVBZbd']	[]	6	65	34	[]	[]	https://twitter.com/VEJA/status/499301300560203777	False		0								[]				
498131529198219265	498131529198219265	2014-08-10 00:39:46 KST	2014-08-10	00:39:46	+0900	75069067	clintonfdn	Clinton Foundation		Check out this @nytimes article on how @CGEPartnership &amp; @PepsiCo are finding new uses for cashew juice:  http://t.co/FDYgss9x7d	en	[{'screen_name': 'nytimes', 'name': 'the new york times', 'id': '807095'}, {'screen_name': 'pepsico', 'name': 'pepsico', 'id': '21346619'}]	['http://wjcf.co/1ksXlw8']	[]	0	28	16	[]	[]	https://twitter.com/ClintonFdn/status/498131529198219265	False		0								[]				
497355299377127425	497355299377127425	2014-08-07 21:15:18 KST	2014-08-07	21:15:18	+0900	11695472	oxfam	Oxfam International		After Coca-Cola &amp; PepsiCo, now @Nestle commits to zero tolerance for land grabs!  http://t.co/46y3dYMxGy #BehindTheBrands #csr	en	[{'screen_name': 'nestle', 'name': 'nestlé', 'id': '23085995'}]	['http://oxf.am/254']	[]	7	39	16	['behindthebrands', 'csr']	[]	https://twitter.com/Oxfam/status/497355299377127425	False		0								[]				
