id	conversation_id	created_at	date	time	timezone	user_id	username	name	place	tweet	language	mentions	urls	photos	replies_count	retweets_count	likes_count	hashtags	cashtags	link	retweet	quote_url	video	thumbnail	near	geo	source	user_rt_id	user_rt	retweet_id	reply_to	retweet_date	translate	trans_src	trans_dest
472217113600741376	472217113600741376	2014-05-30 12:25:07 KST	2014-05-30	12:25:07	+0900	91478624	forbes	Forbes		Indra Nooyi, PepsiCo CEO, has once again exceeded analyst's expectations:  http://t.co/fDWUvA3lij #PowerWomen  http://t.co/aNqLB6Z8jp	en	[]	['http://onforb.es/1k0sSUZ']	['https://pbs.twimg.com/media/Bo2m9niIQAAKPax.jpg']	12	259	206	['powerwomen']	[]	https://twitter.com/Forbes/status/472217113600741376	False		1	https://pbs.twimg.com/media/Bo2m9niIQAAKPax.jpg							[]				
470293403511828480	470293403511828480	2014-05-25 05:00:59 KST	2014-05-25	05:00:59	+0900	20402945	cnbc	CNBC		PepsiCo CEO Indra Nooyi demos Pepsi's new digital soda fountain:  http://t.co/Yd9t54NDoa (via @SaraEisen) $PEP  http://t.co/bThYgyGyEt	in	[{'screen_name': 'saraeisen', 'name': 'sara eisen', 'id': '39879120'}]	['http://cnb.cx/1qPK4jJ']	['https://pbs.twimg.com/media/BoBJEEmCcAATB1V.jpg']	5	31	18	[]	['pep']	https://twitter.com/CNBC/status/470293403511828480	False		1	https://pbs.twimg.com/media/BoBJEEmCcAATB1V.jpg							[]				
469605817101344768	469605817101344768	2014-05-23 07:28:46 KST	2014-05-23	07:28:46	+0900	47720230	jeffgordonweb	Jeff Gordon		Awesome job by @PepsiCo winning Sports Sponsor of the Year award -   http://t.co/hmdhUkT9VX. Glad to be part of @PepsiMAX family. #TestDrive2	en	[{'screen_name': 'pepsico', 'name': 'pepsico', 'id': '21346619'}, {'screen_name': 'pepsimax', 'name': 'pepsi max', 'id': '180923993'}]	['http://www.sportsbusinessdaily.com/SB-Blogs/On-The-Ground/2014/05/0521-Sponsor.aspx']	[]	7	35	54	['testdrive2']	[]	https://twitter.com/JeffGordonWeb/status/469605817101344768	False		0								[]				
468579472271478784	468579472271478784	2014-05-20 11:30:26 KST	2014-05-20	11:30:26	+0900	562995991	cnbctechcheck	TechCheck		PepsiCo CEO Indra Nooyi demos Pepsi's new digital soda fountain:  http://t.co/ztH1Fynz0o  (via @SaraEisen) $PEP  http://t.co/StSKOh8rP3	in	[{'screen_name': 'saraeisen', 'name': 'sara eisen', 'id': '39879120'}]	['http://cnb.cx/1qPK4jJ']	['https://pbs.twimg.com/media/BoBJEEmCcAATB1V.jpg']	4	33	17	[]	['pep']	https://twitter.com/CNBCTechCheck/status/468579472271478784	False		1	https://pbs.twimg.com/media/BoBJEEmCcAATB1V.jpg							[]				
465860683520028672	465860683520028672	2014-05-12 23:26:56 KST	2014-05-12	23:26:56	+0900	91478624	forbes	Forbes		Alibaba appointed former PepsiCo executive as senior vice president, head of international corporate affairs:  http://t.co/2uOG4iewqI	en	[]	['http://onforb.es/1jakhyz']	[]	4	51	12	[]	[]	https://twitter.com/Forbes/status/465860683520028672	False		0								[]				
465507352360550400	465507352360550400	2014-05-12 00:02:56 KST	2014-05-12	00:02:56	+0900	742143	bbcworld	BBC News (World)		Meet the US teen who convinced Coca-Cola &amp; PepsiCo to stop using a non-vegan ingredient  http://t.co/Dt3ybUrBPw  http://t.co/NX5ofEyTV6	en	[]	['http://bbc.in/1jIy2TN']	['https://pbs.twimg.com/media/BnXQeHIIgAAvL5o.jpg']	28	225	194	[]	[]	https://twitter.com/BBCWorld/status/465507352360550400	False		1	https://pbs.twimg.com/media/BnXQeHIIgAAvL5o.jpg							[]				
464405568707633152	464405568707633152	2014-05-08 23:04:50 KST	2014-05-08	23:04:50	+0900	742143	bbcworld	BBC News (World)		Meet the US teen who convinced Coca-Cola &amp; PepsiCo to stop using a non-vegan ingredient  http://t.co/PRkhv2pV7D  http://t.co/94IwBOkmBS	en	[]	['http://bbc.in/Rts4LV']	['https://pbs.twimg.com/media/BnHmZ3FIMAAfmET.jpg']	39	309	259	[]	[]	https://twitter.com/BBCWorld/status/464405568707633152	False		1	https://pbs.twimg.com/media/BnHmZ3FIMAAfmET.jpg							[]				
464385349418876928	464385349418876928	2014-05-08 21:44:29 KST	2014-05-08	21:44:29	+0900	45186008	opymorales	ＯＰＹ		"""Robar para ganar"" lo nuevo de @pepsi Argentina / @PepsiCo 's advertising teaches to steal in Argentina.Lousy message  http://t.co/6qFKTvvApA"	es	[{'screen_name': 'pepsi', 'name': 'pepsi', 'id': '18139619'}, {'screen_name': 'pepsico', 'name': 'pepsico', 'id': '21346619'}]	[]	['https://pbs.twimg.com/media/BnHUAtmCcAEoFUj.jpg']	7	21	14	[]	[]	https://twitter.com/OpyMorales/status/464385349418876928	False		1	https://pbs.twimg.com/media/BnHUAtmCcAEoFUj.jpg							[]				
464110026689609728	464110026689609728	2014-05-08 03:30:27 KST	2014-05-08	03:30:27	+0900	69329527	bbcnorthamerica	BBC North America		Meet the US teenager who helped convince Coca-Cola and PepsiCo to stop using a chemical  http://t.co/V3GlYmnUO1  http://t.co/XQfDnZfhfw	en	[]	['http://bbc.in/Rs1DpU']	['https://pbs.twimg.com/media/BnDZnDXIYAAwS5s.jpg']	17	316	243	[]	[]	https://twitter.com/BBCNorthAmerica/status/464110026689609728	False		1	https://pbs.twimg.com/media/BnDZnDXIYAAwS5s.jpg							[]				
463643118496411648	463643118496411648	2014-05-06 20:35:08 KST	2014-05-06	20:35:08	+0900	15754281	usatoday	USA TODAY		Why Coca-Cola and PepsiCo are removing brominated vegetable oil from all their drinks:  http://t.co/BArjN1Yu21	en	[]	['http://usat.ly/1kQfKzD']	[]	6	135	47	[]	[]	https://twitter.com/USATODAY/status/463643118496411648	False		0								[]				
463521050748530689	463521050748530689	2014-05-06 12:30:04 KST	2014-05-06	12:30:04	+0900	51241574	ap	The Associated Press		Coca-Cola, PepsiCo to drop 'BVO' ingredient from all drinks including Powerade and Mountain Dew:  http://t.co/hQeNSRH3g1	en	[]	['http://apne.ws/1sdHCkl']	[]	26	222	109	[]	[]	https://twitter.com/AP/status/463521050748530689	False		0								[]				
