id	conversation_id	created_at	date	time	timezone	user_id	username	name	place	tweet	language	mentions	urls	photos	replies_count	retweets_count	likes_count	hashtags	cashtags	link	retweet	quote_url	video	thumbnail	near	geo	source	user_rt_id	user_rt	retweet_id	reply_to	retweet_date	translate	trans_src	trans_dest
108383083564249088	108383083564249088	2011-08-30 12:38:35 KST	2011-08-30	12:38:35	+0900	5988062	theeconomist	The Economist		American Airlines announces some new business class amenities, but it still has a lot more basic work to do  http://t.co/AJcKE0t	en	[]	['http://econ.st/rfzSL5']	[]	2	47	14	[]	[]	https://twitter.com/TheEconomist/status/108383083564249088	False		0								[]				
107127249186201600	107127249186201600	2011-08-27 01:28:21 KST	2011-08-27	01:28:21	+0900	77888423	omgfacts	OMGFacts		American Airlines saved $40,000 in 1987 by eliminating one olive from each salad served first class.	en	[]	[]	[]	66	3216	443	[]	[]	https://twitter.com/OMGFacts/status/107127249186201600	False		0								[]				
104937466695385088	104937466695385088	2011-08-21 00:26:56 KST	2011-08-21	00:26:56	+0900	19915096	orbitz	Orbitz		Low fare alert! American Airlines flights start at $118 rt (+txs/fees) with this fare-#sale :  http://ow.ly/68iXz – Chris	en	[]	[]	[]	1	31	8	['sale']	[]	https://twitter.com/Orbitz/status/104937466695385088	False		0								[]				
101041597113843712	101041597113843712	2011-08-10 06:26:08 KST	2011-08-10	06:26:08	+0900	6017542	breakingnews	Breaking News		American Airlines jet makes emergency landing in Charleston; 3 possibly injured - WCBD  http://bit.ly/qrr1aa	en	[]	[]	[]	5	112	11	[]	[]	https://twitter.com/BreakingNews/status/101041597113843712	False		0								[]				
98181337629995008	98181337629995008	2011-08-02 09:00:29 KST	2011-08-02	09:00:29	+0900	1985381	dealsplus	DealsPlus		FREE Gogo Inflight Internet at participating airlines! American Airlines, Delta, United, & more...  http://t.co/hAnX3HX	en	[]	['http://dealspl.us/t/b2usLb']	[]	1	16	18	[]	[]	https://twitter.com/DealsPlus/status/98181337629995008	False		0								[]				
