id	conversation_id	created_at	date	time	timezone	user_id	username	name	place	tweet	language	mentions	urls	photos	replies_count	retweets_count	likes_count	hashtags	cashtags	link	retweet	quote_url	video	thumbnail	near	geo	source	user_rt_id	user_rt	retweet_id	reply_to	retweet_date	translate	trans_src	trans_dest
31400193236664321	31400193236664321	2011-01-30 02:16:04 KST	2011-01-30	02:16:04	+0900	2426	monteiro	Mike Monteiro🌹		WhatEVER, Egypt. You don’t have to spend the next 6 hours in American Airlines coach.	en	[]	[]	[]	0	3	13	[]	[]	https://twitter.com/monteiro/status/31400193236664321	False		0								[]				
30307405703159808	30307405703159808	2011-01-27 01:53:43 KST	2011-01-27	01:53:43	+0900	1985381	dealsplus	DealsPlus		American Airlines Sale from $29 Each Way! This special deal ends 1/31...  http://dealspl.us/t/8301Hm	en	[]	[]	[]	0	33	15	[]	[]	https://twitter.com/DealsPlus/status/30307405703159808	False		0								[]				
26940801460211712	26940801460211712	2011-01-17 18:56:02 KST	2011-01-17	18:56:02	+0900	14614833	passagensaereas	Melhores Destinos		American Airlines tem passagens São Paulo – Miami por R$1177 ida+volta  http://t.co/LMZuXsq	pt	[]	['http://bit.ly/hnCvQQ']	[]	0	64	12	[]	[]	https://twitter.com/passagensaereas/status/26940801460211712	False		0								[]				
23905535396937729	23905535396937729	2011-01-09 09:54:58 KST	2011-01-09	09:54:58	+0900	26003792	realmattlucas	Matt Lucas		Just boarded American Airlines plane  Me-What's for dinner?   Steward-We have bread.  I wrongly assumed that the sentence would continue.	en	[]	[]	[]	1	82	25	[]	[]	https://twitter.com/RealMattLucas/status/23905535396937729	False		0								[]				
23062242438156288	23062242438156288	2011-01-07 02:04:01 KST	2011-01-07	02:04:01	+0900	14293310	time	TIME		American Airlines' war with online travel agents like Expedia continues. What does it mean for travelers? |  http://su.pr/1xBg8J	en	[]	[]	[]	0	27	8	[]	[]	https://twitter.com/TIME/status/23062242438156288	False		0								[]				
21365386255536128	21365386255536128	2011-01-02 09:41:19 KST	2011-01-02	09:41:19	+0900	1985381	dealsplus	DealsPlus		American Airlines New Years Sale - Prices as low as $29 one-way...  http://dealspl.us/t/7nzfHV	en	[]	[]	[]	0	23	9	[]	[]	https://twitter.com/DealsPlus/status/21365386255536128	False		0								[]				
