id	conversation_id	created_at	date	time	timezone	user_id	username	name	place	tweet	language	mentions	urls	photos	replies_count	retweets_count	likes_count	hashtags	cashtags	link	retweet	quote_url	video	thumbnail	near	geo	source	user_rt_id	user_rt	retweet_id	reply_to	retweet_date	translate	trans_src	trans_dest
96578128012525568	96578128012525568	2011-07-28 22:49:54 KST	2011-07-28	22:49:54	+0900	6017542	breakingnews	Breaking News		American Airlines pilot assaulted as he tried to escort two passengers off a flight from Miami - NBC News  http://on.msnbc.com/qNkExp	en	[]	[]	[]	6	124	9	[]	[]	https://twitter.com/BreakingNews/status/96578128012525568	False		0								[]				
95972384925941760	95972384925941760	2011-07-27 06:42:54 KST	2011-07-27	06:42:54	+0900	22536055	americanair	americanair		Turn your dream into reality! Enter our Five Star Service Sweeps for a chance to #travel like a #VIP!  http://bit.ly/AA5STAR	en	[]	[]	[]	2	8	10	['travel', 'vip']	[]	https://twitter.com/AmericanAir/status/95972384925941760	False		0								[]				
94068094099668992	94068094099668992	2011-07-22 00:35:55 KST	2011-07-22	00:35:55	+0900	3108351	wsj	The Wall Street Journal		Forget boarding zones: American Airlines finds that the fastest way to board passengers is randomly  http://on.wsj.com/n6RWE9	en	[]	[]	[]	8	77	21	[]	[]	https://twitter.com/WSJ/status/94068094099668992	False		0								[]				
93699171592306688	93699171592306688	2011-07-21 00:09:58 KST	2011-07-21	00:09:58	+0900	428333	cnnbrk	CNN Breaking News		American Airlines says it has placed order for 460 planes -- largest in commercial history.  http://t.co/rArGtQz	en	[]	['http://on.cnn.com/qFCZlq']	[]	20	221	30	[]	[]	https://twitter.com/cnnbrk/status/93699171592306688	False		0								[]				
93657722683265024	93657722683265024	2011-07-20 21:25:15 KST	2011-07-20	21:25:15	+0900	5392522	npr	NPR		American Airlines Places 'Largest Aircraft Order In Aviation History'  http://n.pr/pOO5Ww	en	[]	[]	[]	2	43	7	[]	[]	https://twitter.com/NPR/status/93657722683265024	False		0								[]				
88866094412070912	88866094412070912	2011-07-07 16:05:02 KST	2011-07-07	16:05:02	+0900	972651	mashable	Mashable		Delve into these Twitter marketing lessons from American Airlines, McDonald's, IBM & 4 other companies -  http://on.mash.to/nGTUt2	en	[]	[]	[]	4	133	166	[]	[]	https://twitter.com/mashable/status/88866094412070912	False		0								[]				
88866093808099328	88866093808099328	2011-07-07 16:05:02 KST	2011-07-07	16:05:02	+0900	112236047	clickclickclick	Click.Click.Click		Delve into these Twitter marketing lessons from American Airlines, McDonald's, IBM & 4 other companies -  http://on.mash.to/nGTUt2	en	[]	[]	[]	1	14	7	[]	[]	https://twitter.com/clickclickclick/status/88866093808099328	False		0								[]				
86892592435970048	86892592435970048	2011-07-02 05:23:03 KST	2011-07-02	05:23:03	+0900	19058681	aplusk	ashton kutcher		Thank you! Via dm @AmericanAir --&gt;  Heads up: Ads should be down w/in the hour. Blank ads are being served for now.	en	[{'screen_name': 'americanair', 'name': 'americanair', 'id': '22536055'}]	[]	[]	152	81	22	[]	[]	https://twitter.com/aplusk/status/86892592435970048	False		0								[]				
86854132660584448	86854132660584448	2011-07-02 02:50:13 KST	2011-07-02	02:50:13	+0900	19058681	aplusk	ashton kutcher		thank you! will do! RT @AmericanAir @aplusk We will address this IMMEDIATELY. Can you please DM us detail of the site, including a link?	en	[{'screen_name': 'americanair', 'name': 'americanair', 'id': '22536055'}, {'screen_name': 'aplusk', 'name': 'ashton kutcher', 'id': '19058681'}]	[]	[]	170	89	26	[]	[]	https://twitter.com/aplusk/status/86854132660584448	False		0								[]				
