id	conversation_id	created_at	date	time	timezone	user_id	username	name	place	tweet	language	mentions	urls	photos	replies_count	retweets_count	likes_count	hashtags	cashtags	link	retweet	quote_url	video	thumbnail	near	geo	source	user_rt_id	user_rt	retweet_id	reply_to	retweet_date	translate	trans_src	trans_dest
141615163945127936	141615163945127936	2011-11-30 05:31:00 KST	2011-11-30	05:31:00	+0900	27951956	jonforeman	Jon Foreman		Flying on AmericanAirlines today...   In other news: AmericanAirlines went bankrupt a few hours ago.	en	[]	[]	[]	26	53	14	[]	[]	https://twitter.com/jonforeman/status/141615163945127936	False		0								[]				
141597716693270528	141597716693270528	2011-11-30 04:21:41 KST	2011-11-30	04:21:41	+0900	26892157	brodyjenner	Brody Jenner		American airlines bankrupt? Wtf? Ummm what's gonna happen to my miles? Lol	en	[]	[]	[]	61	137	15	[]	[]	https://twitter.com/BrodyJenner/status/141597716693270528	False		0								[]				
141552006996312064	141552006996312064	2011-11-30 01:20:03 KST	2011-11-30	01:20:03	+0900	14075928	theonion	The Onion		American Airlines Now Charging Fees To Non-Passengers  http://t.co/RZEavjai	en	[]	['http://onion.com/cbnHOX']	[]	16	715	83	[]	[]	https://twitter.com/TheOnion/status/141552006996312064	False		0								[]				
141548866557313024	141548866557313024	2011-11-30 01:07:34 KST	2011-11-30	01:07:34	+0900	809760	badbanana	Tim Siedell		With American Airlines stock at 20 cents, I can't decide between paying for two checked bags or buying half the company.	en	[]	[]	[]	76	5636	881	[]	[]	https://twitter.com/badbanana/status/141548866557313024	False		0								[]				
141525231192899584	141525231192899584	2011-11-29 23:33:39 KST	2011-11-29	23:33:39	+0900	3108351	wsj	The Wall Street Journal		What the bankruptcy filing by American Airlines and its parent company AMR will mean for travelers:  http://t.co/xx8M9R3h	en	[]	['http://on.wsj.com/tcOJMq']	[]	4	233	27	[]	[]	https://twitter.com/WSJ/status/141525231192899584	False		0								[]				
141500915462049793	141500915462049793	2011-11-29 21:57:01 KST	2011-11-29	21:57:01	+0900	759251	cnn	CNN		American Airlines files for bankruptcy.  http://t.co/gZU5ng7N	en	[]	['http://on.cnn.com/uCGjiR']	[]	50	1826	72	[]	[]	https://twitter.com/CNN/status/141500915462049793	False		0								[]				
141496369805406208	141496369805406208	2011-11-29 21:38:58 KST	2011-11-29	21:38:58	+0900	14293310	time	TIME		BREAKING: American Airlines is filing for Chapter 11 bankruptcy protection |  http://t.co/7C93TyBp	en	[]	['http://ti.me/uP0fAX']	[]	4	351	14	[]	[]	https://twitter.com/TIME/status/141496369805406208	False		0								[]				
141490576787910657	141490576787910657	2011-11-29 21:15:56 KST	2011-11-29	21:15:56	+0900	6017542	breakingnews	Breaking News		American Airlines and parent company AMR file for Chapter 11 reorganization, bankruptcy protection - AP	en	[]	[]	[]	6	321	16	[]	[]	https://twitter.com/BreakingNews/status/141490576787910657	False		0								[]				
141489236309311490	141489236309311490	2011-11-29 21:10:37 KST	2011-11-29	21:10:37	+0900	51241574	ap	The Associated Press		BREAKING: American Airlines and parent company AMR file for Chapter 11 bankruptcy protection. -EC	en	[]	[]	[]	8	501	13	[]	[]	https://twitter.com/AP/status/141489236309311490	False		0								[]				
141488995279437824	141488995279437824	2011-11-29 21:09:39 KST	2011-11-29	21:09:39	+0900	16184358	cnnbusiness	CNN Business		American Airlines parent AMR files for Chapter 11 bankruptcy protection.   http://t.co/ORIbQJ3M	en	[]	['http://cnnmon.ie/bkgnews']	[]	7	316	17	[]	[]	https://twitter.com/CNNBusiness/status/141488995279437824	False		0								[]				
141488262261907456	141488262261907456	2011-11-29 21:06:45 KST	2011-11-29	21:06:45	+0900	7996082	el_pais	EL PAÍS		ÚLTIMA HORA: American Airlines se declara en suspensión de pagos  http://t.co/tEWZwPs3	es	[]	['http://www.elpais.com']	[]	9	440	10	[]	[]	https://twitter.com/el_pais/status/141488262261907456	False		0								[]				
135910359935619072	135910359935619072	2011-11-14 11:42:09 KST	2011-11-14	11:42:09	+0900	29547045	official_flo	FLO RIDA		At American Airlines Arena about to perform live with @TaylorSwift13!!! #goodfeeling	en	[{'screen_name': 'taylorswift13', 'name': 'taylor swift', 'id': '17919972'}]	[]	[]	4	59	17	['goodfeeling']	[]	https://twitter.com/official_flo/status/135910359935619072	False		0								[]				
135487207602532352	135487207602532352	2011-11-13 07:40:42 KST	2011-11-13	07:40:42	+0900	92686016	kenichiromogi	茂木健一郎		ひそ（１）ＪＡＬだと思って楽しみにしていたのに、よく見たらAmerican Airlinesの共同運航便だった。日本テレビからのタクシーの運転手さんが、「ターミナル２というのはおかしいな」と言っていたら、本当に違っていた。	ja	[]	[]	[]	3	7	27	[]	[]	https://twitter.com/kenichiromogi/status/135487207602532352	False		0								[]				
135406246936330240	135406246936330240	2011-11-13 02:18:59 KST	2011-11-13	02:18:59	+0900	22222761	natashaleggero	Natasha Leggero		Pretty sure American airlines dips their sandwiches in the toilet before serving.	en	[]	[]	[]	19	35	24	[]	[]	https://twitter.com/natashaleggero/status/135406246936330240	False		0								[]				
133799604205535232	133799604205535232	2011-11-08 15:54:46 KST	2011-11-08	15:54:46	+0900	6480682	azizansari	Aziz Ansari		"Everyone on flight yelled ""CAN'T YA SEE THE AMERICAN AIRLINES JETS FLYING OVER YOU!"" #Otis #ThroneFlight #BestFlighttoLAEver"	en	[]	[]	[]	26	164	106	['otis', 'throneflight', 'bestflighttolaever']	[]	https://twitter.com/azizansari/status/133799604205535232	False		0								[]				
