id	conversation_id	created_at	date	time	timezone	user_id	username	name	place	tweet	language	mentions	urls	photos	replies_count	retweets_count	likes_count	hashtags	cashtags	link	retweet	quote_url	video	thumbnail	near	geo	source	user_rt_id	user_rt	retweet_id	reply_to	retweet_date	translate	trans_src	trans_dest
1211690071826538496	1211689608041418753	2019-12-31 01:46:39 KST	2019-12-31	01:46:39	+0900	317150782	iancutress	𝐷𝑟. 𝐼𝑎𝑛 𝐶𝑢𝑡𝑟𝑒𝑠𝑠		'Apple could bring out a triangular iPhone!'  'Cray/HPE could enter the display business'  'Tesla could do your laundry'  'Pepsico could make a new flavor'  'Tide could make non-edible pods'  etc etc	en	[]	[]	[]	2	1	28	[]	[]	https://twitter.com/IanCutress/status/1211690071826538496	False		0								[]				
1211502221025669121	1211502221025669121	2019-12-30 13:20:12 KST	2019-12-30	13:20:12	+0900	205546805	coopesdetat	Amy Coopes		Ah yes those great Australian brands *checks notes* Red Bull GmbH and PepsiCo #shoplocal	en	[]	[]	[]	0	5	38	['shoplocal']	[]	https://twitter.com/coopesdetat/status/1211502221025669121	False	https://twitter.com/evmulholland/status/1211415535994331136	0								[]				
1210277611391406081	1210277611391406081	2019-12-27 04:14:03 KST	2019-12-27	04:14:03	+0900	472301455	keatonpatti	Keaton Patti		Ummm who does PepsiCo think they're fooling?? There's NO WAY they own like half of these things!!! How the hell can they own the Washington Sentinels the fake football team from that Keanu (sp?) Reeves (sp?) football (sp?) movie (I think it's called The Matrix Refootballed?)???  https://t.co/gvRrKCj2xB	en	[]	[]	['https://pbs.twimg.com/media/EMvFEfjXUAUIcH4.png']	3	5	62	[]	[]	https://twitter.com/KeatonPatti/status/1210277611391406081	False		1	https://pbs.twimg.com/media/EMvFEfjXUAUIcH4.png							[]				
1210258938010243072	1210258938010243072	2019-12-27 02:59:51 KST	2019-12-27	02:59:51	+0900	164425558	jonerlichman	Jon Erlichman		Some of Shaq’s investments:  *Google (pre-IPO) *Apple *Twitter *Uber *Lyft *Ring (Amazon bought for $1 billion) *PepsiCo *Krispy Kreme *Papa John’s *Shaquille’s restaurant *Vegas clubs *real estate *car washes *Steady app *CityPlex 12 theater *NRG eSports  https://t.co/BwAg2SJSg5	en	[]	[]	[]	16	358	1412	[]	[]	https://twitter.com/JonErlichman/status/1210258938010243072	False		1	https://pbs.twimg.com/media/DnuGp9nU4AAsANJ.jpg							[]				
1209550333476843520	1209550333476843520	2019-12-25 04:04:06 KST	2019-12-25	04:04:06	+0900	255766976	pepsicomex	PepsiCo México		¡PepsiCo Alimentos México te desea felices fiestas!  https://t.co/eVG4h8PHhv	es	[]	[]	['https://pbs.twimg.com/media/EMkvnihWoAYH9QN.jpg']	1	8	22	[]	[]	https://twitter.com/PepsiCoMex/status/1209550333476843520	False		1	https://pbs.twimg.com/media/EMkvnihWoAYH9QN.jpg							[]				
1209147165936930822	1209132022142246912	2019-12-24 01:22:03 KST	2019-12-24	01:22:03	+0900	71159345	battaglinoa	Anya Packer (She/Her)		Hey @EYWomenAthletes @NBCSports @Visa @Mastercard @Delta @JetBlue @Gatorade @PepsiCo @Enterprise @Hertz @awscloud @Microsoft @Nike @Uber @lyft	und	[{'screen_name': 'nbcsports', 'name': 'nbc sports', 'id': '11856342'}, {'screen_name': 'visa', 'name': 'visa', 'id': '551373363'}, {'screen_name': 'mastercard', 'name': 'mastercard', 'id': '75014376'}, {'screen_name': 'delta', 'name': 'delta', 'id': '5920532'}, {'screen_name': 'jetblue', 'name': 'jetblue', 'id': '6449282'}, {'screen_name': 'gatorade', 'name': 'gatorade', 'id': '34369690'}, {'screen_name': 'pepsico', 'name': 'pepsico', 'id': '21346619'}, {'screen_name': 'enterprise', 'name': 'enterprise', 'id': '1900686864'}, {'screen_name': 'hertz', 'name': 'hertz', 'id': '18001417'}, {'screen_name': 'awscloud', 'name': 'amazon web services', 'id': '66780587'}, {'screen_name': 'microsoft', 'name': 'microsoft', 'id': '74286565'}, {'screen_name': 'nike', 'name': 'nike', 'id': '415859364'}, {'screen_name': 'uber', 'name': 'uber', 'id': '19103481'}, {'screen_name': 'lyft', 'name': 'lyft', 'id': '569569550'}]	[]	[]	1	1	20	[]	[]	https://twitter.com/battaglinoa/status/1209147165936930822	False		0								[]				
1209112673784336384	1209112673784336384	2019-12-23 23:05:00 KST	2019-12-23	23:05:00	+0900	16834046	care	CARE (care.org)		By giving women in agriculture the right resources &amp; training we can begin to close #TheCropGap. See how programs like #SheFeedsTheWorld can impact women, their families, and communities. @PepsiCo   https://t.co/yg8cXjxuCS  https://t.co/9C33fagOzY	en	[{'screen_name': 'pepsico', 'name': 'pepsico', 'id': '21346619'}]	['https://pepsi.co/thecropgap']	[]	0	2	15	['thecropgap', 'shefeedstheworld']	[]	https://twitter.com/CARE/status/1209112673784336384	False		1	https://pbs.twimg.com/amplify_video_thumb/1208144910622347264/img/hRjmT9tiGL6bTX2S.jpg							[]				
1208945354143494145	1208945354143494145	2019-12-23 12:00:08 KST	2019-12-23	12:00:08	+0900	35699012	blitzkreigm	Mangalam Maloo		TATA GLOBAL BEVERAGES Announces Sunil A D'Souza as MD &amp; CEO w.e.f Apr 4, 2020  Currently, he's MD - Whirlpool Ind Earlier, he's worked at PepsiCo, Coca-Cola, Standard Chartered &amp; Hindustan Unilever.   Remember, UniPepCad? No? Read This!  #FMCGisLife @TGBL   https://t.co/tQLt5ggsE3	en	[]	['https://www.cnbctv18.com/retail/there-is-a-common-thread-to-all-successful-fmcg-companies-in-india-and-it-is-called-unipepcad-26055.htm']	[]	9	53	248	['fmcgislife']	[]	https://twitter.com/blitzkreigm/status/1208945354143494145	False		0								[]				
1207714567092080640	1207714567092080640	2019-12-20 02:29:25 KST	2019-12-20	02:29:25	+0900	74846005	yabts	YABT		¿Tienes ideas para Reducir, Reciclar o Reinventar plásticos para que no sean desechos? #YABT, @OEA_oficial y @PepsiCo te invitan a que seas parte del cambio en el Eco-Reto 11. Infórmate e inscríbete en  https://t.co/mRlcEqQehz 🌎 ¡Hay grandes beneficios para los participantes!  https://t.co/CdKraQfI4j	es	[{'screen_name': 'oea_oficial', 'name': 'oea', 'id': '242448965'}, {'screen_name': 'pepsico', 'name': 'pepsico', 'id': '21346619'}]	['http://bit.ly/Eco-Reto11']	[]	0	12	20	['yabt']	[]	https://twitter.com/YABTs/status/1207714567092080640	False		1	https://pbs.twimg.com/ext_tw_video_thumb/1207713660300398593/pu/img/1Oq2N9-WLBKOsGEu.jpg							[]				
1207457178245881857	1207452791880454144	2019-12-19 09:26:39 KST	2019-12-19	09:26:39	+0900	37677874	fahsbender125	Federico Fahsbender		una remera que diga A VOS EN PEPSICO NO TE VI.	es	[]	[]	[]	1	1	42	[]	[]	https://twitter.com/fahsbender125/status/1207457178245881857	False		0								[]				
1207307815552983040	1207193907710312448	2019-12-18 23:33:08 KST	2019-12-18	23:33:08	+0900	1686270312	henmazzig	Hen Mazzig		So I found out Sabra based in NY and is operated by PepsiCo and was started by a rabbi in west hempstead, NY, on Long Island. So are they boycotting it because Hummus is an Israeli dish? I’m so lost 😖  https://t.co/2CzkYW2LYg	en	[]	[]	['https://pbs.twimg.com/media/EME4DDEX0AA-1VK.jpg']	24	16	131	[]	[]	https://twitter.com/HenMazzig/status/1207307815552983040	False		1	https://pbs.twimg.com/media/EME4DDEX0AA-1VK.jpg							[]				
1207302157873139716	1207302157873139716	2019-12-18 23:10:39 KST	2019-12-18	23:10:39	+0900	33600887	wwp	WWP		In the spirit of the season, the Jacksonville Jaguars, Feeding Northeast Florida, Publix, PepsiCo, FritoLay, and other partners provided holiday meal bags for 1,300 families, seniors, and veterans across Northeast Florida!	en	[]	[]	[]	0	5	17	[]	[]	https://twitter.com/wwp/status/1207302157873139716	False	https://twitter.com/AliciaANJax/status/1207105606030675968	0								[]				
1207186603967307777	1207186603967307777	2019-12-18 15:31:29 KST	2019-12-18	15:31:29	+0900	206543464	chandnahimani	Himani Chandna		Think before you go and grab a burger or packet of chips/namkeen for yourself. It may end up harming your health.   Haldiram, Patanjali, McDonald’s, PepsiCo selling food with high sodium, fat levels: Study  https://t.co/AAcz1b6Plu via @ThePrintIndia	en	[{'screen_name': 'theprintindia', 'name': 'theprintindia', 'id': '2930935453'}]	['https://theprint.in/india/haldiram-patanjali-mcdonalds-pepsico-selling-food-with-high-sodium-fat-levels-study/336702/']	[]	9	79	170	[]	[]	https://twitter.com/ChandnaHimani/status/1207186603967307777	False		0								[]				
1206990225924411392	1206990225924411392	2019-12-18 02:31:09 KST	2019-12-18	02:31:09	+0900	1026414410452152320	ramonlaguarta	Ramon Laguarta		Congratulations to the winners of @PepsiCo's Next Big Idea contest! NBI is about tapping into the creativity &amp; ingenuity of our associates to drive our business forward &amp; make us faster, stronger and better. Thanks to everyone who submitted an idea for this beautiful team effort!  https://t.co/w7dSeFnpRF	en	[{'screen_name': 'pepsico', 'name': 'pepsico', 'id': '21346619'}]	[]	['https://pbs.twimg.com/media/EMAXMbpXYAERa7O.jpg', 'https://pbs.twimg.com/media/EMAXMcEXUAEYv1T.jpg', 'https://pbs.twimg.com/media/EMAXMcEWsAE2JFG.jpg']	2	2	55	[]	[]	https://twitter.com/ramonlaguarta/status/1206990225924411392	False		1	https://pbs.twimg.com/media/EMAXMbpXYAERa7O.jpg							[]				
1206960995673026560	1206960995673026560	2019-12-18 00:35:00 KST	2019-12-18	00:35:00	+0900	2930935453	theprintindia	ThePrintIndia		Haldiram, Patanjali, McDonald’s, PepsiCo selling food with high sodium, fat levels: Study  Special correspondent Himani Chandna @ChandnaHimani reports  #ThePrintHealth   https://t.co/MgnsdFKKKs	en	[{'screen_name': 'chandnahimani', 'name': 'himani chandna', 'id': '206543464'}]	['http://bit.ly/2PT4WXA']	[]	1	14	21	['theprinthealth']	[]	https://twitter.com/ThePrintIndia/status/1206960995673026560	False		0								[]				
1206702948681756675	1206702948681756675	2019-12-17 07:29:37 KST	2019-12-17	07:29:37	+0900	148854179	brains9	B9		PepsiCo anuncia lançamento da Pepsi Café para 2020 -  https://t.co/7hCfowrZXK  https://t.co/uriphQpx93	pt	[]	['https://no.b9.com.br/2rF6o7J']	['https://pbs.twimg.com/media/EL8R77sXkAY341B.jpg']	4	2	25	[]	[]	https://twitter.com/brains9/status/1206702948681756675	False		1	https://pbs.twimg.com/media/EL8R77sXkAY341B.jpg							[]				
1206244021292503040	1206244021292503040	2019-12-16 01:06:00 KST	2019-12-16	01:06:00	+0900	16834046	care	CARE (care.org)		Almost 40% of Egypt’s population are farmers and half of them are women. Yet these women lack access to financing, resources and training. We’re working with @PepsiCo to change that. Close #TheCropGap  https://t.co/XwljUOnwoW	en	[{'screen_name': 'pepsico', 'name': 'pepsico', 'id': '21346619'}]	[]	[]	0	4	19	['thecropgap']	[]	https://twitter.com/CARE/status/1206244021292503040	False		1	https://pbs.twimg.com/amplify_video_thumb/1205215548155580416/img/VSIEBSeeI2UGXWrb.jpg							[]				
1205977047975247873	1205977047975247873	2019-12-15 07:25:08 KST	2019-12-15	07:25:08	+0900	2814903985	aisamhqureshi	Aisam ul Haq Qureshi		An inspiring and entertaining night at the PepsiCo event #WithPurpose happend tonight at Pearl Continental, Lahore 💫  Thanks @jbnjaws @thinkepicpk @pepsicopakistan for the invitation n helping us learn about some amazing ,inspiring individuals who are making a huge impact  https://t.co/fcnrd3B1lj	en	[{'screen_name': 'jbnjaws', 'name': 'jbnjaws', 'id': '3269943864'}]	[]	['https://pbs.twimg.com/media/ELx9uiSXYAYNZRy.jpg']	2	7	56	['withpurpose']	[]	https://twitter.com/aisamhqureshi/status/1205977047975247873	False		1	https://pbs.twimg.com/media/ELx9uiSXYAYNZRy.jpg							[]				
1205958541581979651	1205958541581979651	2019-12-15 06:11:36 KST	2019-12-15	06:11:36	+0900	148854179	brains9	B9		PepsiCo anuncia lançamento da Pepsi Café para 2020 -  https://t.co/7hCfowrZXK  https://t.co/1PmdSLU5qi	pt	[]	['https://no.b9.com.br/2rF6o7J']	['https://pbs.twimg.com/media/ELxs5wHWsAEYb7p.jpg']	6	6	38	[]	[]	https://twitter.com/brains9/status/1205958541581979651	False		1	https://pbs.twimg.com/media/ELxs5wHWsAEYb7p.jpg							[]				
1205843725680807936	1205843725680807936	2019-12-14 22:35:22 KST	2019-12-14	22:35:22	+0900	17025489	rafaelanchia	Rafael Anchía		The amazing @racunatx of @PepsiCo delivered a rousing address at the @UNTDallas Commencement last night. #RisingStar #Adelante #Orgullo  https://t.co/7BcFQpRS2b	en	[{'screen_name': 'racunatx', 'name': 'rebecca acuna', 'id': '115767285'}, {'screen_name': 'pepsico', 'name': 'pepsico', 'id': '21346619'}, {'screen_name': 'untdallas', 'name': 'unt dallas', 'id': '1527999896'}]	[]	['https://pbs.twimg.com/media/ELwEedcX0AAWi9I.jpg']	0	7	28	['risingstar', 'adelante', 'orgullo']	[]	https://twitter.com/RafaelAnchia/status/1205843725680807936	False		1	https://pbs.twimg.com/media/ELwEedcX0AAWi9I.jpg							[]				
1205769170933207040	1205769170933207040	2019-12-14 17:39:07 KST	2019-12-14	17:39:07	+0900	69183155	detikcom	detikcom		Sebelum menjalin kerja sama dengan Coca Cola, KFC Indonesia menjalin kerja sama dengan PepsiCo selama 40 tahun hingga akhirnya 'cerai'. Bagaimana kisahnya? #KFC  via @detikfinance  https://t.co/42Kj8jEtkj	in	[{'screen_name': 'detikfinance', 'name': 'detikfinance', 'id': '135795460'}]	['https://finance.detik.com/berita-ekonomi-bisnis/d-4822308/kisah-kerja-sama-40-tahun-kfc-pepsi-hingga-berakhir-cerai?utm_content=detikfinance&utm_term=echobox&utm_medium=oa&utm_campaign=detikcomsocmed&utm_source=Twitter#Echobox=1576298564']	[]	3	34	85	['kfc']	[]	https://twitter.com/detikcom/status/1205769170933207040	False		0								[]				
1205668031134945280	1205668031134945280	2019-12-14 10:57:13 KST	2019-12-14	10:57:13	+0900	1030327944168656896	cibersonora	Unidad Cibernética SSP Sonora		⚠️ALERTA, si buscas trabajo no confies en OMGA que publica empleos en Pepsico se encuentran estafando pidiendo dinero con el pretexto de exámenes antidoping a los solicitantes de empleo. Incluso pagan publicidad para afectar a más gente.  Si te aparece el anuncio repórtalo  https://t.co/mwCZJxiFtF	es	[]	[]	['https://pbs.twimg.com/media/ELtkrhAW4AABtaV.jpg']	1	56	36	[]	[]	https://twitter.com/cibersonora/status/1205668031134945280	False		1	https://pbs.twimg.com/media/ELtkrhAW4AABtaV.jpg							[]				
1205629179460497408	1205629179460497408	2019-12-14 08:22:50 KST	2019-12-14	08:22:50	+0900	21114659	foreignaffairs	Foreign Affairs		“The soda and snack food companies, such as Coca-Cola, PepsiCo, and Nestlé, have turned to emerging markets to secure profits. And they are doing everything they can to keep their new markets pliable.”  https://t.co/oNjTel7Z6d	en	[]	['https://trib.al/3DO0dHw']	[]	2	0	13	[]	[]	https://twitter.com/ForeignAffairs/status/1205629179460497408	False		0								[]				
1205268327574233094	1205268327574233094	2019-12-13 08:28:56 KST	2019-12-13	08:28:56	+0900	198247298	dtjb	Downtown Julie Brown		when you #gottahaveit ...you gotta have it! love being apart of the @pepsi @PepsiCo legacy  #90s #tbt #ThrowbackThursday  https://t.co/mSlOXIQrCO	en	[{'screen_name': 'pepsi', 'name': 'pepsi', 'id': '18139619'}, {'screen_name': 'pepsico', 'name': 'pepsico', 'id': '21346619'}]	[]	['https://pbs.twimg.com/media/ELn5JjPVAAAaP6j.jpg']	6	4	26	['gottahaveit', '90s', 'tbt', 'throwbackthursday']	[]	https://twitter.com/DTJB/status/1205268327574233094	False		1	https://pbs.twimg.com/media/ELn5JjPVAAAaP6j.jpg							[]				
1205256653559517185	1205256653559517185	2019-12-13 07:42:33 KST	2019-12-13	07:42:33	+0900	21346619	pepsico	PepsiCo		Congratulations to our own Paula Santilli, CEO of PepsiCo Latin America, and one of @Forbes 100 Most Powerful Women. Paula is a proven leader, and has been pivotal in making us a faster, stronger, and better company!  https://t.co/fyzPcfF6IB #PowerWomen  https://t.co/GMwWI0ANYp	en	[{'screen_name': 'forbes', 'name': 'forbes', 'id': '91478624'}]	['https://pepsi.co/2PDNHJE']	['https://pbs.twimg.com/media/ELnuiTyXYAAXe6T.jpg']	1	6	39	['powerwomen']	[]	https://twitter.com/PepsiCo/status/1205256653559517185	False		1	https://pbs.twimg.com/media/ELnuiTyXYAAXe6T.jpg							[]				
1205192511750316032	1205192511750316032	2019-12-13 03:27:40 KST	2019-12-13	03:27:40	+0900	148854179	brains9	B9		PepsiCo anuncia lançamento da Pepsi Café para 2020 -  https://t.co/7hCfowrZXK  https://t.co/8KG7hE5mWm	pt	[]	['https://no.b9.com.br/2rF6o7J']	['https://pbs.twimg.com/media/ELm0M5xWsAEtI1n.jpg']	10	8	61	[]	[]	https://twitter.com/brains9/status/1205192511750316032	False		1	https://pbs.twimg.com/media/ELm0M5xWsAEtI1n.jpg							[]				
1205125681757208577	1205125681757208577	2019-12-12 23:02:07 KST	2019-12-12	23:02:07	+0900	20402945	cnbc	CNBC		PepsiCo to debut Pepsi Cafe, a coffee-cola drink, next year  https://t.co/xdKLt3RjFC	en	[]	['https://cnb.cx/2YHUFBB']	[]	12	35	97	[]	[]	https://twitter.com/CNBC/status/1205125681757208577	False		0								[]				
1204776147252391939	1204776147252391939	2019-12-11 23:53:11 KST	2019-12-11	23:53:11	+0900	32804515	ejdickson	Ej Dickson		Nothing but respect for this little slime puppy, a young Kieran Culkin as a bed-wetting child and PepsiCo shill in Home Alone  https://t.co/cOfpHCEUQK	en	[]	[]	['https://pbs.twimg.com/media/ELg5hG0W4AIL76w.jpg']	1	1	53	[]	[]	https://twitter.com/ejdickson/status/1204776147252391939	False		1	https://pbs.twimg.com/media/ELg5hG0W4AIL76w.jpg							[]				
1204477728239554560	1204477728239554560	2019-12-11 04:07:23 KST	2019-12-11	04:07:23	+0900	1026414410452152320	ramonlaguarta	Ramon Laguarta		A key part of being a better company is doing even more for the people who live &amp; work in our communities. On #HumanRightsDay, we are especially aware of  @PepsiCo’s responsibility to stand with the communities we serve. Here’s how we #StandUp4HumanRights:  https://t.co/TqayReYr05	en	[{'screen_name': 'pepsico', 'name': 'pepsico', 'id': '21346619'}]	['https://www.pepsico.com/news/stories/pepsico-stands-up-for-human-rights']	[]	0	4	37	['humanrightsday', 'standup4humanrights']	[]	https://twitter.com/ramonlaguarta/status/1204477728239554560	False		0								[]				
1204418286005309441	1204418286005309441	2019-12-11 00:11:11 KST	2019-12-11	00:11:11	+0900	16834046	care	CARE (care.org)		If women farmers had access to the same resources as their male counterparts, millions of hungry people could be fed. Discover the challenges female farmers face and how we’re working with @PepsiCo to close #TheCropGap. Watch the full film here:  https://t.co/yg8cXjfTei  https://t.co/ul4JNEfpEY	en	[{'screen_name': 'pepsico', 'name': 'pepsico', 'id': '21346619'}]	['https://pepsi.co/thecropgap']	[]	0	8	21	['thecropgap']	[]	https://twitter.com/CARE/status/1204418286005309441	False		1	https://pbs.twimg.com/media/ELYEC6TWwAM7yQ5.png							[]				
1204417698240839680	1204417698240839680	2019-12-11 00:08:50 KST	2019-12-11	00:08:50	+0900	1613681130	michellenunn	Michelle Nunn		If women farmers had access to the same resources as their male counterparts, millions could be lifted out of hunger. Discover the challenges female farmers face and how @CARE is working with @PepsiCo to close #TheCropGap. Watch the full film here:  https://t.co/IfvF1obR6t  https://t.co/wnCnbJGv4k	en	[{'screen_name': 'care', 'name': 'care (care.org)', 'id': '16834046'}, {'screen_name': 'pepsico', 'name': 'pepsico', 'id': '21346619'}]	['https://pepsi.co/thecropgap']	[]	0	2	14	['thecropgap']	[]	https://twitter.com/MichelleNunn/status/1204417698240839680	False		1	https://pbs.twimg.com/media/ELbu599VAAAsNRy.png							[]				
1204082620121919489	1204082620121919489	2019-12-10 01:57:22 KST	2019-12-10	01:57:22	+0900	16834046	care	CARE (care.org)		#SheFeedsTheWorld aims to empower small-scale women farmers by increasing their access to materials and providing training, which will help close #TheCropGap. CARE and @PepsiCo have partnered to shed light on gender inequality in agriculture.  https://t.co/yg8cXjxuCS  https://t.co/XZVhpxyo3V	en	[{'screen_name': 'pepsico', 'name': 'pepsico', 'id': '21346619'}]	['https://pepsi.co/thecropgap']	[]	0	5	17	['shefeedstheworld', 'thecropgap']	[]	https://twitter.com/CARE/status/1204082620121919489	False		1	https://pbs.twimg.com/ext_tw_video_thumb/1204082547468251136/pu/img/3iItP-BLr5FR-oV4.jpg							[]				
1203070261052026880	1203070261052026880	2019-12-07 06:54:36 KST	2019-12-07	06:54:36	+0900	4060086012	agencialupa	Agência Lupa		Circula pelas redes um post afirmando que a multinacional @PepsiCo, dona da marca @PepsiBr, declarou que não vai mais usar células de embriões humanos na composição das suas bebidas. Isso mostraria que esta prática teria sido adotada no passado. Confira:  https://t.co/KP8g0dgKky.  https://t.co/p6LlPPu2ce	pt	[{'screen_name': 'pepsico', 'name': 'pepsico', 'id': '21346619'}, {'screen_name': 'pepsibr', 'name': 'pepsi® brasil', 'id': '56401878'}]	['http://bit.ly/2DRBqf5']	['https://pbs.twimg.com/media/ELIqBJcX0AAgVmw.png']	6	8	26	[]	[]	https://twitter.com/agencialupa/status/1203070261052026880	False		1	https://pbs.twimg.com/media/ELIqBJcX0AAgVmw.png							[]				
1202569858065395712	1202569858065395712	2019-12-05 21:46:11 KST	2019-12-05	21:46:11	+0900	2825622506	pepsicoindia	PepsiCo		From 11,874 Applications to PepsiCo Student Challenge Dare To Do More, here are the Top 10 Teams for PepsiCo India 2019 Finale who will Change the Future of Sustainability! Stay tuned to find out the winner of the Ultimate Battle on 9th Dec'2019! #DARETODOMORE #PEPSICOLIFE  https://t.co/osTTf5GT7a	en	[]	[]	['https://pbs.twimg.com/media/ELBi4lSU0AAGy_2.jpg']	9	20	270	['daretodomore', 'pepsicolife']	[]	https://twitter.com/PepsiCoIndia/status/1202569858065395712	False		1	https://pbs.twimg.com/media/ELBi4lSU0AAGy_2.jpg							[]				
1202310448428793857	1202310448428793857	2019-12-05 04:35:23 KST	2019-12-05	04:35:23	+0900	192386644	malumicher	Martha Lucía Mícher Camarena		Panel: Mejores prácticas para la igualdad de las mujeres en las empresas.  Participan: la Senadora @Pat_MercadoC; la Embajadora de @UKinMexico, @CorinRobertson; Mónica Bauer, Vicepresidenta @PepsiCo Latinoamérica; Adriana Díaz de @Medtronic y María Goretti de @PwC_Mexico.  https://t.co/uljj28pleF	es	[{'screen_name': 'pat_mercadoc', 'name': 'patricia mercado', 'id': '2280947940'}, {'screen_name': 'ukinmexico', 'name': 'uk in mexico🇬🇧🇲🇽', 'id': '60608605'}, {'screen_name': 'corinrobertson', 'name': 'corin robertson', 'id': '475855277'}, {'screen_name': 'pepsico', 'name': 'pepsico', 'id': '21346619'}, {'screen_name': 'medtronic', 'name': 'medtronic', 'id': '52846066'}, {'screen_name': 'pwc_mexico', 'name': 'pwc méxico', 'id': '89228812'}]	[]	['https://pbs.twimg.com/media/EK929B_WoAARSLI.jpg', 'https://pbs.twimg.com/media/EK929C9XUAAlQvy.jpg', 'https://pbs.twimg.com/media/EK929sFWkAQdTwt.jpg', 'https://pbs.twimg.com/media/EK92-C3WsAAKRit.jpg']	0	7	14	[]	[]	https://twitter.com/MaluMicher/status/1202310448428793857	False		1	https://pbs.twimg.com/media/EK929B_WoAARSLI.jpg							[]				
1202215979339485185	1202215979339485185	2019-12-04 22:20:00 KST	2019-12-04	22:20:00	+0900	8719302	therealnews	The Real News		Undercover field investigations have exposed major global food brands — including Unilever, Nestlé, PepsiCo, Mondelēz, General Mills, Kellogg’s, Mars and Hershey — sourcing illegal palm oil grown on protected land. - via @truthout   https://t.co/V21QXSl7t2	en	[{'screen_name': 'truthout', 'name': 'truthout', 'id': '19605981'}]	['http://bit.ly/2DJPqY9']	[]	1	34	33	[]	[]	https://twitter.com/TheRealNews/status/1202215979339485185	False		0								[]				
1202057463903801345	1202057463903801345	2019-12-04 11:50:07 KST	2019-12-04	11:50:07	+0900	436429668	nikkeiasia	Nikkei Asia		#Singapore fund raises $106 million to tackle plastic pollution. #Coca-Cola, #DowChemicals #PepsiCo #plasticpollution   https://t.co/5HIVsYUFoa	en	[]	['https://s.nikkei.com/385YdS6']	[]	1	14	17	['singapore', 'coca', 'dowchemicals', 'pepsico', 'plasticpollution']	[]	https://twitter.com/NikkeiAsia/status/1202057463903801345	False		0								[]				
1201939650480398346	1201939650480398346	2019-12-04 04:01:58 KST	2019-12-04	04:01:58	+0900	1026414410452152320	ramonlaguarta	Ramon Laguarta		Being a better company means doing more for our people and communities. On #GivingTuesday, @PepsiCo is partnering with @CARE and 3x matching every gift made today up to a total of $150,000. Help make a difference for women, children, and refugees!  https://t.co/ApJL476G5l  https://t.co/RltHXmpsKs	en	[{'screen_name': 'pepsico', 'name': 'pepsico', 'id': '21346619'}, {'screen_name': 'care', 'name': 'care (care.org)', 'id': '16834046'}]	['http://pepsi.co/2Dv14pW']	[]	2	9	39	['givingtuesday']	[]	https://twitter.com/ramonlaguarta/status/1201939650480398346	False		1	https://pbs.twimg.com/ext_tw_video_thumb/1201939560189616130/pu/img/9bjJ-P_CJjHrvh4q.jpg							[]				
1201896563859169286	1201896563859169286	2019-12-04 01:10:45 KST	2019-12-04	01:10:45	+0900	21346619	pepsico	PepsiCo		To celebrate #GivingTuesday, the PepsiCo Foundation has committed to TRIPLE match every gift made to @CARE until midnight tonight. Help us reach our $150K goal and make a difference in the lives of women, children and refugees.  https://t.co/VSo3SmCQSg  https://t.co/FUtSzL2AJb	en	[{'screen_name': 'care', 'name': 'care (care.org)', 'id': '16834046'}]	['http://pepsi.co/2Dv14pW']	[]	3	13	25	['givingtuesday']	[]	https://twitter.com/PepsiCo/status/1201896563859169286	False		1	https://pbs.twimg.com/ext_tw_video_thumb/1201896494061834240/pu/img/LNiH62ICJrGCNk-A.jpg							[]				
1201896553620881408	1201896553620881408	2019-12-04 01:10:43 KST	2019-12-04	01:10:43	+0900	182972598	the_real_iman	Iman Abdulmajid		#GivingTuesday, @PepsiCo Foundation has committed to TRIPLE match every gift until midnight tonight. your gift will have triple the impact helping vulnerable girls and women, refugees, starving children and other families in crisis around the world.   https://t.co/UPM1QsLDeh  https://t.co/mPP0i7XqrC	en	[{'screen_name': 'pepsico', 'name': 'pepsico', 'id': '21346619'}]	['http://www.care.org/iman']	[]	2	26	59	['givingtuesday']	[]	https://twitter.com/The_Real_IMAN/status/1201896553620881408	False		1	https://pbs.twimg.com/ext_tw_video_thumb/1201896398020661249/pu/img/qaINXw-Y1x5EckTV.jpg							[]				
1201623872187097088	1201003136074362881	2019-12-03 07:07:10 KST	2019-12-03	07:07:10	+0900	21346619	pepsico	PepsiCo		@NoHoldsStarBard @epsteined__ PepsiCo’s commercial relationship with Senomyx has ended and we do not use any Senomyx ingredients in our products. As always, PepsiCo absolutely does not conduct or fund research that utilizes any human tissue or cell lines derived from embryos or fetuses.	en	[]	[]	[]	412	342	839	[]	[]	https://twitter.com/PepsiCo/status/1201623872187097088	False		0								[{'screen_name': 'NoHoldsStarBard', 'name': 'Bard (The Nightfly)', 'id': '1168212106245824513'}]				
