id	conversation_id	created_at	date	time	timezone	user_id	username	name	place	tweet	language	mentions	urls	photos	replies_count	retweets_count	likes_count	hashtags	cashtags	link	retweet	quote_url	video	thumbnail	near	geo	source	user_rt_id	user_rt	retweet_id	reply_to	retweet_date	translate	trans_src	trans_dest
1100787649286164486	1100787649286164486	2019-02-28 01:00:01 KST	2019-02-28	01:00:01	+0900	75554995	novethic	Novethic		#DangerPlastique | Coca-Cola, PepsiCo et Nestlé seraient responsables de la moitié de la #pollution plastique en Europe  https://t.co/OKDV5COy5A	fr	[]	['https://nvth.fr/2ErRYdJ']	[]	6	77	65	['dangerplastique', 'pollution']	[]	https://twitter.com/Novethic/status/1100787649286164486	False		0								[]				
1100483156728266752	1100483156728266752	2019-02-27 04:50:05 KST	2019-02-27	04:50:05	+0900	16184358	cnnbusiness	CNN Business		Indra Nooyi, former CEO of PepsiCo, has joined Amazon's board of directors  https://t.co/mtMGSsbpU5  https://t.co/8ZWRkSokbL	en	[]	['https://cnn.it/2EcVOHd']	['https://pbs.twimg.com/media/D0WzmVPWoAANdmv.jpg']	2	11	22	[]	[]	https://twitter.com/CNNBusiness/status/1100483156728266752	False		1	https://pbs.twimg.com/media/D0WzmVPWoAANdmv.jpg							[]				
1100479230415200256	1100479230415200256	2019-02-27 04:34:29 KST	2019-02-27	04:34:29	+0900	2097571	cnni	CNN International		Indra Nooyi, former CEO of PepsiCo, joins Amazon's board of directors  https://t.co/38tSr1C8jw  https://t.co/WxSPmPv97r	en	[]	['https://cnn.it/2TdDR55']	['https://pbs.twimg.com/media/D0WwBugXcAEjMmu.jpg']	6	18	69	[]	[]	https://twitter.com/cnni/status/1100479230415200256	False		1	https://pbs.twimg.com/media/D0WwBugXcAEjMmu.jpg							[]				
1100410247405961224	1100410247405961224	2019-02-27 00:00:22 KST	2019-02-27	00:00:22	+0900	14353224	ethisphere	Ethisphere		CONGRATS to our 13X 2019 #WorldsMostEthicalCompanies: @Aflac @Ecolab @FluorCorp @IntlPaperCo @MillikenandCo @PepsiCo @TXInstruments &amp; #KaoCorporation. See the full list of honorees here:  https://t.co/B40PnHMvYJ #Integrity #ethics #leadership	en	[{'screen_name': 'aflac', 'name': 'aflac', 'id': '23797083'}, {'screen_name': 'ecolab', 'name': 'ecolab', 'id': '250684710'}, {'screen_name': 'fluorcorp', 'name': 'fluor corporation', 'id': '182548490'}, {'screen_name': 'intlpaperco', 'name': 'international paper', 'id': '1454477221'}, {'screen_name': 'millikenandco', 'name': 'milliken & company', 'id': '462886099'}, {'screen_name': 'pepsico', 'name': 'pepsico', 'id': '21346619'}, {'screen_name': 'txinstruments', 'name': 'texas instruments', 'id': '13613292'}]	['https://bit.ly/2sk46us']	[]	2	15	26	['worldsmostethicalcompanies', 'kaocorporation', 'integrity', 'ethics', 'leadership']	[]	https://twitter.com/ethisphere/status/1100410247405961224	False		0								[]				
1100410229961850883	1100410229961850883	2019-02-27 00:00:18 KST	2019-02-27	00:00:18	+0900	25053299	fortunemagazine	FORTUNE		Amazon adds former PepsiCo chief Indra Nooyi to its board of directors  https://t.co/pYSF0PraXw	en	[]	['https://trib.al/mwI9oY2']	[]	1	7	36	[]	[]	https://twitter.com/FortuneMagazine/status/1100410229961850883	False		0								[]				
1100367088181542912	1100367088181542912	2019-02-26 21:08:52 KST	2019-02-26	21:08:52	+0900	759251	cnn	CNN		Indra Nooyi, former CEO of PepsiCo, joins Amazon's board of directors  https://t.co/4fX1zRbLvj  https://t.co/aHb2HIo79Z	en	[]	['https://cnn.it/2EfYP9E']	['https://pbs.twimg.com/media/D0VKCOwXgAAs7Oh.jpg']	12	37	152	[]	[]	https://twitter.com/CNN/status/1100367088181542912	False		1	https://pbs.twimg.com/media/D0VKCOwXgAAs7Oh.jpg							[]				
1100366830126936064	1100366830126936064	2019-02-26 21:07:50 KST	2019-02-26	21:07:50	+0900	20578408	gulf_news	Gulf News		Former PepsiCo CEO #IndraNooyi will join Amazon as director  https://t.co/ELyt2ku5aw	en	[]	['https://bit.ly/2Nvt7te']	[]	0	5	21	['indranooyi']	[]	https://twitter.com/gulf_news/status/1100366830126936064	False		0								[]				
1100333402048348160	1100333402048348160	2019-02-26 18:55:00 KST	2019-02-26	18:55:00	+0900	94761188	newindianxpress	The New Indian Express		PepsiCo's former CEO Indra Nooyi has joined Amazon's board of directors!  https://t.co/XSqpnWiIVW	en	[]	['http://bit.ly/2H3vl1P']	[]	0	4	16	[]	[]	https://twitter.com/NewIndianXpress/status/1100333402048348160	False		0								[]				
1100322165793030144	1100322165793030144	2019-02-26 18:10:21 KST	2019-02-26	18:10:21	+0900	36327407	httweets	Hindustan Times		Amazon adds former PepsiCo CEO Indra Nooyi to board  https://t.co/grfAqQ5TWb  https://t.co/hpnp6L6Yp5	en	[]	['https://goo.gl/hy3piv']	['https://pbs.twimg.com/media/D0UhK7tV4AA8RWX.jpg']	0	6	36	[]	[]	https://twitter.com/htTweets/status/1100322165793030144	False		1	https://pbs.twimg.com/media/D0UhK7tV4AA8RWX.jpg							[]				
1100306859771211776	1100306859771211776	2019-02-26 17:09:32 KST	2019-02-26	17:09:32	+0900	20751449	the_hindu	The Hindu		Ms. Nooyi, who stepped down as CEO of Pepsico in October last year, is the second woman of colour to be added on the Amazon’s board of Directors.  https://t.co/ErZPRpJBWd	en	[]	['https://trib.al/DnDtcKG']	[]	4	21	172	[]	[]	https://twitter.com/the_hindu/status/1100306859771211776	False		0								[]				
1100274293479522304	1100274293479522304	2019-02-26 15:00:08 KST	2019-02-26	15:00:08	+0900	16184358	cnnbusiness	CNN Business		Indra Nooyi, former CEO of PepsiCo, has joined Amazon's board of directors  https://t.co/nmGjNmU5Zb  https://t.co/gXnjjLsaJv	en	[]	['https://cnn.it/2TkuJvm']	['https://pbs.twimg.com/media/D0T1o46W0AE_Vpd.jpg']	0	8	20	[]	[]	https://twitter.com/CNNBusiness/status/1100274293479522304	False		1	https://pbs.twimg.com/media/D0T1o46W0AE_Vpd.jpg							[]				
1100251392281927680	1100251392281927680	2019-02-26 13:29:08 KST	2019-02-26	13:29:08	+0900	43077446	gadgets360	Gadgets 360		Amazon Adds Former PepsiCo CEO Indra Nooyi to Board  https://t.co/PYVcIaA6dz	en	[]	['https://gadgets.ndtv.com/internet/news/amazon-adds-former-pepsico-ceo-indra-nooyi-to-board-1999320']	[]	1	7	63	[]	[]	https://twitter.com/Gadgets360/status/1100251392281927680	False		0								[]				
1100241040886456320	1100241040886456320	2019-02-26 12:48:00 KST	2019-02-26	12:48:00	+0900	14352556	seattletimes	The Seattle Times		Amazon has named former PepsiCo CEO Indra Nooyi to its board, the second woman of color to be added to the online retailer's board of directors in a month.  https://t.co/Si2DuaDDmK	en	[]	['https://st.news/2EwkgVr']	[]	2	4	19	[]	[]	https://twitter.com/seattletimes/status/1100241040886456320	False		0								[]				
1100226444867919873	1100226444867919873	2019-02-26 11:50:00 KST	2019-02-26	11:50:00	+0900	18071358	zeenewsenglish	Zee News English		. #Amazon appoints former PepsiCo CEO Indra Nooyi to board   https://t.co/SLthCKfbYe	en	[]	['https://zeenews.india.com/companies/amazon-appoints-former-pepsico-ceo-indra-nooyi-to-board-2183458.html']	[]	2	9	59	['amazon']	[]	https://twitter.com/ZeeNewsEnglish/status/1100226444867919873	False		0								[]				
1100206697468043264	1100206697468043264	2019-02-26 10:31:32 KST	2019-02-26	10:31:32	+0900	1652541	reuters	Reuters		Amazon adds former PepsiCo CEO Indra Nooyi to board  https://t.co/kDIadZwquU  https://t.co/IYedLXuB5c	en	[]	['https://reut.rs/2EawQZg']	['https://pbs.twimg.com/media/D0S4KS6X4AAiswQ.jpg']	4	15	39	[]	[]	https://twitter.com/Reuters/status/1100206697468043264	False		1	https://pbs.twimg.com/media/D0S4KS6X4AAiswQ.jpg							[]				
1100172371615514624	1100172371615514624	2019-02-26 08:15:08 KST	2019-02-26	08:15:08	+0900	4898091	financialtimes	Financial Times		Amazon has added former PepsiCo chief Indra Nooyi to its board in an effort to address complaints about a lack of diversity at the ecommerce company.  https://t.co/aGX2jii7jw	en	[]	['https://on.ft.com/2E6pXI8']	[]	3	13	20	[]	[]	https://twitter.com/FinancialTimes/status/1100172371615514624	False		0								[]				
1100171359869640705	1100171359869640705	2019-02-26 08:11:07 KST	2019-02-26	08:11:07	+0900	759251	cnn	CNN		Indra Nooyi, former CEO of PepsiCo, joins Amazon's board of directors  https://t.co/ZLybiR1Wlp  https://t.co/SY4HhQ5sr3	en	[]	['https://cnn.it/2ThUc8G']	['https://pbs.twimg.com/media/D0SYBT-W0AIqqJT.jpg']	10	47	180	[]	[]	https://twitter.com/CNN/status/1100171359869640705	False		1	https://pbs.twimg.com/media/D0SYBT-W0AIqqJT.jpg							[]				
1100171359538290688	1100171359538290688	2019-02-26 08:11:06 KST	2019-02-26	08:11:06	+0900	2097571	cnni	CNN International		Indra Nooyi, former CEO of PepsiCo, joins Amazon's board of directors  https://t.co/9qjW7ZOUjR  https://t.co/FC2Go63rnd	en	[]	['https://cnn.it/2EbfKuk']	['https://pbs.twimg.com/media/D0SYBTvWwAADhna.jpg']	1	9	34	[]	[]	https://twitter.com/cnni/status/1100171359538290688	False		1	https://pbs.twimg.com/media/D0SYBTvWwAADhna.jpg							[]				
1100170820779999232	1100170820779999232	2019-02-26 08:08:58 KST	2019-02-26	08:08:58	+0900	16184358	cnnbusiness	CNN Business		Indra Nooyi, former CEO of PepsiCo, has joined Amazon's board of directors  https://t.co/5CjBiu3JjX  https://t.co/sOn5GLW3yo	en	[]	['https://cnn.it/2Ebfonu']	['https://pbs.twimg.com/media/D0SXh_LW0AEU3z8.jpg']	0	10	29	[]	[]	https://twitter.com/CNNBusiness/status/1100170820779999232	False		1	https://pbs.twimg.com/media/D0SXh_LW0AEU3z8.jpg							[]				
1100160988517666816	1100160988517666816	2019-02-26 07:29:54 KST	2019-02-26	07:29:54	+0900	34713362	business	Bloomberg		Amazon named former PepsiCo CEO Indra Nooyi to its board  https://t.co/r242hemyzH	en	[]	['https://bloom.bg/2EcMxiB']	[]	2	29	49	[]	[]	https://twitter.com/business/status/1100160988517666816	False		0								[]				
1100159362373439488	1100159362373439488	2019-02-26 07:23:26 KST	2019-02-26	07:23:26	+0900	18949452	ft	Financial Times		Former PepsiCo chief Indra Nooyi elected to Amazon board  https://t.co/MNs7INbF7M	en	[]	['https://on.ft.com/2TbK8hH']	[]	2	13	38	[]	[]	https://twitter.com/FT/status/1100159362373439488	False		0								[]				
1100152958824730626	1100152958824730626	2019-02-26 06:57:59 KST	2019-02-26	06:57:59	+0900	800707492346925056	axios	Axios		NEW: Amazon has appointed former PepsiCo CEO Indra Nooyi as the 11th member of its board of directors, per an SEC filing  https://t.co/C5l1DgO87S	en	[]	['https://www.axios.com/former-pepsico-ceo-indra-nooyi-amazon-board-of-directors-d2dee931-d2f9-4668-9615-4cc3dace6a63.html?utm_source=twitter&utm_medium=social&utm_campaign=organic&utm_content=1100']	[]	1	10	26	[]	[]	https://twitter.com/axios/status/1100152958824730626	False		0								[]				
1100146113389170689	1100146113389170689	2019-02-26 06:30:47 KST	2019-02-26	06:30:47	+0900	2343227468	readkrystalhu	Krystal Hu		JUST IN: Amazon appoints Indra Nooyi, former PepsiCo CEO, to its board $AMZN	en	[]	[]	[]	3	11	28	[]	['amzn']	https://twitter.com/readkrystalhu/status/1100146113389170689	False		0								[]				
1100124559649488899	1100124559649488899	2019-02-26 05:05:09 KST	2019-02-26	05:05:09	+0900	784304	sxsw	SXSW		On 3/9 join insights leaders @zappi_io @PepsiCo @JNJCares and Mars Wrigley at @sxsw to hear how global insights leaders are re-imagining the new role of insights during the Brand &amp; Marketing track! #ZappiToBeHere  https://t.co/RMHgISeCyg	en	[{'screen_name': 'zappi_io', 'name': 'zappi', 'id': '1305734664'}, {'screen_name': 'pepsico', 'name': 'pepsico', 'id': '21346619'}, {'screen_name': 'jnjcares', 'name': 'johnson & johnson', 'id': '138845026'}, {'screen_name': 'sxsw', 'name': 'sxsw', 'id': '784304'}]	['http://ow.ly/y3YB30nN0yh']	[]	1	6	13	['zappitobehere']	[]	https://twitter.com/sxsw/status/1100124559649488899	False		0								[]				
1099414720778567682	1099414720778567682	2019-02-24 06:04:30 KST	2019-02-24	06:04:30	+0900	16048404	gizmodobr	GizmodoBR		"PepsiCo está ""automatizando implacavelmente"" sua força de trabalho, e isso é mais distópico do que parece  https://t.co/Y1sgVQ1FHC"	pt	[]	['https://gizmodo.uol.com.br/pepsico-automatizacao-forca-trabalho/']	[]	2	10	23	[]	[]	https://twitter.com/GizmodoBR/status/1099414720778567682	False		0								[]				
1099379705315233795	1099361275010842628	2019-02-24 03:45:21 KST	2019-02-24	03:45:21	+0900	74689776	modifiedvikas	विकास पांडेय		@BikashRon @MohanKshitij @PepsiCo @PepsiIndia @narendramodi @AmitShah @TajinderBagga @iAnkurSingh @squintneon It's pepsi product only	en	[]	[]	[]	1	3	24	[]	[]	https://twitter.com/MODIfiedVikas/status/1099379705315233795	False		0								[{'screen_name': 'MohanKshitij', 'name': 'Kshitij Mohan', 'id': '2773501699'}, {'screen_name': 'PepsiCo', 'name': 'PepsiCo', 'id': '21346619'}, {'screen_name': 'PepsiIndia', 'name': 'Pepsi India', 'id': '233418418'}, {'screen_name': 'narendramodi', 'name': 'Narendra Modi', 'id': '18839785'}, {'screen_name': 'AmitShah', 'name': 'Amit Shah', 'id': '1447949844'}, {'screen_name': 'TajinderBagga', 'name': 'Tajinder Pal Singh Bagga', 'id': '85462891'}, {'screen_name': 'iAnkurSingh', 'name': 'Ankur', 'id': '2455275793'}, {'screen_name': 'squintneon', 'name': 'Squint Nayan🌈', 'id': '914366751831478272'}]				
1099366006059880448	1099361275010842628	2019-02-24 02:50:55 KST	2019-02-24	02:50:55	+0900	74689776	modifiedvikas	विकास पांडेय		@MohanKshitij @PepsiCo @PepsiIndia @narendramodi @AmitShah @TajinderBagga @iAnkurSingh @squintneon Yes please. We will plan accordingly.	en	[]	[]	[]	4	4	50	[]	[]	https://twitter.com/MODIfiedVikas/status/1099366006059880448	False		0								[{'screen_name': 'MohanKshitij', 'name': 'Kshitij Mohan', 'id': '2773501699'}, {'screen_name': 'PepsiCo', 'name': 'PepsiCo', 'id': '21346619'}, {'screen_name': 'PepsiIndia', 'name': 'Pepsi India', 'id': '233418418'}, {'screen_name': 'narendramodi', 'name': 'Narendra Modi', 'id': '18839785'}, {'screen_name': 'AmitShah', 'name': 'Amit Shah', 'id': '1447949844'}, {'screen_name': 'TajinderBagga', 'name': 'Tajinder Pal Singh Bagga', 'id': '85462891'}, {'screen_name': 'iAnkurSingh', 'name': 'Ankur', 'id': '2455275793'}, {'screen_name': 'squintneon', 'name': 'Squint Nayan🌈', 'id': '914366751831478272'}]				
1099364381392023552	1099361275010842628	2019-02-24 02:44:28 KST	2019-02-24	02:44:28	+0900	74689776	modifiedvikas	विकास पांडेय		@MohanKshitij @PepsiCo @PepsiIndia @narendramodi @AmitShah Good catch. What other brands are supporting Pak cricket or any other sport team which have good presence in India? @TajinderBagga @iAnkurSingh @squintneon	en	[{'screen_name': 'tajinderbagga', 'name': 'tajinder pal singh bagga', 'id': '85462891'}, {'screen_name': 'iankursingh', 'name': 'ankur', 'id': '2455275793'}, {'screen_name': 'squintneon', 'name': 'squint nayan🌈', 'id': '914366751831478272'}]	[]	[]	7	106	250	[]	[]	https://twitter.com/MODIfiedVikas/status/1099364381392023552	False		0								[{'screen_name': 'MohanKshitij', 'name': 'Kshitij Mohan', 'id': '2773501699'}, {'screen_name': 'PepsiCo', 'name': 'PepsiCo', 'id': '21346619'}, {'screen_name': 'PepsiIndia', 'name': 'Pepsi India', 'id': '233418418'}, {'screen_name': 'narendramodi', 'name': 'Narendra Modi', 'id': '18839785'}, {'screen_name': 'AmitShah', 'name': 'Amit Shah', 'id': '1447949844'}]				
1099136736226148352	1099136736226148352	2019-02-23 11:39:53 KST	2019-02-23	11:39:53	+0900	158865339	fastcodesign	Co.Design		Procter &amp; Gamble, Nestle, PepsiCo, Unilever, UPS and others are joining forces on reusable packaging: each container in the system is designed for 100 or more uses.   https://t.co/b8RsqrEK4S	en	[]	['http://f-st.co/unJr5rJ']	[]	0	13	22	[]	[]	https://twitter.com/FastCoDesign/status/1099136736226148352	False		0								[]				
1098945504157696000	1098945504157696000	2019-02-22 23:00:00 KST	2019-02-22	23:00:00	+0900	211464439	uscglahore	U.S. Consulate General Lahore		Have you tried a chapli burger or a seekh kebab pizza? We just did! Watch our latest video to see our reactions.  #AmericanBrands #LocalFlavors #TasteTest #PakUS #FoodieCulture  #WhyILovePakistan  @PepsiCo @PepsiCoAMENA @KurkurePakistan @McDonaldsPK @PizzaHutPak @fritolay  https://t.co/gXtB6eItnF	en	"[{'screen_name': 'pepsico', 'name': 'pepsico', 'id': '21346619'}, {'screen_name': 'kurkurepakistan', 'name': 'kurkure pakistan', 'id': '1553598127'}, {'screen_name': 'mcdonaldspk', 'name': ""mcdonald's pakistan"", 'id': '927442597'}, {'screen_name': 'pizzahutpak', 'name': 'pizzahutpak', 'id': '1348622624'}, {'screen_name': 'fritolay', 'name': 'frito-lay', 'id': '66441732'}]"	[]	[]	5	13	69	['americanbrands', 'localflavors', 'tastetest', 'pakus', 'foodieculture', 'whyilovepakistan']	[]	https://twitter.com/USCGLahore/status/1098945504157696000	False		1	https://pbs.twimg.com/media/D0AYqpFWsAIG22s.jpg							[]				
1098644075572539392	1098644075572539392	2019-02-22 03:02:14 KST	2019-02-22	03:02:14	+0900	355220990	kevlabeast	L.A. Beast		I busted my ass working for @pepsi back in 2010. I’d be pissed if I lost my job to a robot...Not cool. PepsiCo layoffs begin as the company commits to 'relentlessly automating'   https://t.co/7VHF2xVSrV	en	[{'screen_name': 'pepsi', 'name': 'pepsi', 'id': '18139619'}]	['https://twitter.com/i/events/1098597545432043520']	[]	6	3	56	[]	[]	https://twitter.com/KevLAbeast/status/1098644075572539392	False		0								[]				
1098498241212174336	1098498241212174336	2019-02-21 17:22:44 KST	2019-02-21	17:22:44	+0900	29157243	smilefoundation	Smile Foundation		'Sampoorna Initiative' for Adolescent girls health. As part of the nutrition enhancement efforts, #MichelinStar Chef and @PepsiCo &amp; Smile Foundation’s Nutrition Ambassador, @TheVikasKhanna developed nutritious ‘laddoos’ recipe using locally available ingredients.  https://t.co/yTKnphngjM	en	[{'screen_name': 'pepsico', 'name': 'pepsico', 'id': '21346619'}, {'screen_name': 'thevikaskhanna', 'name': 'vikas khanna', 'id': '93665089'}]	[]	['https://pbs.twimg.com/media/Dz6lhFPWkAI0dEd.jpg', 'https://pbs.twimg.com/media/Dz6lhFSXgAAHhPL.jpg', 'https://pbs.twimg.com/media/Dz6lhFQXQAAc8u8.jpg', 'https://pbs.twimg.com/media/Dz6lhFQWwAEpv7P.jpg']	1	16	71	['michelinstar']	[]	https://twitter.com/smilefoundation/status/1098498241212174336	False		1	https://pbs.twimg.com/media/Dz6lhFPWkAI0dEd.jpg							[]				
1098449174683631616	1098449174683631616	2019-02-21 14:07:46 KST	2019-02-21	14:07:46	+0900	2228878592	andrewyang	Andrew Yang🧢🗽🇺🇸		Even PepsiCo says it is automating away jobs  https://t.co/YTLuxCzk9S	en	[]	['https://www.businessinsider.com/pepsico-layoffs-begin-restructuring-plan-kicks-off-2019-2']	[]	61	289	652	[]	[]	https://twitter.com/AndrewYang/status/1098449174683631616	False		0								[]				
1098368595027988481	1098368595027988481	2019-02-21 08:47:34 KST	2019-02-21	08:47:34	+0900	21291492	_bmturner_	Matt Turner		PepsiCo is laying off corporate employees as the company commits to millions of dollars in severance pay, restructuring, and 'relentlessly automating'  https://t.co/Q6rocVXuG0 via @businessinsider	en	[{'screen_name': 'businessinsider', 'name': 'business insider', 'id': '20562637'}]	['https://www.businessinsider.com/pepsico-layoffs-begin-restructuring-plan-kicks-off-2019-2?utm_source=twitter&utm_medium=referral&utm_content=topbar&utm_term=mobile&referrer=twitter']	[]	66	301	223	[]	[]	https://twitter.com/_bmturner_/status/1098368595027988481	False		0								[]				
1098236229815025664	1098236229815025664	2019-02-21 00:01:36 KST	2019-02-21	00:01:36	+0900	1026414410452152320	ramonlaguarta	Ramon Laguarta		"This year @PepsiCo is honoring #BlackHistoryMonth by hosting ""Courageous Conversations"" across the company. We’re learning a lot about each other and how we can work to continue building a workplace based on mutual understanding and respect. Thanks to all for a great dialogue!"	en	[{'screen_name': 'pepsico', 'name': 'pepsico', 'id': '21346619'}]	[]	[]	3	5	53	['blackhistorymonth']	[]	https://twitter.com/ramonlaguarta/status/1098236229815025664	False		0								[]				
1098038481572507649	1098038481572507649	2019-02-20 10:55:49 KST	2019-02-20	10:55:49	+0900	34713362	business	Bloomberg		PepsiCo's new CEO Ramon Laguarta has made his first acquisition, purchasing the maker of Muscle Milk sports beverages from Hormel Foods  https://t.co/kirhE9vUil	en	[]	['https://bloom.bg/2DTqQ74']	[]	6	25	47	[]	[]	https://twitter.com/business/status/1098038481572507649	False		0								[]				
1098009124904861697	1098009124904861697	2019-02-20 08:59:10 KST	2019-02-20	08:59:10	+0900	34713362	business	Bloomberg		PepsiCo's new CEO Ramon Laguarta has made his first acquisition, purchasing the maker of Muscle Milk sports beverages from Hormel Foods  https://t.co/i6ezT8J7mq	en	[]	['https://bloom.bg/2SQq45b']	[]	0	14	24	[]	[]	https://twitter.com/business/status/1098009124904861697	False		0								[]				
1097833036522143744	1097833036522143744	2019-02-19 21:19:27 KST	2019-02-19	21:19:27	+0900	93665089	thevikaskhanna	Vikas Khanna		Celebrating the launch of  “Sampoorna” initiative for adolescent girls in Banaskantha Gujarat with @smilefoundation @PepsiCo @kjpilot #Sampoorna @KaulPoonam #pepsicofoundation  https://t.co/7apkhTb54j	en	[{'screen_name': 'smilefoundation', 'name': 'smile foundation', 'id': '29157243'}, {'screen_name': 'pepsico', 'name': 'pepsico', 'id': '21346619'}, {'screen_name': 'kjpilot', 'name': 'krista pilot', 'id': '16035679'}, {'screen_name': 'kaulpoonam', 'name': 'poonam kaul', 'id': '753531156'}]	[]	['https://pbs.twimg.com/media/DzxJTHkWoAA1sc1.jpg', 'https://pbs.twimg.com/media/DzxJTMdW0AI3Wq5.jpg', 'https://pbs.twimg.com/media/DzxJTHjWkAAr7wv.jpg']	5	19	138	['sampoorna', 'pepsicofoundation']	[]	https://twitter.com/TheVikasKhanna/status/1097833036522143744	False		1	https://pbs.twimg.com/media/DzxJTHkWoAA1sc1.jpg							[]				
1097277014082535427	1097277014082535427	2019-02-18 08:30:01 KST	2019-02-18	08:30:01	+0900	91478624	forbes	Forbes		With soda sales losing their fizz, PepsiCo is looking at water and other non-carbonated options to lure thirsty consumers  https://t.co/pQn3Tyl39h  https://t.co/mWUiFPXH4H	en	[]	['http://on.forbes.com/6012ETGuK']	['https://pbs.twimg.com/media/DzpPoRYWkAA4r57.jpg']	3	24	68	[]	[]	https://twitter.com/Forbes/status/1097277014082535427	False		1	https://pbs.twimg.com/media/DzpPoRYWkAA4r57.jpg							[]				
1097108263995432960	1097108263995432960	2019-02-17 21:19:28 KST	2019-02-17	21:19:28	+0900	158865339	fastcodesign	Co.Design		Procter &amp; Gamble, Nestle, PepsiCo, Unilever, UPS and others are joining forces on reusable packaging: each container in the system is designed for 100 or more uses.   https://t.co/KPI8wB0odj	en	[]	['http://f-st.co/wCJ57Ql']	[]	2	24	68	[]	[]	https://twitter.com/FastCoDesign/status/1097108263995432960	False		0								[]				
1096910270658678785	1096910270658678785	2019-02-17 08:12:42 KST	2019-02-17	08:12:42	+0900	93797343	josecardenas1	JOSÉ CÁRDENAS		PepsiCo vislumbra mal panorama; proyecta baja de ganancias en 2017  https://t.co/zLem6s1y9c	es	[]	['http://ht.ly/Vt9q30nJ5LQ']	[]	18	8	19	[]	[]	https://twitter.com/JoseCardenas1/status/1096910270658678785	False		0								[]				
1096840914285355008	1096840914285355008	2019-02-17 03:37:06 KST	2019-02-17	03:37:06	+0900	33884545	cnnee	CNN en Español		Los valores de PepsiCo, dueña de marcas como Pepsi, Gatorade y Frito-Lay, subieron casi un 3%. Xavier Serbiá explica por qué:  https://t.co/MHokcJfU6p	es	[]	['https://cnn.it/2DIWfcc']	[]	2	13	52	[]	[]	https://twitter.com/CNNEE/status/1096840914285355008	False		0								[]				
1096397540445036545	1096397540445036545	2019-02-15 22:15:18 KST	2019-02-15	22:15:18	+0900	34713362	business	Bloomberg		PepsiCo warns that earnings will decline this year, one day after a disappointing outlook from chief rival Coca-Cola  https://t.co/Z1VTGLXDCk	en	[]	['https://bloom.bg/2Ebz6k6']	[]	2	10	11	[]	[]	https://twitter.com/business/status/1096397540445036545	False		0								[]				
1095918055610146817	1095918055610146817	2019-02-14 14:30:00 KST	2019-02-14	14:30:00	+0900	290452792	aitcofficial	All India Trinamool Congress		PepsiCo plans new snacks line in Bangla  রাজ্যে নতুন স্ন্যাক্স লাইন খুলেছে পেপসিকো  Read more &gt;&gt;  https://t.co/8KdCg6bTF0  https://t.co/AaOqTSxBKG	und	[]	['http://goo.gl/hSEmJg']	['https://pbs.twimg.com/media/DzVwdsPVAAIvU5g.jpg']	4	12	48	[]	[]	https://twitter.com/AITCofficial/status/1095918055610146817	False		1	https://pbs.twimg.com/media/DzVwdsPVAAIvU5g.jpg							[]				
1095730128280264710	1095730084550508544	2019-02-14 02:03:14 KST	2019-02-14	02:03:14	+0900	615721665	mintrabajocol	MinTrabajo		@Baena precisó, que compañías como Pfizer, P&amp;G, Johnson y Pepsico se destacaron en 2018, dentro de las 10 mejores organizaciones en equidad de género para el sector privado en Colombia (Ranking Par Aequales, el viceministro invitó a más empresas a que se sumen al sello #Equipares	es	[]	[]	[]	1	42	65	['equipares']	[]	https://twitter.com/MintrabajoCol/status/1095730128280264710	False		0								[]				
1095405164524113920	1095405164524113920	2019-02-13 04:31:57 KST	2019-02-13	04:31:57	+0900	164425558	jonerlichman	Jon Erlichman		Years it took to reach $50 billion in annual revenue  Citigroup: 185 yrs AT&amp;T: 114 yrs UPS: 98 yrs Pepsico: 93 yrs Disney: 91 yrs Boeing: 80 yrs Exxon: 73 yrs GM: 40 years Walmart: 28 yrs Amazon: 17 yrs Google: 14 yrs Facebook: 14 yrs  (inflation adjusted)  https://t.co/CAPbqN02nb	en	[]	['https://www.bnnbloomberg.ca/how-facebook-became-one-of-the-fastest-growing-companies-in-u-s-history-1.1213047']	[]	3	118	435	[]	[]	https://twitter.com/JonErlichman/status/1095405164524113920	False		0								[]				
1095296265343008768	1095296265343008768	2019-02-12 21:19:13 KST	2019-02-12	21:19:13	+0900	2911771819	shipmin_india	Ministry of Ports, Shipping and Waterways		जलपरिवहन ने पकड़ी रफ़्तार।   - वाराणसी-हल्दिया के बीच मालवाहक जहाज़ों की बढ़ी आवाजाही। - PepsiCo , Maersk , Emami , IFFCO जैसी कम्पनियों के कार्गो का आवागमन  @nitin_gadkari	hi	[{'screen_name': 'nitin_gadkari', 'name': 'nitin gadkari', 'id': '97217966'}]	[]	[]	1	15	81	[]	[]	https://twitter.com/shipmin_india/status/1095296265343008768	False	https://twitter.com/IWAI_ShipMin/status/1095222867455864832	0								[]				
1095210472121475072	1095210472121475072	2019-02-12 15:38:19 KST	2019-02-12	15:38:19	+0900	14175873	aparanjape	Amit Paranjape		Big milestone! ..... 'Shipping giant Maersk to start using Ganga waterway from Tuesday'  Earlier firms like PepsiCo, Emami Agrotech, IFFCO Fertilizers, Dabur India, had moved their containers on river Ganga.    https://t.co/N2R0Nm4C73	en	[]	['http://economictimes.indiatimes.com/articleshow/67945028.cms?utm_source%3Dtwitter_wap%26utm_medium%3Dsocial%26utm_campaign%3Dsocialsharebuttons&from=mdr&utm_source=contentofinterest&utm_medium=text&utm_campaign=cppst']	[]	1	14	25	[]	[]	https://twitter.com/aparanjape/status/1095210472121475072	False		0								[]				
1094992319579910144	1094992319579910144	2019-02-12 01:11:27 KST	2019-02-12	01:11:27	+0900	149516743	geonews_english	Geo English		Chaudhry welcomes PepsiCo decision to invest $1bn in Pakistan  https://t.co/eixyjkpcu4	en	[]	['https://www.geo.tv/latest/227842-chaudhry-welcomes-pepsico-decision-to-invest-1bn-in-pakistan?5c619eaf7cf26']	[]	1	11	56	[]	[]	https://twitter.com/geonews_english/status/1094992319579910144	False		0								[]				
1094988794854551553	1094988794854551553	2019-02-12 00:57:27 KST	2019-02-12	00:57:27	+0900	352184105	govtofpakistan	Government of Pakistan		Chaudhry Fawad Hussain, Federal Minister for Information and Broadcasting in a meeting with Kirsta Pilot, Senior Vice President PEPSICO on the sideline of high-level Ministerial Meeting on Artificial intelligence on the 2nd day of the #WorldGovSummit in Dubai.  https://t.co/BV4UxyhnMj	en	[]	[]	['https://pbs.twimg.com/media/DzIuXqnWwAMSTAA.jpg']	7	36	278	['worldgovsummit']	[]	https://twitter.com/GovtofPakistan/status/1094988794854551553	False		1	https://pbs.twimg.com/media/DzIuXqnWwAMSTAA.jpg							[]				
1094720162501017600	1094720162501017600	2019-02-11 07:10:00 KST	2019-02-11	07:10:00	+0900	48036557	empresaspolar	Empresas Polar		#SabíasQue La alianza entre PepsiCo y Empresas Polar que permitió el regreso de @PepsiVEN al mercado venezolano se firmó el 13 de noviembre de 1996, se cumplen 22 años orgullosos de trabajar juntos.	es	[{'screen_name': 'pepsiven', 'name': 'pepsi venezuela', 'id': '61556087'}]	[]	[]	0	53	129	['sabíasque']	[]	https://twitter.com/EmpresasPolar/status/1094720162501017600	False		0								[]				
1094511987416010758	1094511987416010758	2019-02-10 17:22:47 KST	2019-02-10	17:22:47	+0900	158865339	fastcodesign	Co.Design		Procter &amp; Gamble, Nestle, PepsiCo, Unilever, UPS and others are joining forces on reusable packaging: each container in the system is designed for 100 or more uses.   https://t.co/uiw8XnHWGn	en	[]	['http://f-st.co/lkPXnPA']	[]	2	26	62	[]	[]	https://twitter.com/FastCoDesign/status/1094511987416010758	False		0								[]				
1093996528191111168	1093996528191111168	2019-02-09 07:14:32 KST	2019-02-09	07:14:32	+0900	29556786	famu_1887	Florida A&M University		FAMU student Kiffani Zackery has been named a finalist in the 2018 @PepsiCo Game Changers competition. Launched last year, the Game Changers Competition challenged students to submit their best innovative ideas for PepsiCo. Read more below.  https://t.co/egfHHuDdTJ	en	[{'screen_name': 'pepsico', 'name': 'pepsico', 'id': '21346619'}]	['http://www.famunews.com/2019/01/happening-on-the-hill-student-named-finalist-for-pepsico-competition-billboard-chart-topper-joins-famu-faculty/']	[]	0	11	49	[]	[]	https://twitter.com/FAMU_1887/status/1093996528191111168	False		0								[]				
1093506587363344387	1093506587363344387	2019-02-07 22:47:41 KST	2019-02-07	22:47:41	+0900	35699012	blitzkreigm	Mangalam Maloo		Varun Beverages: To acquire PepsiCo's franchise rights in 3 states  Varun Beverages to Acquire Rights to MP, Maharashtra &amp; K’Taka.   Varun says - Yeh Dil Maange More.  Pepsi Says - Oh, Yes Abhi!   @PepsiIndia #FMCGisLife	en	[{'screen_name': 'pepsiindia', 'name': 'pepsi india', 'id': '233418418'}]	[]	[]	1	9	61	['fmcgislife']	[]	https://twitter.com/blitzkreigm/status/1093506587363344387	False		0								[]				
1093342190699536384	1093342190699536384	2019-02-07 11:54:26 KST	2019-02-07	11:54:26	+0900	35955511	danicachich	Daniela		Ontem caíram alguns ciscos nos meus olhos ao reconhecer a Rochelane, assistente de logística da PepsiCo em Recife, pelos trabalhos no Comitê de Reconhecimento. Ela não imagina o presente que me deu ao poder reconhece-la 💙  https://t.co/FJ9h3GYMDJ	pt	[]	[]	['https://pbs.twimg.com/media/DyxU6ffX0AAVANB.jpg']	0	0	11	[]	[]	https://twitter.com/DaniCachich/status/1093342190699536384	False		1	https://pbs.twimg.com/media/DyxU6ffX0AAVANB.jpg							[]				
1093219654225547264	1093219654225547264	2019-02-07 03:47:31 KST	2019-02-07	03:47:31	+0900	480291749	citeofrance	Citeo		Notre campagne #VousTriezNousRecyclons nominée au #GPrixRSE de l'@ESSEC_PGC parmi 65 dossiers ! Bravo aux marques qui se sont engagées avec nous pour le #recyclage du plastique : Coca-Cola, Danone, Nestlé, Orangina, Pepsico et Roxane.  https://t.co/3KoZs7rFSr	fr	[{'screen_name': 'essec_pgc', 'name': 'essec grande conso', 'id': '2325149928'}]	[]	['https://pbs.twimg.com/media/DyvkvNSXcAEmF_D.jpg', 'https://pbs.twimg.com/media/Dyvky4DX0AUTv4V.jpg', 'https://pbs.twimg.com/media/DyvkzvmWoAECYpd.jpg']	1	8	32	['voustrieznousrecyclons', 'gprixrse', 'recyclage']	[]	https://twitter.com/citeofrance/status/1093219654225547264	False		1	https://pbs.twimg.com/media/DyvkvNSXcAEmF_D.jpg							[]				
1092512630781235206	1092512630781235206	2019-02-05 04:58:03 KST	2019-02-05	04:58:03	+0900	44517705	jonsolomon	Jon Solomon		Hey @pepsi, over at @nowfizzing we’ve been calling @bublywater “Michael” since February of last year!   @MichaelBuble @PepsiCo @GSP  https://t.co/I2CyimUbVw	en	[{'screen_name': 'pepsi', 'name': 'pepsi', 'id': '18139619'}, {'screen_name': 'nowfizzing', 'name': 'now fizzing', 'id': '879757738640891904'}, {'screen_name': 'bublywater', 'name': 'bublywater', 'id': '922883114933899264'}, {'screen_name': 'michaelbuble', 'name': 'michael bublé', 'id': '27911944'}, {'screen_name': 'pepsico', 'name': 'pepsico', 'id': '21346619'}, {'screen_name': 'gsp', 'name': 'goodby silverstein', 'id': '260324998'}]	[]	['https://pbs.twimg.com/media/DylicVrX0AYbi0R.jpg']	2	5	20	[]	[]	https://twitter.com/jonsolomon/status/1092512630781235206	False		1	https://pbs.twimg.com/media/DylicVrX0AYbi0R.jpg							[]				
1092226854495420416	1092226854495420416	2019-02-04 10:02:29 KST	2019-02-04	10:02:29	+0900	18639734	nasdaq	Nasdaq		🎺 Cues trumpets* 🎺   Time for our favorite part of the night: The #SBLIII @Pepsi Halftime Show  🏈 CC: @FOXSports @pepsi @PepsiCo  @RamsNFL VS @Patriots  https://t.co/U3cflGvOjf	en	[{'screen_name': 'pepsi', 'name': 'pepsi', 'id': '18139619'}, {'screen_name': 'foxsports', 'name': 'fox sports', 'id': '16877611'}, {'screen_name': 'pepsi', 'name': 'pepsi', 'id': '18139619'}, {'screen_name': 'pepsico', 'name': 'pepsico', 'id': '21346619'}, {'screen_name': 'ramsnfl', 'name': 'los angeles rams', 'id': '24109979'}, {'screen_name': 'patriots', 'name': 'new england patriots', 'id': '31126587'}]	[]	[]	2	9	25	['sbliii']	[]	https://twitter.com/Nasdaq/status/1092226854495420416	False		1	https://pbs.twimg.com/ext_tw_video_thumb/1092226806340567040/pu/img/9gI1qxxBT6TiN27w.jpg							[]				
1092170093193252865	1092170093193252865	2019-02-04 06:16:56 KST	2019-02-04	06:16:56	+0900	17237540	tamu	Texas A&M University		"""You never know the power of ideas,"" says Hayden Smith ’19, a @TAMUliberalarts &amp; @TAMUGeosciences double-major.   A particularly powerful plastic-reducing idea has earned him a trip to the #SuperBowl with @PepsiCo! #tamu   https://t.co/KA67FBjogF"	en	[{'screen_name': 'tamuliberalarts', 'name': 'texas a&m liberal arts', 'id': '237330019'}, {'screen_name': 'tamugeosciences', 'name': 'texas a&m geosciences', 'id': '386044586'}, {'screen_name': 'pepsico', 'name': 'pepsico', 'id': '21346619'}]	['https://today.tamu.edu/2019/01/31/plastic-reducing-idea-takes-aggie-to-super-bowl-liii/']	[]	1	10	63	['superbowl', 'tamu']	[]	https://twitter.com/TAMU/status/1092170093193252865	False		0								[]				
1092135635614355456	1092135635614355456	2019-02-04 04:00:01 KST	2019-02-04	04:00:01	+0900	88836132	umich	University of Michigan		.@MichiganRoss MBA Lauren Pfeiffer will be enjoying tonight’s big game from the front-row seat she won in PepsiCo’s Game Changers competition.  https://t.co/UAaQrIcf0S  https://t.co/7XdZ2prOtU	en	[{'screen_name': 'michiganross', 'name': 'ross school of business', 'id': '58823749'}]	['http://myumi.ch/JdYkw']	['https://pbs.twimg.com/media/Dyf--5GXQAE2y1d.jpg']	0	2	27	[]	[]	https://twitter.com/UMich/status/1092135635614355456	False		1	https://pbs.twimg.com/media/Dyf--5GXQAE2y1d.jpg							[]				
1092080290506383360	1092080290506383360	2019-02-04 00:20:05 KST	2019-02-04	00:20:05	+0900	14173315	nbcnews	NBC News		A tradition that started in 1987, the Gatorade dunk has evolved into an iconic event that has put the PepsiCo's sport drink brand on center stage. - @CNBC  https://t.co/BOldvL8C60	en	[{'screen_name': 'cnbc', 'name': 'cnbc', 'id': '20402945'}]	['https://nbcnews.to/2D5nXPX']	[]	11	12	29	[]	[]	https://twitter.com/NBCNews/status/1092080290506383360	False		0								[]				
1092004774558515200	1092004774558515200	2019-02-03 19:20:01 KST	2019-02-03	19:20:01	+0900	158865339	fastcodesign	Co.Design		Procter &amp; Gamble, Nestle, PepsiCo, Unilever, UPS and others are joining forces on reusable packaging: each container in the system is designed for 100 or more uses.   https://t.co/PN5i6hbiJC	en	[]	['http://f-st.co/kML8Ncd']	[]	0	18	18	[]	[]	https://twitter.com/FastCoDesign/status/1092004774558515200	False		0								[]				
1091798213936463875	1091798213936463875	2019-02-03 05:39:13 KST	2019-02-03	05:39:13	+0900	332617373	elerianm	Mohamed A. El-Erian		#Pepsi ... in #Coke’s hometown.   @pepsi @PepsiCo @CocaColaCo @CocaCola #Atlanta #SuperBowl @SuperBowl @NFL  https://t.co/OUk13GKCzH	en	[{'screen_name': 'pepsi', 'name': 'pepsi', 'id': '18139619'}, {'screen_name': 'pepsico', 'name': 'pepsico', 'id': '21346619'}, {'screen_name': 'cocacolaco', 'name': 'the coca-cola co.', 'id': '23482357'}, {'screen_name': 'cocacola', 'name': 'coca-cola', 'id': '26787673'}, {'screen_name': 'superbowl', 'name': 'super bowl', 'id': '19425947'}, {'screen_name': 'nfl', 'name': 'nfl', 'id': '19426551'}]	[]	['https://pbs.twimg.com/media/DybYq5_WoAER5cx.jpg']	7	2	21	['pepsi', 'coke', 'atlanta', 'superbowl']	[]	https://twitter.com/elerianm/status/1091798213936463875	False		1	https://pbs.twimg.com/media/DybYq5_WoAER5cx.jpg							[]				
1091731965722664960	1091731965722664960	2019-02-03 01:15:58 KST	2019-02-03	01:15:58	+0900	2735591	fastcompany	Fast Company		Procter &amp; Gamble, Nestle, PepsiCo, Unilever, UPS and others are joining forces on reusable packaging: each container in the system is designed for 100 or more uses.   https://t.co/eQcB7eeGmZ	en	[]	['http://f-st.co/KHiNzVJ']	[]	2	46	124	[]	[]	https://twitter.com/FastCompany/status/1091731965722664960	False		0								[]				
1091662835627773952	1091662835627773952	2019-02-02 20:41:16 KST	2019-02-02	20:41:16	+0900	21742199	alex_segal	Alex Segal		Chuffed for @EmAtack! Exciting times ahead. Proud to be working with @walkers_crisps @AMV_BBDO &amp; @pepsico_uk on this partnership. 🤝⚡️✅	en	[{'screen_name': 'ematack', 'name': 'emily atack', 'id': '98422090'}, {'screen_name': 'walkers_crisps', 'name': 'walkers crisps', 'id': '19331448'}, {'screen_name': 'amv_bbdo', 'name': 'amv bbdo', 'id': '242334277'}, {'screen_name': 'pepsico_uk', 'name': 'pepsico uk news', 'id': '197450643'}]	[]	[]	1	0	13	[]	[]	https://twitter.com/Alex_Segal/status/1091662835627773952	False	https://twitter.com/InterTalent/status/1091645538951487488	0								[]				
1091645538951487488	1091645538951487488	2019-02-02 19:32:32 KST	2019-02-02	19:32:32	+0900	142756647	intertalent	InterTalent		Breaking News: EMILY ATACK (@EmAtack) has today been announced as the new face of @Walkers_Crisps, alongside @GaryLineker. In a new nationwide TV advert, out later in February, we will see Gary &amp; Emily go head-to-head in a battle to sell 2 new tasty flavours! @pepsico_uk  https://t.co/rJsXM1Q1QH	en	[{'screen_name': 'ematack', 'name': 'emily atack', 'id': '98422090'}, {'screen_name': 'walkers_crisps', 'name': 'walkers crisps', 'id': '19331448'}, {'screen_name': 'garylineker', 'name': 'gary lineker 💙', 'id': '471287735'}, {'screen_name': 'pepsico_uk', 'name': 'pepsico uk news', 'id': '197450643'}]	[]	['https://pbs.twimg.com/media/DyZN1BGW0AA6umk.jpg', 'https://pbs.twimg.com/media/DyZN1BGWoAENay1.jpg', 'https://pbs.twimg.com/media/DyZN1BGWoAA9SP_.jpg']	1	4	54	[]	[]	https://twitter.com/InterTalent/status/1091645538951487488	False		1	https://pbs.twimg.com/media/DyZN1BGW0AA6umk.jpg							[]				
1091501803458514944	1091501803458514944	2019-02-02 10:01:23 KST	2019-02-02	10:01:23	+0900	2810270363	adenatfriedman	Adena Friedman		Many thanks @ramonlaguarta and your @pepsico family for ringing the @Nasdaq Closing bell with us today to kick off #SBLII weekend! #RewriteTomorrow	en	[{'screen_name': 'ramonlaguarta', 'name': 'ramon laguarta', 'id': '1026414410452152320'}, {'screen_name': 'pepsico', 'name': 'pepsico', 'id': '21346619'}, {'screen_name': 'nasdaq', 'name': 'nasdaq', 'id': '18639734'}]	[]	[]	4	3	28	['sblii', 'rewritetomorrow']	[]	https://twitter.com/adenatfriedman/status/1091501803458514944	False	https://twitter.com/ramonlaguarta/status/1091476059491586049	0								[]				
1091476059491586049	1091476059491586049	2019-02-02 08:19:05 KST	2019-02-02	08:19:05	+0900	1026414410452152320	ramonlaguarta	Ramon Laguarta		Thanks to @adenatfriedman and @Nasdaq for inviting @PepsiCo to ring the closing bell this afternoon. What an exciting way to kick off #Superbowl weekend and celebrate 7 years of the @Pepsi Super Bowl Halftime Show!  https://t.co/qP0SZvU1ZS	en	[{'screen_name': 'adenatfriedman', 'name': 'adena friedman', 'id': '2810270363'}, {'screen_name': 'nasdaq', 'name': 'nasdaq', 'id': '18639734'}, {'screen_name': 'pepsico', 'name': 'pepsico', 'id': '21346619'}, {'screen_name': 'pepsi', 'name': 'pepsi', 'id': '18139619'}]	[]	['https://pbs.twimg.com/media/DyWzc_xXcAAHdk-.jpg']	4	22	140	['superbowl']	[]	https://twitter.com/ramonlaguarta/status/1091476059491586049	False		1	https://pbs.twimg.com/media/DyWzc_xXcAAHdk-.jpg							[]				
1091458996492517378	1091458996492517378	2019-02-02 07:11:17 KST	2019-02-02	07:11:17	+0900	20402945	cnbc	CNBC		If you invested $1,000 in PepsiCo 10 years ago, here's how much you'd have now via @CNBCMakeIt  https://t.co/Jc8bGdLxuA	en	[{'screen_name': 'cnbcmakeit', 'name': 'cnbc make it', 'id': '514513113'}]	['https://cnb.cx/2UzqEAu']	[]	9	14	17	[]	[]	https://twitter.com/CNBC/status/1091458996492517378	False		0								[]				
1091442366764834816	1091442366764834816	2019-02-02 06:05:12 KST	2019-02-02	06:05:12	+0900	784560165395857409	francoharrishof	Franco Harris		Congratulations @saquon on pepsi Rookie of the Year! We were glad to be there! pepsico @pennstatefball @pennstatealums #wearepennstate @nfl toprunningbacks @profootballhof  https://t.co/JOGBYKIEqj	en	[{'screen_name': 'saquon', 'name': 'saquon barkley', 'id': '1977157224'}, {'screen_name': 'pennstatefball', 'name': 'penn state football', 'id': '53103297'}, {'screen_name': 'pennstatealums', 'name': 'penn state alumni', 'id': '15562285'}, {'screen_name': 'nfl', 'name': 'nfl', 'id': '19426551'}, {'screen_name': 'profootballhof', 'name': 'pro football hall of fame', 'id': '23632910'}]	['https://www.instagram.com/p/BtWoYjjgkYA/?utm_source=ig_twitter_share&igshid=1gnfnc66jttrt']	[]	2	5	95	['wearepennstate']	[]	https://twitter.com/francoharrishof/status/1091442366764834816	False		0								[]				
1091434020880175109	1091434020880175109	2019-02-02 05:32:03 KST	2019-02-02	05:32:03	+0900	18639734	nasdaq	Nasdaq		🔔Superbell Edition🔔 It's game time! We are excited to be kicking off the weekend in Atlanta, Georgia with the @pepsiCo family for today's Nasdaq Closing Bell. #RewriteTommorrow #SBLIII  https://t.co/wpMCt0k5KF	en	[{'screen_name': 'pepsico', 'name': 'pepsico', 'id': '21346619'}]	[]	[]	0	6	32	['rewritetommorrow', 'sbliii']	[]	https://twitter.com/Nasdaq/status/1091434020880175109	False		1	https://pbs.twimg.com/amplify_video_thumb/1091433788071124992/img/TQsg-bRf_3xefTDe.jpg							[]				
1091378297022214144	1091378297022214144	2019-02-02 01:50:37 KST	2019-02-02	01:50:37	+0900	1380832861	chiefnish	Chief Nishan Duraiappah		Thanks to @PepsiCo for their generous $5k donation to the #Halton Chapter of @COPSandKIDSca   It will help fund a variety of amazing programs; Here’s some pics this week from a skills-based mentoring programs for local kids!  https://t.co/uxLgGRW57A	en	[{'screen_name': 'pepsico', 'name': 'pepsico', 'id': '21346619'}, {'screen_name': 'copsandkidsca', 'name': 'proaction cops & kids', 'id': '213375323'}]	[]	['https://pbs.twimg.com/media/DyVavkgWsAAfYTn.jpg', 'https://pbs.twimg.com/media/DyVavkbXcAYI_a6.jpg', 'https://pbs.twimg.com/media/DyVavkeWkAEpBvT.jpg', 'https://pbs.twimg.com/media/DyVavkfXQAAB8-f.jpg']	1	9	50	['halton']	[]	https://twitter.com/ChiefNish/status/1091378297022214144	False		1	https://pbs.twimg.com/media/DyVavkgWsAAfYTn.jpg							[]				
1091337956500037638	1091337956500037638	2019-02-01 23:10:19 KST	2019-02-01	23:10:19	+0900	16093478	thebetterindia	The Better India		Working for corporates like Pepsico., Karunakaran realized the importance of providing clean drinking water to rural India at an affordable rate. He quit his job &amp; extensively researched to finally find the 'Water ATM'. It can make clean drinking water at just 20 paise/litre.  https://t.co/fNlx8ic8er	en	[]	[]	['https://pbs.twimg.com/media/DyU1_8XU0AI-pIm.jpg']	3	35	89	[]	[]	https://twitter.com/thebetterindia/status/1091337956500037638	False		1	https://pbs.twimg.com/media/DyU1_8XU0AI-pIm.jpg							[]				
