id	conversation_id	created_at	date	time	timezone	user_id	username	name	place	tweet	language	mentions	urls	photos	replies_count	retweets_count	likes_count	hashtags	cashtags	link	retweet	quote_url	video	thumbnail	near	geo	source	user_rt_id	user_rt	retweet_id	reply_to	retweet_date	translate	trans_src	trans_dest
1134192504713220099	1134192504713220099	2019-05-31 05:19:00 KST	2019-05-31	05:19:00	+0900	1026414410452152320	ramonlaguarta	Ramon Laguarta		Congratulations to Prime Minister @NarendraModi on your resounding victory. As India continues to rise on the global stage @PepsiCo is committed to playing a key role in its progress. We look forward to further strengthening PepsiCo’s partnership with India under your leadership.	en	[{'screen_name': 'narendramodi', 'name': 'narendra modi', 'id': '18839785'}, {'screen_name': 'pepsico', 'name': 'pepsico', 'id': '21346619'}]	[]	[]	3	174	252	[]	[]	https://twitter.com/ramonlaguarta/status/1134192504713220099	False		0								[]				
1133436106798706691	1133436106798706691	2019-05-29 03:13:20 KST	2019-05-29	03:13:20	+0900	327661861	diegosinhue	Diego Sinhue Rodríguez Vallejo		Con Samtech Automotive son 15 las empresas que han llegado a nuestro Estado en la presente administración, además hemos anunciado inversiones importantes, como Pepsico y P&amp;G. Todo esto coloca a #GTO, como un estado líder en atracción de inversiones y generación de empleo.  https://t.co/m5l9O2lI4D	es	[]	[]	['https://pbs.twimg.com/media/D7rF7ydXoAAzGM8.jpg', 'https://pbs.twimg.com/media/D7rF7ydWwAAb-Nx.jpg', 'https://pbs.twimg.com/media/D7rF7yeXYAAN5nQ.jpg', 'https://pbs.twimg.com/media/D7rF7ygWwAIoEZp.jpg']	6	73	145	['gto']	[]	https://twitter.com/diegosinhue/status/1133436106798706691	False		1	https://pbs.twimg.com/media/D7rF7ydXoAAzGM8.jpg							[]				
1133387197862883328	1133387195509874688	2019-05-28 23:58:59 KST	2019-05-28	23:58:59	+0900	12480582	adage	Ad Age		..@LinkedIn's Melissa Selcher, Lilly USA's Lina Shields, @PepsiCo's @stacytaff, @virtueworldwide's @KrystleWatler, @Google's @Xamperella, @Xandr76's Catherine Williams and @ColorCommntwk's @Lwesleywilson.  https://t.co/CNnzcby8zO  https://t.co/beQYQ8VLLk	en	[{'screen_name': 'linkedin', 'name': 'linkedin', 'id': '13058772'}, {'screen_name': 'pepsico', 'name': 'pepsico', 'id': '21346619'}, {'screen_name': 'stacytaff', 'name': 'stacy taffet', 'id': '2730640136'}, {'screen_name': 'virtueworldwide', 'name': 'virtue worldwide', 'id': '91433603'}, {'screen_name': 'krystlewatler', 'name': 'krystle watler', 'id': '287700083'}, {'screen_name': 'google', 'name': 'google', 'id': '20536157'}, {'screen_name': 'xamperella', 'name': 'xanthe wells', 'id': '23161828'}, {'screen_name': 'xandr76', 'name': 'xandr76', 'id': '1225629306975551488'}, {'screen_name': 'colorcommntwk', 'name': 'colorcomm', 'id': '406703177'}, {'screen_name': 'lwesleywilson', 'name': 'lauren wesley wilson', 'id': '15238825'}]	['http://bit.ly/2X6T5Yk']	['https://pbs.twimg.com/tweet_video_thumb/D7qZl52WkAEaUz9.jpg']	1	2	12	[]	[]	https://twitter.com/adage/status/1133387197862883328	False		1	https://pbs.twimg.com/tweet_video_thumb/D7qZl52WkAEaUz9.jpg							[]				
1133191418879647745	1133191418879647745	2019-05-28 11:01:02 KST	2019-05-28	11:01:02	+0900	38227815	revistadinero	Revista Dinero		#100Empresas l Desde Bogotá, Mónica Contreras dirige las operaciones para la región andina de Pepsico. Tiene bajo su mando 5.500 personas. Así lidera.  https://t.co/BwQKEtZv8z  https://t.co/xTMewuGxOm	es	[]	['https://buff.ly/2QujiO4']	['https://pbs.twimg.com/media/D7nnlwBW0AAHkK2.jpg']	1	10	37	['100empresas']	[]	https://twitter.com/RevistaDinero/status/1133191418879647745	False		1	https://pbs.twimg.com/media/D7nnlwBW0AAHkK2.jpg							[]				
1133063516838092801	1133063516838092801	2019-05-28 02:32:48 KST	2019-05-28	02:32:48	+0900	40927173	yankees	New York Yankees		On this Memorial Day we welcomed: - Representatives and Veterans from @PepsiCo and @FallenPatriots - The 105th Airlift Wing Honor Guard - United States Army Staff Sergeant Jeremy Gaynor, who performed the National Anthem  https://t.co/DyysG4HtRh	en	[{'screen_name': 'pepsico', 'name': 'pepsico', 'id': '21346619'}, {'screen_name': 'fallenpatriots', 'name': 'children of fallen patriots foundation', 'id': '902306761'}]	[]	['https://pbs.twimg.com/media/D7lyHyyXYAA8MuJ.jpg', 'https://pbs.twimg.com/media/D7lyKlmX4AIGiTX.jpg', 'https://pbs.twimg.com/media/D7lyMqYWkAE-MP2.jpg']	17	157	882	[]	[]	https://twitter.com/Yankees/status/1133063516838092801	False		1	https://pbs.twimg.com/media/D7lyHyyXYAA8MuJ.jpg							[]				
1133015577566568453	1133015577566568453	2019-05-27 23:22:18 KST	2019-05-27	23:22:18	+0900	21346619	pepsico	PepsiCo		Each year, PepsiCo veterans honor the families of those who lost their lives while serving. The #RollingRemembrance flag relay has raised over $1 million since 2015 for @FallenPatriots to provide scholarships for children who lost a parent in the military. #MemorialDay  https://t.co/W6xDfYAoGW	en	[{'screen_name': 'fallenpatriots', 'name': 'children of fallen patriots foundation', 'id': '902306761'}]	[]	[]	3	18	57	['rollingremembrance', 'memorialday']	[]	https://twitter.com/PepsiCo/status/1133015577566568453	False		1	https://pbs.twimg.com/ext_tw_video_thumb/1133015518233931776/pu/img/bJApabrXg8LuUgW7.jpg							[]				
1132919628387246081	1132919628387246081	2019-05-27 17:01:02 KST	2019-05-27	17:01:02	+0900	26465800	tearfund	Tearfund		Join us and call on @CocaColaCo, @PepsiCo, @Nestle and @Unilever to stop the rubbish in poorer countries by halving the number of single-use plastic products they sell there.  https://t.co/huxL2pernI #RubbishCampaign  https://t.co/ptKnf1EXjj	en	[{'screen_name': 'cocacolaco', 'name': 'the coca-cola co.', 'id': '23482357'}, {'screen_name': 'pepsico', 'name': 'pepsico', 'id': '21346619'}, {'screen_name': 'nestle', 'name': 'nestlé', 'id': '23085995'}, {'screen_name': 'unilever', 'name': 'unilever #staysafe', 'id': '109224937'}]	['http://bit.ly/DontBeRubbish']	['https://pbs.twimg.com/media/D7jwZU-XsAAA-lA.jpg']	0	17	26	['rubbishcampaign']	[]	https://twitter.com/Tearfund/status/1132919628387246081	False		1	https://pbs.twimg.com/media/D7jwZU-XsAAA-lA.jpg							[]				
1132895533054349312	1132895533054349312	2019-05-27 15:25:17 KST	2019-05-27	15:25:17	+0900	45769344	cheftzac	Chef TZac		If you eat food grown in India, this is a must read. The fallout between US major PepsiCo and Gujarat’s potato growers underlines the looming threat to farmers’ rights in India over ownership of seeds.  https://t.co/vQdBXJCrHe via @EdibleIssues	en	[{'screen_name': 'edibleissues', 'name': 'edible issues', 'id': '963317711324540929'}]	['https://www.downtoearth.org.in/news/agriculture/farmers-rights-are-a-hot-potato-64535']	[]	0	9	19	[]	[]	https://twitter.com/ChefTZac/status/1132895533054349312	False		0								[]				
1132301672804257793	1132301672804257793	2019-05-26 00:05:30 KST	2019-05-26	00:05:30	+0900	215685563	ashwani_mahajan	ASHWANI MAHAJAN		⁦Let ⁦@PepsiCo understand that farmers are not bound to sell only to Pepsi. If Pepsi wants to procure potato from farmers, they can do it by offering higher price. ⁦@swadeshimanch⁩  https://t.co/pys0NuPrFW	en	[{'screen_name': 'pepsico', 'name': 'pepsico', 'id': '21346619'}, {'screen_name': 'swadeshimanch', 'name': 'swadeshijagranmanch', 'id': '816966198097104897'}]	['https://prime.economictimes.indiatimes.com//news/69153793/consumer/the-case-of-pepsico-vs-farmers-could-be-a-battle-for-a-market-that-isnt-small-potatoes']	[]	0	8	21	[]	[]	https://twitter.com/ashwani_mahajan/status/1132301672804257793	False		0								[]				
1132198114113327104	1132198114113327104	2019-05-25 17:14:00 KST	2019-05-25	17:14:00	+0900	26465800	tearfund	Tearfund		We're asking the lovely folk at @bigchurchdayout to call on @CocaColaCo, @PepsiCo, @Nestle and @Unilever to take responsibility for the waste mountains their products are creating in poorer communities. Add your voice 👉  https://t.co/huxL2pernI #DontBeRubbish #BCDO  https://t.co/qCs3xpQ8Mv	en	[{'screen_name': 'bigchurchdayout', 'name': 'bigchurchdayout', 'id': '50958367'}, {'screen_name': 'cocacolaco', 'name': 'the coca-cola co.', 'id': '23482357'}, {'screen_name': 'pepsico', 'name': 'pepsico', 'id': '21346619'}, {'screen_name': 'nestle', 'name': 'nestlé', 'id': '23085995'}, {'screen_name': 'unilever', 'name': 'unilever #staysafe', 'id': '109224937'}]	['http://bit.ly/DontBeRubbish']	['https://pbs.twimg.com/tweet_video_thumb/D7WrIKEW4AIgxbk.jpg']	0	6	16	['dontberubbish', 'bcdo']	[]	https://twitter.com/Tearfund/status/1132198114113327104	False		1	https://pbs.twimg.com/tweet_video_thumb/D7WrIKEW4AIgxbk.jpg							[]				
1131597535120961537	1131597535120961537	2019-05-24 01:27:31 KST	2019-05-24	01:27:31	+0900	154021500	carlosamayar	Carlos Amaya		Nos alegra que nuestros papicultores fortalezcan negociaciones con PepsiCo para papas Margarita; y Asollanos, productor de cebolla de calidad, con @almacenesexito, con el liderazgo de @MinAgricultura.   ¡Ese es el camino del campo, mayor progreso, menos obstáculos!  https://t.co/kFwaDMoeSZ	es	[{'screen_name': 'almacenesexito', 'name': 'éxito®', 'id': '48715653'}, {'screen_name': 'minagricultura', 'name': 'min. de agricultura', 'id': '345214995'}]	[]	['https://pbs.twimg.com/media/D7Q99MXW0AAFYyd.jpg', 'https://pbs.twimg.com/media/D7Q99MZW4AA9WSE.jpg']	3	27	65	[]	[]	https://twitter.com/CarlosAmayaR/status/1131597535120961537	False		1	https://pbs.twimg.com/media/D7Q99MXW0AAFYyd.jpg							[]				
1131371974809272320	1131371974809272320	2019-05-23 10:31:13 KST	2019-05-23	10:31:13	+0900	2511399482	jon_banner1	Jon Banner		It was a privilege to discuss how business can be a greater force for good with @JustinaNixon &amp; @florenciaspanof at #CECPSummit. @PepsiCo Foundation we fight childhood hunger using our company’s technology and supply chain to get 25 million nutritious meals to kids in need.  https://t.co/rAzZ4rYeOr	en	[{'screen_name': 'justinanixon', 'name': 'justina nixon-saintil', 'id': '302944428'}, {'screen_name': 'pepsico', 'name': 'pepsico', 'id': '21346619'}]	[]	['https://pbs.twimg.com/media/D7Nwy-DXkAAJTzq.jpg']	0	3	22	['cecpsummit']	[]	https://twitter.com/jon_banner1/status/1131371974809272320	False		1	https://pbs.twimg.com/media/D7Nwy-DXkAAJTzq.jpg							[]				
1131142955522232321	1131141499226341376	2019-05-22 19:21:10 KST	2019-05-22	19:21:10	+0900	2964539431	karlbykarlsmith	Karl Smith		@TheStalwart Pepsico sales force cultivates a better relationship, whether on price, responsiveness to machine issues or inclusion of other bottlers products.	en	[]	[]	[]	1	1	49	[]	[]	https://twitter.com/karlbykarlsmith/status/1131142955522232321	False		0								[{'screen_name': 'TheStalwart', 'name': 'Joe Weisenthal', 'id': '14096763'}]				
1130888042120658946	1130888042120658946	2019-05-22 02:28:14 KST	2019-05-22	02:28:14	+0900	475199073	ihop	IHOP		We’re proud to partner with @PepsiCo and be a stop on the 5th annual #RollingRemembrance cross country flag relay in support of Children of @FallenPatriots! Thanks, PepsiCo, for all you’ve done to support military members and their families.  https://t.co/InU2PFcyqQ	en	[{'screen_name': 'pepsico', 'name': 'pepsico', 'id': '21346619'}, {'screen_name': 'fallenpatriots', 'name': 'children of fallen patriots foundation', 'id': '902306761'}]	[]	['https://pbs.twimg.com/media/D7G4rjlW4AUWOxo.jpg']	7	9	92	['rollingremembrance']	[]	https://twitter.com/IHOP/status/1130888042120658946	False		1	https://pbs.twimg.com/media/D7G4rjlW4AUWOxo.jpg							[]				
1129778679494696966	1129778679494696966	2019-05-19 01:00:02 KST	2019-05-19	01:00:02	+0900	38227815	revistadinero	Revista Dinero		#TopOfMind l Para la gerente general de Pepsico, la familia es clave para desarrollar mejores competencias profesionales → Ésto es PepsiCo, una de las marcas en el nuevo especial de Top Of Mind de  Revista Dinero  https://t.co/H7Q95md5wm  https://t.co/iLwfbFbbKt	es	[]	['http://bit.ly/2JGdQGp']	['https://pbs.twimg.com/media/D6sa_GIWwAEykgp.jpg']	0	5	31	['topofmind']	[]	https://twitter.com/RevistaDinero/status/1129778679494696966	False		1	https://pbs.twimg.com/media/D6sa_GIWwAEykgp.jpg							[]				
1129759547076284422	1129759547076284422	2019-05-18 23:44:00 KST	2019-05-18	23:44:00	+0900	14216123	jimcramer	Jim Cramer		PepsiCo Still Looks Bullish - A Higher Price Target Seen: @BruceKamich   https://t.co/3kjeg9s1Y1	en	[{'screen_name': 'brucekamich', 'name': 'bruce kamich, cmt', 'id': '1410125744'}]	['http://bit.ly/2Vx2Jll']	[]	4	6	34	[]	[]	https://twitter.com/jimcramer/status/1129759547076284422	False		0								[]				
1129191397033009152	1129191397033009152	2019-05-17 10:06:23 KST	2019-05-17	10:06:23	+0900	215685563	ashwani_mahajan	ASHWANI MAHAJAN		Any foreign company (PepsiCo) working in other country (India)  has to adhere to the laws of that country. PepsiCo will have to understand that Indian laws will not change for them. @eOrganiser  https://t.co/wD5px2CH5c	en	[{'screen_name': 'eorganiser', 'name': 'organiser weekly', 'id': '381891557'}]	[]	['https://pbs.twimg.com/media/D6uxlVAVsAAypLh.jpg', 'https://pbs.twimg.com/media/D6uxlVDU8AAdLxG.jpg']	2	25	43	[]	[]	https://twitter.com/ashwani_mahajan/status/1129191397033009152	False		1	https://pbs.twimg.com/media/D6uxlVAVsAAypLh.jpg							[]				
1129085108001103879	1129085108001103879	2019-05-17 03:04:01 KST	2019-05-17	03:04:01	+0900	76446565	tom_herbert_	Tom Herbert		I’v joined @Tearfund in calling on @CocaColaCo @Nestlé @PepsiCo @Unilever to take responsibility for the plastic waste mountains their products are creating in poorer communities. Add your voice here 👉 https://t.co/PeYJh1zzAV  #DontBeRubbish #RubbishCampaign  https://t.co/7Nj3fjl3Mr	en	[{'screen_name': 'tearfund', 'name': 'tearfund', 'id': '26465800'}, {'screen_name': 'cocacolaco', 'name': 'the coca-cola co.', 'id': '23482357'}, {'screen_name': 'pepsico', 'name': 'pepsico', 'id': '21346619'}, {'screen_name': 'unilever', 'name': 'unilever #staysafe', 'id': '109224937'}]	['http://bit.ly/2PZLLej']	['https://pbs.twimg.com/media/D6tQQvfWwAEyCWm.jpg', 'https://pbs.twimg.com/media/D6tQQvZWkAUSVYL.jpg']	1	5	14	['dontberubbish', 'rubbishcampaign']	[]	https://twitter.com/Tom_Herbert_/status/1129085108001103879	False		1	https://pbs.twimg.com/media/D6tQQvfWwAEyCWm.jpg							[]				
1129045680125816834	1129045680125816834	2019-05-17 00:27:21 KST	2019-05-17	00:27:21	+0900	114782468	carlquintanilla	Carl Quintanilla		Market's up, but the all-time high list reads fairly defensive:  McDonalds Costco Hershey Mondolez Pepsico P&amp;G JM Smucker Tyson Waste Mgmt American Tower American Water Works NextEra Energy Southern Co Sempra Energy	en	[]	[]	[]	1	8	25	[]	[]	https://twitter.com/carlquintanilla/status/1129045680125816834	False		0								[]				
1128965473641684993	1128965473641684993	2019-05-16 19:08:38 KST	2019-05-16	19:08:38	+0900	21642976	danroan	Dan Roan		LFC &amp; Spurs fan groups call on UEFA sponsors to return some of their tickets for the CL final.   “We ask Nissan, Playstation, Gazprom, PepsiCo, Banco Santander, Mastercard, Heineken &amp; Expedia Group to help redress balance“ The 2 clubs are getting just 33k tickets from poss 68k	en	[]	[]	[]	45	194	663	[]	[]	https://twitter.com/danroan/status/1128965473641684993	False		0								[]				
1128753954345582592	1128753954345582592	2019-05-16 05:08:08 KST	2019-05-16	05:08:08	+0900	21346619	pepsico	PepsiCo		This is the 5th year of #RollingRemembrance, our cross-country flag relay to benefit the children of @FallenPatriots. Meet Rick, a @USMC #veteran + PepsiCo employee + Caleb and Harrison Ivy, students at @Otterbein U. as they reflect on what it means to serve and sacrifice.  https://t.co/mQVpIGcgiz	en	[{'screen_name': 'fallenpatriots', 'name': 'children of fallen patriots foundation', 'id': '902306761'}, {'screen_name': 'usmc', 'name': 'u.s. marines', 'id': '10126672'}, {'screen_name': 'otterbein', 'name': 'otterbein university', 'id': '24208601'}]	[]	[]	5	71	202	['rollingremembrance', 'veteran']	[]	https://twitter.com/PepsiCo/status/1128753954345582592	False		1	https://pbs.twimg.com/amplify_video_thumb/1128747511945080834/img/mErlIFxud1XN9LmX.jpg							[]				
1128703227170512901	1128703227170512901	2019-05-16 01:46:34 KST	2019-05-16	01:46:34	+0900	21014078	svaradarajan	Siddharth		PepsiCo Controversy: Globally, India Has Always Refused to Give in on IPR on Plant Varieties  https://t.co/VTUYStwdmR via @thewire_in	en	[{'screen_name': 'thewire_in', 'name': 'the wire', 'id': '3150940290'}]	['https://thewire.in/agriculture/pepsico-controversy-globally-india-has-always-refused-to-give-in-on-ipr-on-plant-varieties']	[]	0	20	43	[]	[]	https://twitter.com/svaradarajan/status/1128703227170512901	False		0								[]				
1128617536851984386	1128617536851984386	2019-05-15 20:06:04 KST	2019-05-15	20:06:04	+0900	16973333	independent	The Independent		Most beach litter comes from major companies, including Coca-Cola and PepsiCo  https://t.co/Tru95SObk3	en	[]	['https://www.independent.co.uk/life-style/food-and-drink/ocean-pollution-beach-litter-rubbish-pepsico-coca-cola-coke-a8914661.html?utm_medium=Social&utm_source=Twitter#Echobox=1557917104']	[]	7	19	40	[]	[]	https://twitter.com/Independent/status/1128617536851984386	False		0								[]				
1128583739746004992	1128583739746004992	2019-05-15 17:51:46 KST	2019-05-15	17:51:46	+0900	50278507	sascampaigns	Surfers Against Sewage		ICYMI: Our survey found @CocaColaCo &amp; @PepsiCo packaging are the UK’s biggest polluters of our beaches &amp; rivers🌊🥤  We’re calling for companies to take responsibility for the #PlasticEmergency. Sign our petition to the government &gt;&gt;  https://t.co/hOWrHAt9WQ  https://t.co/o5gKgE5pT1	en	[{'screen_name': 'cocacolaco', 'name': 'the coca-cola co.', 'id': '23482357'}, {'screen_name': 'pepsico', 'name': 'pepsico', 'id': '21346619'}]	['http://bit.ly/2Q0d7kx']	['https://pbs.twimg.com/media/D6mIVg9WwAAom-u.png']	1	9	12	['plasticemergency']	[]	https://twitter.com/sascampaigns/status/1128583739746004992	False		1	https://pbs.twimg.com/media/D6mIVg9WwAAom-u.png							[]				
1128549514233700352	1128549514233700352	2019-05-15 15:35:46 KST	2019-05-15	15:35:46	+0900	401775393	assaadrazzouk	Assaad Razzouk		Plastic is killing 1 million people a year, or one every 30 seconds - from diseases and illnesses caused by your single-use plastic and bad waste management: You need to act now, @CocaColaCo, @Nestle, @PepsiCo, @Unilever    https://t.co/q4TbaxP5DM @Tearfund #NoTimeToWaste  https://t.co/YsLm8QLswJ	en	[{'screen_name': 'cocacolaco', 'name': 'the coca-cola co.', 'id': '23482357'}, {'screen_name': 'nestle', 'name': 'nestlé', 'id': '23085995'}, {'screen_name': 'pepsico', 'name': 'pepsico', 'id': '21346619'}, {'screen_name': 'unilever', 'name': 'unilever #staysafe', 'id': '109224937'}, {'screen_name': 'tearfund', 'name': 'tearfund', 'id': '26465800'}]	['https://buff.ly/2LWZQef']	['https://pbs.twimg.com/media/D6lpzVIW4AAZ38u.jpg']	2	28	22	['notimetowaste']	[]	https://twitter.com/AssaadRazzouk/status/1128549514233700352	False		1	https://pbs.twimg.com/media/D6lpzVIW4AAZ38u.jpg							[]				
1128387865237491712	1128387865237491712	2019-05-15 04:53:26 KST	2019-05-15	04:53:26	+0900	50278507	sascampaigns	Surfers Against Sewage		Research from our #BigSpringBeachClean reveals @CocaColaCo and @PepsiCo are responsible for 25% of packaging pollution found on UK beaches.  #PlasticEmergency   https://t.co/6oo8tfsj9E	en	[{'screen_name': 'cocacolaco', 'name': 'the coca-cola co.', 'id': '23482357'}, {'screen_name': 'pepsico', 'name': 'pepsico', 'id': '21346619'}]	['https://www.sas.org.uk/news/research-reveals-coca-cola-and-pepsico-responsible-for-25-of-packaging-pollution-found-on-uk-beaches/']	[]	3	18	30	['bigspringbeachclean', 'plasticemergency']	[]	https://twitter.com/sascampaigns/status/1128387865237491712	False		0								[]				
1128325532850851840	1128325532850851840	2019-05-15 00:45:44 KST	2019-05-15	00:45:44	+0900	26465800	tearfund	Tearfund		Today we're launching a rubbish campaign. Why? Because our world has a rubbish problem – and it’s hitting people in poverty the hardest. Join us by telling @CocaColaCo, @PepsiCo, @Nestle and @Unilever to take responsibility for their plastic pollution 👉  https://t.co/huxL2pw2fg  https://t.co/A6aByR43pi	en	[{'screen_name': 'cocacolaco', 'name': 'the coca-cola co.', 'id': '23482357'}, {'screen_name': 'pepsico', 'name': 'pepsico', 'id': '21346619'}, {'screen_name': 'nestle', 'name': 'nestlé', 'id': '23085995'}, {'screen_name': 'unilever', 'name': 'unilever #staysafe', 'id': '109224937'}]	['http://bit.ly/DontBeRubbish']	['https://pbs.twimg.com/media/D6ieFxKW4AIHBt2.jpg']	2	22	33	[]	[]	https://twitter.com/Tearfund/status/1128325532850851840	False		1	https://pbs.twimg.com/media/D6ieFxKW4AIHBt2.jpg							[]				
1128316537339695109	1128316537339695109	2019-05-15 00:10:00 KST	2019-05-15	00:10:00	+0900	76354105	ejw_org	Equal Justice Works		Supported by @PepsiCo &amp; hosted by The Center for Disability and Elder Law, @ChicagoKentLaw alum @ElisabethHieber will assist low-income elders identifying as members of the #LGBTQ community thrive by providing legal services &amp; outreach regarding housing &amp; estate planning.	en	[{'screen_name': 'pepsico', 'name': 'pepsico', 'id': '21346619'}, {'screen_name': 'chicagokentlaw', 'name': 'chicago-kent law', 'id': '16957363'}, {'screen_name': 'elisabethhieber', 'name': 'elisabeth hieber', 'id': '941852925017640961'}]	[]	[]	0	0	18	['lgbtq']	[]	https://twitter.com/EJW_org/status/1128316537339695109	False		0								[]				
1128307442859819009	1128307442859819009	2019-05-14 23:33:51 KST	2019-05-14	23:33:51	+0900	140942860	foodbankscanada	Food Banks Canada | Banques alimentaires Canada		Our Volunteers hard at work at our annual #AfterTheBell event! Thank you for helping us #EndChildHunger @HersheyCompany @AquentDEV6 @BayerCanada @skylarmedia @mindfieldtweets @PepsiCo  https://t.co/KbuIFG2bXj	en	[{'screen_name': 'hersheycompany', 'name': 'the hershey company', 'id': '3307336523'}, {'screen_name': 'aquentdev6', 'name': 'aquent dev6', 'id': '85905048'}, {'screen_name': 'bayercanada', 'name': 'bayer canada', 'id': '182809429'}, {'screen_name': 'skylarmedia', 'name': 'skylar media group', 'id': '256542621'}, {'screen_name': 'mindfieldtweets', 'name': 'mindfield consulting', 'id': '102301360'}, {'screen_name': 'pepsico', 'name': 'pepsico', 'id': '21346619'}]	[]	['https://pbs.twimg.com/media/D6iNofpWsAUiwYu.jpg', 'https://pbs.twimg.com/media/D6iNof0W4AAOaUY.jpg', 'https://pbs.twimg.com/media/D6iNofoWAAAzGAP.jpg', 'https://pbs.twimg.com/media/D6iNofyXoAAn6q4.jpg']	0	5	15	['afterthebell', 'endchildhunger']	[]	https://twitter.com/foodbankscanada/status/1128307442859819009	False		1	https://pbs.twimg.com/media/D6iNofpWsAUiwYu.jpg							[]				
1128275083703738369	1128275083703738369	2019-05-14 21:25:16 KST	2019-05-14	21:25:16	+0900	215685563	ashwani_mahajan	ASHWANI MAHAJAN		Big victory for farmers as PepsiCo withdraws all cases. Now that PepsiCo has withdrawn its law suit against farmers, it has become clear that the company cannot force the farmers to sell potatoes exclusively to them ⁦@eOrganiser⁩   https://t.co/I5YPJsE0oh	en	[{'screen_name': 'eorganiser', 'name': 'organiser weekly', 'id': '381891557'}]	['https://www.organiser.org/Encyc/2019/5/14/Farmers-Victory-PepsiCo-withdraws-case.html']	[]	2	9	23	[]	[]	https://twitter.com/ashwani_mahajan/status/1128275083703738369	False		0								[]				
1128213129329090560	1128212415286525953	2019-05-14 17:19:05 KST	2019-05-14	17:19:05	+0900	50278507	sascampaigns	Surfers Against Sewage		BREAKING: @CocaColaCo &amp; @PepsiCo packaging are the UK’s biggest polluters of our beaches &amp; rivers.   https://t.co/Jx7YTn5j9f	en	[{'screen_name': 'cocacolaco', 'name': 'the coca-cola co.', 'id': '23482357'}, {'screen_name': 'pepsico', 'name': 'pepsico', 'id': '21346619'}]	['http://bit.ly/2VB8i71']	[]	8	79	194	[]	[]	https://twitter.com/sascampaigns/status/1128213129329090560	False		0								[]				
1128212415286525953	1128212415286525953	2019-05-14 17:16:15 KST	2019-05-14	17:16:15	+0900	50278507	sascampaigns	Surfers Against Sewage		⚠️BREAKING: @CocaColaCo &amp; @PepsiCo packaging are the UK’s biggest polluters of our beaches &amp; rivers. RT so everyone knows  We’re calling for companies to take responsibility &amp; disclose how much plastic they’re producing. Sign our petition to the government  https://t.co/0S4m45r7iA  https://t.co/DdOYc3i6Dv	en	[{'screen_name': 'cocacolaco', 'name': 'the coca-cola co.', 'id': '23482357'}, {'screen_name': 'pepsico', 'name': 'pepsico', 'id': '21346619'}]	['https://www.sas.org.uk/petition/AddYourName']	['https://pbs.twimg.com/media/D6gyuy8W4AAj08U.png']	13	144	128	[]	[]	https://twitter.com/sascampaigns/status/1128212415286525953	False		1	https://pbs.twimg.com/media/D6gyuy8W4AAj08U.png							[]				
1128203793441673216	1128203793441673216	2019-05-14 16:42:00 KST	2019-05-14	16:42:00	+0900	26465800	tearfund	Tearfund		Great to see Tearfund's @ruthvalerio on @SkyNews this morning urging @CocaColaCo, @PepsiCo, @Nestle and @Unilever to take responsibility for their plastic pollution.	en	[{'screen_name': 'ruthvalerio', 'name': 'ruth valerio', 'id': '142242710'}, {'screen_name': 'skynews', 'name': 'sky news', 'id': '7587032'}, {'screen_name': 'cocacolaco', 'name': 'the coca-cola co.', 'id': '23482357'}, {'screen_name': 'pepsico', 'name': 'pepsico', 'id': '21346619'}, {'screen_name': 'nestle', 'name': 'nestlé', 'id': '23085995'}, {'screen_name': 'unilever', 'name': 'unilever #staysafe', 'id': '109224937'}]	[]	[]	0	22	30	[]	[]	https://twitter.com/Tearfund/status/1128203793441673216	False	https://twitter.com/SkyNews/status/1128185206131908608	0								[]				
1128057334071087104	1128057334071087104	2019-05-14 07:00:01 KST	2019-05-14	07:00:01	+0900	948683648	forbes_mexico	Forbes México		PepsiCo apuesta por México: después de 20 años regresa para construir una nueva planta que traerá más de 1,000 empleos.   https://t.co/vFoX9tWyoA	es	[]	['https://enforb.es/2Q0Q20V']	[]	1	16	23	[]	[]	https://twitter.com/Forbes_Mexico/status/1128057334071087104	False		0								[]				
1127974283253297153	1127974283253297153	2019-05-14 01:30:00 KST	2019-05-14	01:30:00	+0900	948683648	forbes_mexico	Forbes México		PepsiCo apuesta por México: después de 20 años regresa para construir una nueva planta que traerá más de 1,000 empleos.   https://t.co/vFoX9ue9Na	es	[]	['https://enforb.es/2Q0Q20V']	[]	1	8	19	[]	[]	https://twitter.com/Forbes_Mexico/status/1127974283253297153	False		0								[]				
1127770668865662977	1127770668865662977	2019-05-13 12:00:55 KST	2019-05-13	12:00:55	+0900	102891072	marthadelgado	Martha Delgado		Coca-Cola, PepsiCo y Nestlé son las compañías que más contaminan el mar  https://t.co/TPxqXdIv3V	es	[]	['https://www.dinero.com/empresas/articulo/las-empresas-que-mas-contaminan-el-mar-en-el-mundo/263071?fbclid=IwAR2bNU0t8DzN9xMSPnFN5BD20WvxYTWLrFeMbvvjUqzDdbnY1QojTvrYgRs']	[]	0	29	24	[]	[]	https://twitter.com/marthadelgado/status/1127770668865662977	False		0								[]				
1127737258558119936	1127737258558119936	2019-05-13 09:48:09 KST	2019-05-13	09:48:09	+0900	11589192	calamur	Harini Calamur (#maskup)		Subsistence farmers in India beat PepsiCo lawyers in potato case  https://t.co/lHFqBMJLnU	en	[]	['https://qz.com/1617644/subsistence-farmers-in-india-beat-pepsico-lawyers-in-potato-case/']	[]	0	4	13	[]	[]	https://twitter.com/calamur/status/1127737258558119936	False		0								[]				
1127417386406039552	1127417386406039552	2019-05-12 12:37:05 KST	2019-05-12	12:37:05	+0900	372346211	masalabai	Rituparna Chatterjee		PepsiCo has withdrawn all its cases against nine Gujarat farmers who grew its protected potato variety used to make Lays chips, including cases seeking damages of ₹1.05 crore each from small farmers.  https://t.co/HNHu79KsRd	en	[]	['https://www.thehindu.com/news/national/pepsico-withdraws-all-cases-against-potato-farmers/article27097655.ece']	[]	2	17	52	[]	[]	https://twitter.com/MasalaBai/status/1127417386406039552	False		0								[]				
1127359010309640193	1127359010309640193	2019-05-12 08:45:08 KST	2019-05-12	08:45:08	+0900	108740292	expansionmx	Expansión		Pepsico invertirá 4,000 mdd en México y construirá una planta en Guanajuato  https://t.co/H6sb83vggj  https://t.co/VckyZzmqmO	es	[]	['http://ow.ly/hYH630oEOjT']	['https://pbs.twimg.com/media/D6UvC50WAAApMlS.png']	0	9	27	[]	[]	https://twitter.com/ExpansionMx/status/1127359010309640193	False		1	https://pbs.twimg.com/media/D6UvC50WAAApMlS.png							[]				
1127264609566633984	1127264609566633984	2019-05-12 02:30:01 KST	2019-05-12	02:30:01	+0900	91478624	forbes	Forbes		There are more than 350 kombucha makers in the world, and they’ve slurped up roughly $340 million in funding from venture capital, private equity and big conglomerates like Coca-Cola and PepsiCo  https://t.co/0EbrEYufLC by @chloesorvino  https://t.co/t8ZE4nuN96	en	[{'screen_name': 'chloesorvino', 'name': 'chloe sorvino', 'id': '543767308'}]	['http://on.forbes.com/6018E9Lpw']	['https://pbs.twimg.com/media/D6TZMB_WsAUddEs.jpg']	3	12	36	[]	[]	https://twitter.com/Forbes/status/1127264609566633984	False		1	https://pbs.twimg.com/media/D6TZMB_WsAUddEs.jpg							[]				
1127231392717230081	1127231392717230081	2019-05-12 00:18:01 KST	2019-05-12	00:18:01	+0900	67577895	barandbench	Bar & Bench		PepsiCo 'Lays' off potato farmers, withdraws all cases in Gujarat @pepsi @PepsiCo @PepsiIndia  https://t.co/j2oRPQhn6s	en	[{'screen_name': 'pepsi', 'name': 'pepsi', 'id': '18139619'}, {'screen_name': 'pepsico', 'name': 'pepsico', 'id': '21346619'}, {'screen_name': 'pepsiindia', 'name': 'pepsi india', 'id': '233418418'}]	['https://barandbench.com/pepsico-lays-off-potato-farmers-withdraws-all-cases-in-gujarat/']	[]	0	8	35	[]	[]	https://twitter.com/barandbench/status/1127231392717230081	False		0								[]				
1127208005114781696	1127208005114781696	2019-05-11 22:45:05 KST	2019-05-11	22:45:05	+0900	20751449	the_hindu	The Hindu		#PepsiCo has withdrawn all its cases against nine Gujarat farmers  #Replug   https://t.co/ELEikjndzP	en	[]	['https://trib.al/nog77ha']	[]	5	15	85	['pepsico', 'replug']	[]	https://twitter.com/the_hindu/status/1127208005114781696	False		0								[]				
1127124935602733056	1127124935602733056	2019-05-11 17:15:00 KST	2019-05-11	17:15:00	+0900	134758540	timesofindia	The Times Of India		Hot potato: PepsiCo drops all suits against Gujarat farmers  https://t.co/6UeoDejWMq via @TOIAhmedabad  https://t.co/ih7Sw8vdSn	en	[{'screen_name': 'toiahmedabad', 'name': 'toi ahmedabad', 'id': '31060961'}]	['http://toi.in/tqhTpa/a24gk']	['https://pbs.twimg.com/media/D6RGPfGUwAEc_L4.jpg']	2	8	38	[]	[]	https://twitter.com/timesofindia/status/1127124935602733056	False		1	https://pbs.twimg.com/media/D6RGPfGUwAEc_L4.jpg							[]				
1127078148305108994	1127078148305108994	2019-05-11 14:09:05 KST	2019-05-11	14:09:05	+0900	2451476942	swarajyamag	Swarajya		PepsiCo India Unconditionally Withdraws All Legal Suits Against Gujarat Farmers In Potato Case   https://t.co/VFDOZGk2b9	en	[]	['https://swarajyamag.com/insta/pepsico-india-unconditionally-withdraws-all-legal-suits-against-gujarat-farmers-in-potato-case']	[]	1	22	62	[]	[]	https://twitter.com/SwarajyaMag/status/1127078148305108994	False		0								[]				
1127059787269591042	1127059787269591042	2019-05-11 12:56:07 KST	2019-05-11	12:56:07	+0900	17710740	dna	DNA		PepsiCo case: Gujarat farmers seek apology and compensation  https://t.co/ksAzoZmyQt	en	[]	['http://dnai.in/g6TV']	[]	0	5	21	[]	[]	https://twitter.com/dna/status/1127059787269591042	False		0								[]				
1127058619235618816	1127058619235618816	2019-05-11 12:51:29 KST	2019-05-11	12:51:29	+0900	811972460560019456	republic	Republic		PepsiCo withdraws last two lawsuits against nine Gujarat farmers for allegedly growing potato on which company claimed exclusive rights  https://t.co/8axRWi2UgD	en	[]	['https://www.republicworld.com/india-news/general-news/pepsico-withdraws-last-two-lawsuits-against-nine-gujarat-farmers-for-allegedly-growing-potato-on-which-company-claimed-exclusive-rights']	[]	4	13	42	[]	[]	https://twitter.com/republic/status/1127058619235618816	False		0								[]				
1127049497240989699	1127049497240989699	2019-05-11 12:15:14 KST	2019-05-11	12:15:14	+0900	3306712843	ranvijaylive	Ranvijay Singh		#PepsiCo मामले में आलू किसानों के वकील आनंद याग्निक ने सभी किसानों के लिए काम की बात बताई है. किसान इससे समझ सकते हैं कि कंपनी कैसे गलत थी और कभी उनके साथ ऐसा हो तो वो क्या करें. @GaonConnection @kkuruganti @InaniyaRam #Farmers @_YogendraYadav @AShukkla	hi	[{'screen_name': 'gaonconnection', 'name': 'gaonconnection', 'id': '421701259'}, {'screen_name': 'kkuruganti', 'name': 'kavitha kuruganti', 'id': '86544874'}, {'screen_name': 'inaniyaram', 'name': 'ram imaniya رام انیانیا राम इनानिया', 'id': '1059858613'}, {'screen_name': '_yogendrayadav', 'name': 'yogendra yadav', 'id': '1317076194'}, {'screen_name': 'ashukkla', 'name': 'arvind shukla', 'id': '2473925244'}]	[]	[]	1	2	17	['pepsico', 'farmers']	[]	https://twitter.com/ranvijaylive/status/1127049497240989699	False	https://twitter.com/GaonConnection/status/1126883801181884416	0								[]				
1127035627499868160	1127035627499868160	2019-05-11 11:20:07 KST	2019-05-11	11:20:07	+0900	20751449	the_hindu	The Hindu		#PepsiCo has withdrawn all its cases against nine Gujarat farmers who grew its protected potato variety used to make Lays chips, including cases seeking damages of ₹1.05 crore each from small farmers.   https://t.co/Lvqv2mmllb	en	[]	['https://trib.al/tIaH2nI']	[]	2	25	104	['pepsico']	[]	https://twitter.com/the_hindu/status/1127035627499868160	False		0								[]				
1127010431137140736	1127010431137140736	2019-05-11 09:40:00 KST	2019-05-11	09:40:00	+0900	64643056	rt_com	RT		#PepsiCo 'must apologise' - potato farmers' lawyer  https://t.co/p2tfLyp5Q2	en	[]	['https://on.rt.com/9u5u']	[]	4	27	34	['pepsico']	[]	https://twitter.com/RT_com/status/1127010431137140736	False		0								[]				
1126977752010240000	1126977752010240000	2019-05-11 07:30:08 KST	2019-05-11	07:30:08	+0900	20751449	the_hindu	The Hindu		PepsiCo withdrew its legal suits against four farmers in an Ahmedabad commercial court, as well as cases against five farmers in the Modasa district court on Friday  https://t.co/E9DJdtrlX5	en	[]	['https://trib.al/4vVYSSW']	[]	3	21	79	[]	[]	https://twitter.com/the_hindu/status/1126977752010240000	False		0								[]				
1126926845721677824	1122236474601111553	2019-05-11 04:07:51 KST	2019-05-11	04:07:51	+0900	100731315	actualidadrt	RT en Español		PepsiCo retira su demanda contra los agricultores indios que cultivan la variedad de papas para las Lays Chips  https://t.co/0cCdzUR4nJ  https://t.co/nvnRq5rlir	es	[]	['https://es.rt.com/6qn0']	[]	1	20	27	[]	[]	https://twitter.com/ActualidadRT/status/1126926845721677824	False		1	https://pbs.twimg.com/ext_tw_video_thumb/1126926812850868225/pu/img/7DrR9vxVBbwkGDgr.jpg							[]				
1126902463242461184	1126902463242461184	2019-05-11 02:30:58 KST	2019-05-11	02:30:58	+0900	37396883	amritabhinder	Amrita Bhinder 🇮🇳		PepsiCo withdraws remaining two lawsuits against Gujarat farmers  Food and beverages giant PepsiCo India withdrew the two lawsuits it had filed against nine Gujarat farmers for allegedly growing a variety of potato on which it claimed exclusive rights.  https://t.co/nTp4519ztq	en	[]	['https://timesofindia.indiatimes.com/business/india-business/pepsico-unconditionally-withdraws-all-cases-against-potato-farmers-of-gujarat/articleshow/69272102.cms?utm_medium=referral&utm_campaign=iOSapp&utm_source=twitter.com']	[]	2	27	100	[]	[]	https://twitter.com/amritabhinder/status/1126902463242461184	False		0								[]				
1126902360955973632	1126902360955973632	2019-05-11 02:30:34 KST	2019-05-11	02:30:34	+0900	36327407	httweets	Hindustan Times		Gujarat potato farmers seek apology from PepsiCo after it withdraws case   https://t.co/gq1QdqGIVN  https://t.co/SaTh7bAQ4B	en	[]	['http://bit.ly/2Jf7uyq']	['https://pbs.twimg.com/media/D6OPt_DU0AAogj6.jpg']	0	9	48	[]	[]	https://twitter.com/htTweets/status/1126902360955973632	False		1	https://pbs.twimg.com/media/D6OPt_DU0AAogj6.jpg							[]				
1126899701771579397	1126899701771579397	2019-05-11 02:20:00 KST	2019-05-11	02:20:00	+0900	64643056	rt_com	RT		#PepsiCo ends lawsuits against Indian potato farmers, who were accused of infringing the company’s intellectual property  https://t.co/p2tfLyp5Q2  https://t.co/Az5E6jNfB7	en	[]	['https://on.rt.com/9u5u']	['https://pbs.twimg.com/media/D6N9PYyWsAIQtDJ.jpg']	9	30	51	['pepsico']	[]	https://twitter.com/RT_com/status/1126899701771579397	False		1	https://pbs.twimg.com/media/D6N9PYyWsAIQtDJ.jpg							[]				
1126898272457625600	1126898272457625600	2019-05-11 02:14:19 KST	2019-05-11	02:14:19	+0900	1652541	reuters	Reuters		PepsiCo withdraws lawsuits against Indian potato farmers  https://t.co/1mZWDuG0Ij  https://t.co/9JEZfo7kK3	en	[]	['https://reut.rs/2YjsKGr']	['https://pbs.twimg.com/media/D6OMAc7WAAAAa-d.jpg']	3	23	65	[]	[]	https://twitter.com/Reuters/status/1126898272457625600	False		1	https://pbs.twimg.com/media/D6OMAc7WAAAAa-d.jpg							[]				
1126883801181884416	1126883801181884416	2019-05-11 01:16:49 KST	2019-05-11	01:16:49	+0900	421701259	gaonconnection	GaonConnection		'किसान अगर आलू उगाना छोड़ देंगे, तो पेप्सिको को भी भारत छोड़ना होगा'   #PepsiCo    https://t.co/lJKWUk4TbF	hi	[]	['https://www.gaonconnection.com/desh/pepsico-gujrat-potato-farmers-case-if-farmers-would-be-penalized-then-pepsico-would-have-to-leave-india-too-says-farmers-advocate-anand-yagnik-44545?utm_source=mobile-social-sticky-share&utm_partner=gaon&utm_campaign=share&utm_medium=twitter']	[]	0	12	23	['pepsico']	[]	https://twitter.com/GaonConnection/status/1126883801181884416	False		0								[]				
1126870761086566400	1126870761086566400	2019-05-11 00:25:00 KST	2019-05-11	00:25:00	+0900	134758540	timesofindia	The Times Of India		PepsiCo withdraws remaining two lawsuits against Gujarat farmers    https://t.co/vMEx5W15gq via @TOIBusiness  https://t.co/PZ8d9Xgvs3	en	[{'screen_name': 'toibusiness', 'name': 'toi business', 'id': '29959949'}]	['http://toi.in/XDmA6b/a24gk']	['https://pbs.twimg.com/media/D6NvP8XUIAcOf8A.jpg']	2	3	26	[]	[]	https://twitter.com/timesofindia/status/1126870761086566400	False		1	https://pbs.twimg.com/media/D6NvP8XUIAcOf8A.jpg							[]				
1126869277041090560	1126869277041090560	2019-05-11 00:19:06 KST	2019-05-11	00:19:06	+0900	36327407	httweets	Hindustan Times		Gujarat potato farmers seek apology from PepsiCo after it withdraws case   https://t.co/gq1QdqGIVN  https://t.co/hH9MOo2YLT	en	[]	['http://bit.ly/2Jf7uyq']	['https://pbs.twimg.com/media/D6NxkHlU0AAjUOe.jpg']	3	10	26	[]	[]	https://twitter.com/htTweets/status/1126869277041090560	False		1	https://pbs.twimg.com/media/D6NxkHlU0AAjUOe.jpg							[]				
1126855037886640128	1126855037886640128	2019-05-10 23:22:31 KST	2019-05-10	23:22:31	+0900	621523	bbcbusiness	BBC Business		The potato farmers in India seeking compensation from PepsiCo 🥔   [Tap to expand]  https://t.co/DywQ02BoQo  https://t.co/0nXs0DK1MD	en	[]	['http://bbc.in/2Jdp1Ha']	[]	11	54	177	[]	[]	https://twitter.com/BBCBusiness/status/1126855037886640128	False		1	https://pbs.twimg.com/amplify_video_thumb/1126850528733011969/img/sbdTtG--gndE1HM-.jpg							[]				
1126852110233079813	1126852110233079813	2019-05-10 23:10:53 KST	2019-05-10	23:10:53	+0900	355989081	ani	ANI		Anand Yagnik, Lawyer of farmers: PepsiCo has today unconditionally withdrawn the case against farmers of Banaskantha, Sabarkantha and Aravalli districts. This is a victory of the farmers.  https://t.co/NXq87GvSR0	en	[]	[]	['https://pbs.twimg.com/media/D6NgxlNW0AACgar.jpg']	12	80	365	[]	[]	https://twitter.com/ANI/status/1126852110233079813	False		1	https://pbs.twimg.com/media/D6NgxlNW0AACgar.jpg							[]				
1126809540312338432	1126806971389239299	2019-05-10 20:21:44 KST	2019-05-10	20:21:44	+0900	421701259	gaonconnection	GaonConnection		पेप्सिको ने आलू के बीज को लेकर गुजरात के कुल 11 किसानों पर किया था मुकदमा. किसान संगठनों और सिविल सोसायटी के विरोध के बाद 2 किसानों से पहले ही वापस लिया गया था केस... #UPDATE #pepsico #Gujarat #GaonConnection	hi	[]	[]	[]	1	3	14	['update', 'pepsico', 'gujarat', 'gaonconnection']	[]	https://twitter.com/GaonConnection/status/1126809540312338432	False		0								[]				
1126806971389239299	1126806971389239299	2019-05-10 20:11:31 KST	2019-05-10	20:11:31	+0900	421701259	gaonconnection	GaonConnection		#BREKING पेप्सिको केस में अपडेट- पेप्सिको ने सभी 9 किसानों से बिना शर्त मुकदमा वापस लिया, अहमदाबाद कोर्ट में खत्म हुई सुनवाई, किसानों ने गांव कनेक्शन को बताया #pepsico @PepsiIndia  https://t.co/yVfoB6BWtL	hi	[{'screen_name': 'pepsiindia', 'name': 'pepsi india', 'id': '233418418'}]	['https://www.gaonconnection.com/desh/pepsico-india-withheld-its-case-against-four-potato-farmers-of-gujrat--44436']	[]	3	11	39	['breking', 'pepsico']	[]	https://twitter.com/GaonConnection/status/1126806971389239299	False		0								[]				
1126611572862877697	1126611572862877697	2019-05-10 07:15:05 KST	2019-05-10	07:15:05	+0900	140942860	foodbankscanada	Food Banks Canada | Banques alimentaires Canada		#ThankfulThursday To all our corporate partners, THANK YOU for your generous support of a Canada where no one goes hungry.  🧡💛  https://t.co/2wg42mf7I6 @MDLZ @NaturesPath @olddutch @OrganicMeadow @PepsiCo @Questrade @SecondCupCanada @StarbucksCanada @SUBWAYCanada @syngentacanada	en	"[{'screen_name': 'mdlz', 'name': 'mondelēz intl', 'id': '2215976798'}, {'screen_name': 'naturespath', 'name': ""nature's path foods"", 'id': '16280307'}, {'screen_name': 'olddutch', 'name': 'old dutch foods', 'id': '44941125'}, {'screen_name': 'organicmeadow', 'name': 'organic meadow', 'id': '259795942'}, {'screen_name': 'pepsico', 'name': 'pepsico', 'id': '21346619'}, {'screen_name': 'questrade', 'name': 'questrade', 'id': '26491179'}, {'screen_name': 'secondcupcanada', 'name': 'second cup coffee co.', 'id': '349055606'}, {'screen_name': 'starbuckscanada', 'name': 'starbucks canada', 'id': '100300056'}, {'screen_name': 'subwaycanada', 'name': 'subway® canada', 'id': '1952674158'}, {'screen_name': 'syngentacanada', 'name': 'syngenta canada', 'id': '117151711'}]"	['https://www.youtube.com/watch?v=ACWFZnNiciY']	[]	2	6	13	['thankfulthursday']	[]	https://twitter.com/foodbankscanada/status/1126611572862877697	False		0								[]				
1126071570450063362	1126071570450063362	2019-05-08 19:29:18 KST	2019-05-08	19:29:18	+0900	1048144945301868544	cleangreenpk	CleanGreenPakistan		Advisor to PM on Climate Change Mr. Amin Aslam (@aminattock) briefing media on partnership with @PepsiCo for #CleanGreenPakistan  https://t.co/veFTJoLrLF	en	[{'screen_name': 'aminattock', 'name': 'malik amin aslam', 'id': '49312457'}, {'screen_name': 'pepsico', 'name': 'pepsico', 'id': '21346619'}]	[]	[]	2	6	34	['cleangreenpakistan']	[]	https://twitter.com/CleanGreenPK/status/1126071570450063362	False		1	https://pbs.twimg.com/ext_tw_video_thumb/1126071047780995072/pu/img/SVZKdXzlSCDsYjZA.jpg							[]				
1126064842199191552	1126064842199191552	2019-05-08 19:02:34 KST	2019-05-08	19:02:34	+0900	1074388449686380544	climatechangepk	Ministry of Climate Change, Govt of Pakistan		“As a responsible corporate entity, I believe this can be a solid first step for building an even stronger relationship in the future. We also urge @PepsiCo to assist us in beating the challenge of plastic pollution through waste recycling”  Advisor to PM Malik Amin @aminattock  https://t.co/N9GZkn7n3H	en	[{'screen_name': 'pepsico', 'name': 'pepsico', 'id': '21346619'}, {'screen_name': 'aminattock', 'name': 'malik amin aslam', 'id': '49312457'}]	[]	['https://pbs.twimg.com/media/D6CV-vLXoAAI29D.jpg', 'https://pbs.twimg.com/media/D6CV_YBXoAAm0pO.jpg', 'https://pbs.twimg.com/media/D6CV_93XkAAntDS.jpg']	1	9	47	[]	[]	https://twitter.com/ClimateChangePK/status/1126064842199191552	False		1	https://pbs.twimg.com/media/D6CV-vLXoAAI29D.jpg							[]				
1126064058019524610	1126064058019524610	2019-05-08 18:59:27 KST	2019-05-08	18:59:27	+0900	1074388449686380544	climatechangepk	Ministry of Climate Change, Govt of Pakistan		“We welcome PepsiCo in joining the nationwide drive for a #CleanGreenPakistan launched under our Prime Minister Imran Khan’s vision,” said Malik Aslam (@aminattock), Advisor to Prime Minister for Climate Change.  https://t.co/RZeLdkTLoX	en	[{'screen_name': 'aminattock', 'name': 'malik amin aslam', 'id': '49312457'}]	[]	['https://pbs.twimg.com/media/D6CVSOgWAAAx0QM.jpg']	5	15	81	['cleangreenpakistan']	[]	https://twitter.com/ClimateChangePK/status/1126064058019524610	False		1	https://pbs.twimg.com/media/D6CVSOgWAAAx0QM.jpg							[]				
1126062966057652224	1126062966057652224	2019-05-08 18:55:07 KST	2019-05-08	18:55:07	+0900	1074388449686380544	climatechangepk	Ministry of Climate Change, Govt of Pakistan		Ministry of Climate Change and PepsiCo. have gotten into a partnership for Prime Minister Imran Khan’s #CleanGreenPakistan Initiative to tackle pollution and increase environmental sustainability for Pakistan’s citizens.  https://t.co/ehELixDNr6	en	[]	[]	['https://pbs.twimg.com/media/D6CUSENXsAAlmXO.jpg', 'https://pbs.twimg.com/media/D6CUSrcWwAE0ASv.jpg']	0	5	18	['cleangreenpakistan']	[]	https://twitter.com/ClimateChangePK/status/1126062966057652224	False		1	https://pbs.twimg.com/media/D6CUSENXsAAlmXO.jpg							[]				
1126046034864422913	1126046034864422913	2019-05-08 17:47:50 KST	2019-05-08	17:47:50	+0900	215685563	ashwani_mahajan	ASHWANI MAHAJAN		Points of law in the PepsiCo-potato case India’s Protection of Plant Varieties Act spells out rights of farmers vis-a-vis breeders, which resulted in a pushback for PepsiCo Says Biswajit Dhar - The Hindu BusinessLine  https://t.co/Wg2YIJ42Gn	en	[]	['https://www.thehindubusinessline.com/opinion/points-of-law-in-the-pepsico-potato-case/article27060326.ece']	[]	2	22	45	[]	[]	https://twitter.com/ashwani_mahajan/status/1126046034864422913	False		0								[]				
1125968375530893312	1125968375530893312	2019-05-08 12:39:14 KST	2019-05-08	12:39:14	+0900	27708897	reforma	REFORMA		En el marco del anuncio de inversión de PepsiCo en México, miembros de la compañía se reunieron con el Presidente Andrés Manuel López Obrador para reforzar su confianza en el País.   https://t.co/S2wmM0JCFy	es	[]	['https://www.reforma.com/aplicaciones/articulo/default.aspx?id=1671755&v=3']	[]	5	14	25	[]	[]	https://twitter.com/Reforma/status/1125968375530893312	False		0								[]				
1125949402848174080	1125949402848174080	2019-05-08 11:23:51 KST	2019-05-08	11:23:51	+0900	36327407	httweets	Hindustan Times		PepsiCo drops lawsuit against Gujarat farmers over potatoes for Lay’s chips, reports @ziahaq   https://t.co/z9GvvNvsyZ  https://t.co/bdZw4z0zyL	en	[{'screen_name': 'ziahaq', 'name': 'zia haq', 'id': '58200384'}]	['https://www.hindustantimes.com/india-news/pepsico-drops-lawsuit-against-gujarat-farmers-over-potatoes-for-lay-s-chips/story-phOL85yBigt3Md3E3A3ZgL.html']	['https://pbs.twimg.com/media/D6AtAnEUYAAStVU.jpg']	6	10	27	[]	[]	https://twitter.com/htTweets/status/1125949402848174080	False		1	https://pbs.twimg.com/media/D6AtAnEUYAAStVU.jpg							[]				
1125924438761984001	1125924438761984001	2019-05-08 09:44:39 KST	2019-05-08	09:44:39	+0900	35955511	danicachich	Daniela		Quantas vezes eu sentei nessa platéia para ver profissionais falando de carreira e hoje, foi minha vez de falar para muitxs universitárixs sobre como consegui ao longo da minha carreira, construir marcas com propósito. Obrigada Mackenzie por tamanha emoção! #PepsiCo #Mackenzie  https://t.co/2fBwTIw5KW	pt	[]	[]	['https://pbs.twimg.com/media/D6AWThlX4AE_klA.jpg']	3	0	29	['pepsico', 'mackenzie']	[]	https://twitter.com/DaniCachich/status/1125924438761984001	False		1	https://pbs.twimg.com/media/D6AWThlX4AE_klA.jpg							[]				
1125908186714771456	1125908186714771456	2019-05-08 08:40:04 KST	2019-05-08	08:40:04	+0900	520653311	aristeguionline	Aristegui Noticias		Grupo Pepsico, Iberdrola y Wall Mart, tres casos de inversión directa en México para 2019: Galván (@galvanochoa) | #Video 👇   https://t.co/HRR1juwuTB  https://t.co/yfjx4PTbzR	es	[{'screen_name': 'galvanochoa', 'name': 'enrique galván ochoa', 'id': '36109768'}]	['http://ow.ly/W84n30oFsIw']	['https://pbs.twimg.com/media/D6AHh3UWkAcNbNF.jpg']	3	23	29	['video']	[]	https://twitter.com/AristeguiOnline/status/1125908186714771456	False		1	https://pbs.twimg.com/media/D6AHh3UWkAcNbNF.jpg							[]				
1125846533163950080	1125846533163950080	2019-05-08 04:35:05 KST	2019-05-08	04:35:05	+0900	255766976	pepsicomex	PepsiCo México		Ayer, el equipo de PepsiCo y nuestro socio Gepp nos reunimos con el presidente @lopezobrador_  y le compartimos nuestro plan para invertir 4 mil millones USD en México. Es un honor poder seguir fomentando el desarrollo del país, desde el campo hasta las tienditas de cada esquina.  https://t.co/EGGidQqgy6	es	[{'screen_name': 'lopezobrador_', 'name': 'andrés manuel', 'id': '82119937'}]	[]	['https://pbs.twimg.com/media/D5_PdHcX4AEFdcM.jpg']	6	58	145	[]	[]	https://twitter.com/PepsiCoMex/status/1125846533163950080	False		1	https://pbs.twimg.com/media/D5_PdHcX4AEFdcM.jpg							[]				
1125785067446390784	1125785067446390784	2019-05-08 00:30:50 KST	2019-05-08	00:30:50	+0900	215685563	ashwani_mahajan	ASHWANI MAHAJAN		Valid question, not @PepsiCo but those in media &amp; tech supporters need to answer. Question that needs to be asked now is why PepsiCo decided to sue the farmers in the first place if the company was going to buck under pressure? Was its legal position weak?  https://t.co/YyytCnhU2u	en	[{'screen_name': 'pepsico', 'name': 'pepsico', 'id': '21346619'}]	['https://www.businesstoday.in/bt-buzz/news/pepsi-chickens-out-should-farmers-rejoice/story/343852.html']	[]	1	10	18	[]	[]	https://twitter.com/ashwani_mahajan/status/1125785067446390784	False		0								[]				
1125754666858340352	1125754666858340352	2019-05-07 22:30:02 KST	2019-05-07	22:30:02	+0900	119051398	elfinanciero_mx	El Financiero		#Opinión La economía no va bien; casi no ha habido anuncios de nuevas inversiones; PepsiCo e Iberdrola le ponen un lanzamiento para ‘home run’, y @lopezobrador_ lo deja pasar. @E_Q_ no lo entiende.  https://t.co/FHV7rNrW02	es	[{'screen_name': 'lopezobrador_', 'name': 'andrés manuel', 'id': '82119937'}, {'screen_name': 'e_q_', 'name': 'enrique  quintana', 'id': '35964743'}]	['https://www.elfinanciero.com.mx/opinion/enrique-quintana/dejo-pasar-un-home-run']	[]	9	29	56	['opinión']	[]	https://twitter.com/ElFinanciero_Mx/status/1125754666858340352	False		0								[]				
1125754409269567488	1125754409269567488	2019-05-07 22:29:01 KST	2019-05-07	22:29:01	+0900	335455509	dellemcprotect	Dell EMC Protect		Learn how @PepsiCo is protecting #SAPHANA data with us at #SAPPHIRENOW, today at 11:00am.  Can't make it to @DellTech booth #2230 at that time? Check out these other great sessions too!  https://t.co/sCuFI6PiSn	en	[{'screen_name': 'pepsico', 'name': 'pepsico', 'id': '21346619'}, {'screen_name': 'delltech', 'name': 'dell technologies', 'id': '715901816857358336'}]	[]	['https://pbs.twimg.com/media/D597q1zWAAEU14P.jpg']	0	6	14	['saphana', 'sapphirenow']	[]	https://twitter.com/DellEMCProtect/status/1125754409269567488	False		1	https://pbs.twimg.com/media/D597q1zWAAEU14P.jpg							[]				
1125750868412911616	1125750868412911616	2019-05-07 22:14:57 KST	2019-05-07	22:14:57	+0900	520653311	aristeguionline	Aristegui Noticias		PepsiCo, Iberdrola, y Walmart anuncian inversión en México, destaca este martes es el analista financiero Enrique Galván (@galvanochoa) | Sigue la sección #Dinero en #AristeguiEnVivo 👉  https://t.co/lcwlzB54N4  https://t.co/8qsYgU6tbA	es	[{'screen_name': 'galvanochoa', 'name': 'enrique galván ochoa', 'id': '36109768'}]	['http://ow.ly/KGMk30oF81N']	['https://pbs.twimg.com/media/D594cqwX4AEy8tp.jpg']	4	17	38	['dinero', 'aristeguienvivo']	[]	https://twitter.com/AristeguiOnline/status/1125750868412911616	False		1	https://pbs.twimg.com/media/D594cqwX4AEy8tp.jpg							[]				
1125743332133605376	1125743332133605376	2019-05-07 21:45:00 KST	2019-05-07	21:45:00	+0900	948683648	forbes_mexico	Forbes México		Mientras Coca-Cola invierte 2,000 mdd en Jalisco, PepsiCo empleará el doble en una planta en Guanajuato:  https://t.co/avsiLKu63y	es	[]	['https://enforb.es/2PRcUQl']	[]	0	22	56	[]	[]	https://twitter.com/Forbes_Mexico/status/1125743332133605376	False		0								[]				
1125633860610469889	1125633860610469889	2019-05-07 14:30:00 KST	2019-05-07	14:30:00	+0900	141080858	ttindia	The Telegraph		Farmers’ rights groups have warned they would fight any efforts by the Gujarat government to persuade farmers into accepting restrictions on growing a proprietary potato called FL2027, owned by PepsiCo and used to make potato chips.  https://t.co/PFLVZvKS4f	en	[]	['https://www.telegraphindia.com/india/farmers-warn-gujarat-over-any-pepsico-deal/cid/1690027']	[]	0	11	29	[]	[]	https://twitter.com/ttindia/status/1125633860610469889	False		0								[]				
1125597500969226245	1125597500969226245	2019-05-07 12:05:31 KST	2019-05-07	12:05:31	+0900	520653311	aristeguionline	Aristegui Noticias		PepsiCo México invertirá cuatro mil mdd en 2 años; incluye planta en Guanajuato  https://t.co/MnP7wiII7x  https://t.co/W4aKjtGOB7	es	[]	['http://ow.ly/C1YV30oERmP']	['https://pbs.twimg.com/media/D57s9lbXsAErTuu.jpg']	4	23	67	[]	[]	https://twitter.com/AristeguiOnline/status/1125597500969226245	False		1	https://pbs.twimg.com/media/D57s9lbXsAErTuu.jpg							[]				
1125588601209851904	1125588601209851904	2019-05-07 11:30:09 KST	2019-05-07	11:30:09	+0900	108740292	expansionmx	Expansión		Pepsico invertirá 4,000 mdd en México y construirá una planta en Guanajuato  https://t.co/aGWovlKsHm  https://t.co/nMvw3QdLJa	es	[]	['http://ow.ly/rYM430oEOhd']	['https://pbs.twimg.com/media/D57k3heUEAAXxOI.png']	0	10	36	[]	[]	https://twitter.com/ExpansionMx/status/1125588601209851904	False		1	https://pbs.twimg.com/media/D57k3heUEAAXxOI.png							[]				
1125565940605816835	1125565940605816835	2019-05-07 10:00:06 KST	2019-05-07	10:00:06	+0900	255766976	pepsicomex	PepsiCo México		El plan de inversión del Sistema PepsiCo México para 2019-2020 se enfocará en fortalecer nuestro modelo agrícola, infraestructura, agenda de sustentabilidad y programas de desarrollo comunitario. Conoce los detalles aquí:  https://t.co/fuB8JJNlua  https://t.co/ClpipEwaf0	es	[]	['http://bit.ly/AnuncioInversionPepsiCo']	['https://pbs.twimg.com/tweet_video_thumb/D57QQLAWwAA4ydY.jpg']	0	9	29	[]	[]	https://twitter.com/PepsiCoMex/status/1125565940605816835	False		1	https://pbs.twimg.com/tweet_video_thumb/D57QQLAWwAA4ydY.jpg							[]				
1125563566206193665	1125563566206193665	2019-05-07 09:50:40 KST	2019-05-07	09:50:40	+0900	14917589	eleconomista	El Economista		El Sistema PepsiCo México invertirá 4,000 millones de dólares en el país. Se estima la creación de 3,000 nuevos empleos y una nueva planta en Guanajuato. 🥤   https://t.co/32Q2BeqKi8	es	[]	['https://www.eleconomista.com.mx/empresas/PepsiCo-invertira-4000-millones-de-dolares-en-Mexico-20190506-0062.html']	[]	1	29	41	[]	[]	https://twitter.com/eleconomista/status/1125563566206193665	False		0								[]				
1125509801792790528	1125509801792790528	2019-05-07 06:17:02 KST	2019-05-07	06:17:02	+0900	74153376	federicoarreola	Federico Arreola		Confianza nivel: Tras reunión con AMLO, PepsiCo acuerda inversión de 4 mmdd  https://t.co/EKKkLhwDUY vía @sdpnoticias	es	[{'screen_name': 'sdpnoticias', 'name': 'sdp noticias', 'id': '31907515'}]	['https://www.sdpnoticias.com/economia/2019/05/06/confianza-nivel-tras-reunion-con-amlo-pepsico-acuerda-inversion-de-4-mmdd']	[]	39	70	132	[]	[]	https://twitter.com/FedericoArreola/status/1125509801792790528	False		0								[]				
1125500313622986758	1125408937342271488	2019-05-07 05:39:20 KST	2019-05-07	05:39:20	+0900	281663154	emposts	Eric Martin		UPDATE: Following CEO's meeting with AMLO, PepsiCo says that it will invest $4 billion in Mexico between 2019 and 2020, together with partner Grupo Gepp	en	[]	[]	[]	4	14	41	[]	[]	https://twitter.com/EMPosts/status/1125500313622986758	False		0								[]				
1125495465590628353	1125495465590628353	2019-05-07 05:20:04 KST	2019-05-07	05:20:04	+0900	255766976	pepsicomex	PepsiCo México		Con una inversión de 4,000 MDD para 2019 y 2020, el Sistema PepsiCo México refuerza su confianza en el país. Esta inversión permitirá la creación de una nueva planta en Guanajuato para así seguir contribuyendo al crecimiento económico y social de México.  https://t.co/9dPQdzPDx1	es	[]	[]	['https://pbs.twimg.com/media/D56QKRuWsAIwL5N.jpg']	24	102	201	[]	[]	https://twitter.com/PepsiCoMex/status/1125495465590628353	False		1	https://pbs.twimg.com/media/D56QKRuWsAIwL5N.jpg							[]				
1125454043575476224	1125454043575476224	2019-05-07 02:35:28 KST	2019-05-07	02:35:28	+0900	215685563	ashwani_mahajan	ASHWANI MAHAJAN		⁦@PepsiCo⁩ is misleading ppl by saying that they r withdrawing for long term solution for seed protection, law is clear state &amp; central govt don’t hv any role in #PPVFRA Sec 39(1)(iv) PepsiCo withdraws one of 3 lawsuits filed against Gujarat farmers.  https://t.co/66ql2Io3es	en	[{'screen_name': 'pepsico', 'name': 'pepsico', 'id': '21346619'}]	['https://m.economictimes.com/industry/cons-products/fmcg/pepsico-withdraws-one-of-3-lawsuits-filed-against-gujarat-farmers/articleshow/69206875.cms']	[]	1	18	22	['ppvfra']	[]	https://twitter.com/ashwani_mahajan/status/1125454043575476224	False		0								[]				
1125408937342271488	1125408937342271488	2019-05-06 23:36:14 KST	2019-05-06	23:36:14	+0900	281663154	emposts	Eric Martin		AMLO on Monday is scheduled to welcome PepsiCo CEO Ramon Laguarta to the National Palace, according to his office.  WHO is going to tell Vicente Fox??? 😲  @lopezobrador_ @VicenteFoxQue	en	[{'screen_name': 'lopezobrador_', 'name': 'andrés manuel', 'id': '82119937'}, {'screen_name': 'vicentefoxque', 'name': 'vicente fox quesada', 'id': '166669818'}]	[]	[]	13	10	45	[]	[]	https://twitter.com/EMPosts/status/1125408937342271488	False		0								[]				
1125405219255271425	1125405219255271425	2019-05-06 23:21:27 KST	2019-05-06	23:21:27	+0900	38647512	indianexpress	The Indian Express		Gujarat: PepsiCo India withdraws lawsuit against two Deesa farmers  https://t.co/rjB1Ub0pXU	en	[]	['http://bit.ly/2Jhgj9W']	[]	0	4	27	[]	[]	https://twitter.com/IndianExpress/status/1125405219255271425	False		0								[]				
1125347584720158720	1125347584720158720	2019-05-06 19:32:26 KST	2019-05-06	19:32:26	+0900	1333467482	coindesk	CoinDesk		Beverage giant @PepsiCo saw an almost 30 percent increase in efficiency during a programmatic advertising trial using @zilliqa’s blockchain platform.  https://t.co/GTMrOhWB6y	en	[{'screen_name': 'pepsico', 'name': 'pepsico', 'id': '21346619'}, {'screen_name': 'zilliqa', 'name': 'zilliqa', 'id': '872984298973941764'}]	['http://ow.ly/YqCn50tZTvM']	[]	28	250	658	[]	[]	https://twitter.com/CoinDesk/status/1125347584720158720	False		0								[]				
1125326205010546688	1125326205010546688	2019-05-06 18:07:29 KST	2019-05-06	18:07:29	+0900	551030798	mindshare	Mindshare		#ICYMI: #TeamMindshare-driven #blockchain programmatic alliance (with @zilliqa, @mediamath &amp; @integralads) ‘Project Proton’ has launched a test campaign with @PepsiCo that has driven an increased 28% efficiency by using smart contracts. Check it out here:  https://t.co/b9ZeUSCL3B	en	[{'screen_name': 'zilliqa', 'name': 'zilliqa', 'id': '872984298973941764'}, {'screen_name': 'mediamath', 'name': 'mediamath', 'id': '70536071'}, {'screen_name': 'integralads', 'name': 'integral ad science', 'id': '95340160'}, {'screen_name': 'pepsico', 'name': 'pepsico', 'id': '21346619'}]	['http://ow.ly/gGiy30oEadM']	[]	6	40	103	['icymi', 'teammindshare', 'blockchain']	[]	https://twitter.com/mindshare/status/1125326205010546688	False		0								[]				
1125298737507553280	1125298737507553280	2019-05-06 16:18:20 KST	2019-05-06	16:18:20	+0900	905773949333651456	etprime_com	ET Prime		Now free to read:   @aeshadatta's deep investigation that exposes the intricate corporate drama behind #Pepsico's lawsuit against Indian potato farmers. Check it out now:  https://t.co/SC3lkM8wkl	en	[{'screen_name': 'aeshadatta', 'name': 'aesha datta', 'id': '568461024'}]	['https://bit.ly/2J9lSqU']	[]	0	12	21	['pepsico']	[]	https://twitter.com/ETPrime_com/status/1125298737507553280	False		0								[]				
1125037432389423106	1125037432389423106	2019-05-05 23:00:00 KST	2019-05-05	23:00:00	+0900	2905258265	seedsandchips	Seeds&Chips		Women pushing food forward. Learn about the women making an impact on the food system and the challenges they face today. Don't miss it!  https://t.co/bvbegcll0V #SaC19  #SeedsAndChips  #FoodInnovation  #FoodTech @PepsiCo @SueRockefeller @DrAAAchariya @DaniNierenberg @benja22083  https://t.co/b9TPB4Vdkl	en	[{'screen_name': 'pepsico', 'name': 'pepsico', 'id': '21346619'}, {'screen_name': 'suerockefeller', 'name': 'susan rockefeller', 'id': '506224199'}, {'screen_name': 'draaachariya', 'name': 'dr angeline achariya', 'id': '3302249234'}, {'screen_name': 'daninierenberg', 'name': 'danielle nierenberg, food tank', 'id': '33098495'}, {'screen_name': 'benja22083', 'name': 'benjamina bollag', 'id': '718716254870233088'}]	['http://bit.ly/2TlDj90']	['https://pbs.twimg.com/media/D5oEo0LWkAAoEtI.jpg']	1	7	16	['sac19', 'seedsandchips', 'foodinnovation', 'foodtech']	[]	https://twitter.com/SEEDSandCHIPS/status/1125037432389423106	False		1	https://pbs.twimg.com/media/D5oEo0LWkAAoEtI.jpg							[]				
1124876368930426881	1124876368930426881	2019-05-05 12:20:00 KST	2019-05-05	12:20:00	+0900	177829660	thexplains	The Hindu Explains		All you need to know about the PepsiCo-farmer fight.   #PepsiCo   https://t.co/8MeZ4I4bPC	en	[]	['http://bit.ly/2V1RRvk']	[]	4	35	108	['pepsico']	[]	https://twitter.com/THexplains/status/1124876368930426881	False		0								[]				
1124721103618707456	1124720288304746496	2019-05-05 02:03:02 KST	2019-05-05	02:03:02	+0900	321380775	gopalkagarwal	Gopal Krishna Agarwal		"2/3.I quote ""@PepsiCo @PepsiIndia @Pepsi suing Farmers in #Gujarat on #IPR on Potato does not speak well of them  #Pepsi enjoys lot of benefits &amp; Profits from India's huge market access. Profit comes with certain social responsibilities &amp; ignoring them will be at their own peril"""	en	[{'screen_name': 'pepsico', 'name': 'pepsico', 'id': '21346619'}, {'screen_name': 'pepsiindia', 'name': 'pepsi india', 'id': '233418418'}, {'screen_name': 'pepsi', 'name': 'pepsi', 'id': '18139619'}]	[]	[]	1	9	30	['gujarat', 'ipr', 'pepsi']	[]	https://twitter.com/gopalkagarwal/status/1124721103618707456	False		0								[]				
1124720288304746496	1124720288304746496	2019-05-05 01:59:47 KST	2019-05-05	01:59:47	+0900	321380775	gopalkagarwal	Gopal Krishna Agarwal		1/3..I had tweeted on 30th Apl questioning @PepsiCo's action against farmers. Initially it was not visible to my followers, to my surprise it vanished from my account also?..2..Exclusive: PepsiCo accused of coercing farmers by group close to BJP | Reuters  https://t.co/kwe876CykT	en	[{'screen_name': 'pepsico', 'name': 'pepsico', 'id': '21346619'}]	['https://in.reuters.com/article/india-pepsi-farmers-idINKCN1S51FJ']	[]	1	11	39	[]	[]	https://twitter.com/gopalkagarwal/status/1124720288304746496	False		0								[]				
1124658364804243456	1124658364804243456	2019-05-04 21:53:43 KST	2019-05-04	21:53:43	+0900	215685563	ashwani_mahajan	ASHWANI MAHAJAN		Shri @vijayrupanibjp @Nitinbhai_Patel Come clear whether you are planning any out of court settlement with @PepsiCo Let’s understand that farmers have done nothing wrong Sec 39(1)(iv) clearly says that farmers can sow, resow, produce, exchange and sell seeds and nothing bars them	en	[{'screen_name': 'vijayrupanibjp', 'name': 'vijay rupani', 'id': '627355202'}, {'screen_name': 'nitinbhai_patel', 'name': 'nitin patel', 'id': '478469228'}, {'screen_name': 'pepsico', 'name': 'pepsico', 'id': '21346619'}]	[]	[]	2	16	18	[]	[]	https://twitter.com/ashwani_mahajan/status/1124658364804243456	False	https://twitter.com/kkuruganti/status/1124656445348139010	0								[]				
1124655705091260419	1124655705091260419	2019-05-04 21:43:09 KST	2019-05-04	21:43:09	+0900	215685563	ashwani_mahajan	ASHWANI MAHAJAN		Any action by @PepsiCo will call for #BoycottPepsiCo @kkuruganti @drvandanashiva @SumanSahai	en	[{'screen_name': 'pepsico', 'name': 'pepsico', 'id': '21346619'}, {'screen_name': 'kkuruganti', 'name': 'kavitha kuruganti', 'id': '86544874'}, {'screen_name': 'drvandanashiva', 'name': 'dr. vandana shiva', 'id': '80811754'}, {'screen_name': 'sumansahai', 'name': 'dr suman sahai', 'id': '137654392'}]	[]	[]	2	9	15	['boycottpepsico']	[]	https://twitter.com/ashwani_mahajan/status/1124655705091260419	False	https://twitter.com/ashwani_mahajan/status/1124654751017095168	0								[]				
1124654751017095168	1124654751017095168	2019-05-04 21:39:22 KST	2019-05-04	21:39:22	+0900	215685563	ashwani_mahajan	ASHWANI MAHAJAN		Farmers have done nothing wrong. We understand @PepsiCo is withdrawing case unconditionally. Let it be made clear to co that as per Section 39(1)(iv) PPVFRA is clear that farmers hv right to sow, resow, produce and exchange and sell seeds short of branding  https://t.co/Z70BVf88R0	en	[{'screen_name': 'pepsico', 'name': 'pepsico', 'id': '21346619'}]	['https://retail.economictimes.indiatimes.com/news/food-entertainment/grocery/we-will-not-settle-the-cases-potato-farmers/69170279']	[]	2	38	59	[]	[]	https://twitter.com/ashwani_mahajan/status/1124654751017095168	False		0								[]				
1124599580518121474	1124599580518121474	2019-05-04 18:00:08 KST	2019-05-04	18:00:08	+0900	23085995	nestle	Nestlé		#ICYMI: @NestleWatersHQ is joining @carbios_ipo, @Loreal @PepsiCo and @suntory to bring Carbios' PET technology to market. The process breaks down PET waste to produce high quality PET, and could pave the way for 100% rPET in new products, More here:  https://t.co/6GuaqgMrHb	en	[{'screen_name': 'nestlewatershq', 'name': 'nestle waters hq', 'id': '316990296'}, {'screen_name': 'pepsico', 'name': 'pepsico', 'id': '21346619'}, {'screen_name': 'suntory', 'name': 'suntory（サントリー）', 'id': '133684052'}]	['https://www.nestle.com/media/news/nestle-waters-joins-consortium-pet-plastic-recyclability']	[]	2	3	23	['icymi']	[]	https://twitter.com/Nestle/status/1124599580518121474	False		0								[]				
1124498090478559232	1124498090478559232	2019-05-04 11:16:51 KST	2019-05-04	11:16:51	+0900	215685563	ashwani_mahajan	ASHWANI MAHAJAN		.@SwadeshiManch had also accused PepsiCo of “extortion”, and had called the company’s move “illegal and unethical”. PepsiCo lays down arms against farmers. Pepsi had sued farmers for cultivating a potato variety grown exclusively for  Lay's potato chips.  https://t.co/DbKMUobnO0  https://t.co/PSFw1SwTsi	en	[{'screen_name': 'swadeshimanch', 'name': 'swadeshijagranmanch', 'id': '816966198097104897'}]	['https://m.economictimes.com/news/politics-and-nation/pepsico-lays-down-arms-against-farmers/articleshow/69154017.cms']	['https://pbs.twimg.com/media/D5sFC2tUIAANQJN.jpg']	0	16	46	[]	[]	https://twitter.com/ashwani_mahajan/status/1124498090478559232	False		1	https://pbs.twimg.com/media/D5sFC2tUIAANQJN.jpg							[]				
1124337519146012673	1124337519146012673	2019-05-04 00:38:48 KST	2019-05-04	00:38:48	+0900	1026414410452152320	ramonlaguarta	Ramon Laguarta		Recently @PepsiCo honored our greatest champions of diversity and engagement at the Harvey C. Russell Awards. I was proud to help celebrate these associates for making us a stronger, better company. Congratulations to all the winners!  https://t.co/f3P9nvo5Bo	en	[{'screen_name': 'pepsico', 'name': 'pepsico', 'id': '21346619'}]	[]	['https://pbs.twimg.com/media/D5pxWG-XkAAk4br.jpg', 'https://pbs.twimg.com/media/D5pxbeUWkAAlisy.jpg']	7	6	122	[]	[]	https://twitter.com/ramonlaguarta/status/1124337519146012673	False		1	https://pbs.twimg.com/media/D5pxWG-XkAAk4br.jpg							[]				
1124324802309783557	1124314771652775941	2019-05-03 23:48:16 KST	2019-05-03	23:48:16	+0900	108338399	lukeoneil47	luke		Elsewhere in Hell World this week it looks like PepsiCo is dropping their shitty lawsuit against a handful of small Indian farmers for illegally growing the special cola potato they use to make Lays.  https://t.co/slKX5ZvRN9  https://t.co/VbdAEAvusp	en	[]	['https://luke.substack.com/p/either-join-us-or-grow-other-potatoes']	['https://pbs.twimg.com/media/D5pnbOrWsAA7v6j.png']	0	5	18	[]	[]	https://twitter.com/lukeoneil47/status/1124324802309783557	False		1	https://pbs.twimg.com/media/D5pnbOrWsAA7v6j.png							[]				
1124293803563610113	1124293803563610113	2019-05-03 21:45:05 KST	2019-05-03	21:45:05	+0900	907830490102734848	kisansabha	AIKS		PepsiCo Expression of Intent to Withdraw Lawsuit Against Farmers A Significant Victory Uphold Farmers Seed Freedoms as Guaranteed by Indian Laws.  https://t.co/pYUuhxirjL	en	[]	[]	['https://pbs.twimg.com/media/D5pLP30VUAAhwJy.jpg']	1	74	157	[]	[]	https://twitter.com/KisanSabha/status/1124293803563610113	False		1	https://pbs.twimg.com/media/D5pLP30VUAAhwJy.jpg							[]				
1124287021504188416	1124287021504188416	2019-05-03 21:18:08 KST	2019-05-03	21:18:08	+0900	817340591046414336	thewirehindi	द वायर हिंदी		पेप्सिको ने गुजरात के आलू किसानों के ख़िलाफ़ दायर याचिका वापस ली  https://t.co/VY94AU77AP #Pepsico #PotatoFarmers #Gujarat #पेप्सिको #आलूकिसान #गुजरात	hi	[]	['http://thewirehindi.com/80502/pepsico-withdraws-lawsuit-against-potato-farmers-in-gujarat/']	[]	0	5	30	['pepsico', 'potatofarmers', 'gujarat', 'पेप्सिको', 'आलूकिसान', 'गुजरात']	[]	https://twitter.com/thewirehindi/status/1124287021504188416	False		0								[]				
1124267361526263809	1124267361526263809	2019-05-03 20:00:01 KST	2019-05-03	20:00:01	+0900	91478624	forbes	Forbes		7 ways to be a better leader just like PepsiCo's Indra Nooyi:  https://t.co/CFDg5kp7xT  https://t.co/vJWi4TuAyw	en	[]	['http://on.forbes.com/6017Eg9dv']	['https://pbs.twimg.com/media/D5ozNQ-XsAA8nBR.jpg']	2	12	40	[]	[]	https://twitter.com/Forbes/status/1124267361526263809	False		1	https://pbs.twimg.com/media/D5ozNQ-XsAA8nBR.jpg							[]				
1124176790556217344	1124176790556217344	2019-05-03 14:00:07 KST	2019-05-03	14:00:07	+0900	20751449	the_hindu	The Hindu		In a victory for Gujarat potato farmers dragged to court by #PepsiCo for alleged rights infringement, the food and beverages giant says it has agreed to withdraw the cases.  https://t.co/YgpTTNeu36	en	[]	['https://trib.al/18PLStu']	[]	10	17	66	['pepsico']	[]	https://twitter.com/the_hindu/status/1124176790556217344	False		0								[]				
1124157523596959745	1124157523596959745	2019-05-03 12:43:34 KST	2019-05-03	12:43:34	+0900	215685563	ashwani_mahajan	ASHWANI MAHAJAN		Swadeshi Jagran Manch had condemned PepsiCo’s decision to sue farmers in Gujarat. Pepsi: PepsiCo should have apologised for intimidation of farmers; ASHA - The Economic Times  https://t.co/Nc2kt7ICtd	en	[]	['https://m.economictimes.com/news/politics-and-nation/pepsico-should-have-apologised-for-intimidation-of-farmers-asha/articleshow/69152333.cms']	[]	1	18	26	[]	[]	https://twitter.com/ashwani_mahajan/status/1124157523596959745	False		0								[]				
1124137752352776192	1124137752352776192	2019-05-03 11:25:00 KST	2019-05-03	11:25:00	+0900	36327407	httweets	Hindustan Times		PepsiCo withdraws cases against potato farmers in Gujarat   https://t.co/Aj2XpgIUrK  https://t.co/HGcCRI9oHd	en	[]	['https://www.hindustantimes.com/india-news/pepsico-withdraws-cases-against-potato-farmers-in-gujarat/story-dCokFxOTINP5eXSKTXxroI.html']	['https://pbs.twimg.com/media/D5m8syZU8AAsPjl.jpg']	1	2	21	[]	[]	https://twitter.com/htTweets/status/1124137752352776192	False		1	https://pbs.twimg.com/media/D5m8syZU8AAsPjl.jpg							[]				
1124135759072468992	1124135759072468992	2019-05-03 11:17:05 KST	2019-05-03	11:17:05	+0900	215685563	ashwani_mahajan	ASHWANI MAHAJAN		Moral victory of farmers, as the law fully protects the rights of the farmers as they r “deemed to be entitled to save, use, sow, resow, exchange, share or sell his farm produce including seed of a variety protected under this Act “ Sec 39(1)(iv) #PPVFRAct r u listening @PepsiCo  https://t.co/QFTSAWcLzP	en	[{'screen_name': 'pepsico', 'name': 'pepsico', 'id': '21346619'}]	[]	['https://pbs.twimg.com/media/D5m7fllUYAAlYat.jpg']	1	14	25	['ppvfract']	[]	https://twitter.com/ashwani_mahajan/status/1124135759072468992	False		1	https://pbs.twimg.com/media/D5m7fllUYAAlYat.jpg							[]				
1124074838367326208	1124074838367326208	2019-05-03 07:15:00 KST	2019-05-03	07:15:00	+0900	64643056	rt_com	RT		#PepsiCo to withdraw the cases against Indian potato farmers  https://t.co/oTtf9f5epD	en	[]	['https://on.rt.com/9tjq']	[]	2	18	25	['pepsico']	[]	https://twitter.com/RT_com/status/1124074838367326208	False		0								[]				
1124030437498785797	1124030437498785797	2019-05-03 04:18:34 KST	2019-05-03	04:18:34	+0900	106308661	arjunmodhwadia	Arjun Modhwadia		पेप्सीको इंडिया के खिलाफ @INCIndia के वरिष्ठ नेता श्री @ahmedpatel जी ने गुजरात किसानो के हित में जब आवाज़ उठाइ तब गुजरात सरकार भी मजबूरन किसानो के मदद में आई l  पेप्सीको ने अपने पटेंट किए आलू की खेती ना करने के लिए किसानो के खिलाफ फ़र्ज़ी केस वापस ले लिया है l  #PepsiCo	hi	[{'screen_name': 'incindia', 'name': 'congress', 'id': '1153045459'}, {'screen_name': 'ahmedpatel', 'name': 'ahmed patel memorial', 'id': '1624707968'}]	[]	[]	10	134	459	['pepsico']	[]	https://twitter.com/arjunmodhwadia/status/1124030437498785797	False		0								[]				
1124021829176373248	1124021829176373248	2019-05-03 03:44:22 KST	2019-05-03	03:44:22	+0900	17710740	dna	DNA		PepsiCo to withdraw cases against Gujarat potato farmers  https://t.co/2Kq1Mpz2V6	en	[]	['http://dnai.in/g682']	[]	2	5	37	[]	[]	https://twitter.com/dna/status/1124021829176373248	False		0								[]				
1124013683519180801	1124013683519180801	2019-05-03 03:11:59 KST	2019-05-03	03:11:59	+0900	324969818	kasthurishankar	Kasturi Shankar		PepsiCo withdraws lawsuit against 4 Indian potato farmers . No one messes with India's market power. hah.  https://t.co/XjEHtj9JNZ	en	[]	['https://www.indiatoday.in/business/story/pepsi-withdraws-lawsuit-india-potato-farmers-1515501-2019-05-02']	[]	19	18	139	[]	[]	https://twitter.com/KasthuriShankar/status/1124013683519180801	False		0								[]				
1124012683903348737	1124012683903348737	2019-05-03 03:08:01 KST	2019-05-03	03:08:01	+0900	215685563	ashwani_mahajan	ASHWANI MAHAJAN		Pepsi withdraws Indian potato farmer lawsuits after political pressure. ⁦@swadeshimanch⁩ welcomes PepsiCo’s move as a moral victory for Indian farmers. MNCs (multi national corporations) need to understand that they must honour Indian laws.  https://t.co/eEMd28JvmN	en	[{'screen_name': 'swadeshimanch', 'name': 'swadeshijagranmanch', 'id': '816966198097104897'}]	['https://in.reuters.com/article/us-india-pepsi-farmers/pepsi-withdraws-indian-potato-farmer-lawsuits-after-political-pressure-idINKCN1S817I']	[]	4	32	55	[]	[]	https://twitter.com/ashwani_mahajan/status/1124012683903348737	False		0								[]				
1123997595943280640	1123997595943280640	2019-05-03 02:08:04 KST	2019-05-03	02:08:04	+0900	37723353	dkthomp	Derek Thompson		This is so smart.  If alt-meat companies scale and thrive, it will be bc they've won middlebrow taste contests, not highbrow guilt contests.  That means the future of the industry is likely to be more PepsiCo for Alt-Meat than Sierra Club for Food.	en	[]	[]	[]	6	15	75	[]	[]	https://twitter.com/DKThomp/status/1123997595943280640	False	https://twitter.com/conorsen/status/1123995967794110466	0								[]				
1123995285871570947	1123995285871570947	2019-05-03 01:58:53 KST	2019-05-03	01:58:53	+0900	907830490102734848	kisansabha	AIKS		A significant victory for farmers of our country. We will remain vigilant &amp; continue to resist predatory agribusinesses that are driven only by the motive of profit maximization. AIKS Congratulates the farmers &amp; all who raised their voice against PepsiCo.  https://t.co/Vjh35vsK9h	en	[]	['https://www.newsclick.in/PepsiCo-Withdraws-Case-Gujarat-Potato-Farmers']	[]	3	138	304	[]	[]	https://twitter.com/KisanSabha/status/1123995285871570947	False		0								[]				
1123993053054660608	1123993053054660608	2019-05-03 01:50:01 KST	2019-05-03	01:50:01	+0900	3150940290	thewire_in	The Wire		After outrage over its decision to sue four farmers in Gujarat over ‘patent infringement’, PepsiCo has decided to withdraw the law suits.  PepsiCo had filed a civil suit asking for 1.05 crore compensation from each farmer in damages. | @kabira_tweeting    https://t.co/ECQFIbSGed	en	[{'screen_name': 'kabira_tweeting', 'name': 'kabir agarwal', 'id': '124117047'}]	['https://thewire.in/uncategorised/pepsi-lawsuit-potato-farmers-withdraw']	[]	3	23	57	[]	[]	https://twitter.com/thewire_in/status/1123993053054660608	False		0								[]				
1123988018539294720	1123988018539294720	2019-05-03 01:30:00 KST	2019-05-03	01:30:00	+0900	2451476942	swarajyamag	Swarajya		Gujarat government works for an out of court settlement benefiting farmers in PepsiCo case   https://t.co/k0TF4GXts7	en	[]	['https://swarajyamag.com/insta/gujarat-government-works-on-out-of-court-settlement-benefiting-farmers-sued-by-pepsico']	[]	0	19	57	[]	[]	https://twitter.com/SwarajyaMag/status/1123988018539294720	False		0								[]				
1123981648582926336	1123981648582926336	2019-05-03 01:04:42 KST	2019-05-03	01:04:42	+0900	63073975	madversity	Madhavan Narayanan		#PepsiCo withdraws lawsuit against Indian farmers. It must have realised that the chips are down because in an election year, farmers are a hot potato issue! #LoksabhaElections2019	en	[]	[]	[]	10	9	74	['pepsico', 'loksabhaelections2019']	[]	https://twitter.com/madversity/status/1123981648582926336	False		0								[]				
1123981067600441344	1123981067600441344	2019-05-03 01:02:23 KST	2019-05-03	01:02:23	+0900	36327407	httweets	Hindustan Times		#Analysis | Gujarat farmers’ case: PepsiCo is on shaky ground   https://t.co/HZC8wqysCF  https://t.co/tOrzQbpwT3	en	[]	['https://www.hindustantimes.com/analysis/gujarat-farmers-case-pepsico-is-on-shaky-ground/story-f1t5waNGQ3Oab7kPvo6SzK.html']	['https://pbs.twimg.com/media/D5kuzWwW4AA33q5.jpg']	1	8	48	['analysis']	[]	https://twitter.com/htTweets/status/1123981067600441344	False		1	https://pbs.twimg.com/media/D5kuzWwW4AA33q5.jpg							[]				
1123979974229286915	1123979974229286915	2019-05-03 00:58:03 KST	2019-05-03	00:58:03	+0900	421701259	gaonconnection	GaonConnection		अमेरिका की खाद्य और पेय पदार्थ कंपनी पेप्सिको ने गुजरात के चार किसानों पर लगाए गए मुकदमे को वापस ले लिया है।  #PepsiCo @PepsiCo @PepsiCoIndia @CMOGuj #Farmer    https://t.co/WrvbkJe4V9	hi	[{'screen_name': 'pepsico', 'name': 'pepsico', 'id': '21346619'}, {'screen_name': 'pepsicoindia', 'name': 'pepsico', 'id': '2825622506'}, {'screen_name': 'cmoguj', 'name': 'cmo gujarat', 'id': '765535468104585217'}]	['https://www.gaonconnection.com/desh/pepsico-india-withheld-its-case-against-four-potato-farmers-of-gujrat--44436?utm_source=mobile-social-sticky-share&utm_partner=gaon&utm_campaign=share&utm_medium=twitter']	[]	0	3	15	['pepsico', 'farmer']	[]	https://twitter.com/GaonConnection/status/1123979974229286915	False		0								[]				
1123978844665470978	1123978844665470978	2019-05-03 00:53:33 KST	2019-05-03	00:53:33	+0900	73043514	gargirawat	Gargi Rawat		"After suing four farmers for cultivating the FC5 potato variety, grown exclusively for PepsiCo's popular Lay's potato chips, the snack food &amp; drinks maker said last week it wanted to ""amicably settle"" the issue   https://t.co/fwN3ZukDvL via @ndtv"	en	[{'screen_name': 'ndtv', 'name': 'ndtv', 'id': '37034483'}]	['https://www.ndtv.com/india-news/pepsico-withdraws-lawsuits-against-potato-farmers-2032092']	[]	2	2	20	[]	[]	https://twitter.com/GargiRawat/status/1123978844665470978	False		0								[]				
1123973256632053760	1123973256632053760	2019-05-03 00:31:21 KST	2019-05-03	00:31:21	+0900	39240673	abpnews	ABP News		#PepsiCo to withdraw cases against #Gujarat potato #farmers over potatoes used in #Lays chips   https://t.co/YyBwv4taCJ	en	[]	['https://www.abplive.in/india-news/pepsico-to-withdraw-cases-against-gujarat-potato-farmers-over-potatoes-used-in-lays-chips-980001']	[]	7	12	66	['pepsico', 'gujarat', 'farmers', 'lays']	[]	https://twitter.com/ABPNews/status/1123973256632053760	False		0								[]				
1123963966068285441	1123931854606880769	2019-05-02 23:54:26 KST	2019-05-02	23:54:26	+0900	37034483	ndtv	NDTV		PepsiCo withdraws lawsuits against potato farmers  https://t.co/R4uENcuJYM  https://t.co/zz8Gqpq5RA	en	[]	['https://www.ndtv.com/india-news/pepsico-withdraws-lawsuits-against-potato-farmers-2032092']	['https://pbs.twimg.com/media/D5kfNEJW0AAH4Pm.png']	7	17	106	[]	[]	https://twitter.com/ndtv/status/1123963966068285441	False		1	https://pbs.twimg.com/media/D5kfNEJW0AAH4Pm.png							[]				
1123960399123177473	1123960399123177473	2019-05-02 23:40:15 KST	2019-05-02	23:40:15	+0900	711760467383877632	wionews	WION		.@PepsiCo  said it will withdraw its lawsuits against a number of Indian potato farmers accused of infringing its patent   https://t.co/KbTW7nSWYq	en	[{'screen_name': 'pepsico', 'name': 'pepsico', 'id': '21346619'}]	['https://www.wionews.com/business-economy/pepsi-withdraws-lawsuits-against-potato-farmers-in-gujarat-215451']	[]	9	9	33	[]	[]	https://twitter.com/WIONews/status/1123960399123177473	False		0								[]				
1123951602400923651	1123951602400923651	2019-05-02 23:05:18 KST	2019-05-02	23:05:18	+0900	244086871	marietouss1	Marie Toussaint 🌍🌏		Voilà comment fonctionne #PepsiCo: a-déposer des brevets sur le vivant qui nuisent à la planète &amp; à la santé b-rendre les  https://t.co/oY98YDw1KF.s dépendant.e.s de leurs semences c-les poursuivre en justice...  Régulons les entreprises! #VotezPourLeClimat  https://t.co/4OpM7ZUMX1	fr	[]	['http://paysan.ne', 'https://korii.slate.fr/biz/pepsico-poursuit-paysans-indiens-cultiver-pommes-de-terre']	[]	2	20	22	['pepsico', 'votezpourleclimat']	[]	https://twitter.com/marietouss1/status/1123951602400923651	False		0								[]				
1123950505674383363	1123950505674383363	2019-05-02 23:00:57 KST	2019-05-02	23:00:57	+0900	20751449	the_hindu	The Hindu		PepsiCo in April sued four farmers for cultivating a potato variety grown exclusively for its popular Lay’s potato chips.  https://t.co/zEsExZgYxU	en	[]	['https://trib.al/4Jil7nF']	[]	7	65	239	[]	[]	https://twitter.com/the_hindu/status/1123950505674383363	False		0								[]				
1123941349420670977	1123941349420670977	2019-05-02 22:24:34 KST	2019-05-02	22:24:34	+0900	134758540	timesofindia	The Times Of India		PepsiCo withdraws lawsuit against four potato farmers   READ:  https://t.co/CwVzg3zo30  https://t.co/056OwyeGbh	en	[]	['http://toi.in/YNQhNY/a24gk']	['https://pbs.twimg.com/media/D5kJNlJXkAMXqf5.jpg']	2	27	142	[]	[]	https://twitter.com/timesofindia/status/1123941349420670977	False		1	https://pbs.twimg.com/media/D5kJNlJXkAMXqf5.jpg							[]				
1123941218738671617	1123941218738671617	2019-05-02 22:24:03 KST	2019-05-02	22:24:03	+0900	1298350543	dave_janak	Janak Dave		#PepsiCo का दावा,गुजरात के किसानों पर ठोके गए सारे दावे कंपनी ने वापिस लिए।  वहीं किसानों के वकील आनंद याग्निक का कहना है, कंपनी ने न तो कोर्ट को यह जानकारी दी है नही किसानो के वकील को।  @News18India @raydeep	hi	[{'screen_name': 'news18india', 'name': 'news18 india', 'id': '98362607'}, {'screen_name': 'raydeep', 'name': 'kirandeep', 'id': '53880693'}]	[]	[]	0	12	38	['pepsico']	[]	https://twitter.com/dave_janak/status/1123941218738671617	False		0								[]				
1123940550661550080	1123940550661550080	2019-05-02 22:21:23 KST	2019-05-02	22:21:23	+0900	20751449	the_hindu	The Hindu		JUST IN: PepsiCo withdraws cases against nine potato farmers in Gujarat, backed by assurance from the government that there will be a long term amicable solution on the issue of infringement of rights: PepsiCo spokesperson, reports @prisjebaraj	en	[{'screen_name': 'prisjebaraj', 'name': 'priscilla jebaraj', 'id': '46396161'}]	[]	[]	5	38	163	[]	[]	https://twitter.com/the_hindu/status/1123940550661550080	False		0								[]				
1123939193095430144	1123939193095430144	2019-05-02 22:16:00 KST	2019-05-02	22:16:00	+0900	631810714	cnbctv18news	CNBC-TV18		PepsiCo in April sued four Indian farmers for cultivating a potato variety -- FC5 -- grown exclusively for its popular Lay's potato chips.  https://t.co/dk4GFFdnbU	en	[]	['https://www.cnbctv18.com/uncategorized/pepsi-withdraws-lawsuit-against-four-indian-potato-farmers-3170611.htm']	[]	0	15	24	[]	[]	https://twitter.com/CNBCTV18News/status/1123939193095430144	False		0								[]				
1123936854804508672	1123936854804508672	2019-05-02 22:06:42 KST	2019-05-02	22:06:42	+0900	19897138	indiatoday	IndiaToday		PepsiCo Inc said it will withdraw its lawsuit against four Indian potato farmers accused of infringing its patent   https://t.co/VrOF6HfuKi	en	[]	['https://www.indiatoday.in/business/story/pepsi-withdraws-lawsuit-india-potato-farmers-1515501-2019-05-02']	[]	6	11	49	[]	[]	https://twitter.com/IndiaToday/status/1123936854804508672	False		0								[]				
1123933787128324096	1123933787128324096	2019-05-02 21:54:31 KST	2019-05-02	21:54:31	+0900	346406417	tv9gujarati	tv9gujarati		Pepsico withdraws lawsuit against four Indian potato farmers accused of infringing its patent #Gujarat #TV9News  https://t.co/JbYq745yan	en	[]	[]	['https://pbs.twimg.com/media/D5kD0XrX4AcB5h1.jpg']	4	12	29	['gujarat', 'tv9news']	[]	https://twitter.com/tv9gujarati/status/1123933787128324096	False		1	https://pbs.twimg.com/media/D5kD0XrX4AcB5h1.jpg							[]				
1123910658238689282	1123910658238689282	2019-05-02 20:22:36 KST	2019-05-02	20:22:36	+0900	2451476942	swarajyamag	Swarajya		Gujarat Government Works On Out Of Court Settlement Benefiting Farmers Sued By PepsiCo   https://t.co/k0TF4Hf4QH	en	[]	['https://swarajyamag.com/insta/gujarat-government-works-on-out-of-court-settlement-benefiting-farmers-sued-by-pepsico']	[]	0	15	49	[]	[]	https://twitter.com/SwarajyaMag/status/1123910658238689282	False		0								[]				
1123897611793129473	1123897611793129473	2019-05-02 19:30:46 KST	2019-05-02	19:30:46	+0900	421701259	gaonconnection	GaonConnection		पेप्सिको ने जिस किसान पर किया 1 करोड़ 5 लाख का मुकदमा उस किसान से सुनें क्या है मामला #pepsico #farmers @PepsiCo   https://t.co/1yAXo4Efjl	hi	[{'screen_name': 'pepsico', 'name': 'pepsico', 'id': '21346619'}]	['https://www.pscp.tv/w/b5q9pzFNV0V3ZGt6V1dlUWJ8MVlxS0RCbXBWbkJKVtkwbiULj85trLFp_ObFf-YkOG6t-Av_4qmWxYK2c7oD']	[]	10	41	75	['pepsico', 'farmers']	[]	https://twitter.com/GaonConnection/status/1123897611793129473	False		0								[]				
1123663685048766464	1123663685048766464	2019-05-02 04:01:13 KST	2019-05-02	04:01:13	+0900	968859341620170752	mariammalmheiri	Mariam bint Mohammed Almheiri		I took part in the “Agtech: Food Security as National Security” session at the Milken Institute Global Conference in Los Angeles and had great discussions with global food thought leaders from Cargill, PepsiCo...  https://t.co/NbTsddTlr7	en	[]	[]	['https://pbs.twimg.com/media/D5gOJcDXsAI3BIg.jpg', 'https://pbs.twimg.com/media/D5gOJeiX4AA779O.jpg']	1	0	17	[]	[]	https://twitter.com/mariammalmheiri/status/1123663685048766464	False		1	https://pbs.twimg.com/media/D5gOJcDXsAI3BIg.jpg							[]				
1123440658658648065	1123440658658648065	2019-05-01 13:15:00 KST	2019-05-01	13:15:00	+0900	64643056	rt_com	RT		It’s a hot potato for PepsiCo and farmers  https://t.co/h0ngf6cLax  https://t.co/xKnPN3G9QH	en	[]	['https://on.rt.com/9t90']	['https://pbs.twimg.com/media/D5aaU_eW0AAnfEq.jpg']	3	30	36	[]	[]	https://twitter.com/RT_com/status/1123440658658648065	False		1	https://pbs.twimg.com/media/D5aaU_eW0AAnfEq.jpg							[]				
1123422036355760130	1123422036355760130	2019-05-01 12:01:00 KST	2019-05-01	12:01:00	+0900	43855487	bsindia	Business Standard		Amid the ongoing tussle between Gujarat’s potato growers and PepsiCo India Holdings, a farmers’ body sought govt's intervention in establishing legal rights for farmers over seeds of any crop variety, reports Vinay Umarji   https://t.co/FQryKT5IUl	en	[]	['https://mybs.in/2X5vqEW']	[]	3	3	24	[]	[]	https://twitter.com/bsindia/status/1123422036355760130	False		0								[]				
1123399167194189826	1123399167194189826	2019-05-01 10:30:07 KST	2019-05-01	10:30:07	+0900	215685563	ashwani_mahajan	ASHWANI MAHAJAN		Sh ⁦@ShekharGupta,⁩ Nitin Pai is absolutely wrong. Farmers have not violated any law. Company is at fault intimidating, coercing farmers for profiteering. Agents to support PepsiCo in its fight for the potato! Watch for ⁦@swadeshimanch⁩ stand  https://t.co/cjyLwCC9W6	en	[{'screen_name': 'shekhargupta', 'name': 'shekhar gupta', 'id': '2574072036'}, {'screen_name': 'swadeshimanch', 'name': 'swadeshijagranmanch', 'id': '816966198097104897'}]	['https://theprint.in/opinion/why-in-the-fight-between-pepsico-the-farmers-we-must-support-the-mnc/229086/']	[]	32	279	738	[]	[]	https://twitter.com/ashwani_mahajan/status/1123399167194189826	False		0								[]				
