id	conversation_id	created_at	date	time	timezone	user_id	username	name	place	tweet	language	mentions	urls	photos	replies_count	retweets_count	likes_count	hashtags	cashtags	link	retweet	quote_url	video	thumbnail	near	geo	source	user_rt_id	user_rt	retweet_id	reply_to	retweet_date	translate	trans_src	trans_dest
1167424766418046978	1167424766418046978	2019-08-30 22:12:08 KST	2019-08-30	22:12:08	+0900	1026414410452152320	ramonlaguarta	Ramon Laguarta		At @PepsiCo we believe water is a human right. That’s why we’re working in 17 high-risk watersheds to locally replenish the water we consume when making our products &amp; helping to provide safe water access to more than 22 million people around the world since 2006. #WorldWaterWeek  https://t.co/rMifIY9jjj	en	[{'screen_name': 'pepsico', 'name': 'pepsico', 'id': '21346619'}]	[]	[]	1	10	73	['worldwaterweek']	[]	https://twitter.com/ramonlaguarta/status/1167424766418046978	False		1	https://pbs.twimg.com/ext_tw_video_thumb/1167424253576273920/pu/img/vbTnreKQbwfq-g2d.jpg							[]				
1167166124636737536	1167166124636737536	2019-08-30 05:04:23 KST	2019-08-30	05:04:23	+0900	21346619	pepsico	PepsiCo		See how the PepsiCo Foundation and @WaterAidAmerica are making a difference for families in water-scarce areas. Learn More:  https://t.co/IfaevKO8Hc #WWWeek  https://t.co/wNr5KcEfsx	en	[{'screen_name': 'wateraidamerica', 'name': 'wateraid america', 'id': '19564533'}]	['https://pepsi.co/2HztktX']	[]	3	8	32	['wwweek']	[]	https://twitter.com/PepsiCo/status/1167166124636737536	False		1	https://pbs.twimg.com/ext_tw_video_thumb/1167166040779972609/pu/img/0yFcomRgARvjb4HU.jpg							[]				
1166878131573018625	1166878131573018625	2019-08-29 10:00:00 KST	2019-08-29	10:00:00	+0900	377949581	nbclatino	NBC Latino		".@EvaLongoria will direct @foxsearchlight's ""Flamin' Hot,"" a biopic about Richard Montañez, the man who rose from janitor to PepsiCo exec after creating the spicy Hot Cheetos &amp; who has subsequently become a role model for Latino entrepreneurial success.  https://t.co/usW7HveOlp"	en	[{'screen_name': 'evalongoria', 'name': 'eva longoria baston', 'id': '110827653'}, {'screen_name': 'foxsearchlight', 'name': 'searchlightpics', 'id': '1181314522155384833'}]	['https://www.nbcnews.com/news/latino/story-behind-flamin-hot-cheetos-creator-great-eva-longoria-making-n1047171']	[]	2	34	138	[]	[]	https://twitter.com/NBCLatino/status/1166878131573018625	False		0								[]				
1166712056780861441	1166712056780861441	2019-08-28 23:00:05 KST	2019-08-28	23:00:05	+0900	394216985	nerdist	Nerdist		Russian ad agency wants to launch space billboards and PepsiCo is already on board.  https://t.co/keR5XmokoO  https://t.co/Nc16iY4oqb	en	[]	['http://bit.ly/30GGrB1']	['https://pbs.twimg.com/tweet_video_thumb/EDD-bp3WwAIhNlU.jpg']	19	9	36	[]	[]	https://twitter.com/nerdist/status/1166712056780861441	False		1	https://pbs.twimg.com/tweet_video_thumb/EDD-bp3WwAIhNlU.jpg							[]				
1166459923384950785	1166459923384950785	2019-08-28 06:18:12 KST	2019-08-28	06:18:12	+0900	21346619	pepsico	PepsiCo		Our work with the PepsiCo Foundation and @WaterAidAmerica has helped implement water conservation methods at 18 schools in Southern India. Learn more:  https://t.co/fya9PzOcHX #WWWeek  https://t.co/QcEWx9w5fS	en	[{'screen_name': 'wateraidamerica', 'name': 'wateraid america', 'id': '19564533'}]	['https://pepsi.co/2NBLnmW']	[]	3	9	25	['wwweek']	[]	https://twitter.com/PepsiCo/status/1166459923384950785	False		1	https://pbs.twimg.com/ext_tw_video_thumb/1166459847254188032/pu/img/e5bTdXSHWtdCx2i6.jpg							[]				
1166228850965135365	1166228850965135365	2019-08-27 15:00:00 KST	2019-08-27	15:00:00	+0900	2825622506	pepsicoindia	PepsiCo		At PepsiCo India, we have helped farmers save 19 billion litres of water through our sustainable agricultural initiatives. Because every farmer is our pride. #AwaazMittiKi  #WWWeek #SustainableAgriculture @worldwaterweek1 @siwi_water @ADIInternation1  https://t.co/CM8iF841wM	en	[{'screen_name': 'worldwaterweek1', 'name': 'world water week', 'id': '250945171'}, {'screen_name': 'siwi_water', 'name': 'siwi', 'id': '120096860'}, {'screen_name': 'adiinternation1', 'name': 'adi international', 'id': '1005518919652683778'}]	[]	[]	55	27	299	['awaazmittiki', 'wwweek', 'sustainableagriculture']	[]	https://twitter.com/PepsiCoIndia/status/1166228850965135365	False		1	https://pbs.twimg.com/media/ECqM2NmU8AAJszF.jpg							[]				
1166086732569358337	1166086732569358337	2019-08-27 05:35:16 KST	2019-08-27	05:35:16	+0900	21346619	pepsico	PepsiCo		The PepsiCo Foundation is working with @WaterAidAmerica to bring clean water to more than 200,000 people living in communities in southern India facing extreme water shortages. #WorldWaterWeek #WWWeek Learn more:  https://t.co/kHsRB1E2zn  https://t.co/faNvbKnfAh	en	[{'screen_name': 'wateraidamerica', 'name': 'wateraid america', 'id': '19564533'}]	['https://pepsi.co/2LaFquw']	[]	0	17	51	['worldwaterweek', 'wwweek']	[]	https://twitter.com/PepsiCo/status/1166086732569358337	False		1	https://pbs.twimg.com/ext_tw_video_thumb/1166086631352410112/pu/img/iQ2_a_uHIEjeJJZB.jpg							[]				
1166077918122057730	1166077918122057730	2019-08-27 05:00:15 KST	2019-08-27	05:00:15	+0900	102448827	environmentca	Environment Canada		🇨🇦 has joined the New Plastic Economy Global Commitment at the #G7.   We also welcome @PepsiCo and Peru as the latest partners of the #OceanPlasticsCharter:  https://t.co/d9vJBbqtLi  #BeatPlasticPollution  https://t.co/qWd60rDBIR	en	[{'screen_name': 'pepsico', 'name': 'pepsico', 'id': '21346619'}]	['http://ow.ly/RoMT50vKhIt']	['https://pbs.twimg.com/media/EC69r8ZXkAAc0Qi.jpg']	2	17	31	['g7', 'oceanplasticscharter', 'beatplasticpollution']	[]	https://twitter.com/environmentca/status/1166077918122057730	False		1	https://pbs.twimg.com/media/EC69r8ZXkAAc0Qi.jpg							[]				
1165779411184095237	1165779411184095237	2019-08-26 09:14:05 KST	2019-08-26	09:14:05	+0900	332617373	elerianm	Mohamed A. El-Erian		Looks like the new Pepsi Cola sign overlooking New York’s East River is sponsored by another company — JetBlue.    #nyc  #newyork #newyorkcity #pepsi #jetblue @PepsiCo @JetBlue  https://t.co/FiGkIj4xUs	en	[{'screen_name': 'pepsico', 'name': 'pepsico', 'id': '21346619'}, {'screen_name': 'jetblue', 'name': 'jetblue', 'id': '6449282'}]	[]	['https://pbs.twimg.com/media/EC2uMZGXkAUya5D.jpg']	4	1	13	['nyc', 'newyork', 'newyorkcity', 'pepsi', 'jetblue']	[]	https://twitter.com/elerianm/status/1165779411184095237	False		1	https://pbs.twimg.com/media/EC2uMZGXkAUya5D.jpg							[]				
1165145275767427072	1165145275767427072	2019-08-24 15:14:15 KST	2019-08-24	15:14:15	+0900	18354822	axelletess	Axelle TESSANDIER		Huile de palme : Unilever, Nestlé, Colgate-Palmolive, L’Oréal, Mars, Kraft Heinz, Pepsico ne respectent tjs pas leurs promesses  https://t.co/TKMgsjNcrW Selon Greenpeace, la déforestation causée par sa production en Indonésie et en Malaisie ne montre aucun signe de ralentissement	fr	[]	['https://www.consoglobe.com/huile-de-palme-multinationales-alerte-deforestation-exploitation-humaine-cg']	[]	4	35	43	[]	[]	https://twitter.com/axelletess/status/1165145275767427072	False		0								[]				
1164179509517664256	1164179509517664256	2019-08-21 23:16:39 KST	2019-08-21	23:16:39	+0900	1026414410452152320	ramonlaguarta	Ramon Laguarta		Had a great time visiting the team that supports our business with @Walmart! These outstanding associates are going the extra mile for one of @PepsiCo's most important customers by embracing our effort to be faster, stronger and better. Keep up the great work! #WinningWithPurpose  https://t.co/sWDA9Dvsb9	en	[{'screen_name': 'walmart', 'name': 'walmart', 'id': '17137891'}, {'screen_name': 'pepsico', 'name': 'pepsico', 'id': '21346619'}]	[]	['https://pbs.twimg.com/media/ECf_FvbWwAAE0n4.jpg']	0	3	57	['winningwithpurpose']	[]	https://twitter.com/ramonlaguarta/status/1164179509517664256	False		1	https://pbs.twimg.com/media/ECf_FvbWwAAE0n4.jpg							[]				
1164057645730451457	1164057645730451457	2019-08-21 15:12:24 KST	2019-08-21	15:12:24	+0900	2825622506	pepsicoindia	PepsiCo		At PepsiCo India, we are proud to present #AwaazMittiKi A special tribute to the Indian farmers that celebrates their hard work and dedication. #SustainableAgriculture #Sustainability  https://t.co/8FyG0sxibt	en	[]	[]	[]	100	68	354	['awaazmittiki', 'sustainableagriculture', 'sustainability']	[]	https://twitter.com/PepsiCoIndia/status/1164057645730451457	False		1	https://pbs.twimg.com/ext_tw_video_thumb/1164057559990509569/pu/img/6xXQY2XsrBtRANTm.jpg							[]				
1162487573169745921	1162486268229496833	2019-08-17 07:13:30 KST	2019-08-17	07:13:30	+0900	155304314	valeriafgl	Valeria Fgl		Entre las tres personas que atacó Vidal tras ordenar reprimir en Pepsico a obreras y obreros estaba Myriam. Entre las que puso el cuerpo para intentar impedir otra represión y terminó con causa penal (reforma previsional). Así de macrista es. No sé a qué ponés like, @zabodice.	es	[{'screen_name': 'zabodice', 'name': 'olivio rodriga', 'id': '108052602'}]	[]	[]	1	2	22	[]	[]	https://twitter.com/valeriafgl/status/1162487573169745921	False		0								[]				
1161659297916477440	1161659297916477440	2019-08-15 00:22:13 KST	2019-08-15	00:22:13	+0900	1415791555	nycfc	New York City FC		Want the chance to win tickets to an #NYCFC home game?   Order on @Seamless, add a PepsiCo beverage, and use code NYCPEPSI for your chance to win tickets for the 2019 season.  VISIT ➡️  https://t.co/5NuyoasKFs  https://t.co/Ot5IjS5h7T	en	[{'screen_name': 'seamless', 'name': 'seamless', 'id': '14777215'}]	['http://pepsipromos.com/seamless']	['https://pbs.twimg.com/media/EB8K-P4WkAYSv5H.jpg']	2	6	31	['nycfc']	[]	https://twitter.com/NYCFC/status/1161659297916477440	False		1	https://pbs.twimg.com/media/EB8K-P4WkAYSv5H.jpg							[]				
1161641297632870400	1161641297632870400	2019-08-14 23:10:42 KST	2019-08-14	23:10:42	+0900	110957471	rajbansal9	RAJ BANSAL		What a day today. 71 yrs back both India and Pakistan got independence.   Indians have become CEOs of Google, Microsoft, Pepsico, Land Rover &amp; Pakistani have become heads of Taliban, Al-Qaeda, , Hijbul Mujahideen.  India reached Mars and Pakistan still trying to enter India.	en	[]	[]	[]	8	50	175	[]	[]	https://twitter.com/rajbansal9/status/1161641297632870400	False		0								[]				
1161300379675631616	1161300379675631616	2019-08-14 00:36:01 KST	2019-08-14	00:36:01	+0900	255493944	mid_rf	МИД России 🇷🇺		❗По словам участников форума #ТерриторияСмыслов, компании Danone и PepsiCo в России отказываются принимать на работу выпускников крымских вузов. Хочется надеяться, что речь не идет о попытке дискриминации по территориальному или любым другим принципам. 🔗  https://t.co/Bz7TVNJszp  https://t.co/LyVR4u8YeJ	ru	[]	['http://bit.ly/33vqpf9']	['https://pbs.twimg.com/media/EB3EiHGXUAA7M7J.jpg']	42	41	68	['территориясмыслов']	[]	https://twitter.com/MID_RF/status/1161300379675631616	False		1	https://pbs.twimg.com/media/EB3EiHGXUAA7M7J.jpg							[]				
1159901793981206533	1159901793981206533	2019-08-10 03:58:32 KST	2019-08-10	03:58:32	+0900	17654549	maxildan	Maxildan		On voit FuzeTea partout on se dit : mais d’où ça vient ? En fait c’est Coca Cola company Et du coup on se dit : Mais iceTea prend cher, mais iceTea c’est qui ? Et bah c’est PepsiCo ! Du coup FuzeTea vs IceTea c’est Coca vs Pepsi en fait.  Voilà je trouvais ça marrant.  https://t.co/iZWPwnwPR5	fr	[]	[]	['https://pbs.twimg.com/media/EBjMfaCXYAIFuSs.jpg']	75	159	1627	[]	[]	https://twitter.com/Maxildan/status/1159901793981206533	False		1	https://pbs.twimg.com/media/EBjMfaCXYAIFuSs.jpg							[]				
1159803162439671810	1159803162439671810	2019-08-09 21:26:36 KST	2019-08-09	21:26:36	+0900	5768872	garyvee	Gary Vaynerchuk		The Strategy Behind PepsiCo’s “Challenger” Brand Approach with @T_Kap  https://t.co/0MIQwGshpm	en	[{'screen_name': 't_kap', 'name': 'todd kaplan', 'id': '36093738'}]	['http://linktr.ee/garyvee']	[]	7	24	82	[]	[]	https://twitter.com/garyvee/status/1159803162439671810	False		0								[]				
1159691990117654533	1159691990117654533	2019-08-09 14:04:51 KST	2019-08-09	14:04:51	+0900	13508182	tarunvijay	Tarun Vijay தருண் விஜய் भारत के वीर सैनिकों की जय		From Whats app.         71 yrs jlurney.  Indians have become CEOs of Google, Microsoft, Pepsico, Jaguar, Land Rover and  Pakistanis have become heads of Taliban, Al-Qaeda, Jammat U Dawa, Hijbul Mujahideen.  India reached Mars Pakistan still trying to enter India 😆 And Finally...	en	[]	[]	[]	3	22	82	[]	[]	https://twitter.com/Tarunvijay/status/1159691990117654533	False		0								[]				
1159502034976038914	1159502034976038914	2019-08-09 01:30:02 KST	2019-08-09	01:30:02	+0900	23095991	osuathletics	Oklahoma State Athletics		Oklahoma State Athletics and @PepsiCo are proud to announce a multi-year partnership to make @Pepsi the official soft drink provider of the Cowboys and Cowgirls. #okstate #GoPokes   ▶️  https://t.co/fLkxQRjcfF  https://t.co/aVZpmXzIkH	en	[{'screen_name': 'pepsico', 'name': 'pepsico', 'id': '21346619'}, {'screen_name': 'pepsi', 'name': 'pepsi', 'id': '18139619'}]	['https://bit.ly/2Ko7ag7']	['https://pbs.twimg.com/media/EBdg9AsXoAA6Vw-.jpg']	29	17	125	['okstate', 'gopokes']	[]	https://twitter.com/OSUAthletics/status/1159502034976038914	False		1	https://pbs.twimg.com/media/EBdg9AsXoAA6Vw-.jpg							[]				
1158924346183901184	1156640673245880322	2019-08-07 11:14:30 KST	2019-08-07	11:14:30	+0900	242555999	senwhitehouse	Sheldon Whitehouse		@USChamber @realDonaldTrump @InfluenceMap @CocaColaCo @PepsiCo @Google @facebook Advice for #ChamberofCarbon board members who don’t know where it gets its money.   https://t.co/790Al6irsq	en	[]	['https://nonprofitquarterly.org/nonprofit-board-governance-responsibilities-basic-guide/']	[]	1	9	27	['chamberofcarbon']	[]	https://twitter.com/SenWhitehouse/status/1158924346183901184	False		0								[{'screen_name': 'USChamber', 'name': 'U.S. Chamber', 'id': '85606078'}, {'screen_name': 'realDonaldTrump', 'name': 'Donald J. Trump', 'id': '25073877'}, {'screen_name': 'InfluenceMap', 'name': 'InfluenceMap', 'id': '3143761547'}, {'screen_name': 'CocaColaCo', 'name': 'The Coca-Cola Co.', 'id': '23482357'}, {'screen_name': 'PepsiCo', 'name': 'PepsiCo', 'id': '21346619'}, {'screen_name': 'Google', 'name': 'Google', 'id': '20536157'}, {'screen_name': 'Facebook', 'name': 'Facebook', 'id': '2425151'}]				
1158349831187959808	1158349831187959808	2019-08-05 21:11:35 KST	2019-08-05	21:11:35	+0900	239988268	revistaekos	Ekos		Hoy en el #EkosToday analizamos el impacto de la reducción de las tasas de interés de la #Fed en la región. 📊📉Además, presentamos la propuesta de Coca-Cola y PepsiCo para reducir el consumo de #plástico.  ¡Míralo en nuestro canal de #YouTube! ⬇⬇   https://t.co/OAMuFDmTzF  https://t.co/4tZRJ3OvvQ	es	[]	['https://youtu.be/W-nz7HjUhEg']	['https://pbs.twimg.com/media/EBNJBr4XkAAUNDW.jpg']	0	11	28	['ekostoday', 'fed', 'plástico', 'youtube']	[]	https://twitter.com/RevistaEkos/status/1158349831187959808	False		1	https://pbs.twimg.com/media/EBNJBr4XkAAUNDW.jpg							[]				
1156956088484450308	1156956088484450308	2019-08-02 00:53:21 KST	2019-08-02	00:53:21	+0900	861574608	sciences_avenir	Sciences et Avenir		Les deux géants mondiaux de l'agroalimentaires, Coca-Cola et PepsiCo, ont claqué la porte du principal lobby américain du plastique, nous explique @marin_eben  https://t.co/btcvQhe5kn	fr	[{'screen_name': 'marin_eben', 'name': 'marine benoit', 'id': '153058915'}]	['https://www.sciencesetavenir.fr/nature-environnement/developpement-durable/coca-et-pepsi-rompent-avec-le-principal-lobby-du-plastique_136057?utm_medium=Social&utm_source=Twitter#Echobox=1564673291']	[]	1	37	42	[]	[]	https://twitter.com/Sciences_Avenir/status/1156956088484450308	False		0								[]				
1156896826747957248	1156896826747957248	2019-08-01 20:57:52 KST	2019-08-01	20:57:52	+0900	26465800	tearfund	Tearfund		Exclusive in today’s @MetroUK: Why Tearfund is urgently calling on @CocaColaCo, @Nestle, @PepsiCo and @Unilever to stop the rubbish in poorer countries. #RubbishCampaign #DontBeRubbish  https://t.co/8z3aIvwgoc	en	[{'screen_name': 'metrouk', 'name': 'metro', 'id': '138749160'}, {'screen_name': 'cocacolaco', 'name': 'the coca-cola co.', 'id': '23482357'}, {'screen_name': 'nestle', 'name': 'nestlé', 'id': '23085995'}, {'screen_name': 'pepsico', 'name': 'pepsico', 'id': '21346619'}, {'screen_name': 'unilever', 'name': 'unilever #staysafe', 'id': '109224937'}]	['https://metro.co.uk/2019/08/01/coke-pepsi-nestle-named-shamed-killer-single-use-plastics-10499396/']	[]	1	10	19	['rubbishcampaign', 'dontberubbish']	[]	https://twitter.com/Tearfund/status/1156896826747957248	False		0								[]				
1156843872816791552	1156843872816791552	2019-08-01 17:27:27 KST	2019-08-01	17:27:27	+0900	21114659	foreignaffairs	Foreign Affairs		“The soda and snack food companies, such as Coca-Cola, PepsiCo, and Nestlé, have turned to emerging markets to secure profits. And they are doing everything they can to keep their new markets pliable.”  https://t.co/4wyeggx6TO	en	[]	['https://trib.al/6KMRcXk']	[]	0	7	22	[]	[]	https://twitter.com/ForeignAffairs/status/1156843872816791552	False		0								[]				
