id	conversation_id	created_at	date	time	timezone	user_id	username	name	place	tweet	language	mentions	urls	photos	replies_count	retweets_count	likes_count	hashtags	cashtags	link	retweet	quote_url	video	thumbnail	near	geo	source	user_rt_id	user_rt	retweet_id	reply_to	retweet_date	translate	trans_src	trans_dest
1178445360248885249	1178445360248885249	2019-09-30 08:04:02 KST	2019-09-30	08:04:02	+0900	16451932	madmoneyoncnbc	Mad Money On CNBC		Get ready for the week ahead in investing with @JimCramer’s game plan including earnings reports from Thor Industries, PepsiCo and Bed Bath &amp; Beyond, the Spetember jobs report and more:  https://t.co/2950HHHiVU  https://t.co/hBYoIlEsfh	en	[{'screen_name': 'jimcramer', 'name': 'jim cramer', 'id': '14216123'}]	['http://www.cnbc.com/amp/2019/09/27/jim-cramer-week-ahead-we-need-some-more-downside-on-the-market.html']	['https://pbs.twimg.com/media/EFqtzzhWoAIX6ZH.jpg']	4	14	31	[]	[]	https://twitter.com/MadMoneyOnCNBC/status/1178445360248885249	False		1	https://pbs.twimg.com/media/EFqtzzhWoAIX6ZH.jpg							[]				
1177802866167287808	1177802866167287808	2019-09-28 13:31:00 KST	2019-09-28	13:31:00	+0900	747550776	nbcspreps	Preps Talk		High School Lites caught up with St. Pat's and Morton ahead of their matchup in the PepsiCo Showdown Series Championship.  (@SaintPatrickHS, @Morton201, @Mortonathletics)   https://t.co/en6SOukKxU	en	[{'screen_name': 'saintpatrickhs', 'name': 'saint patrick hs', 'id': '28589696'}, {'screen_name': 'morton201', 'name': 'morton 201', 'id': '176933639'}, {'screen_name': 'mortonathletics', 'name': 'morton athletics', 'id': '1382067752828076038'}]	['https://www.nbcsports.com/chicago/video/pepsico-showdown-series-championship-preview-st-pats-vs-morton']	[]	0	5	14	[]	[]	https://twitter.com/NBCSPreps/status/1177802866167287808	False		0								[]				
1177616586255032321	1177616586255032321	2019-09-28 01:10:47 KST	2019-09-28	01:10:47	+0900	27040108	tomgarfinkel	Tom Garfinkel		We will eliminate more than 2.8 million pieces of plastic annually including over 600,000 plastic bottles. Not possible w/o amazing partners @PepsiCo and their leadership as well as @centerplate and @NFL for @MIASBLIV  https://t.co/1MBjux6VVJ	en	[{'screen_name': 'pepsico', 'name': 'pepsico', 'id': '21346619'}, {'screen_name': 'centerplate', 'name': 'centerplate', 'id': '1315395037'}, {'screen_name': 'nfl', 'name': 'nfl', 'id': '19426551'}, {'screen_name': 'miasbliv', 'name': 'miami super bowl liv', 'id': '3306181549'}]	[]	['https://pbs.twimg.com/media/EFe8CTcXUAUah-o.jpg']	12	32	174	[]	[]	https://twitter.com/TomGarfinkel/status/1177616586255032321	False		1	https://pbs.twimg.com/media/EFe8CTcXUAUah-o.jpg							[]				
1177560064862953472	1177560064862953472	2019-09-27 21:26:12 KST	2019-09-27	21:26:12	+0900	21346619	pepsico	PepsiCo		As CEO of PepsiCo Latin America, Paula leads our Mexico, South America, Central America, and Caribbean business. We are grateful for Paula’s incredible leadership and proud that she is one of @fortunemagazine’s most powerful women, international!  https://t.co/vC7gzPfr0r  https://t.co/2Z6ntlE5kz	en	[{'screen_name': 'fortunemagazine', 'name': 'fortune', 'id': '25053299'}]	['https://pepsi.co/2n9Crdm']	['https://pbs.twimg.com/media/EFeIogTXoAIaKwZ.jpg']	1	10	37	[]	[]	https://twitter.com/PepsiCo/status/1177560064862953472	False		1	https://pbs.twimg.com/media/EFeIogTXoAIaKwZ.jpg							[]				
1177218238888853506	1177218238888853506	2019-09-26 22:47:54 KST	2019-09-26	22:47:54	+0900	703162128669102080	investindia	Invest India		Global giants such as @PepsiCo &amp; @KelloggsUS are investing heavily in India's food processing market, which is expected to grow from USD 322 Bn in 2016 to USD 543 Bn by 2020! Learn more:  https://t.co/VDX1jtJ6nJ #IndiaUSA @USAndIndia @IndianEmbassyUS 🇮🇳🇺🇸  https://t.co/khsHSxR0kj	en	"[{'screen_name': 'pepsico', 'name': 'pepsico', 'id': '21346619'}, {'screen_name': 'kelloggsus', 'name': ""kellogg's"", 'id': '534249758'}, {'screen_name': 'usandindia', 'name': 'u.s. embassy india', 'id': '41533816'}, {'screen_name': 'indianembassyus', 'name': 'india in usa', 'id': '757372008'}]"	['http://bit.ly/foodprocessing_india']	['https://pbs.twimg.com/media/EFZRvdEUYAAdEHq.png']	2	11	26	['indiausa']	[]	https://twitter.com/investindia/status/1177218238888853506	False		1	https://pbs.twimg.com/media/EFZRvdEUYAAdEHq.png							[]				
1176818660817723392	1176818660817723392	2019-09-25 20:20:07 KST	2019-09-25	20:20:07	+0900	2884771	newsweek	Newsweek		"S.C. Johnson joins Coca-Cola and PepsiCo in ditching ties to Plastics Industry Association: ""This trend will only continue""  https://t.co/w1Dmttdm0u"	en	[]	['https://trib.al/k968u3h']	[]	2	15	33	[]	[]	https://twitter.com/Newsweek/status/1176818660817723392	False		0								[]				
1176784982536155136	1176784982536155136	2019-09-25 18:06:18 KST	2019-09-25	18:06:18	+0900	2825622506	pepsicoindia	PepsiCo		PepsiCo India in partnership with United Way, presents the biggest plogging event in Delhi on 2nd Oct. Register Now  https://t.co/cWtuAScCEv Use code PLOGUWI for free registration. #SwachhtaHiSewa #IndiaPlogRun #IamLessPlastic  @MoHUA_India @India_plog  https://t.co/n2Z3Zk3CiC	en	[{'screen_name': 'mohua_india', 'name': 'ministry of housing and urban affairs', 'id': '2665238888'}, {'screen_name': 'india_plog', 'name': 'indiaplogrun', 'id': '1165834490859552768'}]	['http://bit.ly/BookMyShowPlogRun']	[]	16	42	169	['swachhtahisewa', 'indiaplogrun', 'iamlessplastic']	[]	https://twitter.com/PepsiCoIndia/status/1176784982536155136	False		1	https://pbs.twimg.com/media/EFTEsHuU4AAzrP1.jpg							[]				
1176655076565442560	1176655076565442560	2019-09-25 09:30:06 KST	2019-09-25	09:30:06	+0900	25053299	fortunemagazine	FORTUNE		"""I’ve spent a lot of time thinking about the responsibilities that come with leading an iconic global company"" — @PepsiCo CEO @RamonLaguarta  https://t.co/zTLMaLJ2CX"	en	[{'screen_name': 'pepsico', 'name': 'pepsico', 'id': '21346619'}, {'screen_name': 'ramonlaguarta', 'name': 'ramon laguarta', 'id': '1026414410452152320'}]	['http://bit.ly/2mRdL9t']	[]	0	8	24	[]	[]	https://twitter.com/FortuneMagazine/status/1176655076565442560	False		0								[]				
1176512046734684163	1176512046734684163	2019-09-25 00:01:45 KST	2019-09-25	00:01:45	+0900	1026414410452152320	ramonlaguarta	Ramon Laguarta		I’m proud of the progress that we’re making at @PepsiCo to advance our sustainability agenda. Learn more about our sustainability journey and the many ways we are #WinningwithPurpose.	en	[{'screen_name': 'pepsico', 'name': 'pepsico', 'id': '21346619'}]	[]	[]	2	5	50	['winningwithpurpose']	[]	https://twitter.com/ramonlaguarta/status/1176512046734684163	False	https://twitter.com/PepsiCo/status/1176511029389512705	0								[]				
1176459542525349888	1176459542525349888	2019-09-24 20:33:07 KST	2019-09-24	20:33:07	+0900	1026414410452152320	ramonlaguarta	Ramon Laguarta		At #UNGA, world leaders are working to solve humanity’s greatest challenges. @PepsiCo is striving to do our part by using our scale for good &amp; embracing a new purpose behind our sustainability agenda: helping to build a more sustainable food system.  https://t.co/0ocij3yGCB	en	[{'screen_name': 'pepsico', 'name': 'pepsico', 'id': '21346619'}]	['https://www.linkedin.com/pulse/helping-build-more-sustainable-food-system-ramon-laguarta/']	[]	3	17	67	['unga']	[]	https://twitter.com/ramonlaguarta/status/1176459542525349888	False		0								[]				
1176192500886843392	1176192487959990278	2019-09-24 02:51:59 KST	2019-09-24	02:51:59	+0900	143568410	state_sca	State_SCA		&amp; Pepsico are among the 1st companies in Pakistan to take the pledge. Learn more here:  https://t.co/vyNxA0gYMf and read my remarks here:  https://t.co/yQ5ZnNLHSn AGW	en	[]	['http://www.millionwomenmentors.com', 'https://go.usa.gov/xVpKM']	[]	2	15	41	[]	[]	https://twitter.com/State_SCA/status/1176192500886843392	False		0								[]				
1176191750387523590	1176191750387523590	2019-09-24 02:49:00 KST	2019-09-24	02:49:00	+0900	106507775	teamrubicon	Team Rubicon		The @PepsiCo Foundation has partnered with Team Rubicon disaster response to provide relief to hurricane survivors in The Bahamas. We challenge you to make it your mission, too! The PepsiCo Foundation will match up to $100k in support of our mission.  https://t.co/iDxDN2FHjO  https://t.co/8ZuEhc3l32	en	[{'screen_name': 'pepsico', 'name': 'pepsico', 'id': '21346619'}]	['http://bit.ly/353stvN']	['https://pbs.twimg.com/media/EFJ-l0lWwAAz7Qb.jpg']	0	9	23	[]	[]	https://twitter.com/TeamRubicon/status/1176191750387523590	False		1	https://pbs.twimg.com/media/EFJ-l0lWwAAz7Qb.jpg							[]				
1175495456048242692	1175495456048242692	2019-09-22 04:42:11 KST	2019-09-22	04:42:11	+0900	3011349201	enckj	Judith Enck		Hey @SodaStreamUSA Love your product.  Reuse better than recycling.  But I would like to use refillable glass bottles rather than refillable plastic bottles for the soda stream device.  Are they available?  Don’t tell me about glass being heavier; glass better 4 refill @PepsiCo	en	[{'screen_name': 'sodastreamusa', 'name': 'sodastream usa', 'id': '29654606'}, {'screen_name': 'pepsico', 'name': 'pepsico', 'id': '21346619'}]	[]	[]	1	5	27	[]	[]	https://twitter.com/enckj/status/1175495456048242692	False		0								[]				
1175288168532176897	1175288168532176897	2019-09-21 14:58:29 KST	2019-09-21	14:58:29	+0900	44095661	harrietgreen1	Harriet Green		Honoured to be on a panel with @IndraNooyi, former Chairman and CEO at Pepsico and Peter Grauer, Chairman of Bloomberg, at the #SingaporeSummit discussing the very important issue of fostering women's leadership for inclusive growth. @SingaporeSummit  https://t.co/wfSXln39Vx	en	[{'screen_name': 'indranooyi', 'name': 'indra nooyi', 'id': '2652536876'}, {'screen_name': 'singaporesummit', 'name': 'singapore summit', 'id': '2996893518'}]	[]	['https://pbs.twimg.com/media/EE92V--UwAAcPAV.jpg', 'https://pbs.twimg.com/media/EE92WrzUUAMD8xS.jpg']	1	7	29	['singaporesummit']	[]	https://twitter.com/harrietgreen1/status/1175288168532176897	False		1	https://pbs.twimg.com/media/EE92V--UwAAcPAV.jpg							[]				
1175201949513392130	1175201949513392130	2019-09-21 09:15:53 KST	2019-09-21	09:15:53	+0900	106507775	teamrubicon	Team Rubicon		The @PepsiCo Foundation has partnered with Team Rubicon disaster response to provide relief to hurricane survivors in The Bahamas. We challenge you to make it your mission, too! The PepsiCo Foundation will match up to $100k in support of our mission.  https://t.co/iDxDN2FHjO  https://t.co/K5Vbu6giOV	en	[{'screen_name': 'pepsico', 'name': 'pepsico', 'id': '21346619'}]	['http://bit.ly/353stvN']	['https://pbs.twimg.com/media/EE8n7WXXkAAz6tW.jpg']	2	23	49	[]	[]	https://twitter.com/TeamRubicon/status/1175201949513392130	False		1	https://pbs.twimg.com/media/EE8n7WXXkAAz6tW.jpg							[]				
1174732869983510542	1174732869983510542	2019-09-20 02:11:56 KST	2019-09-20	02:11:56	+0900	1613681130	michellenunn	Michelle Nunn		Thrilled to share that @CARE's incredible partner @PepsiCo  won @PRNews' 2019 Platinum PR Award for Best Global PR Campaign. Closing the Crop Gap featured CARE’s work w/ women farmers &amp; other stories of farmers around the world to raise awareness of the unique barriers they face.	en	[{'screen_name': 'care', 'name': 'care (care.org)', 'id': '16834046'}, {'screen_name': 'pepsico', 'name': 'pepsico', 'id': '21346619'}, {'screen_name': 'prnews', 'name': 'prnews', 'id': '26258900'}]	[]	[]	1	4	12	[]	[]	https://twitter.com/MichelleNunn/status/1174732869983510542	False		0								[]				
1174674022254202880	1174674022254202880	2019-09-19 22:18:05 KST	2019-09-19	22:18:05	+0900	246575950	genyouthnow	GENYOUthNow		Through an investment from the @PepsiCo Foundation, we are thrilled to expand Fuel Up to Play 60 en español, which now has NEW resources on the @FUTP60 en español website, just in time for National Hispanic Heritage month. #FuelGreatness  https://t.co/C3tEQhD8pF  https://t.co/AvZ1JuQ1bU	en	[{'screen_name': 'pepsico', 'name': 'pepsico', 'id': '21346619'}, {'screen_name': 'futp60', 'name': 'fuel up to play 60', 'id': '574587488'}]	['https://espanol.fueluptoplay60.com']	['https://pbs.twimg.com/media/EE1HzC8WkAA1YMj.jpg']	1	3	16	['fuelgreatness']	[]	https://twitter.com/GENYOUthNow/status/1174674022254202880	False		1	https://pbs.twimg.com/media/EE1HzC8WkAA1YMj.jpg							[]				
1174387682325270528	1174387682325270528	2019-09-19 03:20:17 KST	2019-09-19	03:20:17	+0900	24237705	diariope	Diario de Pernambuco		PepsiCo abre inscrições para processo seletivo de trainee em todo Brasil  https://t.co/6BfdruV0kP  https://t.co/Pl13sDw964	pt	[]	['https://bit.ly/2kEfK09']	['https://pbs.twimg.com/media/EExDXpwXsAgXghA.jpg']	1	5	16	[]	[]	https://twitter.com/DiarioPE/status/1174387682325270528	False		1	https://pbs.twimg.com/media/EExDXpwXsAgXghA.jpg							[]				
1174182617580806144	1174182617580806144	2019-09-18 13:45:25 KST	2019-09-18	13:45:25	+0900	21069075	ksrinireddy	Srinivas Reddy K		#PepsiCo to launch largest   business services centre, outside US, in #Hyderabad.  https://t.co/20OcUJKKBD via @TelanganaToday #HappeningHyderabad @KTRTRS @TelanganaCMO	en	[{'screen_name': 'telanganatoday', 'name': 'telangana today', 'id': '4767528991'}, {'screen_name': 'ktrtrs', 'name': 'ktr', 'id': '118787224'}, {'screen_name': 'telanganacmo', 'name': 'telangana cmo', 'id': '2558684335'}]	['http://telanganatoday.com/?p=320821']	[]	0	3	16	['pepsico', 'hyderabad', 'happeninghyderabad']	[]	https://twitter.com/KSriniReddy/status/1174182617580806144	False		0								[]				
1174047450463649792	1174047450463649792	2019-09-18 04:48:19 KST	2019-09-18	04:48:19	+0900	25053299	fortunemagazine	FORTUNE		In a moving conversation at #FortuneMPW in Toronto, former PepsiCo chair and CEO @IndraNooyi says that unconscious bias can only be eradicated if a sisterhood of women call it out.  https://t.co/7fOB1BBCj1  https://t.co/p5b8kQ75Sd	en	[{'screen_name': 'indranooyi', 'name': 'indra nooyi', 'id': '2652536876'}]	['http://bit.ly/2AntBfo']	[]	3	23	60	['fortunempw']	[]	https://twitter.com/FortuneMagazine/status/1174047450463649792	False		1	https://pbs.twimg.com/media/EEsNLlVWkAMTbB8.jpg							[]				
1174020368861937669	1174020368861937669	2019-09-18 03:00:42 KST	2019-09-18	03:00:42	+0900	125329877	micheleromanow	Michele Romanow		Yesterday, I had the opportunity to share a roundtable discussion at @fortunemag’s Most Powerful Women with @IndraNooyi who transformed @PepsiCo as CEO. Some people dream of meeting celebrities but I always looked up to business leaders, especially influential women.  https://t.co/MmVmvfLxDx	en	[{'screen_name': 'fortunemag', 'name': 'fortunemag', 'id': '14866823'}, {'screen_name': 'indranooyi', 'name': 'indra nooyi', 'id': '2652536876'}, {'screen_name': 'pepsico', 'name': 'pepsico', 'id': '21346619'}]	[]	['https://pbs.twimg.com/media/EEr1R5FXkAA3uHK.jpg']	0	0	38	[]	[]	https://twitter.com/MicheleRomanow/status/1174020368861937669	False		1	https://pbs.twimg.com/media/EEr1R5FXkAA3uHK.jpg							[]				
1173962717910241280	1173962717910241280	2019-09-17 23:11:37 KST	2019-09-17	23:11:37	+0900	20562637	businessinsider	Business Insider		'We like to be the friend': Amazon competitor Boxed's CEO reveals how the wholesale retailer is cozying up to CPG giants like Coca-Cola and PepsiCo  https://t.co/bRDIQ3SgNc	en	[]	['http://www.businessinsider.com/how-amazon-competitor-boxed-is-cozying-up-to-big-brands-2019-9']	[]	1	5	12	[]	[]	https://twitter.com/BusinessInsider/status/1173962717910241280	False		0								[]				
1173829340783509504	1173829340783509504	2019-09-17 14:21:38 KST	2019-09-17	14:21:38	+0900	2825622506	pepsicoindia	PepsiCo		PepsiCo India celebrates the milestone of 100% PET recycling as part of its Extended Producer Responsibility (EPR) program in Maharashtra. Read More:  https://t.co/yRaBVLCts2 #SwachhBharatAbhiyaan #NagpurCleanathon @ngpnmc  https://t.co/NYuiN3NnEP	en	[{'screen_name': 'ngpnmc', 'name': 'nagpur municipal corporation', 'id': '782892050538565632'}]	['http://bit.ly/2ko1tVc']	['https://pbs.twimg.com/media/EEpHjPCVUAAsW8f.jpg']	4	96	1196	['swachhbharatabhiyaan', 'nagpurcleanathon']	[]	https://twitter.com/PepsiCoIndia/status/1173829340783509504	False		1	https://pbs.twimg.com/media/EEpHjPCVUAAsW8f.jpg							[]				
1173770426608234501	1173770426608234501	2019-09-17 10:27:31 KST	2019-09-17	10:27:31	+0900	346603302	fortunempw	Fortune MPW		Former PepsiCo CEO Aims to Create a ‘Sisterhood’ of Women Leaders  https://t.co/ypih3gk0vy  https://t.co/CxznJ7oG6j	en	[]	['http://bit.ly/2AqPKJI']	['https://pbs.twimg.com/media/EEoR-5gXkAAbBMQ.jpg']	1	7	20	[]	[]	https://twitter.com/FortuneMPW/status/1173770426608234501	False		1	https://pbs.twimg.com/media/EEoR-5gXkAAbBMQ.jpg							[]				
1173742024413065217	1173742024413065217	2019-09-17 08:34:40 KST	2019-09-17	08:34:40	+0900	15637749	pattiesellers	pattiesellers		“You’re not Mother Theresa!”-Former @PepsiCo CEO @IndraNooyi tells @NinaEaston @FortuneMPW that investors doubted her “performance with PURPOSE” mission. Turns out, PEPSI’s return to shareholders beat the market over 5, 10, and 12 years when she was CEO. She showed them!  https://t.co/b24uqjYn84	en	[{'screen_name': 'pepsico', 'name': 'pepsico', 'id': '21346619'}, {'screen_name': 'indranooyi', 'name': 'indra nooyi', 'id': '2652536876'}, {'screen_name': 'ninaeaston', 'name': 'nina easton', 'id': '21270032'}, {'screen_name': 'fortunempw', 'name': 'fortune mpw', 'id': '346603302'}]	[]	['https://pbs.twimg.com/media/EEn4IybXsAE97qL.jpg']	0	7	28	[]	[]	https://twitter.com/pattiesellers/status/1173742024413065217	False		1	https://pbs.twimg.com/media/EEn4IybXsAE97qL.jpg							[]				
1173737997386141697	1173737997386141697	2019-09-17 08:18:40 KST	2019-09-17	08:18:40	+0900	24224268	naomistarkman	Naomi Starkman		After decades operating under the radar, ILSI is coming under scrutiny by US health advocates who say it’s a front group advancing interests of 400 members that provide its $17M budget, including Coca-Cola, DuPont, PepsiCo, General Mills &amp; Danone.  https://t.co/TOMBE19346	en	[]	['https://www.nytimes.com/2019/09/16/health/ilsi-food-policy-india-brazil-china.html?smid=nytcore-ios-share']	[]	3	64	84	[]	[]	https://twitter.com/NaomiStarkman/status/1173737997386141697	False		0								[]				
1173709639268982784	1173709639268982784	2019-09-17 06:25:59 KST	2019-09-17	06:25:59	+0900	2895357769	pankhuripathak	Pankhuri Pathak पंखुड़ी पाठक پنکھڑی		Why don't we get flamin hot Cheetos in India?  The imported ones are so expensive!  Please get into the Indian market. You have lots of fans here!  @ChesterCheetah @Fritolay @PepsiCo @PepsiCoIndia	en	[{'screen_name': 'chestercheetah', 'name': 'chester cheetah', 'id': '524668843'}, {'screen_name': 'fritolay', 'name': 'frito-lay', 'id': '66441732'}, {'screen_name': 'pepsico', 'name': 'pepsico', 'id': '21346619'}, {'screen_name': 'pepsicoindia', 'name': 'pepsico', 'id': '2825622506'}]	[]	[]	7	12	116	[]	[]	https://twitter.com/pankhuripathak/status/1173709639268982784	False		0								[]				
1173132121218547714	1172925766385799168	2019-09-15 16:11:08 KST	2019-09-15	16:11:08	+0900	240768575	rockyandmayur	INJESTERS 🇮🇳		@rohini_sgh @shrey_narayan @fayedsouza @TheDeshBhakt @abhisar_sharma I’m sticking to English, the same language that’s put Indians into NASA, Google, PepsiCo etc. that most Sanghi Bhai’s and Behens claim so loudly and proudly ... plus Panjabi - my mother tongue - baaki diyaan gallan chado dil saaf hona chaidaa 😁😎	en	[]	[]	[]	3	6	44	[]	[]	https://twitter.com/rockyandmayur/status/1173132121218547714	False		0								[{'screen_name': 'rohini_sgh', 'name': 'Rohini Singh', 'id': '267861878'}, {'screen_name': 'shrey_narayan', 'name': 'Shrey Narayan', 'id': '4197965178'}, {'screen_name': 'fayedsouza', 'name': 'Faye DSouza', 'id': '33915298'}, {'screen_name': 'TheDeshBhakt', 'name': 'The DeshBhakt 🇮🇳', 'id': '24338525'}, {'screen_name': 'abhisar_sharma', 'name': 'Abhisar Sharma', 'id': '56627441'}]				
1172614493135867904	1172614493135867904	2019-09-14 05:54:15 KST	2019-09-14	05:54:15	+0900	1026414410452152320	ramonlaguarta	Ramon Laguarta		Excited @PepsiCo has set a target to reduce virgin plastics by 35% across our beverage brands by 2025! Our plan for progress includes increasing use of recycled plastic and switching to alternative packaging, as we're doing for @LIFEWTR @bubly &amp; @Aquafina  https://t.co/TR9fOB0myp  https://t.co/dIxvxaswG9	en	[{'screen_name': 'pepsico', 'name': 'pepsico', 'id': '21346619'}, {'screen_name': 'lifewtr', 'name': 'lifewtr', 'id': '743500962598428672'}, {'screen_name': 'bubly', 'name': 'bethany holsinger', 'id': '80118163'}, {'screen_name': 'aquafina', 'name': 'aquafina', 'id': '443968204'}]	['http://pepsi.co/2kIw7sr']	[]	2	19	69	[]	[]	https://twitter.com/ramonlaguarta/status/1172614493135867904	False		1	https://pbs.twimg.com/ext_tw_video_thumb/1172613774542626816/pu/img/qVWOgN6Mh4XA8Hea.jpg							[]				
1172492624957071363	1172492624957071363	2019-09-13 21:50:00 KST	2019-09-13	21:50:00	+0900	134758540	timesofindia	The Times Of India		PepsiCo's thumbs up to Hyderabad, to set up business services hub  https://t.co/eqEFbALbXS	en	[]	['http://toi.in/JN72mZ46/a24gk']	[]	1	8	56	[]	[]	https://twitter.com/timesofindia/status/1172492624957071363	False		0								[]				
1172476188180152320	1172476188180152320	2019-09-13 20:44:41 KST	2019-09-13	20:44:41	+0900	118787224	ktrtrs	KTR		#HappeningHyderabad #Pepsico 😊 PepsiCo's thumbs up to Hyderabad, to set up business services hub | Hyderabad News - Times of India  https://t.co/nxrt12eq05	en	[]	['https://timesofindia.indiatimes.com/city/hyderabad/pepsicos-thumbs-up-to-hyderabad-to-set-up-hub/articleshow/71105774.cms']	[]	157	311	3111	['happeninghyderabad', 'pepsico']	[]	https://twitter.com/KTRTRS/status/1172476188180152320	False		0								[]				
1172398796698877952	1172398796698877952	2019-09-13 15:37:09 KST	2019-09-13	15:37:09	+0900	3294963926	konathamdileep	Konatham Dileep		#HappeningHyderabad PepsiCo’s largest facility outside the US to be set up in Hyderabad, Telangana. It houses business functions including consumer insights, mktg, HR, finance, supply chain, operations, &amp; digital solutions @jayesh_ranjan @KTRTRS  https://t.co/8RzNqGyI2H	en	[{'screen_name': 'jayesh_ranjan', 'name': 'jayesh ranjan', 'id': '57882758'}, {'screen_name': 'ktrtrs', 'name': 'ktr', 'id': '118787224'}]	['http://toi.in/JN72mZ46/a24gj']	[]	4	66	221	['happeninghyderabad']	[]	https://twitter.com/KonathamDileep/status/1172398796698877952	False		0								[]				
1172236660408573957	1172236660408573957	2019-09-13 04:52:53 KST	2019-09-13	04:52:53	+0900	17469289	nypost	New York Post		PepsiCo will pay you to eat junk food with new cashback rewards  https://t.co/VqpHdlEdDt  https://t.co/RDrJFH1TmX	en	[]	['https://trib.al/3Oemqnu']	['https://pbs.twimg.com/media/EESfB7VXkAcaRTc.jpg']	3	4	14	[]	[]	https://twitter.com/nypost/status/1172236660408573957	False		1	https://pbs.twimg.com/media/EESfB7VXkAcaRTc.jpg							[]				
1172231679680765952	1172231679680765952	2019-09-13 04:33:06 KST	2019-09-13	04:33:06	+0900	30018058	paypal	PayPal		We’ve teamed up with @PepsiCo so that you can earn cashback directly via your PayPal or @Venmo account anytime you buy specially marked PepsiCo drinks and @FritoLay snacks together.	en	[{'screen_name': 'pepsico', 'name': 'pepsico', 'id': '21346619'}, {'screen_name': 'venmo', 'name': 'venmo', 'id': '18580938'}, {'screen_name': 'fritolay', 'name': 'frito-lay', 'id': '66441732'}]	[]	[]	23	12	65	[]	[]	https://twitter.com/PayPal/status/1172231679680765952	False	https://twitter.com/PepsiCo/status/1172167283818618889	0								[]				
1172167283818618889	1172167283818618889	2019-09-13 00:17:12 KST	2019-09-13	00:17:12	+0900	21346619	pepsico	PepsiCo		Get rewards for eating + drinking the brands you love! PepCoin by PepsiCo is a new program that pays you back for enjoying some of your favorite Pepsico and @Fritolay products. More:  https://t.co/eFEENesPkt  https://t.co/TxmejKIOiP	en	[{'screen_name': 'fritolay', 'name': 'frito-lay', 'id': '66441732'}]	['https://pepsi.co/2Q8pnmJ']	[]	9	21	45	[]	[]	https://twitter.com/PepsiCo/status/1172167283818618889	False		1	https://pbs.twimg.com/ext_tw_video_thumb/1172167213685641216/pu/img/65tPQmEl2eaJrFcl.jpg							[]				
1172153151622983680	1172153151622983680	2019-09-12 23:21:03 KST	2019-09-12	23:21:03	+0900	9294762	businessline	Business Line		PepsiCo India has roped in star athlete Hima Das as the brand ambassador for its sports drink brand Gatorade.  https://t.co/dpWh6UaCTI @HimaDas8	en	[{'screen_name': 'himadas8', 'name': 'hima (mon jai)', 'id': '992334441392439297'}]	['https://trib.al/gceRroj']	[]	1	37	515	[]	[]	https://twitter.com/businessline/status/1172153151622983680	False		0								[]				
1171664669901295618	1171664669901295618	2019-09-11 15:00:00 KST	2019-09-11	15:00:00	+0900	2825622506	pepsicoindia	PepsiCo		PepsiCo India aims to empower farmers by educating them with agricultural training and upgrading their technical expertise. Because every farmer is our pride. #AwaazMittiKi  #SustainableAgriculture #Sustainability #Farmers  https://t.co/ZKJ7fkx87O	en	[]	[]	[]	75	32	297	['awaazmittiki', 'sustainableagriculture', 'sustainability', 'farmers']	[]	https://twitter.com/PepsiCoIndia/status/1171664669901295618	False		1	https://pbs.twimg.com/media/EDrwM17UEAI1HoY.jpg							[]				
1171211733844803584	1171211733844803584	2019-09-10 09:00:12 KST	2019-09-10	09:00:12	+0900	258474423	jc_coleman4	⚡J.C. Coleman⚡		VT students!! I’m coming home tomorrow for recruiting at the Engineering Expo representing PepsiCo/Frito Lay!! Come chat, come connect, let’s get you an opportunity!	en	[]	[]	[]	4	31	275	[]	[]	https://twitter.com/jc_coleman4/status/1171211733844803584	False		0								[]				
1170080838744195073	1170080838744195073	2019-09-07 06:06:25 KST	2019-09-07	06:06:25	+0900	21346619	pepsico	PepsiCo		In response to the immediate need of humanitarian aid in the Bahamas, the PepsiCo Foundation is committing $250,000 in support to @TeamRubicon @WCKitchen and @mercycorps to help clear roads, provide meals, supplies, and water to survivors #HurricaneDorian2019	en	[{'screen_name': 'teamrubicon', 'name': 'team rubicon', 'id': '106507775'}, {'screen_name': 'wckitchen', 'name': 'world central kitchen', 'id': '156653779'}, {'screen_name': 'mercycorps', 'name': 'mercy corps', 'id': '16688755'}]	[]	[]	8	48	227	['hurricanedorian2019']	[]	https://twitter.com/PepsiCo/status/1170080838744195073	False		0								[]				
1169495930376032256	1169495930376032256	2019-09-05 15:22:12 KST	2019-09-05	15:22:12	+0900	16695229	lloydmathias	Lloyd Mathias		The widening circle of influence of the world’s biggest consumer brands owned by 11 corporations: Nestle, P&amp;G, Unilever, Coca-Cola, PepsiCo, Kellogg’s, Mars, Mondelez, Kraft-Heinz, J&amp;J and Gen Mills.  https://t.co/xiw7P3YRKo	en	[]	[]	['https://pbs.twimg.com/media/EDriSTMUcAAZJS2.jpg']	3	4	24	[]	[]	https://twitter.com/LloydMathias/status/1169495930376032256	False		1	https://pbs.twimg.com/media/EDriSTMUcAAZJS2.jpg							[]				
1169437820915736577	1169437820915736577	2019-09-05 11:31:18 KST	2019-09-05	11:31:18	+0900	7313362	chicagotribune	Chicago Tribune		The Old Post Office is closing in on two new tenants: PepsiCo and WeWork. The additions would continue a run of big leases in what will become one of Chicago’s largest office properties.  https://t.co/q1d1XG2zKT	en	[]	['https://trib.al/q4o298L']	[]	0	5	26	[]	[]	https://twitter.com/chicagotribune/status/1169437820915736577	False		0								[]				
1168994311658250240	1168994311658250240	2019-09-04 06:08:57 KST	2019-09-04	06:08:57	+0900	239026022	samro	Sam Ro 📈		While you fools were reinventing the chicken sandwich, PepsiCo and 7-Eleven were doing some real innovation.	en	[]	[]	[]	0	0	10	[]	[]	https://twitter.com/SamRo/status/1168994311658250240	False	https://twitter.com/7eleven/status/1168993858396536832	0								[]				
1168909355594452993	1168909355594452993	2019-09-04 00:31:22 KST	2019-09-04	00:31:22	+0900	21346619	pepsico	PepsiCo		As kids across the US wrap up summer break and head back to class, check out how the PepsiCo Foundation helped the Dream School in East Harlem keep their reading skills sharp while school was out. Watch the full video here:  https://t.co/Tx4K2WTU6A #BackToSchool  https://t.co/GSM2g0XA2o	en	[]	['https://pepsi.co/2MOw2Qp']	[]	1	10	22	['backtoschool']	[]	https://twitter.com/PepsiCo/status/1168909355594452993	False		1	https://pbs.twimg.com/ext_tw_video_thumb/1168909285146931201/pu/img/MsHn7nd0ecjCXxQP.jpg							[]				
1168309365797007360	1168309365797007360	2019-09-02 08:47:13 KST	2019-09-02	08:47:13	+0900	164425558	jonerlichman	Jon Erlichman		Some of Shaq’s investments:  *Google (pre-IPO) * Apple * Twitter * Uber * Lyft * Ring (Amazon bought for $1 billion) *PepsiCo *Krispy Kreme *Papa John’s *Big Chicken *Shaquille’s restaurant *Vegas clubs *real estate *car washes *Steady app *CityPlex 12 movie theater *NRG eSports  https://t.co/E3qQY1jctr	en	[]	[]	['https://pbs.twimg.com/media/EDarLHjXYAAAIEL.jpg']	83	847	8924	[]	[]	https://twitter.com/JonErlichman/status/1168309365797007360	False		1	https://pbs.twimg.com/media/EDarLHjXYAAAIEL.jpg							[]				
