id	conversation_id	created_at	date	time	timezone	user_id	username	name	place	tweet	language	mentions	urls	photos	replies_count	retweets_count	likes_count	hashtags	cashtags	link	retweet	quote_url	video	thumbnail	near	geo	source	user_rt_id	user_rt	retweet_id	reply_to	retweet_date	translate	trans_src	trans_dest
803278684694007808	803278684694007808	2016-11-29 01:45:37 KST	2016-11-29	01:45:37	+0900	34713362	business	Bloomberg		PepsiCo CEO Indra Nooyi says she has it all, and you can too  https://t.co/mUUM1tSkMV  https://t.co/Pnf50LaaB9	en	[]	['https://www.bloomberg.com/features/2016-peer-to-peer/']	[]	3	30	51	[]	[]	https://twitter.com/business/status/803278684694007808	False		1	https://pbs.twimg.com/media/CyXRs1MUQAApEyR.jpg							[]				
803214537478410240	803214537478410240	2016-11-28 21:30:43 KST	2016-11-28	21:30:43	+0900	34713362	business	Bloomberg		Why the CEO of PepsiCo eats Quaker Oats every day  https://t.co/mUUM1tSkMV  https://t.co/kA9PQWwdU0	en	[]	['https://www.bloomberg.com/features/2016-peer-to-peer/']	[]	1	20	28	[]	[]	https://twitter.com/business/status/803214537478410240	False		1	https://pbs.twimg.com/media/CyWXXAEUAAACmw0.jpg							[]				
802966836887375873	802966836887375873	2016-11-28 05:06:26 KST	2016-11-28	05:06:26	+0900	125644689	openideo	OpenIDEO		5 must-reads from @PepsiCo Chief Design Officer to shape your #design &amp; business philosophies:  https://t.co/qs5Fm1dw1W  https://t.co/LVQt1m2nun	en	[{'screen_name': 'pepsico', 'name': 'pepsico', 'id': '21346619'}]	['http://ideo.pn/2gvZl6i']	['https://pbs.twimg.com/media/CyS2FLNWgAEbHvB.jpg']	1	8	25	['design']	[]	https://twitter.com/OpenIDEO/status/802966836887375873	False		1	https://pbs.twimg.com/media/CyS2FLNWgAEbHvB.jpg							[]				
802938881385660416	802938881385660416	2016-11-28 03:15:21 KST	2016-11-28	03:15:21	+0900	807095	nytimes	The New York Times		Coca-Cola and PepsiCo have fought mightily against them. But soda taxes may be coming to a city near you.  https://t.co/CZ4TG5kHTx	en	[]	['http://nyti.ms/2gzq173']	[]	55	192	367	[]	[]	https://twitter.com/nytimes/status/802938881385660416	False		0								[]				
802912551931494401	802912551931494401	2016-11-28 01:30:44 KST	2016-11-28	01:30:44	+0900	34713362	business	Bloomberg		PepsiCo CEO Indra Nooyi says her parents helped her follow her dreams  https://t.co/mUUM1tSkMV  https://t.co/lXHuypHkvI	en	[]	['https://www.bloomberg.com/features/2016-peer-to-peer/']	[]	8	81	126	[]	[]	https://twitter.com/business/status/802912551931494401	False		1	https://pbs.twimg.com/media/CySEtCfUkAAehFp.jpg							[]				
802191511047663616	802191511047663616	2016-11-26 01:45:34 KST	2016-11-26	01:45:34	+0900	34713362	business	Bloomberg		PepsiCo CEO Indra Nooyi says she has it all, and you can too  https://t.co/mUUM1tSkMV  https://t.co/5DMziRuFb5	en	[]	['https://www.bloomberg.com/features/2016-peer-to-peer/']	[]	6	44	74	[]	[]	https://twitter.com/business/status/802191511047663616	False		1	https://pbs.twimg.com/media/CyH07BPUsAAX5Su.jpg							[]				
801889557465559041	801889557465559041	2016-11-25 05:45:43 KST	2016-11-25	05:45:43	+0900	34713362	business	Bloomberg		PepsiCo CEO Indra Nooyi says she has it all, and you can too  https://t.co/mUUM1tSkMV  https://t.co/wZEQZeYQ64	en	[]	['https://www.bloomberg.com/features/2016-peer-to-peer/']	[]	8	67	82	[]	[]	https://twitter.com/business/status/801889557465559041	False		1	https://pbs.twimg.com/media/CyDiSnxVQAA9mcO.jpg							[]				
801825371674918912	801825371674918912	2016-11-25 01:30:40 KST	2016-11-25	01:30:40	+0900	34713362	business	Bloomberg		PepsiCo CEO Indra Nooyi says her parents helped her follow her dreams  https://t.co/mUUM1tSkMV  https://t.co/m37yAmikoe	en	[]	['https://www.bloomberg.com/features/2016-peer-to-peer/']	[]	8	34	51	[]	[]	https://twitter.com/business/status/801825371674918912	False		1	https://pbs.twimg.com/media/CyCn634UQAAkQJq.jpg							[]				
801797161331687424	801797161331687424	2016-11-24 23:38:34 KST	2016-11-24	23:38:34	+0900	158865339	fastcodesign	Co.Design		.@PepsiCo's Chief Design Officer shares 5 must-reads for design leaders  https://t.co/NyPdPPcb6L  https://t.co/eDfPxu8n6i	en	[{'screen_name': 'pepsico', 'name': 'pepsico', 'id': '21346619'}]	['http://buff.ly/2ggVJs9']	['https://pbs.twimg.com/media/CyCORJzWEAACXqP.jpg']	1	19	33	[]	[]	https://twitter.com/FastCoDesign/status/801797161331687424	False		1	https://pbs.twimg.com/media/CyCORJzWEAACXqP.jpg							[]				
801795600064925696	801795600064925696	2016-11-24 23:32:22 KST	2016-11-24	23:32:22	+0900	2905258265	seedsandchips	Seeds&Chips		JOIN US! #SaC17 #FoodTech #FoodInnovation   @MG_innovate @StraussGroup  @Elior_Group  @PepsiCo @Accentureitalia @CiscoItalia @IBMItalia  https://t.co/JOZUZwBAOb	en	[{'screen_name': 'mg_innovate', 'name': 'mg innovate', 'id': '829097566914490368'}, {'screen_name': 'straussgroup', 'name': 'strauss group', 'id': '21692449'}, {'screen_name': 'elior_group', 'name': 'elior group', 'id': '3151921709'}, {'screen_name': 'pepsico', 'name': 'pepsico', 'id': '21346619'}, {'screen_name': 'accentureitalia', 'name': 'accenture italia', 'id': '160504297'}, {'screen_name': 'ciscoitalia', 'name': 'cisco italia', 'id': '20777103'}, {'screen_name': 'ibmitalia', 'name': 'ibm italia', 'id': '1427499925'}]	[]	['https://pbs.twimg.com/tweet_video_thumb/CyCMVDkWgAAvlgo.jpg']	0	15	14	['sac17', 'foodtech', 'foodinnovation']	[]	https://twitter.com/SEEDSandCHIPS/status/801795600064925696	False		1	https://pbs.twimg.com/tweet_video_thumb/CyCMVDkWgAAvlgo.jpg							[]				
801780079743221760	801780079743221760	2016-11-24 22:30:42 KST	2016-11-24	22:30:42	+0900	34713362	business	Bloomberg		Why the CEO of PepsiCo eats Quaker Oats every day  https://t.co/mUUM1tSkMV  https://t.co/3kxtDvmtqG	en	[]	['https://www.bloomberg.com/features/2016-peer-to-peer/']	[]	8	31	30	[]	[]	https://twitter.com/business/status/801780079743221760	False		1	https://pbs.twimg.com/media/CyB-uj9VIAA9hsp.jpg							[]				
801523401084940288	801523401084940288	2016-11-24 05:30:45 KST	2016-11-24	05:30:45	+0900	34713362	business	Bloomberg		Why the CEO of PepsiCo eats Quaker Oats every day  https://t.co/mUUM1tSkMV  https://t.co/G98CU8CGsw	en	[]	['https://www.bloomberg.com/features/2016-peer-to-peer/']	[]	6	15	35	[]	[]	https://twitter.com/business/status/801523401084940288	False		1	https://pbs.twimg.com/media/Cx-VR6_UQAAEtDC.jpg							[]				
801515863388127236	801515863388127236	2016-11-24 05:00:47 KST	2016-11-24	05:00:47	+0900	34713362	business	Bloomberg		PepsiCo CEO Indra Nooyi says her parents helped her follow her dreams  https://t.co/mUUM1tAJVn  https://t.co/5hgvc9mp4z	en	[]	['https://www.bloomberg.com/features/2016-peer-to-peer/']	[]	6	27	47	[]	[]	https://twitter.com/business/status/801515863388127236	False		1	https://pbs.twimg.com/media/Cx-ObHYVEAA1f9b.jpg							[]				
800759359785422848	800759359785422848	2016-11-22 02:54:43 KST	2016-11-22	02:54:43	+0900	2361455894	21cf_impact	21stCenturyFoxImpact		Calling all women in #STEM! Find out how to win $200k in scholarships + more from @21CF, PepsiCo &amp; Hidden Figures🚀  https://t.co/h89dZtLCFb  https://t.co/gGzzz3O61Z	en	[{'screen_name': '21cf', 'name': '21st century fox', 'id': '1462611546'}]	['http://21.cf/S4HF']	[]	2	233	377	['stem']	[]	https://twitter.com/21CF_Impact/status/800759359785422848	False		1	https://pbs.twimg.com/ext_tw_video_thumb/800759160078012416/pu/img/_T6XDjaH15fAHiq6.jpg							[]				
800651445691289600	800651445691289600	2016-11-21 19:45:54 KST	2016-11-21	19:45:54	+0900	1059896820	thanthitv	Thanthi TV		#BreakingNews #Pepsi  நிறுவனம் #Thamirabarani ஆற்றில் இருந்து தண்ணீர் எடுக்க இடைக்கால தடை : உயர்நீதிமன்ற மதுரை கிளை அதிரடி உத்தரவு #Pepsico  https://t.co/b9KcuEDGLb	ta	[]	[]	['https://pbs.twimg.com/media/Cxx8Fc_UcAA2xbk.jpg', 'https://pbs.twimg.com/media/Cxx8F0lUkAAh5MF.jpg', 'https://pbs.twimg.com/media/Cxx8GTCUcAAG5g4.jpg']	3	59	93	['breakingnews', 'pepsi', 'thamirabarani', 'pepsico']	[]	https://twitter.com/ThanthiTV/status/800651445691289600	False		1	https://pbs.twimg.com/media/Cxx8Fc_UcAA2xbk.jpg							[]				
800473976531197956	800473976531197956	2016-11-21 08:00:42 KST	2016-11-21	08:00:42	+0900	34049155	getjetmag	JET		PepsiCo and 21st Century Fox's scholarship is designed to help uncover the next generation of female STEM leaders.  https://t.co/8uF4thq6Oj  https://t.co/Jv5VU1vRKm	en	[]	['http://ow.ly/LJmm306fp8L']	['https://pbs.twimg.com/media/Cxva1oJWgAALXA7.jpg']	0	7	20	[]	[]	https://twitter.com/GetJETmag/status/800473976531197956	False		1	https://pbs.twimg.com/media/Cxva1oJWgAALXA7.jpg							[]				
800078278325370880	800078278325370880	2016-11-20 05:48:20 KST	2016-11-20	05:48:20	+0900	53070103	letsgopeay	Austin Peay Govs		Come early to the next Govs basketball game &amp; you could get a free pregame Gatorade from @PepsiCo like these fans did. #LetsGoPeay  https://t.co/7Cnilxd0HF	en	[{'screen_name': 'pepsico', 'name': 'pepsico', 'id': '21346619'}]	[]	['https://pbs.twimg.com/media/Cxpy8VEVEAE28ti.jpg']	1	4	20	['letsgopeay']	[]	https://twitter.com/letsgopeay/status/800078278325370880	False		1	https://pbs.twimg.com/media/Cxpy8VEVEAE28ti.jpg							[]				
799251495552040960	799251495552040960	2016-11-17 23:03:00 KST	2016-11-17	23:03:00	+0900	16184358	cnnbusiness	CNN Business		"Twitter users claim PepsiCo CEO Indra Nooyi told Trump fans to ""take their business elsewhere""  https://t.co/MKZsHisFIA"	en	[]	['http://cnnmon.ie/2fz82iF']	[]	5	22	15	[]	[]	https://twitter.com/CNNBusiness/status/799251495552040960	False		0								[]				
799084738560557056	799084738560557056	2016-11-17 12:00:22 KST	2016-11-17	12:00:22	+0900	34049155	getjetmag	JET		PepsiCo and 21st Century Fox's scholarship is designed to help uncover the next generation of female STEM leaders.  https://t.co/8uF4thq6Oj  https://t.co/2xqbyZiJ6T	en	[]	['http://ow.ly/LJmm306fp8L']	['https://pbs.twimg.com/media/CxbrVWsWIAATpkc.jpg']	0	11	22	[]	[]	https://twitter.com/GetJETmag/status/799084738560557056	False		1	https://pbs.twimg.com/media/CxbrVWsWIAATpkc.jpg							[]				
799068316207824903	799068316207824903	2016-11-17 10:55:07 KST	2016-11-17	10:55:07	+0900	12480582	adage	Ad Age		".@PepsiCo CEO on Trump win: ""Our employees are all crying""  https://t.co/w1pdCNht7d  https://t.co/uyU6ZgSFY3"	en	[{'screen_name': 'pepsico', 'name': 'pepsico', 'id': '21346619'}]	['http://bit.ly/2gfP1TG']	['https://pbs.twimg.com/media/CxbcZbzWgAAasRA.jpg']	1	14	17	[]	[]	https://twitter.com/adage/status/799068316207824903	False		1	https://pbs.twimg.com/media/CxbcZbzWgAAasRA.jpg							[]				
799055497227694080	799055497227694080	2016-11-17 10:04:10 KST	2016-11-17	10:04:10	+0900	27491578	nancyleegrahn	Nancy Lee Grahn		In support of @IndraNooyi, CEO of @PepsiCo for taking a stand 4 us. Can someone help me get these in my car? @pepsi  https://t.co/M8TCfukpkR	en	[{'screen_name': 'indranooyi', 'name': 'indra nooyi', 'id': '2652536876'}, {'screen_name': 'pepsico', 'name': 'pepsico', 'id': '21346619'}, {'screen_name': 'pepsi', 'name': 'pepsi', 'id': '18139619'}]	[]	['https://pbs.twimg.com/media/CxbQvS3UAAAJgTB.jpg']	33	28	312	[]	[]	https://twitter.com/NancyLeeGrahn/status/799055497227694080	False		1	https://pbs.twimg.com/media/CxbQvS3UAAAJgTB.jpg							[]				
799051721041440768	799051721041440768	2016-11-17 09:49:10 KST	2016-11-17	09:49:10	+0900	16727805	bradjakeman	BradJakeman		So proud to be celebrating the @AdCouncil at the annual gala with the incredible @PepsiCo team and @jamescorden  https://t.co/5Sk8AXzZz5	en	[{'screen_name': 'adcouncil', 'name': 'adcouncil', 'id': '11278912'}, {'screen_name': 'pepsico', 'name': 'pepsico', 'id': '21346619'}, {'screen_name': 'jamescorden', 'name': 'james corden', 'id': '24677156'}]	[]	['https://pbs.twimg.com/media/CxbNS9hVIAAOWWc.jpg']	0	3	13	[]	[]	https://twitter.com/BradJakeman/status/799051721041440768	False		1	https://pbs.twimg.com/media/CxbNS9hVIAAOWWc.jpg							[]				
798944916307054592	798944916307054592	2016-11-17 02:44:46 KST	2016-11-17	02:44:46	+0900	479816451	marktercek	Mark Tercek		TNC pleased to partner w/ @PepsiCo to protect water supplies in Latin America — for people &amp; nature. From @GreenBiz:  https://t.co/JimGvxpM3b  https://t.co/cEkWveahlw	en	[{'screen_name': 'pepsico', 'name': 'pepsico', 'id': '21346619'}, {'screen_name': 'greenbiz', 'name': 'greenbiz', 'id': '15942016'}]	['http://bit.ly/2f08liQ']	['https://pbs.twimg.com/media/CxZsIWtXAAsUkYV.jpg']	0	14	24	[]	[]	https://twitter.com/MarkTercek/status/798944916307054592	False		1	https://pbs.twimg.com/media/CxZsIWtXAAsUkYV.jpg							[]				
798889874157928448	798889874157928448	2016-11-16 23:06:03 KST	2016-11-16	23:06:03	+0900	17469289	nypost	New York Post		The boycott revolves around comments PepsiCo's CEO didn't actually make  https://t.co/BHkFboM2KP	en	[]	['http://nyp.st/2f4dcmr']	[]	17	15	18	[]	[]	https://twitter.com/nypost/status/798889874157928448	False		0								[]				
798790482314657792	798790482314657792	2016-11-16 16:31:06 KST	2016-11-16	16:31:06	+0900	12480582	adage	Ad Age		".@PepsiCo CEO on Trump win: ""Our employees are all crying""  https://t.co/HQQnPHqp72  https://t.co/1OVomE9KOd"	en	[{'screen_name': 'pepsico', 'name': 'pepsico', 'id': '21346619'}]	['http://bit.ly/2gflDgm']	['https://pbs.twimg.com/media/CxXftU9UUAAgoIv.jpg']	0	18	22	[]	[]	https://twitter.com/adage/status/798790482314657792	False		1	https://pbs.twimg.com/media/CxXftU9UUAAgoIv.jpg							[]				
798719528888713216	798719528888713216	2016-11-16 11:49:09 KST	2016-11-16	11:49:09	+0900	17469289	nypost	New York Post		Trump supporters are calling for a PepsiCo boycott over comments the CEO didn't actually make  https://t.co/C51YyTy7oF	en	[]	['http://nyp.st/2fvI2oB']	[]	30	39	42	[]	[]	https://twitter.com/nypost/status/798719528888713216	False		0								[]				
798592948338233344	798592948338233344	2016-11-16 03:26:10 KST	2016-11-16	03:26:10	+0900	12480582	adage	Ad Age		".@PepsiCo CEO on Trump win: ""Our employees are all crying""  https://t.co/PQKtgTbuUF  https://t.co/OX9XxKKI0m"	en	[{'screen_name': 'pepsico', 'name': 'pepsico', 'id': '21346619'}]	['http://bit.ly/2gd4lRY']	['https://pbs.twimg.com/media/CxUsDYbXcAQHInh.jpg']	0	5	13	[]	[]	https://twitter.com/adage/status/798592948338233344	False		1	https://pbs.twimg.com/media/CxUsDYbXcAQHInh.jpg							[]				
798575418861355008	798575418861355008	2016-11-16 02:16:31 KST	2016-11-16	02:16:31	+0900	597091963	didig18	Sir Didi Gregorius		Was nice meeting @PepsiCo CEO Indra Nooyi @pepsi  https://t.co/r4OSRbbMLU	en	[{'screen_name': 'pepsico', 'name': 'pepsico', 'id': '21346619'}, {'screen_name': 'pepsi', 'name': 'pepsi', 'id': '18139619'}]	[]	['https://pbs.twimg.com/media/CxUcGw1WIAAmBGl.jpg']	8	4	117	[]	[]	https://twitter.com/DidiG18/status/798575418861355008	False		1	https://pbs.twimg.com/media/CxUcGw1WIAAmBGl.jpg							[]				
798526024673792000	798526024673792000	2016-11-15 23:00:14 KST	2016-11-15	23:00:14	+0900	27995424	johncardillo	John Cardillo		If you voted for or support @realDonaldTrump, the far left CEO of @PepsiCo doesn't want you buying these products.  https://t.co/BMpV7ZsPse	en	[{'screen_name': 'realdonaldtrump', 'name': 'donald j. trump', 'id': '25073877'}, {'screen_name': 'pepsico', 'name': 'pepsico', 'id': '21346619'}]	[]	['https://pbs.twimg.com/media/CxTvLoYWIAAcu_D.jpg']	21	80	65	[]	[]	https://twitter.com/johncardillo/status/798526024673792000	False		1	https://pbs.twimg.com/media/CxTvLoYWIAAcu_D.jpg							[]				
798286822744825856	798286822744825856	2016-11-15 07:09:44 KST	2016-11-15	07:09:44	+0900	15227791	williamshatner	William Shatner		PepsiCo pays dividends and the correction according to Forbes was that it was oversold nothing to do with CEO. 🙄  https://t.co/l9ijS2iCN8  https://t.co/LuDhVkfIAg	en	[]	['http://www.forbes.com/sites/dividendchannel/2016/11/14/pepsico-enters-oversold-territory/#6d1172ff1b57', 'https://twitter.com/bearkilgore/status/798285666891296775']	[]	5	3	26	[]	[]	https://twitter.com/WilliamShatner/status/798286822744825856	False	https://twitter.com/bearkilgore/status/798285666891296775	0								[]				
798284549285298176	798284549285298176	2016-11-15 07:00:42 KST	2016-11-15	07:00:42	+0900	29054836	sapna	Sapna Maheshwari		"PepsiCo CEO @IndraNooyi condemned ""locker room talk"" on Thurs ( https://t.co/60Zta4ftlz) &amp; now fielding Twitter &amp; Fbook abuse/boycott threats  https://t.co/wx7cifyy3L"	en	[{'screen_name': 'indranooyi', 'name': 'indra nooyi', 'id': '2652536876'}]	['https://www.nytimes.com/2016/11/11/business/dealbook/business-leaders-examine-a-post-election-world.html']	['https://pbs.twimg.com/media/CxQQsA0UAAAGzL6.jpg', 'https://pbs.twimg.com/media/CxQQtbRUcAM-brQ.jpg', 'https://pbs.twimg.com/media/CxQQux_UQAEqogh.jpg', 'https://pbs.twimg.com/media/CxQQxPsUcAUCvxq.jpg']	7	25	24	[]	[]	https://twitter.com/sapna/status/798284549285298176	False		1	https://pbs.twimg.com/media/CxQQsA0UAAAGzL6.jpg							[]				
798232658975203328	798232658975203328	2016-11-15 03:34:31 KST	2016-11-15	03:34:31	+0900	84358766	tarajiphenson	Taraji P. Henson		💋💋💋#Repost @screenreels ・・・ Pepsico and 21ST Century Fox have partnered to search for this…  https://t.co/NaFB6ifdkD	en	[{'screen_name': 'screenreels', 'name': 'screen reels', 'id': '45781357'}]	['https://www.instagram.com/p/BMzQDHHhfVb/']	[]	2	22	120	['repost']	[]	https://twitter.com/tarajiphenson/status/798232658975203328	False		0								[]				
798065481752055808	798065481752055808	2016-11-14 16:30:12 KST	2016-11-14	16:30:12	+0900	2735591	fastcompany	Fast Company		.@PepsiCo's Chief Design Officer shares 5 must-reads for design leaders  https://t.co/X54cmL3umP #FCNY16  https://t.co/tRTww9b2m7	en	[{'screen_name': 'pepsico', 'name': 'pepsico', 'id': '21346619'}]	['http://buff.ly/2eL6VZ6']	['https://pbs.twimg.com/media/CxNMUy2UsAAFIUq.jpg']	0	25	57	['fcny16']	[]	https://twitter.com/FastCompany/status/798065481752055808	False		1	https://pbs.twimg.com/media/CxNMUy2UsAAFIUq.jpg							[]				
797821922478354433	797821922478354433	2016-11-14 00:22:23 KST	2016-11-14	00:22:23	+0900	71108476	tribundergi	Tribun Dergi		Sağlıklı beslenme sürecinde tavsiye edilmeyen gazlı içecek pazarının büyük markalarından PepsiCo, organik Gatorade satacağını duyurdu.  https://t.co/KTxydjCq6g	tr	[]	[]	['https://pbs.twimg.com/media/CxJuzhJWgAALabr.jpg']	7	8	48	[]	[]	https://twitter.com/tribundergi/status/797821922478354433	False		1	https://pbs.twimg.com/media/CxJuzhJWgAALabr.jpg							[]				
797538623621124098	797538623621124098	2016-11-13 05:36:40 KST	2016-11-13	05:36:40	+0900	20402945	cnbc	CNBC		PepsiCo CEO Indra Nooyi on why Steve Jobs advised her to throw tantrums  https://t.co/Tz13E7V9pK via @cnbcmakeit	en	[{'screen_name': 'cnbcmakeit', 'name': 'cnbc make it', 'id': '514513113'}]	['http://cnb.cx/2eQ27Fn']	[]	5	16	20	[]	[]	https://twitter.com/CNBC/status/797538623621124098	False		0								[]				
797158838080274432	797158838080274432	2016-11-12 04:27:32 KST	2016-11-12	04:27:32	+0900	53070103	letsgopeay	Austin Peay Govs		These lucky fans received a free pregame Gatorade at the @AustinPeayWBB game today thanks to @PepsiCo. #LetsGoPeay  https://t.co/1IP5G5DtaZ	en	[{'screen_name': 'pepsico', 'name': 'pepsico', 'id': '21346619'}]	[]	['https://pbs.twimg.com/media/CxATpWjUQAAfjoX.jpg']	0	4	14	['letsgopeay']	[]	https://twitter.com/letsgopeay/status/797158838080274432	False		1	https://pbs.twimg.com/media/CxATpWjUQAAfjoX.jpg							[]				
796825404266819584	796825404266819584	2016-11-11 06:22:35 KST	2016-11-11	06:22:35	+0900	1994321	france24	FRANCE 24		PepsiCo chief: non-white employees anxious after Trump win  https://t.co/PAeBrG7iLz  https://t.co/b7vQG8XsIN	en	[]	['http://f24.my/2fB49rz']	['https://pbs.twimg.com/media/Cw7kex-UUAAXTRO.jpg']	1	17	12	[]	[]	https://twitter.com/FRANCE24/status/796825404266819584	False		1	https://pbs.twimg.com/media/Cw7kex-UUAAXTRO.jpg							[]				
796808444556771329	796808444556771329	2016-11-11 05:15:11 KST	2016-11-11	05:15:11	+0900	25053299	fortunemagazine	FORTUNE		PepsiCo's CEO says her female employees are asking 'are we safe?' after election  https://t.co/0JK6b7x2KI  https://t.co/jwpNEqIs8H	en	[]	['http://for.tn/2fVb170']	['https://pbs.twimg.com/media/Cw7VDoRWQAEH4bY.jpg']	3	26	19	[]	[]	https://twitter.com/FortuneMagazine/status/796808444556771329	False		1	https://pbs.twimg.com/media/Cw7VDoRWQAEH4bY.jpg							[]				
796799846548144128	796799846548144128	2016-11-11 04:41:01 KST	2016-11-11	04:41:01	+0900	91478624	forbes	Forbes		Pepsico CEO Indra Nooyi to Trump: “Forget about the Pepsi brand. How do you talk about women that way?”   https://t.co/KXTSCfbRWC  https://t.co/YwycKr3i9h	en	[]	['http://on.forbes.com/60198GJqx']	['https://pbs.twimg.com/media/Cw7NPH0WgAA0CX0.jpg']	31	147	174	[]	[]	https://twitter.com/Forbes/status/796799846548144128	False		1	https://pbs.twimg.com/media/Cw7NPH0WgAA0CX0.jpg							[]				
796770346200338432	796770346200338432	2016-11-11 02:43:48 KST	2016-11-11	02:43:48	+0900	20402945	cnbc	CNBC		PepsiCo CEO Indra Nooyi on election: People are asking, 'Are we safe?'  https://t.co/sqRJeqM1Ov #Election2016	en	[]	['http://cnb.cx/2fFrIA1']	[]	11	19	13	['election2016']	[]	https://twitter.com/CNBC/status/796770346200338432	False		0								[]				
796101967898669056	796101967898669056	2016-11-09 06:27:54 KST	2016-11-09	06:27:54	+0900	124371545	enriquebermudez	Enrique Bermudez		El comercial que hice con @latalancon , para grupo Pepsico!!  https://t.co/HUfRhhdkuW	es	[{'screen_name': 'latalancon', 'name': 'ana claudia talancon', 'id': '334705831'}]	[]	['https://pbs.twimg.com/media/CwxSgx5UsAA6Dym.jpg']	2	9	37	[]	[]	https://twitter.com/enriquebermudez/status/796101967898669056	False		1	https://pbs.twimg.com/media/CwxSgx5UsAA6Dym.jpg							[]				
795819251768639488	795819251768639488	2016-11-08 11:44:29 KST	2016-11-08	11:44:29	+0900	16727805	bradjakeman	BradJakeman		Honoring the boss, the amazing @IndraNooyi, recipient of the @simonwiesenthal humanitarian award. @PepsiCo  #soproud.  https://t.co/Ga1wlIOiAF	en	[{'screen_name': 'indranooyi', 'name': 'indra nooyi', 'id': '2652536876'}, {'screen_name': 'simonwiesenthal', 'name': 'simonwiesenthalcntr', 'id': '54301390'}, {'screen_name': 'pepsico', 'name': 'pepsico', 'id': '21346619'}]	[]	['https://pbs.twimg.com/media/CwtRYidUAAAPEkO.jpg', 'https://pbs.twimg.com/media/CwtRYigUoAAZqJy.jpg', 'https://pbs.twimg.com/media/CwtRYilUQAA71C6.jpg']	0	0	13	['soproud']	[]	https://twitter.com/BradJakeman/status/795819251768639488	False		1	https://pbs.twimg.com/media/CwtRYidUAAAPEkO.jpg							[]				
795662480408268800	795662480408268800	2016-11-08 01:21:32 KST	2016-11-08	01:21:32	+0900	2437502443	racingxtinction	Racing Extinction		.@PepsiCo is driving the destruction of critical #rainforests, including the Leuser. @Pepsi, cut #ConflictPalmOil  https://t.co/4NdJDvQTNX  https://t.co/8EQMHOtmHJ	en	[{'screen_name': 'pepsico', 'name': 'pepsico', 'id': '21346619'}, {'screen_name': 'pepsi', 'name': 'pepsi', 'id': '18139619'}]	['http://ran.org/saverainforests']	['https://pbs.twimg.com/media/CwrCzCMUoAARVUj.jpg']	3	45	36	['rainforests', 'conflictpalmoil']	[]	https://twitter.com/RacingXtinction/status/795662480408268800	False		1	https://pbs.twimg.com/media/CwrCzCMUoAARVUj.jpg							[]				
795570326407180288	795570326407180288	2016-11-07 19:15:21 KST	2016-11-07	19:15:21	+0900	13668082	mikeliturriaga	Mikel López Iturriaga🏳️‍🌈		Revelador lo que cuenta la investigadora Dana Small sobre su trabajo con PepsiCo.  https://t.co/Zu7W9yoakT  https://t.co/IfK1zDH9Pz	es	[]	['http://elpais.com/elpais/2016/11/03/ciencia/1478190576_159601.html']	['https://pbs.twimg.com/media/Cwpu1wwXcAAZFng.jpg']	1	37	36	[]	[]	https://twitter.com/mikeliturriaga/status/795570326407180288	False		1	https://pbs.twimg.com/media/Cwpu1wwXcAAZFng.jpg							[]				
795470927001780224	795470927001780224	2016-11-07 12:40:22 KST	2016-11-07	12:40:22	+0900	20402945	cnbc	CNBC		PepsiCo CEO: Hiring more women and people of color is a 'business imperative'  https://t.co/IZuOq3QONw via @cnbcmakeit	en	[{'screen_name': 'cnbcmakeit', 'name': 'cnbc make it', 'id': '514513113'}]	['http://cnb.cx/2f9ysFn']	[]	11	24	41	[]	[]	https://twitter.com/CNBC/status/795470927001780224	False		0								[]				
795280086572367874	795280086572367874	2016-11-07 00:02:02 KST	2016-11-07	00:02:02	+0900	2735591	fastcompany	Fast Company		.@PepsiCo's Chief Design Officer shares 5 must-reads for design leaders  https://t.co/uejImKgTyU #FCNY16  https://t.co/yc3vaPYnfk	en	[{'screen_name': 'pepsico', 'name': 'pepsico', 'id': '21346619'}]	['http://buff.ly/2fDxJAl']	['https://pbs.twimg.com/media/CwlnBXDWEAImn7N.jpg']	0	36	92	['fcny16']	[]	https://twitter.com/FastCompany/status/795280086572367874	False		1	https://pbs.twimg.com/media/CwlnBXDWEAImn7N.jpg							[]				
795168345695944704	795168345695944704	2016-11-06 16:38:01 KST	2016-11-06	16:38:01	+0900	158865339	fastcodesign	Co.Design		.@PepsiCo's Chief Design Officer shares 5 must-reads for design leaders  https://t.co/bqnqhJ3UYz #FCNY16  https://t.co/kDgyyXUkLf	en	[{'screen_name': 'pepsico', 'name': 'pepsico', 'id': '21346619'}]	['http://buff.ly/2e9rAea']	['https://pbs.twimg.com/media/CwkBZUhXcAAG5bx.jpg']	1	29	56	['fcny16']	[]	https://twitter.com/FastCoDesign/status/795168345695944704	False		1	https://pbs.twimg.com/media/CwkBZUhXcAAG5bx.jpg							[]				
794933117207330820	794933117207330820	2016-11-06 01:03:18 KST	2016-11-06	01:03:18	+0900	20562637	businessinsider	Business Insider		.@PepsiCo CEO @IndraNooyi explains what's wrong with MBA programs today  https://t.co/vW1kGb2vgp  https://t.co/RQU5qrwQjg	en	[{'screen_name': 'pepsico', 'name': 'pepsico', 'id': '21346619'}, {'screen_name': 'indranooyi', 'name': 'indra nooyi', 'id': '2652536876'}]	['http://read.bi/2eHXdrm']	['https://pbs.twimg.com/media/CwgrdOnWEAA6RvO.jpg']	1	22	26	[]	[]	https://twitter.com/BusinessInsider/status/794933117207330820	False		1	https://pbs.twimg.com/media/CwgrdOnWEAA6RvO.jpg							[]				
794503967636094976	794503967636094976	2016-11-04 20:38:01 KST	2016-11-04	20:38:01	+0900	158865339	fastcodesign	Co.Design		.@PepsiCo's Chief Design Officer shares 5 must-reads for design leaders  https://t.co/cXyJXjAIck #FCNY16  https://t.co/OXdqDWrT2M	en	[{'screen_name': 'pepsico', 'name': 'pepsico', 'id': '21346619'}]	['http://buff.ly/2eiLz5i']	['https://pbs.twimg.com/media/CwalJWgWEAUglya.jpg']	1	19	34	['fcny16']	[]	https://twitter.com/FastCoDesign/status/794503967636094976	False		1	https://pbs.twimg.com/media/CwalJWgWEAUglya.jpg							[]				
794486435843690496	794486435843690496	2016-11-04 19:28:21 KST	2016-11-04	19:28:21	+0900	16507391	mtvindia	MTV India		Great job, you guys! The right answer is @PepsiCo India!   Get ready for brand #4! @LinkedInIndia #GetAJob	en	[{'screen_name': 'pepsico', 'name': 'pepsico', 'id': '21346619'}, {'screen_name': 'linkedinindia', 'name': 'linkedin india', 'id': '162382820'}]	[]	[]	11	27	29	['getajob']	[]	https://twitter.com/MTVIndia/status/794486435843690496	False		0								[]				
794257585805398016	794257585805398016	2016-11-04 04:18:59 KST	2016-11-04	04:18:59	+0900	215984103	vcru	Стартапы и бизнес		Пять полезных книг от директора по дизайну PepsiCo  https://t.co/YvCcxhLn19	ru	[]	['https://vc.ru/p/pepsi-books']	[]	1	4	40	[]	[]	https://twitter.com/vcru/status/794257585805398016	False		0								[]				
794096281283137536	794096281283137536	2016-11-03 17:38:01 KST	2016-11-03	17:38:01	+0900	158865339	fastcodesign	Co.Design		.@PepsiCo's Chief Design Officer shares 5 must-reads for design leaders  https://t.co/dUexKEZqUk #FCNY16  https://t.co/NYGBakQOyX	en	[{'screen_name': 'pepsico', 'name': 'pepsico', 'id': '21346619'}]	['http://buff.ly/2fci35y']	['https://pbs.twimg.com/media/CwUyW70XgAAd4oa.jpg']	0	18	42	['fcny16']	[]	https://twitter.com/FastCoDesign/status/794096281283137536	False		1	https://pbs.twimg.com/media/CwUyW70XgAAd4oa.jpg							[]				
794041473276710912	794041473276710912	2016-11-03 14:00:14 KST	2016-11-03	14:00:14	+0900	2735591	fastcompany	Fast Company		.@PepsiCo's Chief Design Officer shares 5 must-reads for design leaders  https://t.co/k4DY4Q7tH9 #FCNY16  https://t.co/OsEthnEzPf	en	[{'screen_name': 'pepsico', 'name': 'pepsico', 'id': '21346619'}]	['http://buff.ly/2eW2gr7']	['https://pbs.twimg.com/media/CwUAgrJXUAAcpA3.jpg']	1	35	79	['fcny16']	[]	https://twitter.com/FastCompany/status/794041473276710912	False		1	https://pbs.twimg.com/media/CwUAgrJXUAAcpA3.jpg							[]				
793920682522505216	793920682522505216	2016-11-03 06:00:15 KST	2016-11-03	06:00:15	+0900	2735591	fastcompany	Fast Company		.@PepsiCo's Chief Design Officer shares 5 must-reads for design leaders  https://t.co/TK8Tpp6mpf #FCNY16  https://t.co/eAkDwWq3c7	en	[{'screen_name': 'pepsico', 'name': 'pepsico', 'id': '21346619'}]	['http://buff.ly/2fESZ7W']	['https://pbs.twimg.com/media/CwSSpvgWYAIBi0h.jpg']	0	18	26	['fcny16']	[]	https://twitter.com/FastCompany/status/793920682522505216	False		1	https://pbs.twimg.com/media/CwSSpvgWYAIBi0h.jpg							[]				
793900027131420672	793900027131420672	2016-11-03 04:38:11 KST	2016-11-03	04:38:11	+0900	158865339	fastcodesign	Co.Design		.@PepsiCo's Chief Design Officer shares 5 must-reads for design leaders  https://t.co/S2E298lDxU #FCNY16  https://t.co/Eltvw1qYHO	en	[{'screen_name': 'pepsico', 'name': 'pepsico', 'id': '21346619'}]	['http://buff.ly/2fEMmCK']	['https://pbs.twimg.com/media/CwR_3aWXEAIj1a3.jpg']	1	18	32	['fcny16']	[]	https://twitter.com/FastCoDesign/status/793900027131420672	False		1	https://pbs.twimg.com/media/CwR_3aWXEAIj1a3.jpg							[]				
793863459909820416	793863459909820416	2016-11-03 02:12:52 KST	2016-11-03	02:12:52	+0900	2432756262	kschwabable	Katharine Schwab		.@MauroPorcini of @PepsiCo's reading list, from #FCNY16  https://t.co/X0DFzJkQeF	en	[{'screen_name': 'mauroporcini', 'name': 'mauro porcini', 'id': '374071244'}, {'screen_name': 'pepsico', 'name': 'pepsico', 'id': '21346619'}]	['https://www.fastcodesign.com/3064719/the-fast-company-innovation-festival/pepsicos-chief-design-officer-shares-5-must-reads-for-d']	[]	0	9	21	['fcny16']	[]	https://twitter.com/kschwabable/status/793863459909820416	False		0								[]				
793846939024580608	793846939024580608	2016-11-03 01:07:13 KST	2016-11-03	01:07:13	+0900	20562637	businessinsider	Business Insider		.@PepsiCo CEO @IndraNooyi explains what's wrong with MBA programs today  https://t.co/J9jh82nUqr  https://t.co/Oco5dJrQxi	en	[{'screen_name': 'pepsico', 'name': 'pepsico', 'id': '21346619'}, {'screen_name': 'indranooyi', 'name': 'indra nooyi', 'id': '2652536876'}]	['http://read.bi/2f1dcRU']	['https://pbs.twimg.com/media/CwRPlRyXgAAUnfM.jpg']	2	13	22	[]	[]	https://twitter.com/BusinessInsider/status/793846939024580608	False		1	https://pbs.twimg.com/media/CwRPlRyXgAAUnfM.jpg							[]				
