id	conversation_id	created_at	date	time	timezone	user_id	username	name	place	tweet	language	mentions	urls	photos	replies_count	retweets_count	likes_count	hashtags	cashtags	link	retweet	quote_url	video	thumbnail	near	geo	source	user_rt_id	user_rt	retweet_id	reply_to	retweet_date	translate	trans_src	trans_dest
715227281346703361	715227281346703361	2016-03-31 02:20:46 KST	2016-03-31	02:20:46	+0900	14800270	harvardbiz	Harvard Business Review		How PepsiCo CEO Indra Nooyi Broke Every Possible Stereotype About Young Girls in India  https://t.co/HMp9VOb8oY  https://t.co/ADrKSMfaHj	en	[]	['http://s.hbr.org/1VTGwdV']	['https://pbs.twimg.com/media/Cez_bBwWsAAp1f9.jpg']	0	216	156	[]	[]	https://twitter.com/HarvardBiz/status/715227281346703361	False		1	https://pbs.twimg.com/media/Cez_bBwWsAAp1f9.jpg							[]				
715059211990917120	715059211990917120	2016-03-30 15:12:55 KST	2016-03-30	15:12:55	+0900	433553955	saiyamikher	Saiyami Kher		Firsts are always special. Signed on by @PepsiCo as a brand ambassador!! My 1st brand endorsement as the face of 7up  https://t.co/UDdbNPpAFl	en	[{'screen_name': 'pepsico', 'name': 'pepsico', 'id': '21346619'}]	['https://youtu.be/tvpQZYXO9qU']	[]	7	11	40	[]	[]	https://twitter.com/SaiyamiKher/status/715059211990917120	False		0								[]				
714571712386494464	714571712386494464	2016-03-29 06:55:46 KST	2016-03-29	06:55:46	+0900	128585924	bethkowitt	Beth Kowitt		PepsiCo is going cage-free, plus a round up of the flock of companies that have made the commitment @FortuneMagazine  https://t.co/SvxoKPxvg9	en	[{'screen_name': 'fortunemagazine', 'name': 'fortune', 'id': '25053299'}]	['http://for.tn/1RLCbcM']	[]	0	21	34	[]	[]	https://twitter.com/bethkowitt/status/714571712386494464	False		0								[]				
711877525148794880	711877525148794880	2016-03-21 20:30:02 KST	2016-03-21	20:30:02	+0900	3114313702	theglobalgoals	The Global Goals		BIG news in Business! @Unilever @PepsiCo &amp; more to share ideas &amp; data towards #GlobalGoals  https://t.co/QyrXrxC6c1  https://t.co/Z2hy3HK8EJ	en	[{'screen_name': 'unilever', 'name': 'unilever #staysafe', 'id': '109224937'}, {'screen_name': 'pepsico', 'name': 'pepsico', 'id': '21346619'}]	['http://bit.ly/1RQqcVq']	['https://pbs.twimg.com/media/CdvvywFVIAAM2Cb.jpg']	0	22	38	['globalgoals']	[]	https://twitter.com/TheGlobalGoals/status/711877525148794880	False		1	https://pbs.twimg.com/media/CdvvywFVIAAM2Cb.jpg							[]				
709776514364141568	709776514364141568	2016-03-16 01:21:22 KST	2016-03-16	01:21:22	+0900	430124690	billoddie	Bill Oddie Official		Join the call for @Colgate @PepsiCo @JNJCares to take tough action on rainforest destruction:  https://t.co/9ZIuqpyd9a	en	[{'screen_name': 'colgate', 'name': 'colgate smile', 'id': '21778607'}, {'screen_name': 'pepsico', 'name': 'pepsico', 'id': '21346619'}, {'screen_name': 'jnjcares', 'name': 'johnson & johnson', 'id': '138845026'}]	['http://bit.ly/1LxFUbj']	[]	1	29	28	[]	[]	https://twitter.com/BillOddie/status/709776514364141568	False		0								[]				
709436757649981440	709436757649981440	2016-03-15 02:51:18 KST	2016-03-15	02:51:18	+0900	219273338	ndtvfood	NDTV Food		PepsiCo launches new mini cans with emojis  https://t.co/fb7SxKgusq  https://t.co/3uXbQlHrRt	en	[]	['http://goo.gl/87E8Uy']	['https://pbs.twimg.com/media/Cdhs-HzUUAAOJu4.jpg']	0	10	45	[]	[]	https://twitter.com/NDTVFood/status/709436757649981440	False		1	https://pbs.twimg.com/media/Cdhs-HzUUAAOJu4.jpg							[]				
708544688274341888	708544688274341888	2016-03-12 15:46:32 KST	2016-03-12	15:46:32	+0900	817386	techmeme	Techmeme		Instacart says ads from companies like General Mills and PepsiCo account for 15% of revenue  https://t.co/FbfKbBxgRZ  https://t.co/TSf5CFyXZ1	en	[]	['http://www.bloomberg.com/news/articles/2016-03-11/instacart-gets-red-bull-and-doritos-to-pay-your-delivery-fees', 'http://www.techmeme.com/160312/p3#a160312p3']	[]	0	9	16	[]	[]	https://twitter.com/Techmeme/status/708544688274341888	False		0								[]				
707526914324504576	707526914324504576	2016-03-09 20:22:16 KST	2016-03-09	20:22:16	+0900	1136368346	reliancecf	Reliance Money		Indra Nooyi was made the President of PepsiCo in which year? a. 2002 b. 2004 c. 2001 d. 1999 #MakingIndiaSelfReliant	en	[]	[]	[]	85	35	26	['makingindiaselfreliant']	[]	https://twitter.com/RelianceCF/status/707526914324504576	False		0								[]				
707516302731005952	707516302731005952	2016-03-09 19:40:06 KST	2016-03-09	19:40:06	+0900	1136368346	reliancecf	Reliance Money		In which year did Indra Nooyi join PepsiCo? a. 1994 b. 1998 c. 1989 d. 2001 #MakingIndiaSelfReliant	en	[]	[]	[]	104	44	30	['makingindiaselfreliant']	[]	https://twitter.com/RelianceCF/status/707516302731005952	False		0								[]				
707205599302426625	707205599302426625	2016-03-08 23:05:28 KST	2016-03-08	23:05:28	+0900	15433693	kiva	Kiva		Thanks to funders like @PepsiCo Foundation for matching loans on #IWD2016, double your impact &amp; #investinher today  https://t.co/nYr4J0DSxQ	en	[{'screen_name': 'pepsico', 'name': 'pepsico', 'id': '21346619'}]	['https://www.kiva.org/lend?gender=Female&matched=on']	[]	1	11	19	['iwd2016', 'investinher']	[]	https://twitter.com/Kiva/status/707205599302426625	False		0								[]				
706535069733818368	706535069733818368	2016-03-07 02:41:02 KST	2016-03-07	02:41:02	+0900	5360012	greenpeaceusa	Greenpeace USA		.@PepsiCo &amp; @JNJCares &amp; @Colgate must stop buying palm oil from destroyed rainforest:  https://t.co/4owHqFLv3n  https://t.co/x2O6P6m11D	en	[{'screen_name': 'pepsico', 'name': 'pepsico', 'id': '21346619'}, {'screen_name': 'jnjcares', 'name': 'johnson & johnson', 'id': '138845026'}, {'screen_name': 'colgate', 'name': 'colgate smile', 'id': '21778607'}]	['http://bit.ly/1Y5KLCx']	['https://pbs.twimg.com/media/Cc4d5wbW4AEw4Z5.jpg']	2	61	30	[]	[]	https://twitter.com/greenpeaceusa/status/706535069733818368	False		1	https://pbs.twimg.com/media/Cc4d5wbW4AEw4Z5.jpg							[]				
705890378377854976	705890378377854976	2016-03-05 07:59:15 KST	2016-03-05	07:59:15	+0900	834281252	crossfit	CrossFit		Food companies like @PepsiCo spend 35 times more $$ marketing junk food to kids vs healthy food. Via @CSPI  https://t.co/yvyDhWJvIP	en	[{'screen_name': 'pepsico', 'name': 'pepsico', 'id': '21346619'}, {'screen_name': 'cspi', 'name': 'cspi', 'id': '268282057'}]	[]	['https://pbs.twimg.com/media/CcvTjw1UkAA7CtP.jpg']	4	66	61	[]	[]	https://twitter.com/CrossFit/status/705890378377854976	False		1	https://pbs.twimg.com/media/CcvTjw1UkAA7CtP.jpg							[]				
705862655450476544	705862655450476544	2016-03-05 06:09:06 KST	2016-03-05	06:09:06	+0900	372500128	cesarconde_	Cesar Conde		I am grateful and honored to be joining the @PepsiCo Board of Directors. Thanks @IndraNooyi for the trust.  https://t.co/7iL3LBOHjV	en	[{'screen_name': 'pepsico', 'name': 'pepsico', 'id': '21346619'}, {'screen_name': 'indranooyi', 'name': 'indra nooyi', 'id': '2652536876'}]	['http://prn.to/1pqqU59']	[]	2	11	25	[]	[]	https://twitter.com/cesarconde_/status/705862655450476544	False		0								[]				
705366829817012225	705366829817012225	2016-03-03 21:18:51 KST	2016-03-03	21:18:51	+0900	4012161	greenpeaceuk	Greenpeace UK		Ask @Colgate @PepsiCo @JNJCares to take tough action on rainforest destruction:  https://t.co/vR6Ik9B7cF  https://t.co/SYfnNM2jNS	en	[{'screen_name': 'colgate', 'name': 'colgate smile', 'id': '21778607'}, {'screen_name': 'pepsico', 'name': 'pepsico', 'id': '21346619'}, {'screen_name': 'jnjcares', 'name': 'johnson & johnson', 'id': '138845026'}]	['http://bit.ly/219nDmy']	['https://pbs.twimg.com/media/Ccn25ZBXEAArxJb.jpg']	0	42	20	[]	[]	https://twitter.com/GreenpeaceUK/status/705366829817012225	False		1	https://pbs.twimg.com/media/Ccn25ZBXEAArxJb.jpg							[]				
705312430897758208	705312430897758208	2016-03-03 17:42:42 KST	2016-03-03	17:42:42	+0900	240649814	timesnow	TIMES NOW		#BREAKING PepsiCo becomes BCCI ground sponsor for next 4 years for all matches that will be played in India	en	[]	[]	[]	3	31	58	['breaking']	[]	https://twitter.com/TimesNow/status/705312430897758208	False		0								[]				
705309329826516992	705309329826516992	2016-03-03 17:30:22 KST	2016-03-03	17:30:22	+0900	134758540	timesofindia	The Times Of India		.@PepsiCo becomes @BCCI 's ground sponsor for all matches to be played in India in next four years: ANI	en	[{'screen_name': 'pepsico', 'name': 'pepsico', 'id': '21346619'}, {'screen_name': 'bcci', 'name': 'bcci', 'id': '185142711'}]	[]	[]	0	19	36	[]	[]	https://twitter.com/timesofindia/status/705309329826516992	False		0								[]				
705308504307830784	705308504307830784	2016-03-03 17:27:06 KST	2016-03-03	17:27:06	+0900	355989081	ani	ANI		PepsiCo becomes BCCI ground sponsor for next four years for all matches that will be played in India	en	[]	[]	[]	1	24	35	[]	[]	https://twitter.com/ANI/status/705308504307830784	False		0								[]				
705308207510478848	705308207510478848	2016-03-03 17:25:55 KST	2016-03-03	17:25:55	+0900	185142711	bcci	BCCI		BCCI Hony. Secretary @ianuragthakur and @PepsiCo India's D Shivakumar announce the #BCCIPepsi partnership  https://t.co/RWcbXYyzGe	en	[{'screen_name': 'ianuragthakur', 'name': 'anurag thakur', 'id': '381949397'}, {'screen_name': 'pepsico', 'name': 'pepsico', 'id': '21346619'}]	[]	['https://pbs.twimg.com/media/CcnCA3UUkAA6YuU.jpg']	2	57	176	['bccipepsi']	[]	https://twitter.com/BCCI/status/705308207510478848	False		1	https://pbs.twimg.com/media/CcnCA3UUkAA6YuU.jpg							[]				
705305100546248704	705305100546248704	2016-03-03 17:13:34 KST	2016-03-03	17:13:34	+0900	185142711	bcci	BCCI		BCCI Hon.Secretary Mr.@ianuragthakur and Mr. D Shivakumar,Chairman and CEO,PepsiCo India arrive for the press meet  https://t.co/G4JDHzisdg	en	[{'screen_name': 'ianuragthakur', 'name': 'anurag thakur', 'id': '381949397'}]	[]	['https://pbs.twimg.com/media/Ccm_O5MUsAA_2nP.jpg']	7	28	154	[]	[]	https://twitter.com/BCCI/status/705305100546248704	False		1	https://pbs.twimg.com/media/Ccm_O5MUsAA_2nP.jpg							[]				
705218958870368263	705218958870368263	2016-03-03 11:31:16 KST	2016-03-03	11:31:16	+0900	12480582	adage	Ad Age		Frito Lay CMO Ram Krishnan promoted to role managing PepsiCo's Walmart business  https://t.co/zuTKvNfCP5	en	[]	['http://bit.ly/21IcZ8r']	[]	0	5	15	[]	[]	https://twitter.com/adage/status/705218958870368263	False		0								[]				
705200491177897984	705200491177897984	2016-03-03 10:17:53 KST	2016-03-03	10:17:53	+0900	128263500	chefanneburrell	anne burrell		Awesome time in San Fran w/ the @PepsiCo #GameDayGrubMatch champs during #SB50 #sponsored. Check out the fun!:  https://t.co/WdC0FG5cDK	en	[{'screen_name': 'pepsico', 'name': 'pepsico', 'id': '21346619'}]	['http://pepsi.co/YWQgY']	[]	1	6	23	['gamedaygrubmatch', 'sb50', 'sponsored']	[]	https://twitter.com/chefanneburrell/status/705200491177897984	False		0								[]				
705061828649418753	705061828649418753	2016-03-03 01:06:54 KST	2016-03-03	01:06:54	+0900	155304314	valeriafgl	Valeria Fgl		"""Detrás de cada trabajador hay una familia"". No al vaciamiento de Pepsico en Florida. @NicolasdelCano, presente.  https://t.co/YhBzRdfigD"	es	[{'screen_name': 'nicolasdelcano', 'name': 'nicolas del caño', 'id': '374115730'}]	[]	['https://pbs.twimg.com/media/Ccjh_h0WAAABfHF.jpg']	4	32	23	[]	[]	https://twitter.com/valeriafgl/status/705061828649418753	False		1	https://pbs.twimg.com/media/Ccjh_h0WAAABfHF.jpg							[]				
705056545428606976	705056545428606976	2016-03-03 00:45:54 KST	2016-03-03	00:45:54	+0900	155304314	valeriafgl	Valeria Fgl		Pepsico cerró varias líneas de producción de su planta de Florida. Trabajadores realizan acto. Los acompañamos.  https://t.co/iaeKKMULY1	es	[]	[]	['https://pbs.twimg.com/media/CcjdMJnWIAA38vX.jpg']	0	23	14	[]	[]	https://twitter.com/valeriafgl/status/705056545428606976	False		1	https://pbs.twimg.com/media/CcjdMJnWIAA38vX.jpg							[]				
704847229308289024	704847229308289024	2016-03-02 10:54:09 KST	2016-03-02	10:54:09	+0900	155304314	valeriafgl	Valeria Fgl		"""Quieren ajustar a los trabajadores, con el salario y la inflación.Mañana hay acto contra el vaciamiento en Pepsico""  https://t.co/1hICN1mefV"	es	[]	[]	['https://pbs.twimg.com/media/Ccge0crXEAIAOMu.jpg']	1	15	17	[]	[]	https://twitter.com/valeriafgl/status/704847229308289024	False		1	https://pbs.twimg.com/media/Ccge0crXEAIAOMu.jpg							[]				
704492550720090112	704492550720090112	2016-03-01 11:24:47 KST	2016-03-01	11:24:47	+0900	313916789	duffgoldman	Duff Goldman		Had a blast hosting the #bestbagger championship today! @NationalGrocers @pepsi @pepsico#NGAShow16  https://t.co/QYFlKhJP1z	en	[{'screen_name': 'nationalgrocers', 'name': 'nationalgrocers', 'id': '155934857'}, {'screen_name': 'pepsi', 'name': 'pepsi', 'id': '18139619'}, {'screen_name': 'pepsico', 'name': 'pepsico', 'id': '21346619'}]	[]	['https://pbs.twimg.com/media/CcbcOqzVAAIO7gJ.jpg']	1	2	13	['bestbagger']	[]	https://twitter.com/duffgoldman/status/704492550720090112	False		1	https://pbs.twimg.com/media/CcbcOqzVAAIO7gJ.jpg							[]				
