id	conversation_id	created_at	date	time	timezone	user_id	username	name	place	tweet	language	mentions	urls	photos	replies_count	retweets_count	likes_count	hashtags	cashtags	link	retweet	quote_url	video	thumbnail	near	geo	source	user_rt_id	user_rt	retweet_id	reply_to	retweet_date	translate	trans_src	trans_dest
781541985719058432	781541985719058432	2016-09-30 02:11:44 KST	2016-09-30	02:11:44	+0900	12480582	adage	Ad Age		Dunkin' Donuts, Coca-Cola team up on bottled coffee drinks (20 years after Starbucks signed with PepsiCo)  https://t.co/G6VUEFen0w  https://t.co/O1UNHkP2bs	en	[]	['http://bit.ly/2dHoVYE']	['https://pbs.twimg.com/media/CtiYSxfWgAAbtGY.jpg']	0	8	16	[]	[]	https://twitter.com/adage/status/781541985719058432	False		1	https://pbs.twimg.com/media/CtiYSxfWgAAbtGY.jpg							[]				
781199576220835840	781199576220835840	2016-09-29 03:31:07 KST	2016-09-29	03:31:07	+0900	2437502443	racingxtinction	Racing Extinction		Quarter million people call for @PepsiCo to cut Conflict Palm Oil:  https://t.co/eKtxIduWaq  Thanks to all who supported!  https://t.co/fDbY30iZib	en	[{'screen_name': 'pepsico', 'name': 'pepsico', 'id': '21346619'}]	['http://bit.ly/2d7VxIc']	['https://pbs.twimg.com/media/Ctdg234XYAAh0U7.jpg', 'https://pbs.twimg.com/media/Ctdg3GBWcAAClpa.jpg', 'https://pbs.twimg.com/media/Ctdg3dGWIAA2u0x.jpg', 'https://pbs.twimg.com/media/Ctdg33eWAAAYcMW.jpg']	0	32	41	[]	[]	https://twitter.com/RacingXtinction/status/781199576220835840	False		1	https://pbs.twimg.com/media/Ctdg234XYAAh0U7.jpg							[]				
780966536018223104	780966536018223104	2016-09-28 12:05:06 KST	2016-09-28	12:05:06	+0900	259725229	valaafshar	Vala Afshar		The @PepsiCo digital conference is trending #1 on @twitter. It was an honor for me to give the keynote. #PepxSF  https://t.co/kBeFYi8Ieb	en	[{'screen_name': 'pepsico', 'name': 'pepsico', 'id': '21346619'}, {'screen_name': 'twitter', 'name': 'twitter', 'id': '783214'}]	[]	['https://pbs.twimg.com/media/CtaM683UEAEfMuW.jpg']	2	7	24	['pepxsf']	[]	https://twitter.com/ValaAfshar/status/780966536018223104	False		1	https://pbs.twimg.com/media/CtaM683UEAEfMuW.jpg							[]				
780931931756048384	780931931756048384	2016-09-28 09:47:36 KST	2016-09-28	09:47:36	+0900	17260662	sethakaufman	Seth Kaufman		Thx @jack for hosting the @PepsiCo team. You are your team are PHENOMENAL partners and we love that you push us every single day. #PEPxSF	en	[{'screen_name': 'jack', 'name': 'jack⚡️', 'id': '12'}, {'screen_name': 'pepsico', 'name': 'pepsico', 'id': '21346619'}]	[]	[]	2	1	39	['pepxsf']	[]	https://twitter.com/SethAKaufman/status/780931931756048384	False		0								[]				
780930056147218432	780930056147218432	2016-09-28 09:40:09 KST	2016-09-28	09:40:09	+0900	259725229	valaafshar	Vala Afshar		The @PepsiCo digital summit kicks off with @jack. #PepxSF  https://t.co/O17sRWAIIv	en	[{'screen_name': 'pepsico', 'name': 'pepsico', 'id': '21346619'}, {'screen_name': 'jack', 'name': 'jack', 'id': '12'}]	[]	['https://pbs.twimg.com/media/CtZrvh1UAAANuWU.jpg']	0	8	20	['pepxsf']	[]	https://twitter.com/ValaAfshar/status/780930056147218432	False		1	https://pbs.twimg.com/media/CtZrvh1UAAANuWU.jpg							[]				
780921952353464320	780921952353464320	2016-09-28 09:07:56 KST	2016-09-28	09:07:56	+0900	259725229	valaafshar	Vala Afshar		Thank you @PepsiCo for having me along on the ride. #PepxSF  https://t.co/SdDN7zJHsp	en	[{'screen_name': 'pepsico', 'name': 'pepsico', 'id': '21346619'}]	[]	['https://pbs.twimg.com/media/CtZkX2lVYAE1WTo.jpg']	2	6	15	['pepxsf']	[]	https://twitter.com/ValaAfshar/status/780921952353464320	False		1	https://pbs.twimg.com/media/CtZkX2lVYAE1WTo.jpg							[]				
780910702366031872	780910702366031872	2016-09-28 08:23:14 KST	2016-09-28	08:23:14	+0900	259725229	valaafshar	Vala Afshar		200+ digital business transformation change agents at the @PepsiCo digital summit. Amazing energy and spirit! #PepxSF  https://t.co/4URsDqfNre	en	[{'screen_name': 'pepsico', 'name': 'pepsico', 'id': '21346619'}]	[]	['https://pbs.twimg.com/media/CtZaI8LUEAAwTS_.jpg']	1	12	14	['pepxsf']	[]	https://twitter.com/ValaAfshar/status/780910702366031872	False		1	https://pbs.twimg.com/media/CtZaI8LUEAAwTS_.jpg							[]				
780879649710628864	780879649710628864	2016-09-28 06:19:51 KST	2016-09-28	06:19:51	+0900	259725229	valaafshar	Vala Afshar		Consumers are looking for a LATTE experience/story:  Local Authentic Transparent Traceable Ethical  —@SethAKaufman, CMO @PepsiCo #PepxSF	en	[{'screen_name': 'sethakaufman', 'name': 'seth kaufman', 'id': '17260662'}, {'screen_name': 'pepsico', 'name': 'pepsico', 'id': '21346619'}]	[]	[]	1	11	16	['pepxsf']	[]	https://twitter.com/ValaAfshar/status/780879649710628864	False		0								[]				
780874251586850816	780874251586850816	2016-09-28 05:58:24 KST	2016-09-28	05:58:24	+0900	2437502443	racingxtinction	Racing Extinction		Today we demand an end to deforestation for #ConflictPalmOil, in @PepsiCo snacks! Tweet YOUR demand to CEO @IndraNooyi  https://t.co/SAllhbNEbn	en	[{'screen_name': 'pepsico', 'name': 'pepsico', 'id': '21346619'}, {'screen_name': 'indranooyi', 'name': 'indra nooyi', 'id': '2652536876'}]	[]	['https://pbs.twimg.com/media/CtY4lZ9UMAAlSh-.jpg']	1	20	21	['conflictpalmoil']	[]	https://twitter.com/RacingXtinction/status/780874251586850816	False		1	https://pbs.twimg.com/media/CtY4lZ9UMAAlSh-.jpg							[]				
780855662855135232	780855662855135232	2016-09-28 04:44:32 KST	2016-09-28	04:44:32	+0900	2437502443	racingxtinction	Racing Extinction		Today we demand an end to deforestation for #ConflictPalmOil in @PepsiCo snacks. Tweet YOUR demand to CEO @IndraNooyi 💪🏼  https://t.co/578pPP7eiu	en	[{'screen_name': 'pepsico', 'name': 'pepsico', 'id': '21346619'}, {'screen_name': 'indranooyi', 'name': 'indra nooyi', 'id': '2652536876'}]	['https://twitter.com/ran/status/780848245769510913']	[]	2	27	29	['conflictpalmoil']	[]	https://twitter.com/RacingXtinction/status/780855662855135232	False	https://twitter.com/ran/status/780848245769510913	0								[]				
780834348643659776	780834348643659776	2016-09-28 03:19:50 KST	2016-09-28	03:19:50	+0900	2437502443	racingxtinction	Racing Extinction		Today we’re delivering thousands of YOUR signatures, demanding @PepsiCo cut ties to conflict #palmoil. Thanks to all who lent their voice!  https://t.co/Hkvyh73Vy6	en	[{'screen_name': 'pepsico', 'name': 'pepsico', 'id': '21346619'}]	[]	['https://pbs.twimg.com/media/CtYUVuGUsAIIeiE.jpg']	1	45	56	['palmoil']	[]	https://twitter.com/RacingXtinction/status/780834348643659776	False		1	https://pbs.twimg.com/media/CtYUVuGUsAIIeiE.jpg							[]				
780824686842097664	780824686842097664	2016-09-28 02:41:27 KST	2016-09-28	02:41:27	+0900	259725229	valaafshar	Vala Afshar		Brilliant and highly inspirational  @PepsiCo digital summit, hosted at @WeWork HQ.   (photo by @jayblakesberg) #PepxSF  https://t.co/qMhRB2GvJj	en	[{'screen_name': 'pepsico', 'name': 'pepsico', 'id': '21346619'}, {'screen_name': 'wework', 'name': 'wework', 'id': '111092283'}, {'screen_name': 'jayblakesberg', 'name': 'jay blakesberg', 'id': '26809930'}]	[]	['https://pbs.twimg.com/media/CtYL6EWVIAASAkc.jpg']	0	13	17	['pepxsf']	[]	https://twitter.com/ValaAfshar/status/780824686842097664	False		1	https://pbs.twimg.com/media/CtYL6EWVIAASAkc.jpg							[]				
780793905209933824	780793905209933824	2016-09-28 00:39:08 KST	2016-09-28	00:39:08	+0900	259725229	valaafshar	Vala Afshar		I am honored to give the keynote at the @PepsiCo digital summit. #PepxSF  https://t.co/e6SYyTYKEF	en	[{'screen_name': 'pepsico', 'name': 'pepsico', 'id': '21346619'}]	[]	['https://pbs.twimg.com/media/CtXv6MOUsAAvEgj.jpg', 'https://pbs.twimg.com/media/CtXv6MPUMAAYj9b.jpg']	2	13	29	['pepxsf']	[]	https://twitter.com/ValaAfshar/status/780793905209933824	False		1	https://pbs.twimg.com/media/CtXv6MOUsAAvEgj.jpg							[]				
780781401956229120	780781401956229120	2016-09-27 23:49:27 KST	2016-09-27	23:49:27	+0900	44685125	canucksfin	FIN		Celebrated Employee Appreciation Week and our renewed partnership w/@PepsiCo @PepsiCanada this AM #CanucksPartner  https://t.co/WlyTmEMj6Y	en	[{'screen_name': 'pepsico', 'name': 'pepsico', 'id': '21346619'}, {'screen_name': 'pepsicanada', 'name': 'pepsi canada', 'id': '21711350'}]	[]	['https://pbs.twimg.com/media/CtXki-bVIAAO8Km.jpg']	0	1	33	['canuckspartner']	[]	https://twitter.com/CanucksFIN/status/780781401956229120	False		1	https://pbs.twimg.com/media/CtXki-bVIAAO8Km.jpg							[]				
780516780049506304	780516780049506304	2016-09-27 06:17:56 KST	2016-09-27	06:17:56	+0900	2437502443	racingxtinction	Racing Extinction		Join us TOMORROW in #NewYork to deliver names to @PepsiCo to end conflict #palmoil - details:  https://t.co/GYjdqLugVy @RAN @wildlifeasia13  https://t.co/msJtryQvHD	en	[{'screen_name': 'pepsico', 'name': 'pepsico', 'id': '21346619'}, {'screen_name': 'ran', 'name': 'rainforest action network (ran)', 'id': '10340482'}, {'screen_name': 'wildlifeasia13', 'name': 'wildlife asia', 'id': '565234167'}]	['https://www.facebook.com/events/157942347989179/']	['https://pbs.twimg.com/media/CtTz30EUEAEDdmP.jpg']	2	28	25	['newyork', 'palmoil']	[]	https://twitter.com/RacingXtinction/status/780516780049506304	False		1	https://pbs.twimg.com/media/CtTz30EUEAEDdmP.jpg							[]				
779221336568700929	779221336568700929	2016-09-23 16:30:18 KST	2016-09-23	16:30:18	+0900	39743812	economictimes	Economic Times		.@PepsiCo to have 40% women in #leadership  https://t.co/L1rsbczetH  https://t.co/edY9spYjmt	en	[{'screen_name': 'pepsico', 'name': 'pepsico', 'id': '21346619'}]	['https://goo.gl/FBRqOk']	['https://pbs.twimg.com/media/CtBK3ajUMAAgrDO.jpg']	1	14	29	['leadership']	[]	https://twitter.com/EconomicTimes/status/779221336568700929	False		1	https://pbs.twimg.com/media/CtBK3ajUMAAgrDO.jpg							[]				
778646985754542080	778646985754542080	2016-09-22 02:28:02 KST	2016-09-22	02:28:02	+0900	2437502443	racingxtinction	Racing Extinction		Stop snack giant @PepsiCo from destroying Sumatran #tiger habitat &gt;&gt;  https://t.co/KVqVKkvCvU  @pauljhilton  https://t.co/ksDMMl34Qm	en	[{'screen_name': 'pepsico', 'name': 'pepsico', 'id': '21346619'}, {'screen_name': 'pauljhilton', 'name': 'paul hilton', 'id': '104984223'}]	['http://bit.ly/ChangePepsiCo']	['https://pbs.twimg.com/media/Cs5PTknWcAAOFlp.jpg']	1	49	39	['tiger']	[]	https://twitter.com/RacingXtinction/status/778646985754542080	False		1	https://pbs.twimg.com/media/Cs5PTknWcAAOFlp.jpg							[]				
778173181718884356	778173181718884356	2016-09-20 19:05:18 KST	2016-09-20	19:05:18	+0900	14792516	tableau	Tableau		How does PepsiCo enable #selfservice insight with so much data? Here's their story:  https://t.co/WRGKVCQXSc #bigdata  https://t.co/QSQ2f4Hfpz	en	[]	['http://tabsoft.co/2ckENA3']	['https://pbs.twimg.com/media/CsygYkUXgAAPcwF.jpg']	0	19	25	['selfservice', 'bigdata']	[]	https://twitter.com/tableau/status/778173181718884356	False		1	https://pbs.twimg.com/media/CsygYkUXgAAPcwF.jpg							[]				
777937259500888064	777937259500888064	2016-09-20 03:27:50 KST	2016-09-20	03:27:50	+0900	14792516	tableau	Tableau		PepsiCo shares their tips for empowering #selfservice analytics at scale:  https://t.co/23mZe5B6eZ #bigdata  https://t.co/LfRjdVA7tv	en	[]	['http://tabsoft.co/2cTSN35']	['https://pbs.twimg.com/media/CsvJ0DoWYAAUo6q.jpg']	0	18	32	['selfservice', 'bigdata']	[]	https://twitter.com/tableau/status/777937259500888064	False		1	https://pbs.twimg.com/media/CsvJ0DoWYAAUo6q.jpg							[]				
776973910801645569	776973910801645569	2016-09-17 11:39:50 KST	2016-09-17	11:39:50	+0900	256495314	firstpost	Firstpost		Exclusive: #BabaRamdev and #RSS lobbying govt to tax Coca-Cola, PepsiCo heavily  https://t.co/M9gY8HnOjH  https://t.co/hlEeKcixtT	en	[]	['http://bit.ly/2cfLaEw']	['https://pbs.twimg.com/media/CshdmWeVIAElaT0.jpg']	11	50	27	['babaramdev', 'rss']	[]	https://twitter.com/firstpost/status/776973910801645569	False		1	https://pbs.twimg.com/media/CshdmWeVIAElaT0.jpg							[]				
776195032034385920	776195032034385920	2016-09-15 08:04:51 KST	2016-09-15	08:04:51	+0900	2437502443	racingxtinction	Racing Extinction		We can't afford to lose species for snack food. Tell @PepsiCo to cut out conflict #palmoil  https://t.co/KVqVKkvCvU  https://t.co/n2bVWHUHqP	en	[{'screen_name': 'pepsico', 'name': 'pepsico', 'id': '21346619'}]	['http://bit.ly/ChangePepsiCo']	[]	1	94	68	['palmoil']	[]	https://twitter.com/RacingXtinction/status/776195032034385920	False		1	https://pbs.twimg.com/ext_tw_video_thumb/776194909346816000/pu/img/mqDTCW1rwqHPgXSq.jpg							[]				
775788665360515072	775788665360515072	2016-09-14 05:10:05 KST	2016-09-14	05:10:05	+0900	2792557771	eldestapeweb	El Destape		.@gabimichetti se reunió con el CEO de PepsiCo Latinoamérica y en la reunión tomó una gaseosa de la competencia.  https://t.co/OAOm7SWllz	es	[{'screen_name': 'gabimichetti', 'name': 'gabriela michetti', 'id': '35778170'}]	[]	['https://pbs.twimg.com/media/CsQnokgWAAAHkqK.jpg']	19	97	72	[]	[]	https://twitter.com/eldestapeweb/status/775788665360515072	False		1	https://pbs.twimg.com/media/CsQnokgWAAAHkqK.jpg							[]				
775769308949520385	775769308949520385	2016-09-14 03:53:11 KST	2016-09-14	03:53:11	+0900	587699611	buryailericardo	Ricardo Buryaile		Reunión con Laxman Narasimhan, Ceo de Pepsico Latinoamérica en @Invest_ARG #ArgentinaHaciaElMundo  https://t.co/1rwrxKupjx	es	[{'screen_name': 'invest_arg', 'name': 'argentina forum 2016', 'id': '746008093511847936'}]	[]	['https://pbs.twimg.com/media/CsQWEALXYAIujVM.jpg']	2	22	42	['argentinahaciaelmundo']	[]	https://twitter.com/BuryaileRicardo/status/775769308949520385	False		1	https://pbs.twimg.com/media/CsQWEALXYAIujVM.jpg							[]				
775709593553006592	775709593553006592	2016-09-13 23:55:53 KST	2016-09-13	23:55:53	+0900	35778170	gabimichetti	Gabriela Michetti		Segunda reunión en el CCK, ahora con Laxman Narasimhan, CEO de PepsiCo Latinoamérica  https://t.co/sGbdvYOTbd	es	[]	[]	['https://pbs.twimg.com/media/CsPfwp1W8AAxHss.jpg']	153	300	789	[]	[]	https://twitter.com/gabimichetti/status/775709593553006592	False		1	https://pbs.twimg.com/media/CsPfwp1W8AAxHss.jpg							[]				
775648631646986240	775648631646986240	2016-09-13 19:53:39 KST	2016-09-13	19:53:39	+0900	93665089	thevikaskhanna	Vikas Khanna		Amazing discussion with @IndraNooyi on how she's driving nutrition @PepsiCo #StartSomethingGood #Chennai  https://t.co/puU0twqMTE	en	[{'screen_name': 'indranooyi', 'name': 'indra nooyi', 'id': '2652536876'}, {'screen_name': 'pepsico', 'name': 'pepsico', 'id': '21346619'}]	[]	['https://pbs.twimg.com/media/CsOoNuhXEAAxs6R.jpg']	51	85	301	['startsomethinggood', 'chennai']	[]	https://twitter.com/TheVikasKhanna/status/775648631646986240	False		1	https://pbs.twimg.com/media/CsOoNuhXEAAxs6R.jpg							[]				
774672679328702464	774672679328702464	2016-09-11 03:15:34 KST	2016-09-11	03:15:34	+0900	14792516	tableau	Tableau		How did @PepsiCo go from Excel to Tableau? Tune in on 9/14 to find out:  https://t.co/wlb7KBgqLA  https://t.co/fx3mEKT4ft	en	[{'screen_name': 'pepsico', 'name': 'pepsico', 'id': '21346619'}]	['http://tabsoft.co/PepsiCoITWebinar']	['https://pbs.twimg.com/tweet_video_thumb/CsAwsfzXYAAgNmi.jpg']	0	18	40	[]	[]	https://twitter.com/tableau/status/774672679328702464	False		1	https://pbs.twimg.com/tweet_video_thumb/CsAwsfzXYAAgNmi.jpg							[]				
774664493951397888	774664493951397888	2016-09-11 02:43:02 KST	2016-09-11	02:43:02	+0900	2437502443	racingxtinction	Racing Extinction		We can't let #orangutans disappear.   Help change @PepsiCO's palm oil practices &gt;&gt;  https://t.co/KVqVKkvCvU  https://t.co/Gv0qzW33U5	en	[{'screen_name': 'pepsico', 'name': 'pepsico', 'id': '21346619'}]	['http://bit.ly/ChangePepsiCo']	['https://pbs.twimg.com/media/CsApQDVXEAA1hc2.jpg']	0	124	87	['orangutans']	[]	https://twitter.com/RacingXtinction/status/774664493951397888	False		1	https://pbs.twimg.com/media/CsApQDVXEAA1hc2.jpg							[]				
774631453283975172	774631453283975172	2016-09-11 00:31:45 KST	2016-09-11	00:31:45	+0900	2652536876	indranooyi	Indra Nooyi		Proud of team @PepsiCo! 1,000+ strong during the @KomenGreaterNYC Race for the Cure.  https://t.co/4neWOkwuLw	en	[{'screen_name': 'pepsico', 'name': 'pepsico', 'id': '21346619'}, {'screen_name': 'komengreaternyc', 'name': 'susan g. komen nyc', 'id': '50116738'}]	[]	['https://pbs.twimg.com/media/CsALMNFWIAAB6Zh.jpg']	22	30	115	[]	[]	https://twitter.com/IndraNooyi/status/774631453283975172	False		1	https://pbs.twimg.com/media/CsALMNFWIAAB6Zh.jpg							[]				
773944750458011648	773944750458011648	2016-09-09 03:03:02 KST	2016-09-09	03:03:02	+0900	2437502443	racingxtinction	Racing Extinction		Stop snack giant @PepsiCo from destroying Sumatran #tiger habitat &gt;&gt;  https://t.co/KVqVKkvCvU @pauljhilton  https://t.co/m8f1cHJZ4e	en	[{'screen_name': 'pepsico', 'name': 'pepsico', 'id': '21346619'}, {'screen_name': 'pauljhilton', 'name': 'paul hilton', 'id': '104984223'}]	['http://bit.ly/ChangePepsiCo']	['https://pbs.twimg.com/media/Cr2apaGXYAATOWA.jpg']	1	47	41	['tiger']	[]	https://twitter.com/RacingXtinction/status/773944750458011648	False		1	https://pbs.twimg.com/media/Cr2apaGXYAATOWA.jpg							[]				
773267187071090689	773267187071090689	2016-09-07 06:10:38 KST	2016-09-07	06:10:38	+0900	21323268	nyse	NYSE 🏛		Honored that @PepsiCo &amp; @SusanGKomen had cancer survivors Carmela Carollo &amp; Phyllis Discioscia ring the Closing Bell  https://t.co/XuAgaR2xm6	en	[{'screen_name': 'pepsico', 'name': 'pepsico', 'id': '21346619'}, {'screen_name': 'susangkomen', 'name': 'susan g. komen', 'id': '16244789'}]	[]	['https://pbs.twimg.com/media/CrsyROzWEAABK95.jpg', 'https://pbs.twimg.com/media/CrsyTuIWIAAZOR0.jpg']	3	27	145	[]	[]	https://twitter.com/NYSE/status/773267187071090689	False		1	https://pbs.twimg.com/media/CrsyROzWEAABK95.jpg							[]				
773263465863602176	773263465863602176	2016-09-07 05:55:51 KST	2016-09-07	05:55:51	+0900	21323268	nyse	NYSE 🏛		We saved the @PepsiCo snacks until after the @SusanGKomen Bell  https://t.co/PV1hH8zorI	en	[{'screen_name': 'pepsico', 'name': 'pepsico', 'id': '21346619'}, {'screen_name': 'susangkomen', 'name': 'susan g. komen', 'id': '16244789'}]	[]	['https://pbs.twimg.com/media/CrsurFXWAAEY4Tx.jpg', 'https://pbs.twimg.com/media/CrsustBWcAA_PDP.jpg', 'https://pbs.twimg.com/media/CrsuvzJWgAEptoo.jpg']	1	14	38	[]	[]	https://twitter.com/NYSE/status/773263465863602176	False		1	https://pbs.twimg.com/media/CrsurFXWAAEY4Tx.jpg							[]				
773259105028845568	773259105028845568	2016-09-07 05:38:31 KST	2016-09-07	05:38:31	+0900	20777187	andybellatti	Andy Bellatti MS, RD		It appears PepsiCo is no longer an Academy of Nutrition and Dietetics sponsor (no longer listed on website):  https://t.co/WC3i9LUv5p	en	[]	['http://www.eatrightpro.org/resources/about-us/advertising-and-sponsorship/meet-our-sponsors']	[]	2	10	33	[]	[]	https://twitter.com/andybellatti/status/773259105028845568	False		0								[]				
773249062241992704	773249062241992704	2016-09-07 04:58:37 KST	2016-09-07	04:58:37	+0900	74846005	yabts	YABT		Ceremonia de Lanzamiento #TICAmericas y #EcoReto 2017 @yabt @OAS_official @PepsiCo apostando por el emprendimiento!  https://t.co/ERkrVZ3SCe	es	[{'screen_name': 'yabt', 'name': 'ytobon', 'id': '71256126'}, {'screen_name': 'oas_official', 'name': 'oas', 'id': '60685572'}, {'screen_name': 'pepsico', 'name': 'pepsico', 'id': '21346619'}]	[]	['https://pbs.twimg.com/media/Crsh4PrWgAAKk-V.jpg', 'https://pbs.twimg.com/media/Crsh4P2XEAAOoAq.jpg']	0	6	12	['ticamericas', 'ecoreto']	[]	https://twitter.com/YABTs/status/773249062241992704	False		1	https://pbs.twimg.com/media/Crsh4PrWgAAKk-V.jpg							[]				
773231538578284544	773231538578284544	2016-09-07 03:48:59 KST	2016-09-07	03:48:59	+0900	21323268	nyse	NYSE 🏛		Today @PepsiCo and @SusanGKomen make for one very cool @Snapchat filter  https://t.co/5NRUkV63gH	en	[{'screen_name': 'pepsico', 'name': 'pepsico', 'id': '21346619'}, {'screen_name': 'susangkomen', 'name': 'susan g. komen', 'id': '16244789'}, {'screen_name': 'snapchat', 'name': 'snapchat', 'id': '376502929'}]	[]	['https://pbs.twimg.com/media/CrsR0GyXYAAuDI0.jpg']	2	16	76	[]	[]	https://twitter.com/NYSE/status/773231538578284544	False		1	https://pbs.twimg.com/media/CrsR0GyXYAAuDI0.jpg							[]				
772835546649522176	772835546649522176	2016-09-06 01:35:27 KST	2016-09-06	01:35:27	+0900	14792516	tableau	Tableau		Join us on 9/14 to hear how @PepsiCo's big data strategy is disrupting CPG retail analytics:  https://t.co/wlb7KBgqLA  https://t.co/sKCZzz4zy4	en	[{'screen_name': 'pepsico', 'name': 'pepsico', 'id': '21346619'}]	['http://tabsoft.co/PepsiCoITWebinar']	['https://pbs.twimg.com/media/Crmp1T3WcAA1e8s.jpg']	0	17	32	[]	[]	https://twitter.com/tableau/status/772835546649522176	False		1	https://pbs.twimg.com/media/Crmp1T3WcAA1e8s.jpg							[]				
772600911038480385	772600911038480385	2016-09-05 10:03:06 KST	2016-09-05	10:03:06	+0900	12480582	adage	Ad Age		.@PepsiCo introduces @USDA-certified organic @Gatorade  https://t.co/u2S6TMf58P  https://t.co/nzaV1GBWX8	ro	[{'screen_name': 'pepsico', 'name': 'pepsico', 'id': '21346619'}, {'screen_name': 'usda', 'name': 'dept. of agriculture', 'id': '61853389'}, {'screen_name': 'gatorade', 'name': 'gatorade', 'id': '34369690'}]	['http://bit.ly/2cgELWe']	['https://pbs.twimg.com/media/CrjUbrxXgAAwTYe.jpg']	2	28	23	[]	[]	https://twitter.com/adage/status/772600911038480385	False		1	https://pbs.twimg.com/media/CrjUbrxXgAAwTYe.jpg							[]				
771219949062807557	771219949062807557	2016-09-01 14:35:39 KST	2016-09-01	14:35:39	+0900	2583530442	irvpaswan	Ram Vilas Paswan		Sh Sanjiv Puri, Chairman, FICCI FMCG  and Sh D Shivakmuar, Chairman &amp; CEO PepsiCo  sharing thoughts at #MASSMERIZE  https://t.co/O7oaihgyFR	en	[]	[]	['https://pbs.twimg.com/media/CrPsVDsUEAEkFAp.jpg', 'https://pbs.twimg.com/media/CrPsVEUUsAEFy5N.jpg']	0	69	87	['massmerize']	[]	https://twitter.com/irvpaswan/status/771219949062807557	False		1	https://pbs.twimg.com/media/CrPsVDsUEAEkFAp.jpg							[]				
