id	conversation_id	created_at	date	time	timezone	user_id	username	name	place	tweet	language	mentions	urls	photos	replies_count	retweets_count	likes_count	hashtags	cashtags	link	retweet	quote_url	video	thumbnail	near	geo	source	user_rt_id	user_rt	retweet_id	reply_to	retweet_date	translate	trans_src	trans_dest
748303814416076800	748303814416076800	2016-06-30 08:55:06 KST	2016-06-30	08:55:06	+0900	15811608	momspark	Amy Bellgardt		It's almost time for our Twitter party with @PepsiCo &amp; @Walgreens! We'll have prizes! Follow @ #SayItWithPepsi at 8pm EST! #ad	en	[{'screen_name': 'pepsico', 'name': 'pepsico', 'id': '21346619'}, {'screen_name': 'walgreens', 'name': 'walgreens', 'id': '46177695'}]	[]	[]	9	20	19	['sayitwithpepsi', 'ad']	[]	https://twitter.com/MomSpark/status/748303814416076800	False		0								[]				
748301307677646848	748301307677646848	2016-06-30 08:45:09 KST	2016-06-30	08:45:09	+0900	15811608	momspark	Amy Bellgardt		Woo, only 15 minutes away from our Twitter party with @PepsiCo &amp; @Walgreens! We'll have prizes, too. Follow  #SayItWithPepsi  8pm EST! #ad	en	[{'screen_name': 'pepsico', 'name': 'pepsico', 'id': '21346619'}, {'screen_name': 'walgreens', 'name': 'walgreens', 'id': '46177695'}]	[]	[]	3	14	13	['sayitwithpepsi', 'ad']	[]	https://twitter.com/MomSpark/status/748301307677646848	False		0								[]				
748262303519244288	748262303519244288	2016-06-30 06:10:09 KST	2016-06-30	06:10:09	+0900	14294848	snopes	snopes.com		PepsiCo announces #CrystalPepsi is returning for a limited time:  https://t.co/Uqe0qfv0Qs  https://t.co/WIfA2z8p5I	en	[]	['http://bit.ly/29dqrR7']	['https://pbs.twimg.com/media/CmJcbN5UsAABd5X.jpg']	3	41	46	['crystalpepsi']	[]	https://twitter.com/snopes/status/748262303519244288	False		1	https://pbs.twimg.com/media/CmJcbN5UsAABd5X.jpg							[]				
748127596521611264	748127596521611264	2016-06-29 21:14:53 KST	2016-06-29	21:14:53	+0900	12480582	adage	Ad Age		.@PepsiCo hires @VML as lead creative agency for @Brisk  https://t.co/moeRCwjGq5  https://t.co/Us4fLyz95s	en	[{'screen_name': 'pepsico', 'name': 'pepsico', 'id': '21346619'}, {'screen_name': 'vml', 'name': 'vml', 'id': '15380044'}, {'screen_name': 'brisk', 'name': 'brisk®', 'id': '123951356'}]	['http://bit.ly/291IWT9']	['https://pbs.twimg.com/media/CmHiFS_WQAA9GS6.jpg']	0	3	8	[]	[]	https://twitter.com/adage/status/748127596521611264	False		1	https://pbs.twimg.com/media/CmHiFS_WQAA9GS6.jpg							[]				
747984956463386624	747984956463386624	2016-06-29 11:48:05 KST	2016-06-29	11:48:05	+0900	12480582	adage	Ad Age		.@PepsiCo hires @VML as lead creative agency for @Brisk  https://t.co/ChPduTxKa6  https://t.co/2wNEoNIC5J	en	[{'screen_name': 'pepsico', 'name': 'pepsico', 'id': '21346619'}, {'screen_name': 'vml', 'name': 'vml', 'id': '15380044'}, {'screen_name': 'brisk', 'name': 'brisk®', 'id': '123951356'}]	['http://bit.ly/293nrHk']	['https://pbs.twimg.com/media/CmFgWioWQAE12mB.jpg']	0	6	7	[]	[]	https://twitter.com/adage/status/747984956463386624	False		1	https://pbs.twimg.com/media/CmFgWioWQAE12mB.jpg							[]				
747815618854821888	747815618854821888	2016-06-29 00:35:11 KST	2016-06-29	00:35:11	+0900	19889168	notimex	Notimex		Lanzamiento de Doritos Rainbow fue un éxito en redes sociales por su objetivo de generar conciencia: @PepsiCo .  https://t.co/A9Oaykypta	es	[{'screen_name': 'pepsico', 'name': 'pepsico', 'id': '21346619'}]	[]	['https://pbs.twimg.com/media/CmDGCIFVEAAZVwv.jpg']	0	49	76	[]	[]	https://twitter.com/Notimex/status/747815618854821888	False		1	https://pbs.twimg.com/media/CmDGCIFVEAAZVwv.jpg							[]				
747765344731860992	747765344731860992	2016-06-28 21:15:25 KST	2016-06-28	21:15:25	+0900	34713362	business	Bloomberg		PepsiCo plans to revamp its lineup of diet colas in a bid to revive sales  https://t.co/sAMLljeijk  https://t.co/VqwjvojU04	en	[]	['http://bloom.bg/29fQK55']	['https://pbs.twimg.com/media/CmCYnUhWMAEZW2Y.jpg']	1	27	17	[]	[]	https://twitter.com/business/status/747765344731860992	False		1	https://pbs.twimg.com/media/CmCYnUhWMAEZW2Y.jpg							[]				
747557435540410368	747557435540410368	2016-06-28 07:29:16 KST	2016-06-28	07:29:16	+0900	7587032	skynews	Sky News		PepsiCo has announced it will put aspartame back in some of its diet beverages  https://t.co/7A4Mjl9vnL	en	[]	['http://trib.al/ZK0Jw5S']	[]	22	52	21	[]	[]	https://twitter.com/SkyNews/status/747557435540410368	False		0								[]				
747531272390582272	747531272390582272	2016-06-28 05:45:18 KST	2016-06-28	05:45:18	+0900	34713362	business	Bloomberg		PepsiCo plans to revamp its lineup of diet colas in a bid to revive sales  https://t.co/sAMLljeijk  https://t.co/UkU1FvCsrc	en	[]	['http://bloom.bg/29fQK55']	['https://pbs.twimg.com/media/Cl_DumNWgAUiPfe.jpg']	3	20	20	[]	[]	https://twitter.com/business/status/747531272390582272	False		1	https://pbs.twimg.com/media/Cl_DumNWgAUiPfe.jpg							[]				
747509683976605696	747509683976605696	2016-06-28 04:19:31 KST	2016-06-28	04:19:31	+0900	3066084185	apbusiness	AP Business News		"Diet Pepsi without #aspartame fizzled so @PepsiCo is bringing it back with ""Diet Pepsi Classic Sweetener Blend""  https://t.co/F66qAGxGXo"	en	[{'screen_name': 'pepsico', 'name': 'pepsico', 'id': '21346619'}]	['http://apne.ws/28YOVYV']	[]	9	34	44	['aspartame']	[]	https://twitter.com/APBusiness/status/747509683976605696	False		0								[]				
745943273039093764	745943273039093764	2016-06-23 20:35:09 KST	2016-06-23	20:35:09	+0900	42593930	andretrig	André Trigueiro		Ambev, Coca-Cola e PepsiCo recuam.Vitória da #saúde contra a epidemia de obesidade no Brasil  https://t.co/NS5NoxH2dM  https://t.co/6YuEWq6CTR	pt	[]	['https://www.facebook.com/AndreTrigueiroJornalista/posts/1158633000867101']	['https://pbs.twimg.com/media/ClofckfWYAAac5V.jpg']	3	83	154	['saúde']	[]	https://twitter.com/andretrig/status/745943273039093764	False		1	https://pbs.twimg.com/media/ClofckfWYAAac5V.jpg							[]				
745788507931586560	745788507931586560	2016-06-23 10:20:11 KST	2016-06-23	10:20:11	+0900	14594813	folha	Folha de S.Paulo		Coca-Cola, Ambev e PepsiCo trocam refrigerante por água e suco em escolas  https://t.co/4nA4yNC7hm  https://t.co/ZYgS3lhS4l	pt	[]	['http://uol.com/bgjQHZ']	['https://pbs.twimg.com/media/CllND3iWAAEP8g-.jpg']	8	41	76	[]	[]	https://twitter.com/folha/status/745788507931586560	False		1	https://pbs.twimg.com/media/CllND3iWAAEP8g-.jpg							[]				
745758306841427968	745758306841427968	2016-06-23 08:20:10 KST	2016-06-23	08:20:10	+0900	8802752	g1	G1		Coca-Cola, Ambev e PepsiCo mudam política para refrigerante em escolas  https://t.co/ZSspiYSL6y #G1  https://t.co/C1SoBMpsMT	pt	[]	['http://glo.bo/28Wv9zI']	['https://pbs.twimg.com/media/ClkHP_dWgAAAeZ1.jpg']	6	18	51	['g1']	[]	https://twitter.com/g1/status/745758306841427968	False		1	https://pbs.twimg.com/media/ClkHP_dWgAAAeZ1.jpg							[]				
745711912315400192	745711912315400192	2016-06-23 05:15:49 KST	2016-06-23	05:15:49	+0900	14594813	folha	Folha de S.Paulo		Coca-Cola, Ambev e PepsiCo trocam refrigerante por água e suco em escolas  https://t.co/4nA4yNTIFW  https://t.co/pdwaMnLSnS	pt	[]	['http://uol.com/bgjQHZ']	['https://pbs.twimg.com/media/CllNBX7WAAA0aa0.jpg']	4	24	65	[]	[]	https://twitter.com/folha/status/745711912315400192	False		1	https://pbs.twimg.com/media/CllNBX7WAAA0aa0.jpg							[]				
745701662224973824	745701662224973824	2016-06-23 04:35:05 KST	2016-06-23	04:35:05	+0900	32529120	valoreconomico	Valor Econômico		Ambev, Coca-Cola e Pepsico vão parar de vender refrigerante em escolas  https://t.co/eAw1HNBq0J	pt	[]	['http://www.valor.com.br/u/4610839']	[]	3	19	35	[]	[]	https://twitter.com/valoreconomico/status/745701662224973824	False		0								[]				
745700664144068609	745700664144068609	2016-06-23 04:31:07 KST	2016-06-23	04:31:07	+0900	8802752	g1	G1		Coca-Cola, Ambev e PepsiCo mudam política para refrigerante em escolas  https://t.co/ZSspiYSL6y #G1  https://t.co/C1SoBMpsMT	pt	[]	['http://glo.bo/28Wv9zI']	['https://pbs.twimg.com/media/ClkHP_dWgAAAeZ1.jpg']	8	35	69	['g1']	[]	https://twitter.com/g1/status/745700664144068609	False		1	https://pbs.twimg.com/media/ClkHP_dWgAAAeZ1.jpg							[]				
745635188705734657	745635188705734657	2016-06-23 00:10:56 KST	2016-06-23	00:10:56	+0900	8802752	g1	G1		Coca-Cola, Ambev e PepsiCo mudam política para refrigerante em escolas  https://t.co/ZSspiYBaf0 #G1  https://t.co/C1SoBMpsMT	pt	[]	['http://glo.bo/28Wv9zI']	['https://pbs.twimg.com/media/ClkHP_dWgAAAeZ1.jpg']	0	21	64	['g1']	[]	https://twitter.com/g1/status/745635188705734657	False		1	https://pbs.twimg.com/media/ClkHP_dWgAAAeZ1.jpg							[]				
745625920090812416	745625920090812416	2016-06-22 23:34:07 KST	2016-06-22	23:34:07	+0900	8802752	g1	G1		Coca-Cola, Ambev e PepsiCo mudam política para refrigerante em escolas  https://t.co/ZSspiYBaf0	pt	[]	['http://glo.bo/28Wv9zI']	[]	3	13	25	[]	[]	https://twitter.com/g1/status/745625920090812416	False		0								[]				
745561240567685120	745561240567685120	2016-06-22 19:17:06 KST	2016-06-22	19:17:06	+0900	16795139	ancelmocom	Ancelmo.Com		Refrigerante longe das escolas - As gigantes Coca-Cola Brasil, Ambev e PepsiCo Brasil fecharam acordo para não ...  https://t.co/ZeI9YSLJLf	pt	[]	['http://ow.ly/m7QM501DTDv']	[]	3	16	22	[]	[]	https://twitter.com/Ancelmocom/status/745561240567685120	False		0								[]				
745226372893806592	745226372893806592	2016-06-21 21:06:27 KST	2016-06-21	21:06:27	+0900	357750891	twittermktg	Twitter Marketing		LIVE on #Periscope: Q&amp;A w/ @Pepsico's @bradjakeman on engaging audiences over and over #GoLive #CannesLions  https://t.co/Tqz4GTI9IC	en	[{'screen_name': 'pepsico', 'name': 'pepsico', 'id': '21346619'}, {'screen_name': 'bradjakeman', 'name': 'bradjakeman', 'id': '16727805'}]	['https://www.pscp.tv/w/ajfTwzU1OTQ5NTZ8MWRSS1pWVkFMbU5LQgqtVVfzSRXrQ_yxGuWoZ4fFgODIBU4RI2TrhQU3piRd']	[]	0	12	23	['periscope', 'golive', 'canneslions']	[]	https://twitter.com/TwitterMktg/status/745226372893806592	False		0								[]				
745070041368911872	745070041368911872	2016-06-21 10:45:15 KST	2016-06-21	10:45:15	+0900	29500898	petercincotti	Peter Cincotti		Thank you @PepsiCo @pepsi #pepsistudio for providing the great studio space today! #longwayfromhome #live #rehearsal  https://t.co/nPHc1zoX9Y	en	[{'screen_name': 'pepsico', 'name': 'pepsico', 'id': '21346619'}, {'screen_name': 'pepsi', 'name': 'pepsi', 'id': '18139619'}]	[]	['https://pbs.twimg.com/media/ClcFO65XIAEKj4c.jpg']	0	3	14	['pepsistudio', 'longwayfromhome', 'live', 'rehearsal']	[]	https://twitter.com/PeterCincotti/status/745070041368911872	False		1	https://pbs.twimg.com/media/ClcFO65XIAEKj4c.jpg							[]				
744925691787902976	744925691787902976	2016-06-21 01:11:39 KST	2016-06-21	01:11:39	+0900	972651	mashable	Mashable		We teamed up with @PepsiCo to explore innovation in tech. Here are some highlights:  https://t.co/bHCL2P1rab #spon  https://t.co/anNR34Hpys	en	[{'screen_name': 'pepsico', 'name': 'pepsico', 'id': '21346619'}]	['http://on.mash.to/28Ji4ZY']	['https://pbs.twimg.com/media/ClaB9u8UgAEAC6c.jpg']	4	18	21	['spon']	[]	https://twitter.com/mashable/status/744925691787902976	False		1	https://pbs.twimg.com/media/ClaB9u8UgAEAC6c.jpg							[]				
744856102425210880	744856102425210880	2016-06-20 20:35:08 KST	2016-06-20	20:35:08	+0900	44074292	thisisfinland	thisisFINLAND		#Finland is the true home of summer festivals for #headbangers! Even @PepsiCo agrees with us. #Pepsimoji #FINemoji  https://t.co/3ntG4gSXKj	en	[{'screen_name': 'pepsico', 'name': 'pepsico', 'id': '21346619'}]	[]	['https://pbs.twimg.com/media/ClZCrQbWAAAXUlU.png', 'https://pbs.twimg.com/media/ClZCrRBWIAAoVEr.png']	0	10	30	['finland', 'headbangers', 'pepsimoji', 'finemoji']	[]	https://twitter.com/thisisFINLAND/status/744856102425210880	False		1	https://pbs.twimg.com/media/ClZCrQbWAAAXUlU.png							[]				
744787372080955393	744787372080955393	2016-06-20 16:02:01 KST	2016-06-20	16:02:01	+0900	8622212	cindygallop	Cindy Gallop		Hear it from @bradjakeman @pepsico, @cannes_lions. #changetheratio #diversity #canneslions  https://t.co/hBniIaq69p	en	[{'screen_name': 'bradjakeman', 'name': 'bradjakeman', 'id': '16727805'}, {'screen_name': 'pepsico', 'name': 'pepsico', 'id': '21346619'}, {'screen_name': 'cannes_lions', 'name': 'lions | the home of creativity', 'id': '20139902'}]	[]	['https://pbs.twimg.com/media/ClYEKmVUkAEIEzH.jpg']	0	9	16	['changetheratio', 'diversity', 'canneslions']	[]	https://twitter.com/cindygallop/status/744787372080955393	False		1	https://pbs.twimg.com/media/ClYEKmVUkAEIEzH.jpg							[]				
743307347729096704	743307347729096704	2016-06-16 14:00:56 KST	2016-06-16	14:00:56	+0900	2652536876	indranooyi	Indra Nooyi		Had an awesome time celebrating the @PepsiCo &amp; @Disney partnership at the Shanghai Disney opening  https://t.co/kcMH17H136	en	[{'screen_name': 'pepsico', 'name': 'pepsico', 'id': '21346619'}, {'screen_name': 'disney', 'name': 'disney', 'id': '67418441'}]	[]	['https://pbs.twimg.com/media/ClDCEazUgAIGuTC.jpg']	29	38	252	[]	[]	https://twitter.com/IndraNooyi/status/743307347729096704	False		1	https://pbs.twimg.com/media/ClDCEazUgAIGuTC.jpg							[]				
741864868173762560	741864868173762560	2016-06-12 14:29:02 KST	2016-06-12	14:29:02	+0900	12480582	adage	Ad Age		.@PepsiCo, @BBHLA behind film promoting @WhiteHouse women's event #StateOfWomen  https://t.co/ZqabYJ0UFN  https://t.co/cSrb6evUrH	en	[{'screen_name': 'pepsico', 'name': 'pepsico', 'id': '21346619'}, {'screen_name': 'bbhla', 'name': 'bbh la', 'id': '495184335'}, {'screen_name': 'whitehouse', 'name': 'the white house', 'id': '1323730225067339784'}]	['http://bit.ly/28qZuhH']	['https://pbs.twimg.com/media/CkuiKhzUUAAihLF.jpg']	2	8	15	['stateofwomen']	[]	https://twitter.com/adage/status/741864868173762560	False		1	https://pbs.twimg.com/media/CkuiKhzUUAAihLF.jpg							[]				
741730516857196544	741730516857196544	2016-06-12 05:35:10 KST	2016-06-12	05:35:10	+0900	19407053	entrepreneur	Entrepreneur		How Former PepsiCo CEO @Roger_Enrico Transformed the Corporation Into a Food and Beverage Giant  https://t.co/u5qyNXzMZt	en	[{'screen_name': 'roger_enrico', 'name': 'roger enrico', 'id': '2746099015'}]	['http://entm.ag/1U059DV']	[]	2	27	40	[]	[]	https://twitter.com/Entrepreneur/status/741730516857196544	False		0								[]				
741607481525276672	741607481525276672	2016-06-11 21:26:16 KST	2016-06-11	21:26:16	+0900	1084431	klauseck	Klaus Eck		Content als Vermögenswert und Einnahmequelle bei PepsiCo  https://t.co/F8NAwkCvrM @BaZaKom #contentmarketing  https://t.co/dA62ft0y9H	de	[{'screen_name': 'bazakom', 'name': 'babak zand', 'id': '170378858'}]	['http://www.babak-zand.de/content-strategie-content-als-vermoegenswert/']	['https://pbs.twimg.com/media/Ckq4EpmWEAAnQxU.jpg']	0	7	11	['contentmarketing']	[]	https://twitter.com/klauseck/status/741607481525276672	False		1	https://pbs.twimg.com/media/Ckq4EpmWEAAnQxU.jpg							[]				
740675808176558081	740675808176558081	2016-06-09 07:44:08 KST	2016-06-09	07:44:08	+0900	3108351	wsj	The Wall Street Journal		PepsiCo weighs more changes to Diet Pepsi as the brand’s sales continue to decline  https://t.co/KChNeascc9	en	[]	['http://on.wsj.com/1TWu74T']	[]	8	19	23	[]	[]	https://twitter.com/WSJ/status/740675808176558081	False		0								[]				
740204110285180933	740204110285180933	2016-06-08 00:29:46 KST	2016-06-08	00:29:46	+0900	16695229	lloydmathias	Lloyd Mathias		Classy gesture from @CocaCola to release a full page ad in the NYT on the passing of former PepsiCo CEO Roger Enrico  https://t.co/3nTqF2sFGx	en	[{'screen_name': 'cocacola', 'name': 'coca-cola', 'id': '26787673'}]	[]	['https://pbs.twimg.com/media/CkW7tfRVEAAWSIP.jpg']	1	78	51	[]	[]	https://twitter.com/LloydMathias/status/740204110285180933	False		1	https://pbs.twimg.com/media/CkW7tfRVEAAWSIP.jpg							[]				
739904835156348929	739904835156348929	2016-06-07 04:40:34 KST	2016-06-07	04:40:34	+0900	12480582	adage	Ad Age		.@PepsiCo, @BBHLA behind film promoting @WhiteHouse women's event #StateOfWomen  https://t.co/hnPOlYFzEv  https://t.co/PFM18oL27S	en	[{'screen_name': 'pepsico', 'name': 'pepsico', 'id': '21346619'}, {'screen_name': 'bbhla', 'name': 'bbh la', 'id': '495184335'}, {'screen_name': 'whitehouse', 'name': 'the white house', 'id': '1323730225067339784'}]	['http://bit.ly/1radDy1']	['https://pbs.twimg.com/media/CkSrhmsWEAEG45J.jpg']	2	18	36	['stateofwomen']	[]	https://twitter.com/adage/status/739904835156348929	False		1	https://pbs.twimg.com/media/CkSrhmsWEAEG45J.jpg							[]				
739870442291351553	739870442291351553	2016-06-07 02:23:54 KST	2016-06-07	02:23:54	+0900	12480582	adage	Ad Age		.@PepsiCo, @BBHNewYork behind film promoting @WhiteHouse women's event  https://t.co/aOUhJcOB0S  https://t.co/rIl0EErhZp	en	[{'screen_name': 'pepsico', 'name': 'pepsico', 'id': '21346619'}, {'screen_name': 'whitehouse', 'name': 'the white house', 'id': '1323730225067339784'}]	['http://bit.ly/1t1Vfsh']	['https://pbs.twimg.com/media/CkSMPs0UoAAngZg.jpg']	2	7	10	[]	[]	https://twitter.com/adage/status/739870442291351553	False		1	https://pbs.twimg.com/media/CkSMPs0UoAAngZg.jpg							[]				
738782209612644352	738782209612644352	2016-06-04 02:19:39 KST	2016-06-04	02:19:39	+0900	759251	cnn	CNN		Roger Enrico, former 'Cola King' at PepsiCo, has died  https://t.co/JnqmgdZRyb  https://t.co/YXZ2ZnsTYB	en	[]	['http://cnn.it/20XwLeU']	['https://pbs.twimg.com/media/CkCugMwWkAMh6EF.jpg']	17	57	70	[]	[]	https://twitter.com/CNN/status/738782209612644352	False		1	https://pbs.twimg.com/media/CkCugMwWkAMh6EF.jpg							[]				
738778623390404608	738778623390404608	2016-06-04 02:05:24 KST	2016-06-04	02:05:24	+0900	19407053	entrepreneur	Entrepreneur		How Former PepsiCo CEO Roger Enrico Transformed the Corporation Into a Food and Beverage Giant | by @lydiabelanger  https://t.co/MJX4Gp6RDI	en	[{'screen_name': 'lydiabelanger', 'name': 'lydia belanger', 'id': '21708314'}]	['http://entm.ag/1UBh9eV']	[]	1	25	22	[]	[]	https://twitter.com/Entrepreneur/status/738778623390404608	False		0								[]				
738721542960484353	738721542960484353	2016-06-03 22:18:35 KST	2016-06-03	22:18:35	+0900	759251	cnn	CNN		Roger Enrico, former 'Cola King' at PepsiCo, has died  https://t.co/iue7rDhwHi  https://t.co/wYA5nRthyE	en	[]	['http://cnn.it/20Xaii2']	['https://pbs.twimg.com/media/CkB3U9JWsAAZRFZ.jpg']	11	92	101	[]	[]	https://twitter.com/CNN/status/738721542960484353	False		1	https://pbs.twimg.com/media/CkB3U9JWsAAZRFZ.jpg							[]				
738539554102075392	738539554102075392	2016-06-03 10:15:25 KST	2016-06-03	10:15:25	+0900	23482357	cocacolaco	The Coca-Cola Co.		Remembering former @PepsiCo Chairman and CEO and soft drink industry legend Roger Enrico:  https://t.co/7MVrH5qSR9  https://t.co/4oi9elUdUW	en	[{'screen_name': 'pepsico', 'name': 'pepsico', 'id': '21346619'}]	['http://CokeURL.com/7vgrq']	['https://pbs.twimg.com/media/Cj_Rl9hUUAEd6M2.jpg']	5	45	128	[]	[]	https://twitter.com/CocaColaCo/status/738539554102075392	False		1	https://pbs.twimg.com/media/Cj_Rl9hUUAEd6M2.jpg							[]				
738433157247176704	738433157247176704	2016-06-03 03:12:38 KST	2016-06-03	03:12:38	+0900	2652536876	indranooyi	Indra Nooyi		It's an incredibly sad day at @PepsiCo, we lost a dear friend &amp; one of the true legends of our company, Roger Enrico. He will be missed	en	[{'screen_name': 'pepsico', 'name': 'pepsico', 'id': '21346619'}]	[]	[]	11	33	67	[]	[]	https://twitter.com/IndraNooyi/status/738433157247176704	False		0								[]				
738400588568858624	738400588568858624	2016-06-03 01:03:13 KST	2016-06-03	01:03:13	+0900	3108351	wsj	The Wall Street Journal		Former PepsiCo CEO Roger Enrico dies at 71  https://t.co/XYYTEXanDa  https://t.co/JJxJXxuF0p	es	[]	['http://on.wsj.com/1UihzEn']	['https://pbs.twimg.com/media/Cj9Ta9KVEAEZm7_.jpg']	1	37	36	[]	[]	https://twitter.com/WSJ/status/738400588568858624	False		1	https://pbs.twimg.com/media/Cj9Ta9KVEAEZm7_.jpg							[]				
