id	conversation_id	created_at	date	time	timezone	user_id	username	name	place	tweet	language	mentions	urls	photos	replies_count	retweets_count	likes_count	hashtags	cashtags	link	retweet	quote_url	video	thumbnail	near	geo	source	user_rt_id	user_rt	retweet_id	reply_to	retweet_date	translate	trans_src	trans_dest
736482259327279107	736482259327279107	2016-05-28 18:00:28 KST	2016-05-28	18:00:28	+0900	2785480981	makeinindia	Make in India		#MakeInIndia: @Bioconlimited &amp; PepsiCo to set up mfg units in Karnataka, with a combined investment of INR 1,650 cr.  https://t.co/Y17r3bZNml	en	[{'screen_name': 'bioconlimited', 'name': 'biocon', 'id': '397797941'}]	['http://bit.ly/1WrqcCT']	[]	6	41	92	['makeinindia']	[]	https://twitter.com/makeinindia/status/736482259327279107	False		0								[]				
735901557389152259	735901557389152259	2016-05-27 03:32:58 KST	2016-05-27	03:32:58	+0900	14952968	esade	Esade		"""In an age of constant movement, nothing is so urgent as sitting still"" @IndraNooyi, CEO @PepsiCo, at the #EdayBCN  https://t.co/Aul01UpCsn"	en	[{'screen_name': 'indranooyi', 'name': 'indra nooyi', 'id': '2652536876'}, {'screen_name': 'pepsico', 'name': 'pepsico', 'id': '21346619'}]	[]	['https://pbs.twimg.com/media/CjZykNRWEAUVIMZ.jpg']	0	10	13	['edaybcn']	[]	https://twitter.com/ESADE/status/735901557389152259	False		1	https://pbs.twimg.com/media/CjZykNRWEAUVIMZ.jpg							[]				
735700769366646786	735700769366646786	2016-05-26 14:15:06 KST	2016-05-26	14:15:06	+0900	20758087	thedrum	The Drum		PepsiCo &amp; InterContinental on how to humanize a brand in today’s authenticity-obsessed world  https://t.co/ffB8W8ZcVq  https://t.co/xto77gkQro	en	[]	['http://goo.gl/094AMS']	['https://pbs.twimg.com/media/CjW78zRVAAMv-lW.jpg']	0	13	16	[]	[]	https://twitter.com/TheDrum/status/735700769366646786	False		1	https://pbs.twimg.com/media/CjW78zRVAAMv-lW.jpg							[]				
734896754143830016	734896754143830016	2016-05-24 09:00:14 KST	2016-05-24	09:00:14	+0900	30205586	adweek	Adweek		No. 10 on our second annual Power List: The innovative CEO of @PepsiCo, @IndraNooyi.   https://t.co/ee8aTXiyNl  https://t.co/7JD7bZsyKh	en	[{'screen_name': 'pepsico', 'name': 'pepsico', 'id': '21346619'}, {'screen_name': 'indranooyi', 'name': 'indra nooyi', 'id': '2652536876'}]	['http://adweek.it/1WLCA0U']	['https://pbs.twimg.com/media/CjK6V7hXAAAnkDr.jpg']	0	12	23	[]	[]	https://twitter.com/Adweek/status/734896754143830016	False		1	https://pbs.twimg.com/media/CjK6V7hXAAAnkDr.jpg							[]				
734882606395838465	734882606395838465	2016-05-24 08:04:01 KST	2016-05-24	08:04:01	+0900	1945131618	clarkthecub	Clark the Cub		"Motivational ""speaker."" 😂 Thanks for the invite today, @PepsiCo and @Tropicana!  https://t.co/klAiUEcUxb"	en	[{'screen_name': 'pepsico', 'name': 'pepsico', 'id': '21346619'}, {'screen_name': 'tropicana', 'name': 'tropicana', 'id': '36980856'}]	[]	['https://pbs.twimg.com/media/CjLT0-aUYAADe_h.jpg']	0	5	32	[]	[]	https://twitter.com/ClarktheCub/status/734882606395838465	False		1	https://pbs.twimg.com/media/CjLT0-aUYAADe_h.jpg							[]				
734781532607512577	734781532607512577	2016-05-24 01:22:23 KST	2016-05-24	01:22:23	+0900	11073902	joepulizzi	Joe Pulizzi		More of this to come -  PepsiCo Makes Big Bet on In-House Content Creation   https://t.co/8AlmKRcBN2 #CMWorld #ThisOldMarketing	en	[]	['http://adage.com/article/cmo-strategy/pop-star-pepsico-s-big-bet-content-includes-a-movie/304004/']	[]	2	8	11	['cmworld', 'thisoldmarketing']	[]	https://twitter.com/JoePulizzi/status/734781532607512577	False		0								[]				
734036644182032384	734036644182032384	2016-05-22 00:02:28 KST	2016-05-22	00:02:28	+0900	12480582	adage	Ad Age		.@PepsiCo opens state-of-the-art content studio in New York  https://t.co/aIBnTaISWO  https://t.co/hVP49z6LmQ	en	[{'screen_name': 'pepsico', 'name': 'pepsico', 'id': '21346619'}]	['http://bit.ly/1NDbVjC']	['https://pbs.twimg.com/media/Ci_ScCEXEAIZyCe.jpg']	0	20	28	[]	[]	https://twitter.com/adage/status/734036644182032384	False		1	https://pbs.twimg.com/media/Ci_ScCEXEAIZyCe.jpg							[]				
734007647586942976	734007647586942976	2016-05-21 22:07:15 KST	2016-05-21	22:07:15	+0900	7215512	grist	grist		Nestle, PepsiCo &amp; other corporations promised to protect forests. Who’s following through?  https://t.co/8QN1YYjBJS  https://t.co/dXv7Eeix2i	en	[]	['http://buff.ly/20h4I9G']	['https://pbs.twimg.com/media/Ci-4EPMWgAEi1oY.jpg']	1	27	11	[]	[]	https://twitter.com/grist/status/734007647586942976	False		1	https://pbs.twimg.com/media/Ci-4EPMWgAEi1oY.jpg							[]				
733667981713154048	733667981713154048	2016-05-20 23:37:32 KST	2016-05-20	23:37:32	+0900	7215512	grist	grist		Nestle, PepsiCo &amp; other corporations promised to protect forests. Who’s following through?  https://t.co/nK1iT17jdl  https://t.co/TwVtMbAqfL	en	[]	['http://buff.ly/1NB301X']	['https://pbs.twimg.com/media/Ci6DJFTWEAEGJ5S.jpg']	0	27	13	[]	[]	https://twitter.com/grist/status/733667981713154048	False		1	https://pbs.twimg.com/media/Ci6DJFTWEAEGJ5S.jpg							[]				
733288901608013824	733288901608013824	2016-05-19 22:31:12 KST	2016-05-19	22:31:12	+0900	2597666894	cmomaharashtra	CMO Maharashtra		CM @Dev_Fadnavis also reviews progress made so far on projects&amp;MoUs like RuchiSoya,soya bean oil refining proj, @CocaCola (Morshi) @PepsiCo	en	[{'screen_name': 'dev_fadnavis', 'name': 'devendra fadnavis', 'id': '137780376'}, {'screen_name': 'cocacola', 'name': 'coca-cola', 'id': '26787673'}, {'screen_name': 'pepsico', 'name': 'pepsico', 'id': '21346619'}]	[]	[]	4	22	55	[]	[]	https://twitter.com/CMOMaharashtra/status/733288901608013824	False		0								[]				
732511581901365248	732511581901365248	2016-05-17 19:02:25 KST	2016-05-17	19:02:25	+0900	12480582	adage	Ad Age		.@PepsiCo opens state-of-the-art content studio in New York  https://t.co/UD5whgPxAF  https://t.co/TgSdv8KORw	en	[{'screen_name': 'pepsico', 'name': 'pepsico', 'id': '21346619'}]	['http://bit.ly/27teyL9']	['https://pbs.twimg.com/media/CipnZvdXAAA2WN0.jpg']	0	10	22	[]	[]	https://twitter.com/adage/status/732511581901365248	False		1	https://pbs.twimg.com/media/CipnZvdXAAA2WN0.jpg							[]				
732277389544280066	732277389544280066	2016-05-17 03:31:49 KST	2016-05-17	03:31:49	+0900	12480582	adage	Ad Age		.@PepsiCo opens state-of-the-art content studio in New York  https://t.co/6PxWZeQ9Lo  https://t.co/3xMscRneJY	en	[{'screen_name': 'pepsico', 'name': 'pepsico', 'id': '21346619'}]	['http://bit.ly/1ZY3qQN']	['https://pbs.twimg.com/media/CimSZ8uXIAALl76.jpg']	2	20	20	[]	[]	https://twitter.com/adage/status/732277389544280066	False		1	https://pbs.twimg.com/media/CimSZ8uXIAALl76.jpg							[]				
732198070436401153	732198070436401153	2016-05-16 22:16:38 KST	2016-05-16	22:16:38	+0900	8622212	cindygallop	Cindy Gallop		When agencies don't deliver, clients do it themselves. Congrats @BradJakeman @pepsico @adage  https://t.co/Grk1C3JbKL  https://t.co/s1wzj4wjUW	en	[{'screen_name': 'bradjakeman', 'name': 'bradjakeman', 'id': '16727805'}, {'screen_name': 'pepsico', 'name': 'pepsico', 'id': '21346619'}, {'screen_name': 'adage', 'name': 'ad age', 'id': '12480582'}]	['http://adage.com/article/cmo-strategy/pop-star-pepsico-s-big-bet-content-includes-a-movie/304004/']	['https://pbs.twimg.com/media/CilKQ-dXIAAaODN.jpg']	0	3	18	[]	[]	https://twitter.com/cindygallop/status/732198070436401153	False		1	https://pbs.twimg.com/media/CilKQ-dXIAAaODN.jpg							[]				
732182815824056320	732182815824056320	2016-05-16 21:16:01 KST	2016-05-16	21:16:01	+0900	12480582	adage	Ad Age		Pop Star: PepsiCo Makes Big Bet on In-House Content Creation  https://t.co/JdhQz3S0mh  https://t.co/cGZd3wwxeu	en	[]	['http://bit.ly/27r2qum']	['https://pbs.twimg.com/media/Cik8ZCkWwAAfw8p.jpg']	0	13	15	[]	[]	https://twitter.com/adage/status/732182815824056320	False		1	https://pbs.twimg.com/media/Cik8ZCkWwAAfw8p.jpg							[]				
732171092014563329	732171092014563329	2016-05-16 20:29:26 KST	2016-05-16	20:29:26	+0900	16727805	bradjakeman	BradJakeman		Super excited to launch the #creatorsleague today. @pepsico. PepsiCo Makes Big Bet on In-House Content Creation   https://t.co/KqZpQ260Ul	en	[{'screen_name': 'pepsico', 'name': 'pepsico', 'id': '21346619'}]	['http://adage.com/article/cmo-strategy/pop-star-pepsico-s-big-bet-content-includes-a-movie/304004/']	[]	4	14	31	['creatorsleague']	[]	https://twitter.com/BradJakeman/status/732171092014563329	False		0								[]				
731205768414789632	731205768414789632	2016-05-14 04:33:34 KST	2016-05-14	04:33:34	+0900	34713362	business	Bloomberg		PepsiCo declines after activist investor Trian eliminates stake  https://t.co/c30jf9MoB4  https://t.co/xgLeScrOsy	en	[]	['http://bloom.bg/1Tf8TRD']	['https://pbs.twimg.com/media/CiXDxVoWUAAATbP.jpg']	1	20	12	[]	[]	https://twitter.com/business/status/731205768414789632	False		1	https://pbs.twimg.com/media/CiXDxVoWUAAATbP.jpg							[]				
731191359139352576	731191359139352576	2016-05-14 03:36:19 KST	2016-05-14	03:36:19	+0900	26574283	cnbcnow	CNBC Now		BREAKING: Trian releases statement on the elimination of its Pepsico stake.  https://t.co/kRZgIpnQXA	en	[]	[]	['https://pbs.twimg.com/media/CiW2pwjWEAIbbaA.jpg']	1	19	12	[]	[]	https://twitter.com/CNBCnow/status/731191359139352576	False		1	https://pbs.twimg.com/media/CiW2pwjWEAIbbaA.jpg							[]				
729280995363594241	729280995363594241	2016-05-08 21:05:13 KST	2016-05-08	21:05:13	+0900	15433693	kiva	Kiva		Today @PepsiCo is matching for moms: lend $25 to a mom &amp; they'll lend $25 too!  https://t.co/ae3IGXv38S #MothersDay  https://t.co/U7S7PQfPg0	en	[{'screen_name': 'pepsico', 'name': 'pepsico', 'id': '21346619'}]	['http://kiva.org/match']	['https://pbs.twimg.com/media/Ch7tM2QWkAE3SSY.jpg']	2	51	26	['mothersday']	[]	https://twitter.com/Kiva/status/729280995363594241	False		1	https://pbs.twimg.com/media/Ch7tM2QWkAE3SSY.jpg							[]				
727714220482154497	727714220482154497	2016-05-04 13:19:25 KST	2016-05-04	13:19:25	+0900	1320311154	etbrandequity	ET Brand Equity		Emoji all the people: Here are @PepsiCo India's emojified avatars of India's corporate heads. Click:  https://t.co/dFqNVk8ilR @BabitaBaruah	en	[{'screen_name': 'pepsico', 'name': 'pepsico', 'id': '21346619'}, {'screen_name': 'babitabaruah', 'name': 'babita baruah', 'id': '18754313'}]	['http://ow.ly/4noGpS']	[]	2	13	16	[]	[]	https://twitter.com/ETBrandEquity/status/727714220482154497	False		0								[]				
727132052391239680	727132052391239680	2016-05-02 22:46:05 KST	2016-05-02	22:46:05	+0900	68440549	libe	Libération		Les Guaranis ont découvert la stévia, mais PepsiCo et Coca encaissent les bénéfices  https://t.co/C5nwLNvg2c  https://t.co/zHyhQeAIv0	fr	[]	['http://dlvr.it/LCR89x']	['https://pbs.twimg.com/media/ChdKv7oUgAAf-wP.jpg']	6	71	27	[]	[]	https://twitter.com/libe/status/727132052391239680	False		1	https://pbs.twimg.com/media/ChdKv7oUgAAf-wP.jpg							[]				
726862196588875778	726862196588875778	2016-05-02 04:53:46 KST	2016-05-02	04:53:46	+0900	252863309	beau_mirchoff	Beau Mirchoff		Now is the time, demand @PepsiCo cut #ConflictPalmOil . No child labor for cheap snacks. Stop rainforest destruction  https://t.co/yR9KexxCFa	en	[{'screen_name': 'pepsico', 'name': 'pepsico', 'id': '21346619'}]	['https://twitter.com/ran/status/725752974329270272']	[]	0	32	130	['conflictpalmoil']	[]	https://twitter.com/Beau_Mirchoff/status/726862196588875778	False	https://twitter.com/ran/status/725752974329270272	0								[]				
726857443200761856	726857443200761856	2016-05-02 04:34:53 KST	2016-05-02	04:34:53	+0900	398221364	illbezucked	Josh Zuckerman		Yo @Beau_Mirchoff let's end #ConflictPalmOil &amp; rainforest destruction, spread the word &amp; demand @Pepsico stop @RAN   https://t.co/OWAN38DxCt	en	[{'screen_name': 'beau_mirchoff', 'name': 'beau mirchoff', 'id': '252863309'}, {'screen_name': 'pepsico', 'name': 'pepsico', 'id': '21346619'}, {'screen_name': 'ran', 'name': 'rainforest action network (ran)', 'id': '10340482'}]	['https://twitter.com/ran/status/725752974329270272']	[]	0	11	41	['conflictpalmoil']	[]	https://twitter.com/illbezucked/status/726857443200761856	False	https://twitter.com/ran/status/725752974329270272	0								[]				
