id	conversation_id	created_at	date	time	timezone	user_id	username	name	place	tweet	language	mentions	urls	photos	replies_count	retweets_count	likes_count	hashtags	cashtags	link	retweet	quote_url	video	thumbnail	near	geo	source	user_rt_id	user_rt	retweet_id	reply_to	retweet_date	translate	trans_src	trans_dest
703047932258467841	703047932258467841	2016-02-26 11:44:23 KST	2016-02-26	11:44:23	+0900	2838926055	anieakpe	Anie Akpe		#PepsiBeyondTheDream celebrating #BlackHistoryMonth w/ @Jidenna Killin It on The Stage! #Nigeria #Music #pepsico  https://t.co/lYnGHFJHyd	en	[{'screen_name': 'jidenna', 'name': 'jidenna', 'id': '233755897'}]	[]	[]	1	5	14	['pepsibeyondthedream', 'blackhistorymonth', 'nigeria', 'music', 'pepsico']	[]	https://twitter.com/AnieAkpe/status/703047932258467841	False		1	https://pbs.twimg.com/ext_tw_video_thumb/703047812188127233/pu/img/pD54p9ut7fF1RZJw.jpg							[]				
701572543111507969	701572543111507969	2016-02-22 10:01:43 KST	2016-02-22	10:01:43	+0900	31740510	tahj_mowry	Tahj Mowry		getting high tech today at my #innovationdownload shoot with @PepsiCo &amp; @mashable!  https://t.co/Hsz2ABgnxF	en	[{'screen_name': 'pepsico', 'name': 'pepsico', 'id': '21346619'}, {'screen_name': 'mashable', 'name': 'mashable', 'id': '972651'}]	[]	['https://pbs.twimg.com/media/Cbx8gsDUcAAvA8b.jpg']	1	6	40	['innovationdownload']	[]	https://twitter.com/Tahj_Mowry/status/701572543111507969	False		1	https://pbs.twimg.com/media/Cbx8gsDUcAAvA8b.jpg							[]				
701090700104830976	701090700104830976	2016-02-21 02:07:03 KST	2016-02-21	02:07:03	+0900	18045145	mkdirecto	MarketingDirecto.com		PepsiCo quiere apostar por la publicidad digital pero no encuentra plataformas de calidad  https://t.co/QUyVfi8DF3  https://t.co/28mBkEYVrm	es	[]	['http://www.marketingdirecto.com/actualidad/anunciantes/pepsico-quiere-apostar-publicidad-digital-no-encuentra-plataformas-calidad/']	['https://pbs.twimg.com/media/CbmTtarVIAA1qrW.jpg']	0	13	17	[]	[]	https://twitter.com/mkdirecto/status/701090700104830976	False		1	https://pbs.twimg.com/media/CbmTtarVIAA1qrW.jpg							[]				
701090566897954816	701090566897954816	2016-02-21 02:06:31 KST	2016-02-21	02:06:31	+0900	75237089	amitabhk87	Amitabh Kant		Machine installed in Pepsico's Make in India stall in Mumbai. ..u drop one potato n see wat happens. ..  https://t.co/UoWwfUSOcK	en	[]	[]	[]	9	148	116	[]	[]	https://twitter.com/amitabhk87/status/701090566897954816	False		1	https://pbs.twimg.com/ext_tw_video_thumb/701088593708580864/pu/img/ASAIVjVHjY1bjG2g.jpg							[]				
700248203506147328	700248203506147328	2016-02-18 18:19:16 KST	2016-02-18	18:19:16	+0900	525348099	lays_india	Lay's India		To participate, take a selfie with the Pepsico lion and tag any of the @PepsiCo handles! #PepsicoStallAtMakeInIndia  https://t.co/Nn3KeWUi6Z	en	[{'screen_name': 'pepsico', 'name': 'pepsico', 'id': '21346619'}]	[]	['https://pbs.twimg.com/media/CbfIB3MVAAAIOCW.jpg']	9	28	35	['pepsicostallatmakeinindia']	[]	https://twitter.com/Lays_India/status/700248203506147328	False		1	https://pbs.twimg.com/media/CbfIB3MVAAAIOCW.jpg							[]				
700247544895508480	700247544895508480	2016-02-18 18:16:39 KST	2016-02-18	18:16:39	+0900	525348099	lays_india	Lay's India		Take a selfie with Pepsico lion and win* every min between 2:30 to 3:30 PM! T&amp;C Apply  #PepsicoStallAtMakeInIndia  https://t.co/4T3GZ5AJ8Y	en	[]	[]	['https://pbs.twimg.com/media/CbfHbgnUcAQAwWL.jpg']	2	28	36	['pepsicostallatmakeinindia']	[]	https://twitter.com/Lays_India/status/700247544895508480	False		1	https://pbs.twimg.com/media/CbfHbgnUcAQAwWL.jpg							[]				
700012116477153280	700012116477153280	2016-02-18 02:41:08 KST	2016-02-18	02:41:08	+0900	159154309	youthassembly	The Youth Assembly		.@farnazmalik @DanielaBasUN &amp; @PepsiCo's Matt Smith address health and poverty in 2nd panel. #YouthAssembly #SDGs  https://t.co/UysrpQqiPk	en	[{'screen_name': 'farnazmalik', 'name': 'farnaz malik', 'id': '1268391390318338050'}, {'screen_name': 'danielabasun', 'name': 'daniela bas', 'id': '3767104935'}, {'screen_name': 'pepsico', 'name': 'pepsico', 'id': '21346619'}]	[]	['https://pbs.twimg.com/media/CbbxSjPW8AECzmU.jpg']	2	12	13	['youthassembly', 'sdgs']	[]	https://twitter.com/YouthAssembly/status/700012116477153280	False		1	https://pbs.twimg.com/media/CbbxSjPW8AECzmU.jpg							[]				
699676805746262017	699676805746262017	2016-02-17 04:28:44 KST	2016-02-17	04:28:44	+0900	93665089	thevikaskhanna	Vikas Khanna		Chef Vikas Khanna at the PepsiCo Flavour Lab at the ongoing Make in India Week in Mumbai  https://t.co/bfhmVhrm27 via timesofindia	en	[]	['http://timesofindia.indiatimes.com/entertainment/events/mumbai/Chef-Vikas-Khanna-at-the-PepsiCo-Flavour-Lab-at-the-ongoing-Make-in-India-Week-in-Mumbai/articleshow/51014152.cms?utm_source=twitter&utm_campaign=toimobile&utm_medium=referral']	[]	7	25	58	[]	[]	https://twitter.com/TheVikasKhanna/status/699676805746262017	False		0								[]				
699618757874884608	699618757874884608	2016-02-17 00:38:04 KST	2016-02-17	00:38:04	+0900	137780376	dev_fadnavis	Devendra Fadnavis		.@PepsiCo is investing ₹180 Cr with its partners for processing facilities for orange, mango, pomegranate, etc. @makeinindia  #MakeInIndia	en	[{'screen_name': 'pepsico', 'name': 'pepsico', 'id': '21346619'}, {'screen_name': 'makeinindia', 'name': 'make in india', 'id': '2785480981'}]	[]	[]	2	117	197	['makeinindia']	[]	https://twitter.com/Dev_Fadnavis/status/699618757874884608	False		0								[]				
699618680364072961	699618680364072961	2016-02-17 00:37:46 KST	2016-02-17	00:37:46	+0900	137780376	dev_fadnavis	Devendra Fadnavis		This MoU will unlock the fruit processing potential and promote horticulture in the state.   @makeinindia  #MakeInIndia @PepsiCo	en	[{'screen_name': 'makeinindia', 'name': 'make in india', 'id': '2785480981'}, {'screen_name': 'pepsico', 'name': 'pepsico', 'id': '21346619'}]	[]	[]	8	69	132	['makeinindia']	[]	https://twitter.com/Dev_Fadnavis/status/699618680364072961	False		0								[]				
699618612609323008	699618612609323008	2016-02-17 00:37:30 KST	2016-02-17	00:37:30	+0900	137780376	dev_fadnavis	Devendra Fadnavis		Witnessed the signing of MoU between @PepsiCo and GoM for setting up of food processing plants in Maharashtra.  https://t.co/17tKGzuXm0	en	[{'screen_name': 'pepsico', 'name': 'pepsico', 'id': '21346619'}]	[]	['https://pbs.twimg.com/media/CbWLZuEVIAQqszc.jpg']	6	82	194	[]	[]	https://twitter.com/Dev_Fadnavis/status/699618612609323008	False		1	https://pbs.twimg.com/media/CbWLZuEVIAQqszc.jpg							[]				
699583120568356864	699583120568356864	2016-02-16 22:16:28 KST	2016-02-16	22:16:28	+0900	1968218730	subhash_desai	Subhash Desai		MOU Signed between PepsiCo India and Government of Maharashtra at #MakeInIndia,  BKC	en	[]	[]	[]	1	10	17	['makeinindia']	[]	https://twitter.com/Subhash_Desai/status/699583120568356864	False		0								[]				
699201450900070400	699201450900070400	2016-02-15 20:59:51 KST	2016-02-15	20:59:51	+0900	8841372	bitech	Business Insider Tech		PepsiCo says it's difficult to find 'high-quality' places to advertise online  https://t.co/KcYwSWyt1l  https://t.co/OhUYMWoWF6	en	[]	['http://read.bi/1LprBjF']	['https://pbs.twimg.com/media/CbQQA87WwAEQgi8.jpg']	2	11	8	[]	[]	https://twitter.com/BITech/status/699201450900070400	False		1	https://pbs.twimg.com/media/CbQQA87WwAEQgi8.jpg							[]				
699201441999798272	699201441999798272	2016-02-15 20:59:48 KST	2016-02-15	20:59:48	+0900	20562637	businessinsider	Business Insider		PepsiCo says it's difficult to find 'high-quality' places to advertise online  https://t.co/P73F8ZVlMK  https://t.co/pfQM0yd7ea	en	[]	['http://read.bi/1LprBjF']	['https://pbs.twimg.com/media/CbQQAcRW8AAz0cV.jpg']	1	20	21	[]	[]	https://twitter.com/BusinessInsider/status/699201441999798272	False		1	https://pbs.twimg.com/media/CbQQAcRW8AAz0cV.jpg							[]				
699156469921378304	699156469921378304	2016-02-15 18:01:06 KST	2016-02-15	18:01:06	+0900	233418418	pepsiindia	Pepsi India		Creating magic with chef @TheVikasKhanna @KurkureSnacks &amp; @PepsiIndia. What would you guys like to eat? #MakeInIndia #FlavorLab #PepsiCo	en	[{'screen_name': 'thevikaskhanna', 'name': 'vikas khanna', 'id': '93665089'}, {'screen_name': 'kurkuresnacks', 'name': 'kurkure', 'id': '234713570'}, {'screen_name': 'pepsiindia', 'name': 'pepsi india', 'id': '233418418'}]	[]	[]	2	11	22	['makeinindia', 'flavorlab', 'pepsico']	[]	https://twitter.com/PepsiIndia/status/699156469921378304	False		0								[]				
698135754535374849	698135754535374849	2016-02-12 22:25:09 KST	2016-02-12	22:25:09	+0900	2785480981	makeinindia	Make in India		All of @PepsiCo products in India are made in its 62 food &amp; beverage plants across the country. Visit Hall 26 for more! #MakeInIndia Week	en	[{'screen_name': 'pepsico', 'name': 'pepsico', 'id': '21346619'}]	[]	[]	0	35	68	['makeinindia']	[]	https://twitter.com/makeinindia/status/698135754535374849	False		0								[]				
698128186727493633	698128186727493633	2016-02-12 21:55:04 KST	2016-02-12	21:55:04	+0900	2785480981	makeinindia	Make in India		Did you know? Over 65% of Tropicana’s requirement for fruit pulp is sourced from the best of Indian orchards! @PepsiCo #MakeInIndia	en	[{'screen_name': 'pepsico', 'name': 'pepsico', 'id': '21346619'}]	[]	[]	4	55	100	['makeinindia']	[]	https://twitter.com/makeinindia/status/698128186727493633	False		0								[]				
698045246790373380	698045246790373380	2016-02-12 16:25:30 KST	2016-02-12	16:25:30	+0900	25053299	fortunemagazine	FORTUNE		PepsiCo CEO says she’s never seen global economy this bumpy  https://t.co/76hyvJc1YR  https://t.co/peUpzP4F7s	en	[]	['http://for.tn/1QaFUjp']	['https://pbs.twimg.com/media/Ca_0c_1WcAA_r_l.jpg']	1	39	31	[]	[]	https://twitter.com/FortuneMagazine/status/698045246790373380	False		1	https://pbs.twimg.com/media/Ca_0c_1WcAA_r_l.jpg							[]				
697769674327658496	697769674327658496	2016-02-11 22:10:28 KST	2016-02-11	22:10:28	+0900	34713362	business	Bloomberg		PepsiCo says profit will rise about 2% in 2016 as the strong dollar weighs on revenue abroad  https://t.co/kVw6uxxdtJ  https://t.co/M1rh1Gn5zO	en	[]	['http://bloom.bg/1SJYUWw']	['https://pbs.twimg.com/media/Ca750kvUsAA_mJu.png']	1	32	15	[]	[]	https://twitter.com/business/status/697769674327658496	False		1	https://pbs.twimg.com/media/Ca750kvUsAA_mJu.png							[]				
697756924310372352	697756924310372352	2016-02-11 21:19:49 KST	2016-02-11	21:19:49	+0900	28140646	wsjbusiness	WSJ Business News		PepsiCo profit rises 31% $PEP  https://t.co/zyc5Ju50z8  https://t.co/XkQ5GZ7OTS	in	[]	['http://on.wsj.com/1KHrDs6']	['https://pbs.twimg.com/media/Ca7uOZNWIAAVdpA.png']	4	48	73	[]	['pep']	https://twitter.com/WSJbusiness/status/697756924310372352	False		1	https://pbs.twimg.com/media/Ca7uOZNWIAAVdpA.png							[]				
697692009960775680	697692009960775680	2016-02-11 17:01:52 KST	2016-02-11	17:01:52	+0900	58724547	iab_spain	IAB Spain		Un lujo hoy en #IABEstudioMarcas tener a @MahouSanMiguel @PepsiCo_Iberia @ecovidrio @PepeJeans_es @UnileverSpain  https://t.co/qSqlEEfp6h	es	[{'screen_name': 'mahousanmiguel', 'name': 'familia mahou san miguel', 'id': '299532029'}, {'screen_name': 'ecovidrio', 'name': 'ecovidrio 🌍', 'id': '164597657'}, {'screen_name': 'pepejeans_es', 'name': 'pepe jeans london', 'id': '161613857'}, {'screen_name': 'unileverspain', 'name': 'unilever españa', 'id': '291633776'}]	['http://ow.ly/Y7MFR']	[]	0	12	12	['iabestudiomarcas']	[]	https://twitter.com/IAB_Spain/status/697692009960775680	False		0								[]				
697427379115823104	697427379115823104	2016-02-10 23:30:19 KST	2016-02-10	23:30:19	+0900	2785480981	makeinindia	Make in India		Meet #foodprocessing giants - @HUL_News, @Nestle, @PepsiCo, @Amul_Coop, @Amway, @CocaCola only at MII Centre, #MakeInIndia Week.	en	[{'screen_name': 'hul_news', 'name': 'hindustan unilever', 'id': '1703704490'}, {'screen_name': 'nestle', 'name': 'nestlé', 'id': '23085995'}, {'screen_name': 'pepsico', 'name': 'pepsico', 'id': '21346619'}, {'screen_name': 'amul_coop', 'name': 'amul.coop', 'id': '450539646'}, {'screen_name': 'amway', 'name': 'amway', 'id': '20120693'}, {'screen_name': 'cocacola', 'name': 'coca-cola', 'id': '26787673'}]	[]	[]	1	27	51	['foodprocessing', 'makeinindia']	[]	https://twitter.com/makeinindia/status/697427379115823104	False		0								[]				
697223955422191617	697223955422191617	2016-02-10 10:01:59 KST	2016-02-10	10:01:59	+0900	177662413	fernandacga	Fernanda Castillo		Gracias @JOEBONILLA #Amp365 #Guatemala #pepsico  https://t.co/MrAzRhllZ8	es	[{'screen_name': 'joebonilla', 'name': 'joe bonilla', 'id': '38032988'}]	[]	['https://pbs.twimg.com/media/Ca0JeoYVAAABTQk.jpg']	6	54	207	['amp365', 'guatemala', 'pepsico']	[]	https://twitter.com/FernandaCGA/status/697223955422191617	False		1	https://pbs.twimg.com/media/Ca0JeoYVAAABTQk.jpg							[]				
696545154820284416	696545154820284416	2016-02-08 13:04:40 KST	2016-02-08	13:04:40	+0900	384940104	justlabelit	Just Label It		PepsiCo has teamed up with other food companies, spending more than $100M on anti #GMOlabeling #PepsiHalftime #SB50  https://t.co/Kh5yQ30FlR	en	[]	['https://salsa3.salsalabs.com/o/50202/p/dia/action3/common/public/?action_KEY=17209']	[]	3	32	20	['gmolabeling', 'pepsihalftime', 'sb50']	[]	https://twitter.com/justlabelit/status/696545154820284416	False		0								[]				
696542847797858309	696542847797858309	2016-02-08 12:55:30 KST	2016-02-08	12:55:30	+0900	186824547	daniellecormack	DANIELLE CORMACK		SUPERBOWL!  Remembering that  what PepsiCo is really sponsoring is  rainforest destruction for…  https://t.co/6ub5NKysJb	en	[]	['https://www.instagram.com/p/BBgs38pxzJf/']	[]	3	3	37	[]	[]	https://twitter.com/daniellecormack/status/696542847797858309	False		0								[]				
696528938588368896	696528938588368896	2016-02-08 12:00:14 KST	2016-02-08	12:00:14	+0900	39743812	economictimes	Economic Times		#Food companies like Hindustan Unilever, PepsiCo cut calorie counts to serve #health-conscious buyers  https://t.co/zJOFiiLbm1	en	[]	['http://ow.ly/Y3tTU']	[]	3	12	12	['food', 'health']	[]	https://twitter.com/EconomicTimes/status/696528938588368896	False		0								[]				
696499555433578500	696499555433578500	2016-02-08 10:03:29 KST	2016-02-08	10:03:29	+0900	95932130	sualums	Syracuse University Alumni🍊		You're about to watch the #SB50 halftime show, sponsored by @pepsico. FACT: PepsiCo's Chief Marketing Officer Seth Kaufman is one of us. 🍊	en	[{'screen_name': 'pepsico', 'name': 'pepsico', 'id': '21346619'}]	[]	[]	0	9	19	['sb50']	[]	https://twitter.com/SUAlums/status/696499555433578500	False		0								[]				
696489347756007428	696489347756007428	2016-02-08 09:22:55 KST	2016-02-08	09:22:55	+0900	3066084185	apbusiness	AP Business News		"Not a pizza-fueled nightmare: PepsiCo just unleashed the ""Puppymonkeybaby"" on us  https://t.co/LiWPI0UsVU  https://t.co/QxjAPKemBP"	en	[]	['http://apne.ws/1Rgrf5g']	['https://pbs.twimg.com/media/CaptXwLW0AIlb1D.jpg']	37	70	147	[]	[]	https://twitter.com/APBusiness/status/696489347756007428	False		1	https://pbs.twimg.com/media/CaptXwLW0AIlb1D.jpg							[]				
696485265846632448	696485265846632448	2016-02-08 09:06:42 KST	2016-02-08	09:06:42	+0900	128263500	chefanneburrell	anne burrell		#Puppymonkeybaby  @pepsico #SB50	und	[{'screen_name': 'pepsico', 'name': 'pepsico', 'id': '21346619'}]	[]	[]	4	12	59	['puppymonkeybaby', 'sb50']	[]	https://twitter.com/chefanneburrell/status/696485265846632448	False		0								[]				
696483698871394304	696483698871394304	2016-02-08 09:00:28 KST	2016-02-08	09:00:28	+0900	14253109	adambain	adam bain		This is so awesome -- Twitter is embedded deep with customers today (Brad is President of Pepsico)  https://t.co/5qN0jcQKFH	en	[]	['https://twitter.com/BradJakeman/status/696482230537953280']	[]	1	13	51	[]	[]	https://twitter.com/adambain/status/696483698871394304	False	https://twitter.com/BradJakeman/status/696482230537953280	0								[]				
696482230537953280	696482230537953280	2016-02-08 08:54:38 KST	2016-02-08	08:54:38	+0900	16727805	bradjakeman	BradJakeman		@pepsi social media war room @twitter #SuperBowl50 #lovefornow @PepsiCo  https://t.co/kfYZQCMJXe	en	[{'screen_name': 'twitter', 'name': 'twitter', 'id': '783214'}, {'screen_name': 'pepsico', 'name': 'pepsico', 'id': '21346619'}]	[]	['https://pbs.twimg.com/media/CapmxuBUEAEqgeX.jpg']	2	20	64	['superbowl50', 'lovefornow']	[]	https://twitter.com/BradJakeman/status/696482230537953280	False		1	https://pbs.twimg.com/media/CapmxuBUEAEqgeX.jpg							[]				
696477102430937089	696477102430937089	2016-02-08 08:34:15 KST	2016-02-08	08:34:15	+0900	320432933	sumofus	SumOfUs		You won’t hear this at #SB50 Doritos &amp; PepsiCo are destroying the Indonesian rainforest. Watch &amp; #CrashTheSuperBowl   https://t.co/hTgcJoRv43	en	[]	['http://thndr.me/ylT4GJ']	[]	0	43	25	['sb50', 'crashthesuperbowl']	[]	https://twitter.com/SumOfUs/status/696477102430937089	False		0								[]				
696464814512717824	696464814512717824	2016-02-08 07:45:26 KST	2016-02-08	07:45:26	+0900	15754281	usatoday	USA TODAY		Pepsico has spent $172 million on #SuperBowl ads over the past decade. --@Kantar_Media	en	[]	[]	[]	5	41	38	['superbowl']	[]	https://twitter.com/USATODAY/status/696464814512717824	False		0								[]				
696461138951852032	696461138951852032	2016-02-08 07:30:49 KST	2016-02-08	07:30:49	+0900	15754281	usatoday	USA TODAY		Anheuser-Busch InBev &amp; Pepsico have bought ads in every #SuperBowl in the past decade -- @Kantar_Media	en	[]	[]	[]	2	14	19	['superbowl']	[]	https://twitter.com/USATODAY/status/696461138951852032	False		0								[]				
696453126027513856	696453126027513856	2016-02-08 06:58:59 KST	2016-02-08	06:58:59	+0900	21323268	nyse	NYSE 🏛		#SB50 +  @PepsiCo = #GameDayGrubMatch  https://t.co/hhtaTKxXsi	und	[{'screen_name': 'pepsico', 'name': 'pepsico', 'id': '21346619'}]	['https://amp.twimg.com/v/71308e31-d15a-45ca-b7da-cdcfd6783b51']	[]	2	12	36	['sb50', 'gamedaygrubmatch']	[]	https://twitter.com/NYSE/status/696453126027513856	False		0								[]				
696448122730381312	696448122730381312	2016-02-08 06:39:06 KST	2016-02-08	06:39:06	+0900	320432933	sumofus	SumOfUs		last chance to #CrashTheSuperBowl  https://t.co/uzuG5FE1Qc &amp; spread the word about @PepsiCo's rainforest destruction  https://t.co/GtKyumaP14	en	[{'screen_name': 'pepsico', 'name': 'pepsico', 'id': '21346619'}]	['http://bit.ly/1JTFWtD']	['https://pbs.twimg.com/media/CaY0Vl7WwAAgT3T.jpg']	0	35	14	['crashthesuperbowl']	[]	https://twitter.com/SumOfUs/status/696448122730381312	False		1	https://pbs.twimg.com/media/CaY0Vl7WwAAgT3T.jpg							[]				
696410744301056000	696410744301056000	2016-02-08 04:10:34 KST	2016-02-08	04:10:34	+0900	78385842	nicklachey	Nick Lachey		Pre-gaming with #puppymonkeybaby &amp; pepsico #GameDayGrubMatch snacks. You'll see this little guy…  https://t.co/IELLMv0AW5	en	[]	['https://www.instagram.com/p/BBfwzEfC3DV/']	[]	11	5	48	['puppymonkeybaby', 'gamedaygrubmatch']	[]	https://twitter.com/NickLachey/status/696410744301056000	False		0								[]				
696273210178801664	696273210178801664	2016-02-07 19:04:04 KST	2016-02-07	19:04:04	+0900	320432933	sumofus	SumOfUs		It's time to #CrashTheSuperBowl &gt;  https://t.co/uzuG5FE1Qc &amp; call for @PepsiCo to have a responsible palm oil policy  https://t.co/481JWB2CEE	en	[{'screen_name': 'pepsico', 'name': 'pepsico', 'id': '21346619'}]	['http://bit.ly/1JTFWtD']	['https://pbs.twimg.com/media/CaYsT07W4AElLu2.jpg']	0	27	18	['crashthesuperbowl']	[]	https://twitter.com/SumOfUs/status/696273210178801664	False		1	https://pbs.twimg.com/media/CaYsT07W4AElLu2.jpg							[]				
696199540735496192	696199540735496192	2016-02-07 14:11:19 KST	2016-02-07	14:11:19	+0900	128263500	chefanneburrell	anne burrell		The winning team from the @Pepsico #GAMEDAYGRUBMATCH the @CIACulinary students were rockstars!!! #SB50  https://t.co/6xySpm9T0J	en	[{'screen_name': 'pepsico', 'name': 'pepsico', 'id': '21346619'}, {'screen_name': 'ciaculinary', 'name': 'the cia', 'id': '18939092'}]	[]	['https://pbs.twimg.com/media/CallyyoUcAAoYVE.jpg']	2	6	42	['gamedaygrubmatch', 'sb50']	[]	https://twitter.com/chefanneburrell/status/696199540735496192	False		1	https://pbs.twimg.com/media/CallyyoUcAAoYVE.jpg							[]				
696178146500972544	696178146500972544	2016-02-07 12:46:19 KST	2016-02-07	12:46:19	+0900	31740510	tahj_mowry	Tahj Mowry		Trying the winning @PepsiCo  #gamedaygrubmatch dish @TasteoftheNFL! 🙌🏽 You can enter your own football food too:  https://t.co/Ki3X38mp5B	en	[{'screen_name': 'pepsico', 'name': 'pepsico', 'id': '21346619'}, {'screen_name': 'tasteofthenfl', 'name': 'taste of the nfl', 'id': '25533504'}]	['http://www.GameDayGrubMatch.com']	[]	0	1	16	['gamedaygrubmatch']	[]	https://twitter.com/Tahj_Mowry/status/696178146500972544	False		0								[]				
695922655724204032	695922655724204032	2016-02-06 19:51:05 KST	2016-02-06	19:51:05	+0900	3108351	wsj	The Wall Street Journal		Coca-Cola, PepsiCo thirst for oil dividend  https://t.co/6Syfa3tQso	en	[]	['http://on.wsj.com/1Xa3Xi2']	[]	8	68	72	[]	[]	https://twitter.com/WSJ/status/695922655724204032	False		0								[]				
695901957370859525	695901957370859525	2016-02-06 18:28:50 KST	2016-02-06	18:28:50	+0900	3108351	wsj	The Wall Street Journal		Chobani rejects PepsiCo offer to buy stake  https://t.co/KN8QGy4JeL	en	[]	['http://on.wsj.com/20NoBqm']	[]	3	61	54	[]	[]	https://twitter.com/WSJ/status/695901957370859525	False		0								[]				
695828032272101376	695828032272101376	2016-02-06 13:35:05 KST	2016-02-06	13:35:05	+0900	1652541	reuters	Reuters		Yogurt maker Chobani rejects PepsiCo's offer for stake in company  https://t.co/eIuHj4oNbz  https://t.co/FCeiVtjIFP	en	[]	['http://reut.rs/1Pq7PpO']	['https://pbs.twimg.com/media/CagT6JjW8AEpJ1m.jpg']	11	89	112	[]	[]	https://twitter.com/Reuters/status/695828032272101376	False		1	https://pbs.twimg.com/media/CagT6JjW8AEpJ1m.jpg							[]				
695791497204072448	695791497204072448	2016-02-06 11:09:54 KST	2016-02-06	11:09:54	+0900	15110357	reutersbiz	Reuters Business		Yogurt maker Chobani rejects PepsiCo's offer for stake in company  https://t.co/kJFz3Lpe45	en	[]	['http://reut.rs/20fjbCg']	[]	6	25	17	[]	[]	https://twitter.com/ReutersBiz/status/695791497204072448	False		0								[]				
695777913493463040	695777913493463040	2016-02-06 10:15:56 KST	2016-02-06	10:15:56	+0900	26574283	cnbcnow	CNBC Now		Greek yogurt maker Chobani says it has rejected Pepsico offer to buy stake, plans to remain independent - DJ	en	[]	[]	[]	1	21	27	[]	[]	https://twitter.com/CNBCnow/status/695777913493463040	False		0								[]				
695640534262505472	695640534262505472	2016-02-06 01:10:02 KST	2016-02-06	01:10:02	+0900	2785480981	makeinindia	Make in India		Thought for food: Get a taste of @Nestle, @Amway, @CocaCola, @PepsiCo at MII Centre #MakeInIndia Week Read more:  https://t.co/HCj81s1pE3	en	[{'screen_name': 'nestle', 'name': 'nestlé', 'id': '23085995'}, {'screen_name': 'amway', 'name': 'amway', 'id': '20120693'}, {'screen_name': 'cocacola', 'name': 'coca-cola', 'id': '26787673'}, {'screen_name': 'pepsico', 'name': 'pepsico', 'id': '21346619'}]	['http://goo.gl/BOesDS']	[]	0	24	41	['makeinindia']	[]	https://twitter.com/makeinindia/status/695640534262505472	False		0								[]				
695269845277904896	695269845277904896	2016-02-05 00:37:03 KST	2016-02-05	00:37:03	+0900	2785480981	makeinindia	Make in India		#Foodprocessing pavilion at MII Centre, #MakeInIndia Week will feature these cos. and many more! @Nestle @Amway @CocaCola @HUL_News @PepsiCo	en	[{'screen_name': 'nestle', 'name': 'nestlé', 'id': '23085995'}, {'screen_name': 'amway', 'name': 'amway', 'id': '20120693'}, {'screen_name': 'cocacola', 'name': 'coca-cola', 'id': '26787673'}, {'screen_name': 'hul_news', 'name': 'hindustan unilever', 'id': '1703704490'}, {'screen_name': 'pepsico', 'name': 'pepsico', 'id': '21346619'}]	[]	[]	4	71	59	['foodprocessing', 'makeinindia']	[]	https://twitter.com/makeinindia/status/695269845277904896	False		0								[]				
695198895236714496	695198895236714496	2016-02-04 19:55:07 KST	2016-02-04	19:55:07	+0900	2785480981	makeinindia	Make in India		Meet #foodprocessing giants - @HUL_News, @Nestle, @PepsiCo, @Amul_Coop, @Amway, @CocaCola only at MII Centre, #MakeInIndia Week.	en	[{'screen_name': 'hul_news', 'name': 'hindustan unilever', 'id': '1703704490'}, {'screen_name': 'nestle', 'name': 'nestlé', 'id': '23085995'}, {'screen_name': 'pepsico', 'name': 'pepsico', 'id': '21346619'}, {'screen_name': 'amul_coop', 'name': 'amul.coop', 'id': '450539646'}, {'screen_name': 'amway', 'name': 'amway', 'id': '20120693'}, {'screen_name': 'cocacola', 'name': 'coca-cola', 'id': '26787673'}]	[]	[]	2	24	52	['foodprocessing', 'makeinindia']	[]	https://twitter.com/makeinindia/status/695198895236714496	False		0								[]				
694522938544947200	694522938544947200	2016-02-02 23:09:06 KST	2016-02-02	23:09:06	+0900	320432933	sumofus	SumOfUs		Help #CrashTheSuperBowl to demand @PepsiCo commits to responsible palm oil #SB50 &gt;  https://t.co/uzuG5FE1Qc  https://t.co/ITM6tm1s0y	en	[{'screen_name': 'pepsico', 'name': 'pepsico', 'id': '21346619'}]	['http://bit.ly/1JTFWtD']	['https://pbs.twimg.com/media/CaNVoDyWIAAdNJL.jpg']	3	39	21	['crashthesuperbowl', 'sb50']	[]	https://twitter.com/SumOfUs/status/694522938544947200	False		1	https://pbs.twimg.com/media/CaNVoDyWIAAdNJL.jpg							[]				
694242893641441280	694242893641441280	2016-02-02 04:36:18 KST	2016-02-02	04:36:18	+0900	28354416	lucasinutilismo	lucas vinícius		Coca e Schweppes são tier god, depois vem as outras como sprite, fanta guaraná... ai depois vem as bosta que são todos da pepsico	pt	[]	[]	[]	4	6	37	[]	[]	https://twitter.com/lucasinutilismo/status/694242893641441280	False		0								[]				
694221596605706241	694221596605706241	2016-02-02 03:11:41 KST	2016-02-02	03:11:41	+0900	320432933	sumofus	SumOfUs		It's time to #CrashTheSuperBowl &amp; expose @PepsiCo's dodgy palm oil policy. Join in here &gt;&gt;  https://t.co/uzuG5FmqYE  https://t.co/bPJ3DLjHVF	en	[{'screen_name': 'pepsico', 'name': 'pepsico', 'id': '21346619'}]	['http://bit.ly/1JTFWtD']	['https://pbs.twimg.com/media/CaJe3LOWQAESyTf.jpg']	0	58	29	['crashthesuperbowl']	[]	https://twitter.com/SumOfUs/status/694221596605706241	False		1	https://pbs.twimg.com/media/CaJe3LOWQAESyTf.jpg							[]				
694174858675097600	694174858675097600	2016-02-02 00:05:58 KST	2016-02-02	00:05:58	+0900	31898295	derella	Matt Derella		"""Twitter is always the platform of choice during a live event"" PepsiCo CMO @SethAKaufman  https://t.co/EonhukXIQI"	en	[{'screen_name': 'sethakaufman', 'name': 'seth kaufman', 'id': '17260662'}]	['http://www.adweek.com/news/technology/qa-pepsicos-cmos-why-40-its-super-bowl-budget-going-digital-169270']	[]	0	5	18	[]	[]	https://twitter.com/Derella/status/694174858675097600	False		0								[]				
