id	conversation_id	created_at	date	time	timezone	user_id	username	name	place	tweet	language	mentions	urls	photos	replies_count	retweets_count	likes_count	hashtags	cashtags	link	retweet	quote_url	video	thumbnail	near	geo	source	user_rt_id	user_rt	retweet_id	reply_to	retweet_date	translate	trans_src	trans_dest
770737390537338880	770737390537338880	2016-08-31 06:38:08 KST	2016-08-31	06:38:08	+0900	12480582	adage	Ad Age		.@PepsiCo introduces @USDA-certified organic @Gatorade  https://t.co/CVhMmCvPU4  https://t.co/fVI0zE512e	ro	[{'screen_name': 'pepsico', 'name': 'pepsico', 'id': '21346619'}, {'screen_name': 'usda', 'name': 'dept. of agriculture', 'id': '61853389'}, {'screen_name': 'gatorade', 'name': 'gatorade', 'id': '34369690'}]	['http://bit.ly/2ccKEXF']	['https://pbs.twimg.com/media/CrI1kjLW8AA_gHp.jpg']	4	15	17	[]	[]	https://twitter.com/adage/status/770737390537338880	False		1	https://pbs.twimg.com/media/CrI1kjLW8AA_gHp.jpg							[]				
770736459041021952	770736459041021952	2016-08-31 06:34:26 KST	2016-08-31	06:34:26	+0900	2437502443	racingxtinction	Racing Extinction		Use your voice! Urge @PepsiCo to stop hurting #orangutans with #ConflictPalmOil practices  https://t.co/KVqVKkvCvU  https://t.co/IIS7IJCIMU	en	[{'screen_name': 'pepsico', 'name': 'pepsico', 'id': '21346619'}]	['http://bit.ly/ChangePepsiCo']	['https://pbs.twimg.com/media/CrI0uAFVYAAMRLm.jpg']	1	88	39	['orangutans', 'conflictpalmoil']	[]	https://twitter.com/RacingXtinction/status/770736459041021952	False		1	https://pbs.twimg.com/media/CrI0uAFVYAAMRLm.jpg							[]				
770730986510258176	770730986510258176	2016-08-31 06:12:41 KST	2016-08-31	06:12:41	+0900	2437502443	racingxtinction	Racing Extinction		.@PepsiCo’s #palmoil is driving #orangutans to extinction 💔  Take action &gt;&gt;  https://t.co/KVqVKkvCvU  https://t.co/PlwaNyde5F	en	[{'screen_name': 'pepsico', 'name': 'pepsico', 'id': '21346619'}]	['http://bit.ly/ChangePepsiCo']	['https://pbs.twimg.com/media/CrIvvReVIAAjNi-.jpg']	1	44	26	['palmoil', 'orangutans']	[]	https://twitter.com/RacingXtinction/status/770730986510258176	False		1	https://pbs.twimg.com/media/CrIvvReVIAAjNi-.jpg							[]				
770659386113097730	770659386113097730	2016-08-31 01:28:10 KST	2016-08-31	01:28:10	+0900	34713362	business	Bloomberg		PepsiCo is introducing a version of Gatorade that’s certified organic  https://t.co/tNOWKNRmhu  https://t.co/8PsWEbtdsZ	en	[]	['http://bloom.bg/2bCVwJP']	['https://pbs.twimg.com/media/CrHuoB8WEAA6sOs.jpg']	1	49	44	[]	[]	https://twitter.com/business/status/770659386113097730	False		1	https://pbs.twimg.com/media/CrHuoB8WEAA6sOs.jpg							[]				
770622156254294016	770622156254294016	2016-08-30 23:00:14 KST	2016-08-30	23:00:14	+0900	19673700	water	Water.org		We are proud to be in partnership with @PepsiCo Foundation who have now helped 9M people get access to safe water.   https://t.co/52E7MC0PGJ	en	[{'screen_name': 'pepsico', 'name': 'pepsico', 'id': '21346619'}]	['http://prn.to/2bS1Srs']	[]	1	10	17	[]	[]	https://twitter.com/Water/status/770622156254294016	False		0								[]				
770342753251172353	770342753251172353	2016-08-30 04:29:59 KST	2016-08-30	04:29:59	+0900	88060295	micaeloficial	Micael #Açaí		Aeeeeee Valeeew  equipe #pepsico 🤗 Muitos #Toddynhos e ainda com o mascote junto 🤗 Já podem mandar toda semana ,...  https://t.co/YB9f57nmSU	pt	[]	['http://fb.me/85CUWSY3P']	[]	1	47	105	['pepsico', 'toddynhos']	[]	https://twitter.com/MicaelOficial/status/770342753251172353	False		0								[]				
770322444079030272	770322444079030272	2016-08-30 03:09:17 KST	2016-08-30	03:09:17	+0900	19897138	indiatoday	IndiaToday		India's limited-over skipper MS Dhoni will no longer be seen in PepsiCo's advertisements  https://t.co/jmOok2aogW  https://t.co/8RL8UeVGeF	en	[]	['http://indiatoday.intoday.in/story/ms-dhoni-pepsico-end-decade-long-partnership/1/751892.html']	['https://pbs.twimg.com/media/CrC8Kf7XgAAobVd.jpg']	3	14	47	[]	[]	https://twitter.com/IndiaToday/status/770322444079030272	False		1	https://pbs.twimg.com/media/CrC8Kf7XgAAobVd.jpg							[]				
770298541352759298	770298541352759298	2016-08-30 01:34:18 KST	2016-08-30	01:34:18	+0900	134758540	timesofindia	The Times Of India		.@msdhoni, @PepsiCo end their decade-long association  https://t.co/WQz8oH5V9W via @TOISportsNews  https://t.co/dxecJYE6oI	en	[{'screen_name': 'msdhoni', 'name': 'mahendra singh dhoni', 'id': '92708272'}, {'screen_name': 'pepsico', 'name': 'pepsico', 'id': '21346619'}, {'screen_name': 'toisportsnews', 'name': 'toi sports news', 'id': '30848360'}]	['http://toi.in/Rk8ciZ67']	['https://pbs.twimg.com/media/CrCmauJUIAANYOl.jpg']	6	21	77	[]	[]	https://twitter.com/timesofindia/status/770298541352759298	False		1	https://pbs.twimg.com/media/CrCmauJUIAANYOl.jpg							[]				
770287149048532992	770287149048532992	2016-08-30 00:49:02 KST	2016-08-30	00:49:02	+0900	71487564	cricketndtv	CricketNDTV		#MSDhoni &amp; PepsiCo have ended their decade-long association  https://t.co/swbu1VvIO7  https://t.co/4VCWu778ug	en	[]	['http://goo.gl/o5F15K']	['https://pbs.twimg.com/media/CrCcE98WAAAufQN.jpg']	4	18	70	['msdhoni']	[]	https://twitter.com/CricketNDTV/status/770287149048532992	False		1	https://pbs.twimg.com/media/CrCcE98WAAAufQN.jpg							[]				
770263620135432192	770263620135432192	2016-08-29 23:15:32 KST	2016-08-29	23:15:32	+0900	39240673	abpnews	ABP News		.@PepsiCo ends 11-year association with @msdhoni, @imVkohli new icon  @BCCI   https://t.co/Q4ryOcHH6y  https://t.co/kvjhmy1Ryc	en	[{'screen_name': 'pepsico', 'name': 'pepsico', 'id': '21346619'}, {'screen_name': 'msdhoni', 'name': 'mahendra singh dhoni', 'id': '92708272'}, {'screen_name': 'imvkohli', 'name': 'virat kohli', 'id': '71201743'}, {'screen_name': 'bcci', 'name': 'bcci', 'id': '185142711'}]	['http://www.abplive.in/sports/cricket/pepsico-dumps-ms-dhoni-ends-11-year-old-association-virat-kohli-new-icon-407004']	['https://pbs.twimg.com/media/CrCGmm3UMAA4Vc8.jpg']	5	18	66	[]	[]	https://twitter.com/ABPNews/status/770263620135432192	False		1	https://pbs.twimg.com/media/CrCGmm3UMAA4Vc8.jpg							[]				
770243960321236992	770243960321236992	2016-08-29 21:57:25 KST	2016-08-29	21:57:25	+0900	8622212	cindygallop	Cindy Gallop		Thank you Carla Zakhem-Hassan @pepsico for this kind and highly appropriate gift :)  https://t.co/Kl36MLQ0ZT	en	[{'screen_name': 'pepsico', 'name': 'pepsico', 'id': '21346619'}]	[]	['https://pbs.twimg.com/media/CrB0i6EXgAUK2vX.jpg']	0	6	37	[]	[]	https://twitter.com/cindygallop/status/770243960321236992	False		1	https://pbs.twimg.com/media/CrB0i6EXgAUK2vX.jpg							[]				
770071007155490816	770071007155490816	2016-08-29 10:30:09 KST	2016-08-29	10:30:09	+0900	39743812	economictimes	Economic Times		MS Dhoni's 11-year innings with PepsiCo ends, #ViratKohli the new icon  https://t.co/KlGaUuXi90  https://t.co/2nKWHKvISI	en	[]	['http://ow.ly/FqKg303FgmO']	['https://pbs.twimg.com/media/Cq_MevZXYAAoSjD.jpg']	1	12	29	['viratkohli']	[]	https://twitter.com/EconomicTimes/status/770071007155490816	False		1	https://pbs.twimg.com/media/Cq_MevZXYAAoSjD.jpg							[]				
769979390482587648	769979390482587648	2016-08-29 04:26:06 KST	2016-08-29	04:26:06	+0900	65636498	alejopalacio	ALEJANDRO PALACIO, El Ídolo		¡Gracias, mi Colombia, por acompañarnos en la #CaminataDeLaSolidaridad! #YoSoySolidario @PepsiCo  https://t.co/rozvNK4JVe	es	[{'screen_name': 'pepsico', 'name': 'pepsico', 'id': '21346619'}]	[]	['https://pbs.twimg.com/media/Cq-EJcKWIAAhbsk.jpg']	5	9	54	['caminatadelasolidaridad', 'yosoysolidario']	[]	https://twitter.com/AlejoPalacio/status/769979390482587648	False		1	https://pbs.twimg.com/media/Cq-EJcKWIAAhbsk.jpg							[]				
769645927787220992	769645927787220992	2016-08-28 06:21:03 KST	2016-08-28	06:21:03	+0900	2437502443	racingxtinction	Racing Extinction		The Sumatran orangutan may become the first great ape to go extinct if @PepsiCo doesn’t act:  https://t.co/KVqVKkvCvU  https://t.co/us8FDrA12x	en	[{'screen_name': 'pepsico', 'name': 'pepsico', 'id': '21346619'}]	['http://bit.ly/ChangePepsiCo']	['https://pbs.twimg.com/media/Cq5U41oUAAAnqZV.jpg']	0	84	46	[]	[]	https://twitter.com/RacingXtinction/status/769645927787220992	False		1	https://pbs.twimg.com/media/Cq5U41oUAAAnqZV.jpg							[]				
769263654990524416	769263654990524416	2016-08-27 05:02:02 KST	2016-08-27	05:02:02	+0900	2437502443	racingxtinction	Racing Extinction		.@PepsiCo’s #palmoil is driving #tigers, orangutans &amp; rhinos to extinction   Take action &gt;&gt;  https://t.co/KVqVKkvCvU  https://t.co/gA1AHzNDyZ	en	[{'screen_name': 'pepsico', 'name': 'pepsico', 'id': '21346619'}]	['http://bit.ly/ChangePepsiCo']	['https://pbs.twimg.com/media/Cqz5NzHVYAASjg3.jpg']	0	39	33	['palmoil', 'tigers']	[]	https://twitter.com/RacingXtinction/status/769263654990524416	False		1	https://pbs.twimg.com/media/Cqz5NzHVYAASjg3.jpg							[]				
768904015723634689	768904015723634689	2016-08-26 05:12:57 KST	2016-08-26	05:12:57	+0900	2437502443	racingxtinction	Racing Extinction		#DYK? @PepsiCo’s #palmoil is driving #elephants &amp; rhinos to extinction  https://t.co/KVqVKkvCvU  https://t.co/9BxRvWDdVI	en	[{'screen_name': 'pepsico', 'name': 'pepsico', 'id': '21346619'}]	['http://bit.ly/ChangePepsiCo']	['https://pbs.twimg.com/media/CquyH2eVMAAFxFk.jpg']	1	51	37	['dyk', 'palmoil', 'elephants']	[]	https://twitter.com/RacingXtinction/status/768904015723634689	False		1	https://pbs.twimg.com/media/CquyH2eVMAAFxFk.jpg							[]				
768857316410036224	768857316410036224	2016-08-26 02:07:23 KST	2016-08-26	02:07:23	+0900	2437502443	racingxtinction	Racing Extinction		The Sumatran orangutan may become the first great ape to go extinct if @PepsiCo doesn’t act:  https://t.co/KVqVKkvCvU  https://t.co/dc9TQlGPx9	en	[{'screen_name': 'pepsico', 'name': 'pepsico', 'id': '21346619'}]	['http://bit.ly/ChangePepsiCo']	['https://pbs.twimg.com/media/CquHjvWUIAAZA9g.jpg']	3	106	54	[]	[]	https://twitter.com/RacingXtinction/status/768857316410036224	False		1	https://pbs.twimg.com/media/CquHjvWUIAAZA9g.jpg							[]				
768324936603693056	768324936603693056	2016-08-24 14:51:54 KST	2016-08-24	14:51:54	+0900	62465798	ciararenee8	Ciara Renée		.@IndraNooyi commit PepsiCo to using only truly responsible palm oil now #conflictpalmoil  https://t.co/DbC0nFOBF4  https://t.co/dGgWl1mohU	en	[{'screen_name': 'indranooyi', 'name': 'indra nooyi', 'id': '2652536876'}]	['http://sumofus.org/pepsi']	['https://pbs.twimg.com/media/Cp5PRVQUkAA8Aq5.jpg']	0	4	19	['conflictpalmoil']	[]	https://twitter.com/CiaraRenee8/status/768324936603693056	False		1	https://pbs.twimg.com/media/Cp5PRVQUkAA8Aq5.jpg							[]				
766846541466181632	766846541466181632	2016-08-20 12:57:17 KST	2016-08-20	12:57:17	+0900	198247298	dtjb	Downtown Julie Brown		#FlashbackFriday When I was a spokesperson for @pepsi @PepsiCo!! #mtv  https://t.co/t53XJRGCb8	en	[{'screen_name': 'pepsi', 'name': 'pepsi', 'id': '18139619'}, {'screen_name': 'pepsico', 'name': 'pepsico', 'id': '21346619'}]	[]	['https://pbs.twimg.com/media/CqRitJSVYAEzHaJ.jpg']	3	1	23	['flashbackfriday', 'mtv']	[]	https://twitter.com/DTJB/status/766846541466181632	False		1	https://pbs.twimg.com/media/CqRitJSVYAEzHaJ.jpg							[]				
766344710231293952	766344710231293952	2016-08-19 03:43:11 KST	2016-08-19	03:43:11	+0900	54730258	margaretatwood	Margaret E. Atwood		.@IndraNooyi commit PepsiCo to using only truly responsible palm oil now #conflictpalmoil  https://t.co/PCxNp31b5A  https://t.co/oTEsftes65	en	[{'screen_name': 'indranooyi', 'name': 'indra nooyi', 'id': '2652536876'}]	['http://sumofus.org/pepsi']	['https://pbs.twimg.com/media/Cp5PRVQUkAA8Aq5.jpg']	2	9	26	['conflictpalmoil']	[]	https://twitter.com/MargaretAtwood/status/766344710231293952	False		1	https://pbs.twimg.com/media/Cp5PRVQUkAA8Aq5.jpg							[]				
765655235046019073	765655235046019073	2016-08-17 06:03:27 KST	2016-08-17	06:03:27	+0900	16727805	bradjakeman	BradJakeman		The amazing @pepsico Global Beverage Group Leadership Team, post @TwitterAds #stickers. #sayitwithpepsi.  https://t.co/XrmeyF1zbc	en	[{'screen_name': 'pepsico', 'name': 'pepsico', 'id': '21346619'}]	[]	['https://pbs.twimg.com/media/CqAnXGVXgAQ7267.jpg']	4	13	99	['stickers', 'sayitwithpepsi']	[]	https://twitter.com/BradJakeman/status/765655235046019073	False		1	https://pbs.twimg.com/media/CqAnXGVXgAQ7267.jpg							[]				
765412920821948416	765412920821948416	2016-08-16 14:00:35 KST	2016-08-16	14:00:35	+0900	262842638	roastbrief	roastbrief		PepsiCo será aliada de Twitter en el lanzamiento de la campaña Promoted #Stickers  https://t.co/sDBNJTVGRg  https://t.co/2ltLitYEkx	es	[]	['http://ow.ly/Pb7f303fiAt']	['https://pbs.twimg.com/media/Cp9K_qQWAAA5NTD.jpg']	0	7	10	['stickers']	[]	https://twitter.com/roastbrief/status/765412920821948416	False		1	https://pbs.twimg.com/media/Cp9K_qQWAAA5NTD.jpg							[]				
765252978676756480	765252978676756480	2016-08-16 03:25:02 KST	2016-08-16	03:25:02	+0900	16727805	bradjakeman	BradJakeman		Practicing  at @pepsico HQ with my new #Stickers @adambain. Super awesome #sayitwithpepsi. @pepsi @TwitterAds  https://t.co/7W1TxNJ7ic	en	[{'screen_name': 'pepsico', 'name': 'pepsico', 'id': '21346619'}, {'screen_name': 'adambain', 'name': 'adam bain', 'id': '14253109'}, {'screen_name': 'pepsi', 'name': 'pepsi', 'id': '18139619'}]	[]	['https://pbs.twimg.com/media/Cp65hf6WEAAXfYB.jpg']	3	37	170	['stickers', 'sayitwithpepsi']	[]	https://twitter.com/BradJakeman/status/765252978676756480	False		1	https://pbs.twimg.com/media/Cp65hf6WEAAXfYB.jpg							[]				
765209725738872832	765209725738872832	2016-08-16 00:33:10 KST	2016-08-16	00:33:10	+0900	21346619	pepsico	PepsiCo		In both Q1 and Q2 2016, PepsiCo has been the largest contributor to retail sales growth in the United States.  https://t.co/ehsc2JJ9Wt	en	[]	[]	[]	3	62	100	[]	[]	https://twitter.com/PepsiCo/status/765209725738872832	False		1	https://pbs.twimg.com/ext_tw_video_thumb/765209709662068737/pu/img/xUvp9puxnboZieBl.jpg							[]				
765059445365899264	765059445365899264	2016-08-15 14:36:00 KST	2016-08-15	14:36:00	+0900	322000612	rishiji	Rishi Nityapragya		1/3 What a day!!! 69 yrs ago both India and Pakistan got independence!!! Indians have become CEOs of Google, Microsoft, Pepsico, Jaguar...	en	[]	[]	[]	2	20	32	[]	[]	https://twitter.com/Rishiji/status/765059445365899264	False		0								[]				
763731046491889664	763731046491889664	2016-08-11 22:37:25 KST	2016-08-11	22:37:25	+0900	534563976	kirkdborne	Kirk Borne		See how PepsiCo leveraged #DataWrangling for faster, better insights &amp; sales:  https://t.co/wwNZLS0r61 #BigData #DataScience by @Trifacta	en	[{'screen_name': 'trifacta', 'name': 'trifacta', 'id': '626681652'}]	['https://www.trifacta.com/gated-form/pepsico-customer-case-study/']	[]	0	37	17	['datawrangling', 'bigdata', 'datascience']	[]	https://twitter.com/KirkDBorne/status/763731046491889664	False		0								[]				
763161646785265664	763161646785265664	2016-08-10 08:54:50 KST	2016-08-10	08:54:50	+0900	201242392	darrenwoodson28	Darren Woodson		Had a great time working with pepsico and @fritolay today. Perfect way to kickoff the NFL season…  https://t.co/TYWZQLyWZm	en	[{'screen_name': 'fritolay', 'name': 'frito-lay', 'id': '66441732'}]	['https://www.instagram.com/p/BI6DmbajsDz/']	[]	3	4	27	[]	[]	https://twitter.com/darrenwoodson28/status/763161646785265664	False		0								[]				
762784581674074112	762781996883980288	2016-08-09 07:56:30 KST	2016-08-09	07:56:30	+0900	524668843	chestercheetah	Chester Cheetah		Meow, @PepsiCo! And by “meow” I mean “thank you.” Because it could mean literally anything else as well. #InternationalCatDay	en	[{'screen_name': 'pepsico', 'name': 'pepsico', 'id': '21346619'}]	[]	[]	1	10	23	['internationalcatday']	[]	https://twitter.com/ChesterCheetah/status/762784581674074112	False		0								[]				
760486331415920640	760486331415920640	2016-08-02 23:44:05 KST	2016-08-02	23:44:05	+0900	16896485	inc	Inc.		How PepsiCo’s CMO Creates a Culture of Innovation @lacostejonathan  https://t.co/pdT8aXU51Y	en	[{'screen_name': 'lacostejonathan', 'name': 'jonathan lacoste 🚀', 'id': '444268559'}]	['http://on.inc.com/2aJWGGW']	[]	1	25	27	[]	[]	https://twitter.com/Inc/status/760486331415920640	False		0								[]				
760354481569566720	760354481569566720	2016-08-02 15:00:09 KST	2016-08-02	15:00:09	+0900	2785480981	makeinindia	Make in India		Mercedes to Isuzu, PepsiCo to GE, makers of #MakeInIndia are at work.  https://t.co/tIYkC5ApeP - @rabhishek1982  https://t.co/oik3o4RJgH	en	[{'screen_name': 'rabhishek1982', 'name': 'ramesh abhishek', 'id': '2522772936'}]	['http://bit.ly/2azmALH']	['https://pbs.twimg.com/media/Cowxv-fUkAQqklk.jpg']	1	41	101	['makeinindia']	[]	https://twitter.com/makeinindia/status/760354481569566720	False		1	https://pbs.twimg.com/media/Cowxv-fUkAQqklk.jpg							[]				
760218752990449666	760218752990449666	2016-08-02 06:00:49 KST	2016-08-02	06:00:49	+0900	2445627020	juventusfces	JuventusFC		Renovada y ampliada la colaboración con Pepsico:  https://t.co/rm6PB5UQ35  https://t.co/uNeE0nE0n6	es	[]	['http://ow.ly/xtxL302NYBr']	['https://pbs.twimg.com/media/CozW7P3WgAAVHn0.jpg']	0	13	45	[]	[]	https://twitter.com/juventusfces/status/760218752990449666	False		1	https://pbs.twimg.com/media/CozW7P3WgAAVHn0.jpg							[]				
760045059853131776	760045059853131776	2016-08-01 18:30:37 KST	2016-08-01	18:30:37	+0900	253508662	juventusfc	JuventusFC		Rinnovata e ampliata la partnership con Pepsico  https://t.co/sMbtzwulxJ  https://t.co/7jHAtTK8xW	it	[]	['http://juve.it/PGBN302M5C9']	['https://pbs.twimg.com/media/Cow486QWEAAjREa.jpg']	7	111	378	[]	[]	https://twitter.com/juventusfc/status/760045059853131776	False		1	https://pbs.twimg.com/media/Cow486QWEAAjREa.jpg							[]				
