id	conversation_id	created_at	date	time	timezone	user_id	username	name	place	tweet	language	mentions	urls	photos	replies_count	retweets_count	likes_count	hashtags	cashtags	link	retweet	quote_url	video	thumbnail	near	geo	source	user_rt_id	user_rt	retweet_id	reply_to	retweet_date	translate	trans_src	trans_dest
758675292999352320	758675292999352320	2016-07-28 23:47:40 KST	2016-07-28	23:47:40	+0900	63073975	madversity	Madhavan Narayanan		PepsiCo run by Tamilian CEO but this is what Tamil Nadu loves 😉  https://t.co/7XiQ8ir3v5	en	[]	['https://twitter.com/ndcnn/status/758664294678536192']	[]	6	17	15	[]	[]	https://twitter.com/madversity/status/758675292999352320	False	https://twitter.com/ndcnn/status/758664294678536192	0								[]				
758547412189229056	758547412189229056	2016-07-28 15:19:30 KST	2016-07-28	15:19:30	+0900	355220990	kevlabeast	L.A. Beast		#CrystalPEPSIWORLDWIDE @PepsiCo please don't make me call 14 times again tomorrow. You've #wasted enough of my time with the #RunAround.	en	[{'screen_name': 'pepsico', 'name': 'pepsico', 'id': '21346619'}]	[]	[]	5	2	57	['crystalpepsiworldwide', 'wasted', 'runaround']	[]	https://twitter.com/KevLAbeast/status/758547412189229056	False		0								[]				
758411826862272512	758411826862272512	2016-07-28 06:20:44 KST	2016-07-28	06:20:44	+0900	355220990	kevlabeast	L.A. Beast		📞2Dan(2),Sue(kind)Natasha(Hung ⬆️onMe),Dylan,Brian(2),Supervisor Gary(Incompetent),Dennis (cool) @PepsiCo with no ☘.  https://t.co/WHk0Kt5Fcj	en	[{'screen_name': 'pepsico', 'name': 'pepsico', 'id': '21346619'}]	[]	['https://pbs.twimg.com/media/CoZriKHUkAEVuv5.jpg']	3	1	25	[]	[]	https://twitter.com/KevLAbeast/status/758411826862272512	False		1	https://pbs.twimg.com/media/CoZriKHUkAEVuv5.jpg							[]				
757826057852456962	757826057852456962	2016-07-26 15:33:06 KST	2016-07-26	15:33:06	+0900	355220990	kevlabeast	L.A. Beast		@PepsiCo through silence,u just lost your biggest fan of all. U ripped my 💙from me. Best of luck with what the future holds.	en	[]	[]	[]	11	8	30	[]	[]	https://twitter.com/KevLAbeast/status/757826057852456962	False		0								[]				
757596799137742848	757596799137742848	2016-07-26 00:22:07 KST	2016-07-26	00:22:07	+0900	355220990	kevlabeast	L.A. Beast		#mondaymotivation @pepsi @PepsiCo  #CrystalPepsi #WorldWide	und	[{'screen_name': 'pepsi', 'name': 'pepsi', 'id': '18139619'}, {'screen_name': 'pepsico', 'name': 'pepsico', 'id': '21346619'}]	[]	[]	2	3	19	['mondaymotivation', 'crystalpepsi', 'worldwide']	[]	https://twitter.com/KevLAbeast/status/757596799137742848	False		0								[]				
757582391154094080	757582391154094080	2016-07-25 23:24:51 KST	2016-07-25	23:24:51	+0900	355220990	kevlabeast	L.A. Beast		#CrystalPEPSI: A Thousand Magical Little Fairies, Scrubbing Your #TasteBuds ever so #Gently. @pepsi @PepsiCo   https://t.co/qyGCJK4Jnb	en	[{'screen_name': 'pepsi', 'name': 'pepsi', 'id': '18139619'}, {'screen_name': 'pepsico', 'name': 'pepsico', 'id': '21346619'}]	['https://twitter.com/kbradnick1992/status/757580405306454016']	[]	3	4	30	['crystalpepsi', 'tastebuds', 'gently']	[]	https://twitter.com/KevLAbeast/status/757582391154094080	False	https://twitter.com/kbradnick1992/status/757580405306454016	0								[]				
757575257553113088	757575257553113088	2016-07-25 22:56:31 KST	2016-07-25	22:56:31	+0900	355220990	kevlabeast	L.A. Beast		"Just hit the ""@"" and the type ""Pepsi"" @pepsi @PepsiCo #BOOM!!!! You are now in #DirectCommunication with your #Brand  https://t.co/YA3KDUlJoQ"	en	[{'screen_name': 'pepsi', 'name': 'pepsi', 'id': '18139619'}, {'screen_name': 'pepsico', 'name': 'pepsico', 'id': '21346619'}]	['https://twitter.com/opiosis/status/757573838515372032']	[]	1	2	21	['boom', 'directcommunication', 'brand']	[]	https://twitter.com/KevLAbeast/status/757575257553113088	False	https://twitter.com/opiosis/status/757573838515372032	0								[]				
757547641454546944	757547641454546944	2016-07-25 21:06:46 KST	2016-07-25	21:06:46	+0900	355220990	kevlabeast	L.A. Beast		#CrystalPEPSI @pepsi @PepsiCo  https://t.co/ye0RWsBPUh	und	[{'screen_name': 'pepsi', 'name': 'pepsi', 'id': '18139619'}, {'screen_name': 'pepsico', 'name': 'pepsico', 'id': '21346619'}]	[]	['https://pbs.twimg.com/media/CoNZjpJVUAA-Lwv.jpg']	4	0	22	['crystalpepsi']	[]	https://twitter.com/KevLAbeast/status/757547641454546944	False		1	https://pbs.twimg.com/media/CoNZjpJVUAA-Lwv.jpg							[]				
755129222520274944	755129222520274944	2016-07-19 04:56:50 KST	2016-07-19	04:56:50	+0900	95938091	ilrf	International Labor Rights Forum (GLJ-ILRF)		WATCH: Time to tell companies like @PepsiCo that cheap #palmoil is not worth workers' lives!  https://t.co/0a1kBfm2Dj  https://t.co/hvnKptVedA	en	[{'screen_name': 'pepsico', 'name': 'pepsico', 'id': '21346619'}]	['http://www.laborrights.org/new-video-exploitative-palm-oil-pepsis-supply-chain']	['https://pbs.twimg.com/media/CnrBO3IWEAALzHJ.jpg']	1	51	19	['palmoil']	[]	https://twitter.com/ILRF/status/755129222520274944	False		1	https://pbs.twimg.com/media/CnrBO3IWEAALzHJ.jpg							[]				
754329750798237696	754329750798237696	2016-07-17 00:00:02 KST	2016-07-17	00:00:02	+0900	16648790	feedingamerica	Feeding America		Thx @PepsiCo for helping to provide more than 8MM meals through @Walmart’s #FightHunger. Spark Change. campaign!  https://t.co/eEbBwdBBzh	en	[{'screen_name': 'pepsico', 'name': 'pepsico', 'id': '21346619'}, {'screen_name': 'walmart', 'name': 'walmart', 'id': '17137891'}]	[]	['https://pbs.twimg.com/media/Cnfq6IRWEAIGCFM.jpg']	1	19	46	['fighthunger']	[]	https://twitter.com/FeedingAmerica/status/754329750798237696	False		1	https://pbs.twimg.com/media/Cnfq6IRWEAIGCFM.jpg							[]				
753655816931020801	753655816931020801	2016-07-15 03:22:03 KST	2016-07-15	03:22:03	+0900	44670915	jbalvin	J BALVIN		Listo ya rompí la rutina pues parceros. Yo veré @cuadrado @uranrigoberto pepsi pepsico😂🚴🏻⚽️👶🏿…  https://t.co/XxG2ncm5nV	es	[{'screen_name': 'cuadrado', 'name': 'juan cuadrado', 'id': '1238774719'}, {'screen_name': 'uranrigoberto', 'name': 'rigoberto urán яu', 'id': '458755731'}]	['https://www.instagram.com/p/BH2g2CshMGy/']	[]	16	124	690	[]	[]	https://twitter.com/JBALVIN/status/753655816931020801	False		0								[]				
753647224412790784	753647224412790784	2016-07-15 02:47:55 KST	2016-07-15	02:47:55	+0900	834281252	crossfit	CrossFit		.@eatright who is currently sponsored by @PepsiCo, wants to stop fitness trainers from giving nutritional advice.  https://t.co/7IJ288LwTs	en	[{'screen_name': 'eatright', 'name': 'eatright', 'id': '14543569'}, {'screen_name': 'pepsico', 'name': 'pepsico', 'id': '21346619'}]	['http://www.eatrightpro.org/resources/about-us/advertising-and-sponsorship/meet-our-sponsors']	[]	1	5	17	[]	[]	https://twitter.com/CrossFit/status/753647224412790784	False		0								[]				
750014835828588545	750014835828588545	2016-07-05 02:14:06 KST	2016-07-05	02:14:06	+0900	317322050	papas_sabritas	Papas Sabritas		Comunicado Oficial de #Pepsico sobre la salida de Papas Sabritas  https://t.co/G1QUUNJOaF  https://t.co/mueZipW3bs	es	[]	['http://bit.ly/29dPPoY']	['https://pbs.twimg.com/media/CmiWhC5WIAE18cd.jpg']	6	11	18	['pepsico']	[]	https://twitter.com/Papas_Sabritas/status/750014835828588545	False		1	https://pbs.twimg.com/media/CmiWhC5WIAE18cd.jpg							[]				
