id	conversation_id	created_at	date	time	timezone	user_id	username	name	place	tweet	language	mentions	urls	photos	replies_count	retweets_count	likes_count	hashtags	cashtags	link	retweet	quote_url	video	thumbnail	near	geo	source	user_rt_id	user_rt	retweet_id	reply_to	retweet_date	translate	trans_src	trans_dest
296369654862082048	296369654862082048	2013-01-30 06:30:06 KST	2013-01-30	06:30:06	+0900	38531995	droz	Dr. Mehmet Oz		Sarah Kavanaugh, the 15-year-old who helped inspire @PepsiCo to remove BVO from Gatorade, will be joining me on the @TodayShow tomorrow morn	en	[{'screen_name': 'pepsico', 'name': 'pepsico', 'id': '21346619'}, {'screen_name': 'todayshow', 'name': 'today', 'id': '7744592'}]	[]	[]	25	57	34	[]	[]	https://twitter.com/DrOz/status/296369654862082048	False		0								[]				
295241859800891392	295241859800891392	2013-01-27 03:48:39 KST	2013-01-27	03:48:39	+0900	38531995	droz	Dr. Mehmet Oz		After a 200k-stong petition by 15-year-old Sarah Kavanaugh and consumer response, PepsiCo is removing BVO from Gatorade  http://t.co/3yL3Qn9b	en	[]	['http://usat.ly/10KpzT7']	[]	35	197	69	[]	[]	https://twitter.com/DrOz/status/295241859800891392	False		0								[]				
295015879983382528	295015879983382528	2013-01-26 12:50:41 KST	2013-01-26	12:50:41	+0900	807095	nytimes	The New York Times		Diner’s Journal Blog: PepsiCo Will Halt Use of Additive in Gatorade  http://t.co/JTc46kSc	en	[]	['http://nyti.ms/Uruf0Q']	[]	5	62	19	[]	[]	https://twitter.com/nytimes/status/295015879983382528	False		0								[]				
294945523926978561	294945523926978561	2013-01-26 08:11:07 KST	2013-01-26	08:11:07	+0900	1652541	reuters	Reuters		PepsiCo replacing Gatorade ingredient after online petition  http://t.co/adUgBW53	en	[]	['http://reut.rs/14eJ4I7']	[]	9	119	17	[]	[]	https://twitter.com/Reuters/status/294945523926978561	False		0								[]				
294868507626196992	294868507626196992	2013-01-26 03:05:05 KST	2013-01-26	03:05:05	+0900	6017542	breakingnews	Breaking News		PepsiCo removing controversial ingredient, brominated vegetable oil, from Gatorade following customer complaints - @AP  http://t.co/ZpKRiOVG	en	[{'screen_name': 'ap', 'name': 'the associated press', 'id': '51241574'}]	['http://bit.ly/WVQ6fx']	[]	15	377	48	[]	[]	https://twitter.com/BreakingNews/status/294868507626196992	False		0								[]				
292467876366012416	292467876366012416	2013-01-19 12:05:50 KST	2013-01-19	12:05:50	+0900	153295172	willylevy29	William Levy		Thanks to PepsiCo and Sabritas Family for everything. Gracias a la familia PepsiCo y Sabritas pot todo.  http://t.co/FOF3FybO	en	[]	[]	['https://pbs.twimg.com/media/BA8N--eCUAA1hZC.jpg']	209	397	590	[]	[]	https://twitter.com/willylevy29/status/292467876366012416	False		1	https://pbs.twimg.com/media/BA8N--eCUAA1hZC.jpg							[]				
