id	conversation_id	created_at	date	time	timezone	user_id	username	name	place	tweet	language	mentions	urls	photos	replies_count	retweets_count	likes_count	hashtags	cashtags	link	retweet	quote_url	video	thumbnail	near	geo	source	user_rt_id	user_rt	retweet_id	reply_to	retweet_date	translate	trans_src	trans_dest
339845043043069952	339845043043069952	2013-05-30 05:45:46 KST	2013-05-30	05:45:46	+0900	9469932	taos	Taos Turner		"Fans of Pepsico's ""palitos salados"" will be happy to know Moreno's has put them on the list of 500 products whose prices will be frozen."	en	[]	[]	[]	6	26	11	[]	[]	https://twitter.com/taos/status/339845043043069952	False		0								[]				
332198211391479808	332198211391479808	2013-05-09 03:20:00 KST	2013-05-09	03:20:00	+0900	14075928	theonion	The Onion		“We may try out encouraging people to drink Mountain Dew CinnaBlast hot.” – PepsiCo VP of Marketing  http://t.co/ETT5D2lJOj	en	[]	['http://onion.com/15pWDb8']	[]	2	28	13	[]	[]	https://twitter.com/TheOnion/status/332198211391479808	False		0								[]				
332131567352823809	332131567352823809	2013-05-08 22:55:11 KST	2013-05-08	22:55:11	+0900	42389136	thereval	Reverend Al Sharpton		In a meeting at Pepsico Hdqts. w/ Emmett Till family and executives over the Lil Wayne controversy.	en	[]	[]	[]	20	25	14	[]	[]	https://twitter.com/TheRevAl/status/332131567352823809	False		0								[]				
329765974737842176	329765974737842176	2013-05-02 10:15:09 KST	2013-05-02	10:15:09	+0900	14511951	huffpost	HuffPost		"Tyler The Creator's ""racist"" Mountain Dew ad pulled by PepsiCo  http://t.co/XVWsubETpi"	en	[]	['http://huff.to/18pNjjt']	[]	16	37	15	[]	[]	https://twitter.com/HuffPost/status/329765974737842176	False		0								[]				
329727932597690368	329727932597690368	2013-05-02 07:43:59 KST	2013-05-02	07:43:59	+0900	69329527	bbcnorthamerica	BBC North America		PepsiCo withdraws advert over criticism that it depicts racial stereotypes and makes light of violence against women  http://t.co/IptRO9NyDi	en	[]	['http://bbc.in/104o5Dd']	[]	7	56	24	[]	[]	https://twitter.com/BBCNorthAmerica/status/329727932597690368	False		0								[]				
329641296392241152	329641296392241152	2013-05-02 01:59:44 KST	2013-05-02	01:59:44	+0900	14089195	pitchfork	Pitchfork		Update: PepsiCo, parent company for Mountain Dew, apologizes for racist ad directed by Tyler, the Creator  http://t.co/HBZdWap2ku	en	[]	['http://p4k.in/ZmPQqH']	[]	7	40	20	[]	[]	https://twitter.com/pitchfork/status/329641296392241152	False		0								[]				
