id	conversation_id	created_at	date	time	timezone	user_id	username	name	place	tweet	language	mentions	urls	photos	replies_count	retweets_count	likes_count	hashtags	cashtags	link	retweet	quote_url	video	thumbnail	near	geo	source	user_rt_id	user_rt	retweet_id	reply_to	retweet_date	translate	trans_src	trans_dest
372089256593739776	372089256593739776	2013-08-27 05:12:46 KST	2013-08-27	05:12:46	+0900	44168607	uf	FLORIDA		Um... RT @PepsiCo: Which university founded Gatorade? #CaseoftheMondays  http://t.co/FsPGyksF2n	en	[{'screen_name': 'pepsico', 'name': 'pepsico', 'id': '21346619'}]	[]	['https://pbs.twimg.com/media/BSnr8G-CUAACrMM.jpg']	7	38	17	['caseofthemondays']	[]	https://twitter.com/UF/status/372089256593739776	False		1	https://pbs.twimg.com/media/BSnr8G-CUAACrMM.jpg							[]				
369387985415860224	369387985415860224	2013-08-19 18:18:53 KST	2013-08-19	18:18:53	+0900	278235826	elissakh	Elissa		Lost words to express my grief about the loss of such a remarkable man,a dear friend...PepsiCo Near East-Asia Chief Saad Abdul Latif...	en	[]	[]	[]	60	82	90	[]	[]	https://twitter.com/elissakh/status/369387985415860224	False		0								[]				
368420222710976513	368420222710976513	2013-08-17 02:13:20 KST	2013-08-17	02:13:20	+0900	24342206	manuginobili	Manu Ginobili		Mil gracias Norton, Pepsico, Gatorade, Hotel Panamericano y Los Calvos por la gran colaboración a nuestra benéfica! #ChivoSolidario	es	[]	[]	[]	13	36	37	['chivosolidario']	[]	https://twitter.com/manuginobili/status/368420222710976513	False		0								[]				
363114210181386240	363114210181386240	2013-08-02 10:49:08 KST	2013-08-02	10:49:08	+0900	809760	badbanana	Tim Siedell		My Kickstarter pitch. I need $73B for a hostile takeover of PepsiCo.	en	[]	[]	[]	20	183	212	[]	[]	https://twitter.com/badbanana/status/363114210181386240	False		0								[]				
