id	conversation_id	created_at	date	time	timezone	user_id	username	name	place	tweet	language	mentions	urls	photos	replies_count	retweets_count	likes_count	hashtags	cashtags	link	retweet	quote_url	video	thumbnail	near	geo	source	user_rt_id	user_rt	retweet_id	reply_to	retweet_date	translate	trans_src	trans_dest
400918127245942784	400918127245942784	2013-11-14 18:28:24 KST	2013-11-14	18:28:24	+0900	775476828	pepsicoturkiye	PepsiCo Türkiye		PepsiCo için en yaratıcı sloganı #benimsloganım etiketiyle bize yaz, Xbox Kinect’i sen kazan!	tr	[]	[]	[]	113	30	125	['benimsloganım']	[]	https://twitter.com/PepsiCoTurkiye/status/400918127245942784	False		0								[]				
399989301183668224	399989301183668224	2013-11-12 04:57:35 KST	2013-11-12	04:57:35	+0900	19608297	hrc	Human Rights Campaign		PepsiCo’s Commitment to Diversity Has Its #LGBT Employees Singing Its Praises --  http://t.co/kCFrYt0FA4	en	[]	['http://bit.ly/HNZm42']	[]	4	50	43	['lgbt']	[]	https://twitter.com/HRC/status/399989301183668224	False		0								[]				
398475356124250112	398475356124250112	2013-11-08 00:41:42 KST	2013-11-08	00:41:42	+0900	36498980	yankeespr	Yankees PR Dept.		The Yankees are proud to work with @the_USO, @PepsiCo and @FedEx to make care packages to send to our troops  http://t.co/BihF1AmJvU	en	[{'screen_name': 'the_uso', 'name': 'uso', 'id': '36681590'}, {'screen_name': 'pepsico', 'name': 'pepsico', 'id': '21346619'}, {'screen_name': 'fedex', 'name': 'fedex', 'id': '134887156'}]	[]	['https://pbs.twimg.com/media/BYerOZnIYAEj0CR.jpg']	4	36	27	[]	[]	https://twitter.com/YankeesPR/status/398475356124250112	False		1	https://pbs.twimg.com/media/BYerOZnIYAEj0CR.jpg							[]				
397399678355918849	397399678355918849	2013-11-05 01:27:21 KST	2013-11-05	01:27:21	+0900	301308940	rubensancheztw	Rubén Sánchez		10 corporaciones para dominarnos Kraft Nestlé Coca-Cola Pepsico Johnson&amp;Johnson Kellogg's Mars General Mills Unilever  http://t.co/b5EWM1lLsP	es	[]	['http://ow.ly/qtqpU']	[]	7	83	20	[]	[]	https://twitter.com/RubenSanchezTW/status/397399678355918849	False		0								[]				
