id	conversation_id	created_at	date	time	timezone	user_id	username	name	place	tweet	language	mentions	urls	photos	replies_count	retweets_count	likes_count	hashtags	cashtags	link	retweet	quote_url	video	thumbnail	near	geo	source	user_rt_id	user_rt	retweet_id	reply_to	retweet_date	translate	trans_src	trans_dest
298668052344631296	298668052344631296	2013-02-05 14:43:07 KST	2013-02-05	14:43:07	+0900	104710814	bmkatz	Brian Katz		nice post from @MattRosoff about Pepsico and how they went with a  COPE iOS program  http://t.co/2kuDNTwC #mobile	en	[{'screen_name': 'mattrosoff', 'name': 'matt rosoff', 'id': '14577594'}]	['http://bit.ly/14B5sL2']	[]	0	41	45	['mobile']	[]	https://twitter.com/bmkatz/status/298668052344631296	False		0								[]				
298384967166205953	298384967166205953	2013-02-04 19:58:14 KST	2013-02-04	19:58:14	+0900	91478624	forbes	Forbes		Behind the brand: PepsiCo's Simon Lonwden on #SuperBowl ad strategy and Beyonce  http://t.co/kge0E3tO	en	[]	['http://bit.ly/11FXxc2']	[]	2	39	10	['superbowl']	[]	https://twitter.com/Forbes/status/298384967166205953	False		0								[]				
298314387838599170	298314387838599170	2013-02-04 15:17:47 KST	2013-02-04	15:17:47	+0900	91390383	sofiavergara	Sofia Vergara		Thank u Pepsico💙  http://t.co/9amMg3FP	en	[]	['http://instagr.am/p/VTHgLKLpet/']	[]	18	40	88	[]	[]	https://twitter.com/SofiaVergara/status/298314387838599170	False		0								[]				
297561636305240064	297561636305240064	2013-02-02 13:26:37 KST	2013-02-02	13:26:37	+0900	30395398	shawnjohnson	Shawn Johnson East		pepsico party #SB47 @JeanetteJenkins @serenawilliams @smallzjk hahah girl time  http://t.co/gfiNddHI	en	[{'screen_name': 'jeanettejenkins', 'name': 'jeanette jenkins', 'id': '54021284'}, {'screen_name': 'serenawilliams', 'name': 'serena williams', 'id': '26589987'}]	['http://instagr.am/p/VNxIEDg3l7/']	[]	4	6	25	['sb47']	[]	https://twitter.com/ShawnJohnson/status/297561636305240064	False		0								[]				
