id	conversation_id	created_at	date	time	timezone	user_id	username	name	place	tweet	language	mentions	urls	photos	replies_count	retweets_count	likes_count	hashtags	cashtags	link	retweet	quote_url	video	thumbnail	near	geo	source	user_rt_id	user_rt	retweet_id	reply_to	retweet_date	translate	trans_src	trans_dest
415881171780657152	415881171780657152	2013-12-26 01:26:12 KST	2013-12-26	01:26:12	+0900	21346619	pepsico	PepsiCo		Merry Christmas from the PepsiCo family to yours!	en	[]	[]	[]	3	20	16	[]	[]	https://twitter.com/PepsiCo/status/415881171780657152	False		0								[]				
412133048998961152	412133048998961152	2013-12-15 17:12:30 KST	2013-12-15	17:12:30	+0900	12480582	adage	Ad Age		How PepsiCo dreams up new products in China -- and outsmarts the copycats  http://t.co/VeP2pvapFR	en	[]	['http://bit.ly/1fcs0a7']	[]	5	22	11	[]	[]	https://twitter.com/adage/status/412133048998961152	False		0								[]				
411246629963194368	411246629963194368	2013-12-13 06:30:11 KST	2013-12-13	06:30:11	+0900	51241574	ap	The Associated Press		Mountain-Dew-flavored salad dressing? Doritos-flavored chicken wings? @candicechoi looks at PepsiCo menu ideas:  http://t.co/Dt23FHGLWF	en	[{'screen_name': 'candicechoi', 'name': 'candice choi', 'id': '22304988'}]	['http://apne.ws/1d9VvYh']	[]	15	63	23	[]	[]	https://twitter.com/AP/status/411246629963194368	False		0								[]				
411241892580311040	411241892580311040	2013-12-13 06:11:22 KST	2013-12-13	06:11:22	+0900	314662792	bwwings	Buffalo Wild Wings		Welcome to B-Dubs, @PepsiCo. We’re excited that you’ll be at all our locations soon.  http://t.co/zZ6hRmDKQI  http://t.co/udgCMwmrXa	en	[{'screen_name': 'pepsico', 'name': 'pepsico', 'id': '21346619'}]	['http://bit.ly/1hPuGi1']	['https://pbs.twimg.com/media/BbUGUofCUAArXxg.jpg']	75	119	107	[]	[]	https://twitter.com/BWWings/status/411241892580311040	False		1	https://pbs.twimg.com/media/BbUGUofCUAArXxg.jpg							[]				
410004700969566208	410004700969566208	2013-12-09 20:15:12 KST	2013-12-09	20:15:12	+0900	12480582	adage	Ad Age		How PepsiCo Dreams Up New Products in China -- And Outsmarts the Copycats  http://t.co/HK24gWd1Tx	en	[]	['http://bit.ly/J673n3']	[]	0	18	10	[]	[]	https://twitter.com/adage/status/410004700969566208	False		0								[]				
409276619103436800	409276619103436800	2013-12-07 20:02:04 KST	2013-12-07	20:02:04	+0900	12480582	adage	Ad Age		Fox has sold out of Super Bowl ad time, with regulars like PepsiCo joined by newcomers including Jaguar  http://t.co/uo79Au7NzS	en	[]	['http://bit.ly/18e1DBj']	[]	9	43	13	[]	[]	https://twitter.com/adage/status/409276619103436800	False		0								[]				
408015621012865024	408015621012865024	2013-12-04 08:31:19 KST	2013-12-04	08:31:19	+0900	12480582	adage	Ad Age		How are PepsiCo and Coca-Cola creating the cola of the future?  http://t.co/uldiydXpJx	en	[]	['http://bit.ly/1hw42dV']	[]	3	21	11	[]	[]	https://twitter.com/adage/status/408015621012865024	False		0								[]				
