id	conversation_id	created_at	date	time	timezone	user_id	username	name	place	tweet	language	mentions	urls	photos	replies_count	retweets_count	likes_count	hashtags	cashtags	link	retweet	quote_url	video	thumbnail	near	geo	source	user_rt_id	user_rt	retweet_id	reply_to	retweet_date	translate	trans_src	trans_dest
251832676439453696	251832676439453696	2012-09-28 19:56:03 EDT	2012-09-28	19:56:03	-0400	29125761	vanessamorgan	Vanessa Morgan		East Coast Turn on Disney Channel my babysitters a vampire is on next!! 8pm .. Make sure to watch the new opening surprise💝	en	[]	[]	[]	23	28	26	[]	[]	https://twitter.com/VanessaMorgan/status/251832676439453696	False		0								[]				
251827436424134656	251827436424134656	2012-09-28 19:35:14 EDT	2012-09-28	19:35:14	-0400	17994199	curlycomedy	Abbi Crutchfield		#FF “@OhNoSheTwitnt: How does Disney decide who needs pants and who doesn't?”	en	[{'screen_name': 'ohnoshetwitnt', 'name': 'the volatile mermaid', 'id': '149249831'}]	[]	[]	0	2	5	['ff']	[]	https://twitter.com/curlycomedy/status/251827436424134656	False		0								[]				
251816253256241152	251816253256241152	2012-09-28 18:50:47 EDT	2012-09-28	18:50:47	-0400	36947388	disneystudios	Walt Disney Studios		Enter the #WreckItRalph Play &amp; Win Sweeps for the chance to win a trip from Adventures by Disney:  http://t.co/RnzZJ2C6	en	[]	['http://di.sn/e45']	[]	4	9	6	['wreckitralph']	[]	https://twitter.com/DisneyStudios/status/251816253256241152	False		0								[]				
251812847603032065	251812847603032065	2012-09-28 18:37:17 EDT	2012-09-28	18:37:17	-0400	41697864	wdfmuseum	The Walt Disney Family Museum		You never know who you'll bump into at The Walt Disney Family Museum...! Thanks for visiting us today, @TomHanks!  http://t.co/46eiatEX	en	[{'screen_name': 'tomhanks', 'name': 'tom hanks', 'id': '50374439'}]	[]	['https://pbs.twimg.com/media/A36ec2PCIAITxrG.png']	5	37	14	[]	[]	https://twitter.com/WDFMuseum/status/251812847603032065	False		1	https://pbs.twimg.com/media/A36ec2PCIAITxrG.png							[]				
251812093819498497	251812093819498497	2012-09-28 18:34:16 EDT	2012-09-28	18:34:16	-0400	61402493	furukawamirin	古川未鈴		ファンテ、復刻しないかなぁ #nowPlaying ディズニー・ファンティリュージョン! (フェアリー・ガーデン) by Disney	ja	[]	[]	[]	2	1	5	['nowplaying']	[]	https://twitter.com/FurukawaMirin/status/251812093819498497	False		0								[]				
251804053628141568	251804053628141568	2012-09-28 18:02:19 EDT	2012-09-28	18:02:19	-0400	319728872	iamleohoward	Leo Howard		Think you could hit a 90mph pitch? I try it out and uncover how fast MLB players do it on Disney XD ESPN @Sport_Science 9/29 at 11am ET/PT	en	[{'screen_name': 'sport_science', 'name': 'espn sport science', 'id': '800768770100764674'}]	[]	[]	27	91	98	[]	[]	https://twitter.com/iamLeoHoward/status/251804053628141568	False		0								[]				
251803145645223936	251803145645223936	2012-09-28 17:58:42 EDT	2012-09-28	17:58:42	-0400	666043	danielpunkass	Daniel Jalkut		This never would have happened if Walt Disney were alive.	en	[]	[]	[]	6	8	19	[]	[]	https://twitter.com/danielpunkass/status/251803145645223936	False		0								[]				
251790580273778688	251790580273778688	2012-09-28 17:08:47 EDT	2012-09-28	17:08:47	-0400	67418441	disney	Disney		“I’m a bear of very little brain, and long words bother me.” #WinniethePooh  http://t.co/DV9fnYUi	en	[]	[]	['https://pbs.twimg.com/media/A36KMt-CEAAV5DD.jpg']	13	528	449	['winniethepooh']	[]	https://twitter.com/Disney/status/251790580273778688	False		1	https://pbs.twimg.com/media/A36KMt-CEAAV5DD.jpg							[]				
251789372247134208	251789372247134208	2012-09-28 17:03:59 EDT	2012-09-28	17:03:59	-0400	106801692	johnbrenkus_	John Brenkus		How much force &amp; speed does @VernonDavis85 use? Find out on Disney XD ESPN @Sport_Science 9/29 at 11 am ET/PT w/@iamLeoHoward and me.	en	[{'screen_name': 'vernondavis85', 'name': 'vernondavis85', 'id': '39922782'}, {'screen_name': 'sport_science', 'name': 'espn sport science', 'id': '800768770100764674'}, {'screen_name': 'iamleohoward', 'name': 'leo howard', 'id': '319728872'}]	[]	[]	0	25	16	[]	[]	https://twitter.com/johnbrenkus_/status/251789372247134208	False		0								[]				
251788568639459328	251788568639459328	2012-09-28 17:00:47 EDT	2012-09-28	17:00:47	-0400	78385097	jrcarmichael	Jesse Carmichael		Getting Pumped for tonight. Disney Concert Hall!!! The one piano/two piano/full orchestra versions... #Evolu  http://t.co/e4cwjxHT	en	[]	['http://instagr.am/p/QIhwdmrlV0/']	[]	0	20	8	['evolu']	[]	https://twitter.com/JRCarmichael/status/251788568639459328	False		0								[]				
251784780755132416	251784780755132416	2012-09-28 16:45:44 EDT	2012-09-28	16:45:44	-0400	151058150	queenhoneyc	HONEY C 🐝		Disney channel &gt;&gt;&gt;	en	[]	[]	[]	14	225	49	[]	[]	https://twitter.com/QueenHoneyC/status/251784780755132416	False		0								[]				
251783299041730561	251783299041730561	2012-09-28 16:39:51 EDT	2012-09-28	16:39:51	-0400	21502768	gracehelbig	Grace Helbig		Disney movies that can teach girls about periods! #DailyGrace  http://t.co/MNemn3ys	en	[]	['http://www.youtube.com/watch?v=UfhSvgg4fUQ&list=UUIgROm26GDN1Qu4PPvGCB6Q&index=1&feature=plcp']	[]	11	43	59	['dailygrace']	[]	https://twitter.com/gracehelbig/status/251783299041730561	False		0								[]				
251781640056078337	251781640056078337	2012-09-28 16:33:15 EDT	2012-09-28	16:33:15	-0400	33549858	vh1	VH1		Happy Birthday, @HilaryDuff!  http://t.co/CoE7ByxS See her transform from @Disney Princess to HOT MAMA:  http://t.co/RjxFcF9B	en	[{'screen_name': 'hilaryduff', 'name': 'hilary duff', 'id': '200913899'}, {'screen_name': 'disney', 'name': 'disney', 'id': '67418441'}]	['http://instagr.am/p/QIeTcHNlm6/', 'http://on.vh1.com/NVvV0K']	[]	3	29	10	[]	[]	https://twitter.com/VH1/status/251781640056078337	False		0								[]				
251781541926146048	251781541926146048	2012-09-28 16:32:52 EDT	2012-09-28	16:32:52	-0400	37718134	werevertumorro	EL WATEVER		Disney... Yo soy mas diabólico  http://t.co/vJSZynV6	es	[]	['http://instagr.am/p/QIcYCzgLYC/']	[]	25	108	117	[]	[]	https://twitter.com/werevertumorro/status/251781541926146048	False		0								[]				
251762335738380289	251762335738380289	2012-09-28 15:16:33 EDT	2012-09-28	15:16:33	-0400	27911944	michaelbuble	Michael Bublé		This week at Euro Disney in France with Luisana &amp; DSquared2  http://t.co/NoFK5ssF	en	[]	['http://instagr.am/p/QIWHcgpSwN/']	[]	58	138	157	[]	[]	https://twitter.com/MichaelBuble/status/251762335738380289	False		0								[]				
251760678342385666	251760678342385666	2012-09-28 15:09:57 EDT	2012-09-28	15:09:57	-0400	179661493	jasonritter	Jason Ritter 🦋		Tonight's episode of Gravity Falls is AWESOME. Li'l Gideon Strikes Back! And we meet his mommy. Prepare yours elves. 9:30 Disney Channel!	en	[]	[]	[]	13	15	12	[]	[]	https://twitter.com/JasonRitter/status/251760678342385666	False		0								[]				
251756965636739072	251756965636739072	2012-09-28 14:55:12 EDT	2012-09-28	14:55:12	-0400	27372616	choochoogirl	Genevieve Goings		Just heard from Disney Records that we are cleared to record 4 additional songs to complete a full new album for 2013! #choochoosoul	en	[]	[]	[]	7	5	6	['choochoosoul']	[]	https://twitter.com/ChooChooGirl/status/251756965636739072	False		0								[]				
251739671955132416	251738973158903810	2012-09-28 13:46:29 EDT	2012-09-28	13:46:29	-0400	380399508	littlemix	Little Mix		@LottyDrewHoney well i love disney, when i was little i loved tom n jerry, and dexter's lab :) xxjadexx	en	[]	[]	[]	37	56	46	[]	[]	https://twitter.com/LittleMix/status/251739671955132416	False		0								[]				
251738727062323200	251738238711132160	2012-09-28 13:42:44 EDT	2012-09-28	13:42:44	-0400	380399508	littlemix	Little Mix		@1D_OhMyNosh hmm llamas i think, have you seen the disney film 'the emperor's new groove'? Thats why! Xxjadexx	en	[]	[]	[]	37	55	54	[]	[]	https://twitter.com/LittleMix/status/251738727062323200	False		0								[]				
251735630780956672	251735630780956672	2012-09-28 13:30:26 EDT	2012-09-28	13:30:26	-0400	362089046	disney_insiders	Disney Movie Insiders		Please RT: Starting October 2nd, your Blu-ray and Blu-ray/DVD Combo Packs are worth more points!  Get details here:  http://t.co/d4WGL23V!	en	[]	['http://bit.ly/NVw04x']	[]	2	26	5	[]	[]	https://twitter.com/Disney_Insiders/status/251735630780956672	False		0								[]				
251733381052764160	251733381052764160	2012-09-28 13:21:29 EDT	2012-09-28	13:21:29	-0400	106538753	eonlinelatino	E! Online Latino		Hoy cumple años la única princesa Disney que no ha protagonizado ningún escándalo -------------&gt;  http://t.co/DkejpoYg	es	[]	['http://bit.ly/R0fDBq']	[]	5	166	24	[]	[]	https://twitter.com/EonlineLatino/status/251733381052764160	False		0								[]				
251730486026727424	251730486026727424	2012-09-28 13:09:59 EDT	2012-09-28	13:09:59	-0400	29484644	disneyparks	Disney Parks		On its third anniversary, the Disney Parks Blog takes a look back at September 2009:  http://t.co/a5UmJoAo	en	[]	['http://bit.ly/P04LqM']	[]	2	13	11	[]	[]	https://twitter.com/DisneyParks/status/251730486026727424	False		0								[]				
251724490508234753	251724490508234753	2012-09-28 12:46:10 EDT	2012-09-28	12:46:10	-0400	10398152	disneyauditions	Disney Auditions		Character Performer auditions for the Disney College Program begin 10/5 through 10/21. Click for info:  http://t.co/nWF3VoE3	en	[]	['http://ow.ly/dTPEx']	[]	0	5	6	[]	[]	https://twitter.com/disneyauditions/status/251724490508234753	False		0								[]				
251719471629225984	251719471629225984	2012-09-28 12:26:13 EDT	2012-09-28	12:26:13	-0400	67418441	disney	Disney		“Yes, they named her after the dawn, for she filled their lives with sunshine.” #SleepingBeauty  http://t.co/O20k9nI7	en	[]	[]	['https://pbs.twimg.com/media/A35JhpoCUAAWVmd.png']	12	426	341	['sleepingbeauty']	[]	https://twitter.com/Disney/status/251719471629225984	False		1	https://pbs.twimg.com/media/A35JhpoCUAAWVmd.png							[]				
251695304519348224	251695304519348224	2012-09-28 10:50:11 EDT	2012-09-28	10:50:11	-0400	140042365	amitbmoshe	Amit		You are never too old for Disney movies.	en	[]	[]	[]	4	26	5	[]	[]	https://twitter.com/amitbmoshe/status/251695304519348224	False		0								[]				
251693451190611968	251693451190611968	2012-09-28 10:42:49 EDT	2012-09-28	10:42:49	-0400	140820455	sho_wada	和田 唱(トライセラトップス)		Disney Tシャツ、これはSPACE SHOWER TVの協力なしでは実現できなかった。本当に感謝です！このTシャツを誇りに思う。ミッキーもドナルドもグーフィーも俺自身が大好きな1930年代の造形！ここは拘らせてもらった。  http://t.co/E0HqPix8	ja	[]	['http://bit.ly/PKgR4v']	[]	10	60	34	[]	[]	https://twitter.com/sho_wada/status/251693451190611968	False		0								[]				
251629596427034624	251629596427034624	2012-09-28 06:29:05 EDT	2012-09-28	06:29:05	-0400	142921471	modelpress	モデルプレス		TDLシンデレラ城で初の結婚式　ミッキーも2人を祝福  http://t.co/r5AmXhiD #Disney #ディズニー #Disneyfan	ja	[]	['http://mdpr.jp/011204828']	[]	2	112	25	['disney', 'ディズニー', 'disneyfan']	[]	https://twitter.com/modelpress/status/251629596427034624	False		0								[]				
251614478242828288	251614478242828288	2012-09-28 05:29:01 EDT	2012-09-28	05:29:01	-0400	17446621	thr	The Hollywood Reporter		Disney's Anne Sweeney Discusses Changing Role of ABC, Hulu, YouTube, Mobile Video Growth  http://t.co/r6gYuWDa	en	[]	['http://j.mp/PK8iqk']	[]	0	13	7	[]	[]	https://twitter.com/THR/status/251614478242828288	False		0								[]				
251536062927757312	251536062927757312	2012-09-28 00:17:25 EDT	2012-09-28	00:17:25	-0400	792788359	_dpiddy	D-Piddy 🎭		Holy sh... is that a 50 foot golden Nintendo Wii in the Cave of Wonders? #aladdin #disney #mindblown  http://t.co/JTQ2ipQ7	en	[]	[]	['https://pbs.twimg.com/media/A32it2-CYAAd9US.jpg']	4	26	12	['aladdin', 'disney', 'mindblown']	[]	https://twitter.com/_dpiddy/status/251536062927757312	False		1	https://pbs.twimg.com/media/A32it2-CYAAd9US.jpg							[]				
251520789730439168	251520789730439168	2012-09-27 23:16:43 EDT	2012-09-27	23:16:43	-0400	24190981	teenvogue	Teen Vogue		Disney star @Zendaya96 glows in gold at the #tvyounghollywood Emporio @Armani party  http://t.co/sDn6k15z	en	[{'screen_name': 'zendaya96', 'name': 'not zendaya', 'id': '1135594057'}, {'screen_name': 'armani', 'name': 'armani', 'id': '78021221'}]	['http://instagr.am/p/QGn7n0NmLn/']	[]	3	54	48	['tvyounghollywood']	[]	https://twitter.com/TeenVogue/status/251520789730439168	False		0								[]				
251505545310248960	251505545310248960	2012-09-27 22:16:09 EDT	2012-09-27	22:16:09	-0400	16283221	dylanrsnyder	Dylan Riley Snyder		Seeing @matt_nard in a few hours in Orlando! Tripping down downtown Disney just like we did in Times Square back in the day!	en	[{'screen_name': 'matt_nard', 'name': 'matthew nardozzi', 'id': '565869983'}]	[]	[]	3	10	16	[]	[]	https://twitter.com/DylanRSnyder/status/251505545310248960	False		0								[]				
251504134275084289	251504134275084289	2012-09-27 22:10:32 EDT	2012-09-27	22:10:32	-0400	24190981	teenvogue	Teen Vogue		Disney star @BlakeMichael14 arrives on the #tvyounghollywood red carpet  http://t.co/l9MrY4Xu	en	[{'screen_name': 'blakemichael14', 'name': 'blake michael', 'id': '65022265'}]	['http://instagr.am/p/QGgmgiNmFI/']	[]	0	7	9	['tvyounghollywood']	[]	https://twitter.com/TeenVogue/status/251504134275084289	False		0								[]				
251502359979630592	251502359979630592	2012-09-27 22:03:29 EDT	2012-09-27	22:03:29	-0400	44204341	boyziimen	Boyz II Men		Florida next week...... St pete, Stewart and then Orlando for a week at Walt Disney world with the fam!!! 11 days in Florida!	en	[]	[]	[]	26	15	14	[]	[]	https://twitter.com/BoyzIIMen/status/251502359979630592	False		0								[]				
251496159363883008	251496159363883008	2012-09-27 21:38:51 EDT	2012-09-27	21:38:51	-0400	130983633	ezequielcampa	Ezequiel Campa		Disney gouorulduordl	en	[]	[]	[]	4	23	5	[]	[]	https://twitter.com/EzequielCampa/status/251496159363883008	False		0								[]				
251493501198548993	251493501198548993	2012-09-27 21:28:17 EDT	2012-09-27	21:28:17	-0400	163530567	olivia_holt	olivia holt		If you can dream it, you can do it. ~ Walt Disney	en	[]	[]	[]	18	173	116	[]	[]	https://twitter.com/olivia_holt/status/251493501198548993	False		0								[]				
251493479052636160	251493479052636160	2012-09-27 21:28:12 EDT	2012-09-27	21:28:12	-0400	28291765	brunopinasco	Bruno Pinasco		"En mis manos, uno de los 32 Oscars que gano Walt Disney mientras vivió. Este fue por el documental ""White  W  http://t.co/e70YIdGm"	es	[]	['http://instagr.am/p/QD6qwLMdUn/']	[]	14	19	15	[]	[]	https://twitter.com/BrunoPinasco/status/251493479052636160	False		0								[]				
251490748472643584	251490748472643584	2012-09-27 21:17:21 EDT	2012-09-27	21:17:21	-0400	55520719	shreyaghoshal	Shreya Ghoshal		Awestruck by the world of Disney’s Magic Kingdom d the Islands of adventure, Universal studios. Still dreaming, floating in fantasy land!	en	[]	[]	[]	18	36	36	[]	[]	https://twitter.com/shreyaghoshal/status/251490748472643584	False		0								[]				
251479775296749568	251479775296749568	2012-09-27 20:33:45 EDT	2012-09-27	20:33:45	-0400	17525171	variety	Variety		Gomez returns for 'Wizards' special: TV News:              Disney Channel reunites cast of successful skein     http://t.co/lGp6y4d7	en	[]	['http://bit.ly/Pb7mZF']	[]	0	84	26	[]	[]	https://twitter.com/Variety/status/251479775296749568	False		0								[]				
251476818069172224	251476818069172224	2012-09-27 20:22:00 EDT	2012-09-27	20:22:00	-0400	29484644	disneyparks	Disney Parks		"This week's ""Disney Parks After Dark"" captures Spaceship Earth at Epcot. Take a look at the dramatic icon:  http://t.co/x1jzPAjL"	en	[]	['http://bit.ly/SomAiH']	[]	2	13	10	[]	[]	https://twitter.com/DisneyParks/status/251476818069172224	False		0								[]				
251471891842363393	251471891842363393	2012-09-27 20:02:25 EDT	2012-09-27	20:02:25	-0400	15220473	waltdisneyworld	Walt Disney World		"This week's ""Disney Parks After Dark"" captures Spaceship Earth at Epcot. Take a look at the dramatic icon:  http://t.co/M5EYHxfG"	en	[]	['http://bit.ly/SomAiH']	[]	3	23	21	[]	[]	https://twitter.com/WaltDisneyWorld/status/251471891842363393	False		0								[]				
251466942957903872	251466942957903872	2012-09-27 19:42:45 EDT	2012-09-27	19:42:45	-0400	119332466	cinemania_es	CINEMANIA_ES		7 películas de animación que nunca veremos (y que tenían buena pinta): Disney ha cancelado el nuevo filme de Hen...  http://t.co/AzPwsKet	es	[]	['http://bit.ly/Q5ijhF']	[]	0	17	11	[]	[]	https://twitter.com/CINEMANIA_ES/status/251466942957903872	False		0								[]				
251457597528485888	251457597528485888	2012-09-27 19:05:37 EDT	2012-09-27	19:05:37	-0400	15645093	flavorwire	Flavorwire		Beautiful Pre-Production Drawings for Disney’s ‘Cinderella’  http://t.co/Q5T04sUY	en	[]	['http://bit.ly/PtM3UC']	[]	0	3	5	[]	[]	https://twitter.com/flavorwire/status/251457597528485888	False		0								[]				
251435043719897089	251435043719897089	2012-09-27 17:36:00 EDT	2012-09-27	17:36:00	-0400	29484644	disneyparks	Disney Parks		"""When people laugh at Mickey Mouse it's because he's so human; and that is the secret of his popularity."" – Walt Disney"	en	[]	[]	[]	1	80	29	[]	[]	https://twitter.com/DisneyParks/status/251435043719897089	False		0								[]				
251430934207946754	251430934207946754	2012-09-27 17:19:40 EDT	2012-09-27	17:19:40	-0400	67418441	disney	Disney		#DisneyTrivia: What’s the name of the group that coins the term “Hunkules”?	en	[]	[]	[]	176	38	13	['disneytrivia']	[]	https://twitter.com/Disney/status/251430934207946754	False		0								[]				
251421922439610368	251421922439610368	2012-09-27 16:43:52 EDT	2012-09-27	16:43:52	-0400	613088225	mirasorvino	Mira Sorvino		"By romy of course I mean ""Romy and MIchelle"" I encourage u all to write to Disney to request sequel, Lisa &amp;Robin Schiff(writer) are dn 4 it!"	en	[]	[]	[]	13	129	45	[]	[]	https://twitter.com/MiraSorvino/status/251421922439610368	False		0								[]				
251392509702451200	251392509702451200	2012-09-27 14:46:59 EDT	2012-09-27	14:46:59	-0400	15164565	slate	Slate		RT @laurahelmuth: Most revolting Disney character ever. (But probably not a cause of anorexia.)  http://t.co/ywBICasD	en	[{'screen_name': 'laurahelmuth', 'name': 'laura helmuth', 'id': '182839127'}]	['http://slate.me/QXm2ND']	[]	0	5	5	[]	[]	https://twitter.com/Slate/status/251392509702451200	False		0								[]				
251391920075571201	251391920075571201	2012-09-27 14:44:39 EDT	2012-09-27	14:44:39	-0400	14638581	biobio	BioBioChile		Skrillex aparecerá en nueva película animada de Disney  http://t.co/EAUQXFnD	es	[]	['http://rbb.cl/3ncl']	[]	2	16	4	[]	[]	https://twitter.com/biobio/status/251391920075571201	False		0								[]				
251386258742444032	251386258742444032	2012-09-27 14:22:09 EDT	2012-09-27	14:22:09	-0400	19784831	wwd	WWD		"Christian Louboutin previewed a short film in collaboration with Disney to coincide with the debut of ""Cinderella"":  http://t.co/jzzchDhU"	en	[]	['http://wwd.us/P9I26a']	[]	4	47	10	[]	[]	https://twitter.com/wwd/status/251386258742444032	False		0								[]				
251378254563405824	251367940702748672	2012-09-27 13:50:20 EDT	2012-09-27	13:50:20	-0400	32985158	chriscolfer	Chris Colfer		@KurtsieKalanai It's great for Disney World/Land lovers!	en	[]	[]	[]	4	90	102	[]	[]	https://twitter.com/chriscolfer/status/251378254563405824	False		0								[]				
251376697520320512	251376697520320512	2012-09-27 13:44:09 EDT	2012-09-27	13:44:09	-0400	67418441	disney	Disney		Character comes from within. Watch:  http://t.co/Ej7xbyYx	en	[]	['http://di.sn/l4S']	[]	2	80	48	[]	[]	https://twitter.com/Disney/status/251376697520320512	False		0								[]				
251369344326586368	251369344326586368	2012-09-27 13:14:56 EDT	2012-09-27	13:14:56	-0400	362089046	disney_insiders	Disney Movie Insiders		Please RT: Save $5 on the Cinderella Diamond Edition 3-Disc Blu-ray™ Combo Pack.  Get details here:  http://t.co/iH49a4qC (expires 10/7/12)	en	[]	['http://bit.ly/STb6Qq']	[]	2	28	5	[]	[]	https://twitter.com/Disney_Insiders/status/251369344326586368	False		0								[]				
251369269038809088	251369269038809088	2012-09-27 13:14:38 EDT	2012-09-27	13:14:38	-0400	470542127	cpetey222	Chris Peterson		"LAB RATS FANS!! THE WAIT IS ALMOST OVER!! SPREAD THE WORD!! ALL NEW ""Lab Rats"" episodes starting MONDAY OCTOBER 8 AT 9PM EST ON DISNEY XD!!!"	en	[]	[]	[]	9	60	30	[]	[]	https://twitter.com/CPetey222/status/251369269038809088	False		0								[]				
251368454932807682	251368454932807682	2012-09-27 13:11:24 EDT	2012-09-27	13:11:24	-0400	12378512	disneyland	Disneyland Resort		New Disney Villains collection by @noahfineart coming to D Street in the #DowntownDisney District:  http://t.co/NnIoLcgw	en	[{'screen_name': 'noahfineart', 'name': 'noah elias', 'id': '40693407'}]	['http://bit.ly/P9RNBx']	[]	2	11	6	['downtowndisney']	[]	https://twitter.com/Disneyland/status/251368454932807682	False		0								[]				
251367796787798016	251367796787798016	2012-09-27 13:08:47 EDT	2012-09-27	13:08:47	-0400	31090827	20m	20minutos.es		"Tim Burton: ""#Disney se ha llegado asustar con alguna de mis películas""  http://t.co/S902FZEZ"	es	[]	['http://bit.ly/QfC3O3']	[]	0	43	7	['disney']	[]	https://twitter.com/20m/status/251367796787798016	False		0								[]				
251356099322716160	251356099322716160	2012-09-27 12:22:18 EDT	2012-09-27	12:22:18	-0400	12378512	disneyland	Disneyland Resort		Stop by Carthay Circle Lounge to relax and enjoy a drink at Disney California Adventure park.  http://t.co/cTCtW6mX @DCAToday	en	[{'screen_name': 'dcatoday', 'name': 'disneyland today', 'id': '570530561'}]	['http://bit.ly/Rl6fug']	[]	0	8	10	[]	[]	https://twitter.com/Disneyland/status/251356099322716160	False		0								[]				
251331704839606272	251331704839606272	2012-09-27 10:45:22 EDT	2012-09-27	10:45:22	-0400	22650211	gma	Good Morning America		Celebrate #FindingNemo in 3D! Win a trip for four to to explore the sea on a  Disney Cruise Line adventure! Enter here:  http://t.co/PNDRI7P6	en	[]	['http://bit.ly/NY441a']	[]	1	5	6	['findingnemo']	[]	https://twitter.com/GMA/status/251331704839606272	False		0								[]				
251301511651528704	251301511651528704	2012-09-27 08:45:23 EDT	2012-09-27	08:45:23	-0400	22650211	gma	Good Morning America		Celebrate #FindingNemo in 3D! Win a trip for four to to explore the sea on  a Disney Cruise Line adventure! Enter here:  http://t.co/PNDRI7P6	en	[]	['http://bit.ly/NY441a']	[]	0	8	3	['findingnemo']	[]	https://twitter.com/GMA/status/251301511651528704	False		0								[]				
251287391376113665	251287391376113665	2012-09-27 07:49:17 EDT	2012-09-27	07:49:17	-0400	142921471	modelpress	モデルプレス		ディズニーホテルに「ミッキーの部屋」が新登場  http://t.co/nPlEmUrW #Disney #ディズニー #Disneyfan	ja	[]	['http://mdpr.jp/011204577']	[]	0	63	8	['disney', 'ディズニー', 'disneyfan']	[]	https://twitter.com/modelpress/status/251287391376113665	False		0								[]				
251170746112565250	251170746112565250	2012-09-27 00:05:47 EDT	2012-09-27	00:05:47	-0400	39565480	adelareguera	Ana De La Reguera		Esta noche presentando Cinderella en Disney ! Sale en blue ray el próximo 2 d oct remasterisada!  http://t.co/MfRKpqfL	es	[]	[]	['https://pbs.twimg.com/media/A3xWdnyCYAAq1uL.jpg']	13	27	28	[]	[]	https://twitter.com/ADELAREGUERA/status/251170746112565250	False		1	https://pbs.twimg.com/media/A3xWdnyCYAAq1uL.jpg							[]				
251144237960294400	251144237960294400	2012-09-26 22:20:27 EDT	2012-09-26	22:20:27	-0400	807703597	emoireoff	Emmanuel Moire		Sur la route avec @FauveDanse @OlivierOttin pour un tournage chez Disney... Avec #DALS on ne s'ennuie jamais 😋  http://t.co/LCPWuwam	fr	[{'screen_name': 'olivierottin', 'name': 'olivier ottin', 'id': '1211598177582768128'}]	[]	['https://pbs.twimg.com/media/A3w-WpNCcAAQFaj.jpg']	11	21	13	['dals']	[]	https://twitter.com/EmoireOff/status/251144237960294400	False		1	https://pbs.twimg.com/media/A3w-WpNCcAAQFaj.jpg							[]				
251142924606259200	251142924606259200	2012-09-26 22:15:13 EDT	2012-09-26	22:15:13	-0400	124172948	la_patilla	La Patilla		Vergonzosa experiencia en Disney la motivo a bajar de peso (Foto)  http://t.co/G0vPNY0O	es	[]	['http://patil.la/SPFMSB']	[]	0	16	7	[]	[]	https://twitter.com/la_patilla/status/251142924606259200	False		0								[]				
251128306185953281	251128306185953281	2012-09-26 21:17:08 EDT	2012-09-26	21:17:08	-0400	95023423	uberfacts	UberFacts		"Jackie Chan provided the speaking and singing voice of Beast in the Chinese version of Disney's ""Beauty and the Beast."""	en	[]	[]	[]	8	530	189	[]	[]	https://twitter.com/UberFacts/status/251128306185953281	False		0								[]				
251120095873613825	251120095873613825	2012-09-26 20:44:31 EDT	2012-09-26	20:44:31	-0400	89014429	natbynature	Nattie		Here's a good shot of @prepshow and I celebrating @georgiasmith87 birthday !! #aloha #Disney  http://t.co/YVI3Mvq8	en	[{'screen_name': 'prepshow', 'name': 'candy crush', 'id': '2281956993'}, {'screen_name': 'georgiasmith87', 'name': 'georgia joyce smith', 'id': '545511838'}]	[]	['https://pbs.twimg.com/media/A3woZY8CQAEeuJD.jpg']	4	12	14	['aloha', 'disney']	[]	https://twitter.com/NatbyNature/status/251120095873613825	False		1	https://pbs.twimg.com/media/A3woZY8CQAEeuJD.jpg							[]				
251112534248148992	251112534248148992	2012-09-26 20:14:28 EDT	2012-09-26	20:14:28	-0400	89014429	natbynature	Nattie		Birthday dinner for my amazing cousin @georgiasmith87 !!! #Disney #ohanu #25  http://t.co/VNT2Mm9l	en	[{'screen_name': 'georgiasmith87', 'name': 'georgia joyce smith', 'id': '545511838'}]	[]	['https://pbs.twimg.com/media/A3whhPsCUAAj0Ct.jpg']	12	14	17	['disney', 'ohanu']	[]	https://twitter.com/NatbyNature/status/251112534248148992	False		1	https://pbs.twimg.com/media/A3whhPsCUAAj0Ct.jpg							[]				
251109763377672193	251109763377672193	2012-09-26 20:03:27 EDT	2012-09-26	20:03:27	-0400	41229669	kellyosbourne	Kelly!		'You may not realize it when it happens, but a kick in the teeth may be the best thing in the world for you.'- Walt Disney	en	[]	[]	[]	27	835	240	[]	[]	https://twitter.com/KellyOsbourne/status/251109763377672193	False		0								[]				
251081308212699136	251081308212699136	2012-09-26 18:10:23 EDT	2012-09-26	18:10:23	-0400	12378512	disneyland	Disneyland Resort		"VIDEO: Director Tim Burton discusses his Disney connection and upcoming animated film ""Frankenweenie""  http://t.co/EbbB8mtF"	en	[]	['http://bit.ly/VKgNnM']	[]	0	15	10	[]	[]	https://twitter.com/Disneyland/status/251081308212699136	False		0								[]				
251073588952715265	251073588952715265	2012-09-26 17:39:42 EDT	2012-09-26	17:39:42	-0400	334684429	rosalopez	Rosa López		Ya se.. Estoy loca... Pero me encanta art attack ( canal Disney) buenas noches!!	es	[]	[]	[]	56	23	12	[]	[]	https://twitter.com/RosaLopez/status/251073588952715265	False		0								[]				
251071384674000898	251071384674000898	2012-09-26 17:30:57 EDT	2012-09-26	17:30:57	-0400	67418441	disney	Disney		Bibbidi bobbidi boo [bi-bi-dee bah-bi-dee boo] n. - It’ll do magic, believe it or not.  http://t.co/wY95ERaf	en	[]	['http://di.sn/n40']	[]	10	348	142	[]	[]	https://twitter.com/Disney/status/251071384674000898	False		0								[]				
251070229143232512	251070229143232512	2012-09-26 17:26:21 EDT	2012-09-26	17:26:21	-0400	395539119	newsies	Newsies the Musical		RT @disneyd23: Catch this week's #DisneyGeek to see Radio Disney’s @JakeWhetter make his Broadway debut  in @Newsies:  http://t.co/SU1otSOG	en	[{'screen_name': 'disneyd23', 'name': 'disney d23', 'id': '29236490'}, {'screen_name': 'jakewhetter', 'name': 'jake whetter', 'id': '21682847'}, {'screen_name': 'newsies', 'name': 'newsies the musical', 'id': '395539119'}]	['http://bit.ly/Smnec8']	[]	1	6	7	['disneygeek']	[]	https://twitter.com/Newsies/status/251070229143232512	False		0								[]				
251063920553521153	251063920553521153	2012-09-26 17:01:17 EDT	2012-09-26	17:01:17	-0400	14112296	designtaxi	TAXI		If Disney villains had won…  http://t.co/cHFICeCx	en	[]	['http://ow.ly/e0NkW']	[]	1	38	20	[]	[]	https://twitter.com/designtaxi/status/251063920553521153	False		0								[]				
251056417610530817	251056417610530817	2012-09-26 16:31:29 EDT	2012-09-26	16:31:29	-0400	569454620	chattammaxime	Maxime Chattam		En direct de chez Disney !!!  http://t.co/ZET6jCb5 Mettez le son a fond si vous voulez entendre quelque chose...	fr	[]	['http://youtu.be/RUmSlndycg8']	[]	24	21	13	[]	[]	https://twitter.com/ChattamMaxime/status/251056417610530817	False		0								[]				
251054315911909378	251054315911909378	2012-09-26 16:23:07 EDT	2012-09-26	16:23:07	-0400	69241542	loriepester	Lorie Pester		Entraînement terminé, direction le parc Disney, pour un tournage de nuit pour @DALS_TF1 la nuit va être très très longue !!!	fr	[{'screen_name': 'dals_tf1', 'name': 'danse avec les stars', 'id': '247359583'}]	[]	[]	23	21	6	[]	[]	https://twitter.com/LoriePester/status/251054315911909378	False		0								[]				
251054034386034690	251054034386034690	2012-09-26 16:22:00 EDT	2012-09-26	16:22:00	-0400	5692542	statesman	Austin Statesman		Disney's THE LION KING returns to Austin! Secure seats NOW using code 2MUFASA. Hurry-tix on sale Friday!  http://t.co/RPVBuJen #ad	en	[]	['http://bit.ly/QSmPQ8']	[]	0	4	5	['ad']	[]	https://twitter.com/statesman/status/251054034386034690	False		0								[]				
251023291781898240	251023291781898240	2012-09-26 14:19:51 EDT	2012-09-26	14:19:51	-0400	13049362	complex	Complex		Disney villains could have easily been triumphant characters:  http://t.co/kw1q1gsH	en	[]	['http://cmplx.it/SlVkgh']	[]	1	3	4	[]	[]	https://twitter.com/Complex/status/251023291781898240	False		0								[]				
251016850417254400	251016850417254400	2012-09-26 13:54:15 EDT	2012-09-26	13:54:15	-0400	31516515	clevver	Clevver News		Ross Lynch &amp; Laura Marano have some great new Friends for Change segments coming to Disney Channel! We've got a...  http://t.co/mUUF1rDr	en	[]	['http://fb.me/1AmlvmpEb']	[]	2	11	12	[]	[]	https://twitter.com/Clevver/status/251016850417254400	False		0								[]				
251012737658937344	251012737658937344	2012-09-26 13:37:54 EDT	2012-09-26	13:37:54	-0400	364805693	_ruggero	RUGGERO		-1 minuto per la terza puntata di #Intour2 tutti incollati su Disney Channel :)	it	[]	[]	[]	12	16	10	['intour2']	[]	https://twitter.com/_ruggero/status/251012737658937344	False		0								[]				
251004844826042370	251004844826042370	2012-09-26 13:06:33 EDT	2012-09-26	13:06:33	-0400	14426048	jeffcannata	Jeff Cannata		Recording at Disney last night!  http://t.co/g5irUDHM	en	[]	['http://instagr.am/p/QC9nvrTXH3/']	[]	10	0	10	[]	[]	https://twitter.com/jeffcannata/status/251004844826042370	False		0								[]				
250995878385565698	250995878385565698	2012-09-26 12:30:55 EDT	2012-09-26	12:30:55	-0400	67418441	disney	Disney		If you were in an animated world, which #DisneyCharacter would you pick to be your teacher?	en	[]	[]	[]	252	78	30	['disneycharacter']	[]	https://twitter.com/Disney/status/250995878385565698	False		0								[]				
250994411918471168	250994411918471168	2012-09-26 12:25:05 EDT	2012-09-26	12:25:05	-0400	28291765	brunopinasco	Bruno Pinasco		Llegando a una reunión corporativa en los estudios Disney en Hollywood! Luego les pongo una foto =)	es	[]	[]	[]	14	9	16	[]	[]	https://twitter.com/BrunoPinasco/status/250994411918471168	False		0								[]				
250971609651892224	250971609651892224	2012-09-26 10:54:29 EDT	2012-09-26	10:54:29	-0400	18091904	ashleytisdale	Ashley Tisdale		ha! Awesome :) “@groovychick1973: Just followed Disney star @ashleytisdale. Yep. Gotta respect this chick for taking a Gemma beatdown! #SOA”	en	[{'screen_name': 'groovychick1973', 'name': 'jenn x', 'id': '112304854'}, {'screen_name': 'ashleytisdale', 'name': 'ashley tisdale', 'id': '18091904'}]	[]	[]	23	149	86	['soa']	[]	https://twitter.com/ashleytisdale/status/250971609651892224	False		0								[]				
250965955361005570	250965955361005570	2012-09-26 10:32:01 EDT	2012-09-26	10:32:01	-0400	188934427	disneyinterns	Disney Programs		Ever Dreamed of Being a Character Performer at Disney? Read this article to find out how you can share in the magic!  http://t.co/YSMRxO0i	en	[]	['http://ow.ly/dWAXp']	[]	2	38	10	[]	[]	https://twitter.com/DisneyInterns/status/250965955361005570	False		0								[]				
250959367409631233	250959367409631233	2012-09-26 10:05:50 EDT	2012-09-26	10:05:50	-0400	107556834	arielwinter1	Ariel Winter		Guess what I found in the Disney office last night? ;) #SofiaTheFirst   http://t.co/0FkdGUgw	en	[]	['http://instagr.am/p/QCo5xmkxZP/']	[]	5	7	15	['sofiathefirst']	[]	https://twitter.com/arielwinter1/status/250959367409631233	False		0								[]				
250958840999329792	250958840999329792	2012-09-26 10:03:44 EDT	2012-09-26	10:03:44	-0400	14378372	ophcourse	Ophelia Pastrana 🏳️‍🌈		Pues bueno, ya entiendo como Disney mantiene su margen de rentabilidad tan alta en sus pelis  http://t.co/dRK82cqQ	es	[]	['http://i.oph.la/SlIZx7']	[]	2	5	4	[]	[]	https://twitter.com/OphCourse/status/250958840999329792	False		0								[]				
250957655089229825	250957655089229825	2012-09-26 09:59:02 EDT	2012-09-26	09:59:02	-0400	19396464	disney_uk	Disney UK		Did you know all of the characters in #Frankenweenie are based on Tim Burton’s drawings?  http://t.co/8e5y9Ymh	en	[]	[]	['https://pbs.twimg.com/media/A3uUqF3CMAI_JPF.jpg']	1	6	4	['frankenweenie']	[]	https://twitter.com/Disney_UK/status/250957655089229825	False		1	https://pbs.twimg.com/media/A3uUqF3CMAI_JPF.jpg							[]				
250952399118802944	250952399118802944	2012-09-26 09:38:09 EDT	2012-09-26	09:38:09	-0400	2485041	ginatost	Gina Tost		Disney Princesses in Lingerie:  https://t.co/5KxPKn34	en	[]	['https://9gag.com/gag/5385086']	[]	0	2	6	[]	[]	https://twitter.com/GinaTost/status/250952399118802944	False		0								[]				
250944992024072192	250944992024072192	2012-09-26 09:08:43 EDT	2012-09-26	09:08:43	-0400	15220473	waltdisneyworld	Walt Disney World		"Check out how Disney’s Animal Kingdom Lodge animal care team created ""Hog Heaven"" for its resident red river hogs.  http://t.co/bbtwjkm1"	en	[]	['http://bit.ly/S6EfaO']	[]	4	17	7	[]	[]	https://twitter.com/WaltDisneyWorld/status/250944992024072192	False		0								[]				
250834593228390400	250834593228390400	2012-09-26 01:50:01 EDT	2012-09-26	01:50:01	-0400	5380672	threadless	threadless		Ready for some awesome @Disney Villains tees? Hook, Ursula, Maleficent, and more! #disneyvillains  http://t.co/csEj2CkW	en	[{'screen_name': 'disney', 'name': 'disney', 'id': '67418441'}]	['http://ow.ly/dZ7nn']	[]	2	8	6	['disneyvillains']	[]	https://twitter.com/threadless/status/250834593228390400	False		0								[]				
250822125705900032	250822125705900032	2012-09-26 01:00:29 EDT	2012-09-26	01:00:29	-0400	142921471	modelpress	モデルプレス		ディズニーがYouTube公式チャンネル開設　200本超の動画公開  http://t.co/xJiKPaOK #Disney #ディズニー #Disneyfan	ja	[]	['http://mdpr.jp/011204429']	[]	0	28	18	['disney', 'ディズニー', 'disneyfan']	[]	https://twitter.com/modelpress/status/250822125705900032	False		0								[]				
250815710358548480	250815710358548480	2012-09-26 00:34:59 EDT	2012-09-26	00:34:59	-0400	13049362	complex	Complex		This is what happens to Disney actresses when they get older:  http://t.co/XXvqitLB	en	[]	['http://bit.ly/wj1ldD']	[]	2	7	7	[]	[]	https://twitter.com/Complex/status/250815710358548480	False		0								[]				
250808742998847488	250808742998847488	2012-09-26 00:07:18 EDT	2012-09-26	00:07:18	-0400	8192222	jezebel	Jezebel		Urban Coyotes Are 100-Percent, Disney-Movie Monogamous  http://t.co/AWYO8JoZ	ca	[]	['http://bit.ly/QTjujN']	[]	0	10	6	[]	[]	https://twitter.com/Jezebel/status/250808742998847488	False		0								[]				
250805122190430208	250805122190430208	2012-09-25 23:52:55 EDT	2012-09-25	23:52:55	-0400	106801692	johnbrenkus_	John Brenkus		Be sure to follow @iamleohoward Check out Disney XD ESPN Sport Science!	en	[{'screen_name': 'iamleohoward', 'name': 'leo howard', 'id': '319728872'}]	[]	[]	2	26	21	[]	[]	https://twitter.com/johnbrenkus_/status/250805122190430208	False		0								[]				
250803845519777792	250803845519777792	2012-09-25 23:47:51 EDT	2012-09-25	23:47:51	-0400	319728872	iamleohoward	Leo Howard		Cont..  On DISNEY XD ESPN! We uncover the science behind sports! #sportsscience	en	[]	[]	[]	9	66	82	['sportsscience']	[]	https://twitter.com/iamLeoHoward/status/250803845519777792	False		0								[]				
250802299939737601	250802299939737601	2012-09-25 23:41:43 EDT	2012-09-25	23:41:43	-0400	234187000	devdevnumnums	Devin Lytle (she/her)		I think I just stepped into a 90s Disney Channel movie. Or a Jimmy Eat World music video...  http://t.co/LStsd8sy	en	[]	[]	['https://pbs.twimg.com/media/A3sHXO1CUAA6a0y.jpg']	1	15	40	[]	[]	https://twitter.com/devdevnumnums/status/250802299939737601	False		1	https://pbs.twimg.com/media/A3sHXO1CUAA6a0y.jpg							[]				
250800826539470848	250800826539470848	2012-09-25 23:35:51 EDT	2012-09-25	23:35:51	-0400	393605516	jordanyorkmusic	Jordan York		I'm trying to remix a bunch of Disney songs!	en	[]	[]	[]	1	3	8	[]	[]	https://twitter.com/JordanYorkMusic/status/250800826539470848	False		0								[]				
250800069505331201	250800069505331201	2012-09-25 23:32:51 EDT	2012-09-25	23:32:51	-0400	16283221	dylanrsnyder	Dylan Riley Snyder		Lovely Lady of Disney! Be still my heart..  @TheDebbyRyan your secret admirer..whoa wait just posted on twitter!  http://t.co/x5txnJzw	en	[{'screen_name': 'thedebbyryan', 'name': 'debby ryan', 'id': '1713611041'}]	[]	['https://pbs.twimg.com/media/A3sFVZ0CMAA8tAt.jpg']	3	20	28	[]	[]	https://twitter.com/DylanRSnyder/status/250800069505331201	False		1	https://pbs.twimg.com/media/A3sFVZ0CMAA8tAt.jpg							[]				
250790083869933569	250790083869933569	2012-09-25 22:53:10 EDT	2012-09-25	22:53:10	-0400	25280477	starjonesesq	Star Jones		Woooo Hooooo!  One of my favorite Disney movies #Cinderella is coming to DVD on October 2nd.  The little girl in me just got excited!	en	[]	[]	[]	7	9	7	['cinderella']	[]	https://twitter.com/StarJonesEsq/status/250790083869933569	False		0								[]				
250780529002164226	250780529002164226	2012-09-25 22:15:12 EDT	2012-09-25	22:15:12	-0400	28291765	brunopinasco	Bruno Pinasco		De visita en el estudio d la serie de Disney XD LabRats #Hollywood  http://t.co/evBfFsNR	es	[]	[]	['https://pbs.twimg.com/media/A3rzj_xCMAAbd-B.jpg']	7	14	15	['hollywood']	[]	https://twitter.com/BrunoPinasco/status/250780529002164226	False		1	https://pbs.twimg.com/media/A3rzj_xCMAAbd-B.jpg							[]				
250780221442232320	250780221442232320	2012-09-25 22:13:58 EDT	2012-09-25	22:13:58	-0400	596261273	witneycarson	Witney Carson		Disney Princess movie night with these crazies! 👑🎂💖  http://t.co/IdydwQ01	en	[]	['http://instagr.am/p/QBXSkcp5Yt/']	[]	0	0	13	[]	[]	https://twitter.com/WitneyCarson/status/250780221442232320	False		0								[]				
250773840563671040	250773840563671040	2012-09-25 21:48:37 EDT	2012-09-25	21:48:37	-0400	28291765	brunopinasco	Bruno Pinasco		Los invito a ver el album de Tesoros Disney, lo acabo de subir aqui...  http://t.co/AbkiplWO	es	[]	['http://on.fb.me/cRWNtt']	[]	13	4	13	[]	[]	https://twitter.com/BrunoPinasco/status/250773840563671040	False		0								[]				
250756573880807424	250756573880807424	2012-09-25 20:40:00 EDT	2012-09-25	20:40:00	-0400	12378512	disneyland	Disneyland Resort		Check out @DisneyPost to learn how Walt Disney used television to help finance one of his biggest dreams - Disneyland!  http://t.co/4GQiy2TH	en	[{'screen_name': 'disneypost', 'name': 'twdc', 'id': '4342035262'}]	['http://bit.ly/QzEF9V']	[]	0	8	7	[]	[]	https://twitter.com/Disneyland/status/250756573880807424	False		0								[]				
