"id	conversation_id	created_at	date	time	timezone	user_id	username	name	place	tweet	language	mentions	urls	photos	replies_count	retweets_count	likes_count	hashtags	cashtags	link	retweet	quote_url	video	thumbnail	near	geo	source	user_rt_id	user_rt	retweet_id	reply_to	retweet_date	translate	trans_src	trans_dest",,,,,,,,,,,,,,,,,,
"13605090743	13605090743	2010-05-08 08:16:16 EDT	2010-05-08	08:16:16	-0400	2729061	doctorow	Cory Doctorow		This woman writes smarter"," better stuff about #Disney parks than anyone I've ever read:  http://passport2dreams.blogspot.com/	en	[]	[]	[]	0	13	57	['disney']	[]	https://twitter.com/doctorow/status/13605090743	False		0								[]				",,,,,,,,,,,,,,,,,
"11869064505	11869064505	2010-04-09 03:28:19 EDT	2010-04-09	03:28:19	-0400	24019308	itunestrailers	iTunes Trailers		""Toy Story 3 HD film clip- """"Meet Ken"""" live.  http://www.apple.com/trailers/ #toystory #disney #pixar""	en	[]	[]	[]	0	44	18	['toystory'", 'disney'," 'pixar']	[]	https://twitter.com/iTunesTrailers/status/11869064505	False		0								[]				",,,,,,,,,,,,,,,,
"16817802915	16817802915	2010-06-22 22:32:40 EDT	2010-06-22	22:32:40	-0400	19383317	justjaredjr	Just Jared Jr.		JONAS L.A. Heats Up Disney Channel: The numbers are in for the premiere of JONAS L.A…  http://goo.gl/fb/G1sc0	en	[]	[]	[]	0	63	24	[]	[]	https://twitter.com/justjaredjr/status/16817802915	False		0								[]				",,,,,,,,,,,,,,,,,,
"15890384356	15890384356	2010-06-10 20:40:32 EDT	2010-06-10	20:40:32	-0400	8453452	guykawasaki	Guy Kawasaki		Couple discovers photo showing paths crossing as kids at Disney World  http://is.gd/cJsvx	en	[]	[]	[]	0	20	11	[]	[]	https://twitter.com/GuyKawasaki/status/15890384356	False		0								[]				",,,,,,,,,,,,,,,,,,
"15831257082	15831257082	2010-06-10 02:09:58 EDT	2010-06-10	02:09:58	-0400	127431090	msamberpriley	Amber Patrice Riley		Disney Channel is spanish"," I am so hardcore lol	en	[]	[]	[]	0	16	23	[]	[]	https://twitter.com/MsAmberPRiley/status/15831257082	False		0								[]				",,,,,,,,,,,,,,,,,
"14175375880	14175375880	2010-05-17 14:05:11 EDT	2010-05-17	14:05:11	-0400	15220473	waltdisneyworld	Walt Disney World		Maps of Walt Disney World Resort  http://bit.ly/9fT4pA	en	[]	[]	[]	0	8	12	[]	[]	https://twitter.com/WaltDisneyWorld/status/14175375880	False		0								[]				",,,,,,,,,,,,,,,,,,
"13842518277	13842518277	2010-05-12 06:00:56 EDT	2010-05-12	06:00:56	-0400	15220473	waltdisneyworld	Walt Disney World		A new resort planned for Walt Disney World will bring to life our most beloved characters","stories.  http://bit.ly/cTPxQO	en	[]	[]	[]	0	41	16	[]	[]	https://twitter.com/WaltDisneyWorld/status/13842518277	False		0								[]				",,,,,,,,,,,,,,,,,
"13842349467	13842349467	2010-05-12 05:55:50 EDT	2010-05-12	05:55:50	-0400	29484644	disneyparks	Disney Parks		We've announced plans for a new resort at Walt Disney World - Disney's Art of Animation Resort. Here's more  http://bit.ly/cTPxQO	en	[]	[]	[]	0	50	12	[]	[]	https://twitter.com/DisneyParks/status/13842349467	False		0								[]				",,,,,,,,,,,,,,,,,,
"13712176492	13712176492	2010-05-10 02:30:17 EDT	2010-05-10	02:30:17	-0400	28838048	tomfletcher	Tom Fletcher		So weird being in a Disney park that i dont know like the back of my hand. It feels like coming home and someones rearranged your house.	en	[]	[]	[]	0	26	48	[]	[]	https://twitter.com/TomFletcher/status/13712176492	False		0								[]				",,,,,,,,,,,,,,,,,,
"13705499612	13705499612	2010-05-09 23:37:06 EDT	2010-05-09	23:37:06	-0400	7040932	zappos	Zappos.com		""""""It's kind of fun to do the impossible."""" -Walt Disney""	en	[]	[]	[]	0	179	93	[]	[]	https://twitter.com/Zappos/status/13705499612	False		0								[]				",,,,,,,,,,,,,,,,,,
"13620535610	13620535610	2010-05-08 13:40:31 EDT	2010-05-08	13:40:31	-0400	8453452	guykawasaki	Guy Kawasaki		7 life lessons learned from Walt Disney  http://is.gd/bYRBz	en	[]	[]	[]	0	14	20	[]	[]	https://twitter.com/GuyKawasaki/status/13620535610	False		0								[]				",,,,,,,,,,,,,,,,,,
"13605117028	13605117028	2010-05-08 08:17:00 EDT	2010-05-08	08:17:00	-0400	2729061	doctorow	Cory Doctorow		This series on the history of new urbanism at Walt Disney World is astounding:  http://tinyurl.com/2ujz2fq	en	[]	[]	[]	0	10	43	[]	[]	https://twitter.com/doctorow/status/13605117028	False		0								[]				",,,,,,,,,,,,,,,,,,
"13605090743	13605090743	2010-05-08 08:16:16 EDT	2010-05-08	08:16:16	-0400	2729061	doctorow	Cory Doctorow		This woman writes smarter"," better stuff about #Disney parks than anyone I've ever read:  http://passport2dreams.blogspot.com/	en	[]	[]	[]	0	13	57	['disney']	[]	https://twitter.com/doctorow/status/13605090743	False		0								[]				",,,,,,,,,,,,,,,,,
"13600254016	13600254016	2010-05-08 05:40:32 EDT	2010-05-08	05:40:32	-0400	8453452	guykawasaki	Guy Kawasaki		7 life lessons learned from Walt Disney  http://u.nu/5kua9	en	[]	[]	[]	0	14	15	[]	[]	https://twitter.com/GuyKawasaki/status/13600254016	False		0								[]				",,,,,,,,,,,,,,,,,,
"13594729685	13594729685	2010-05-08 02:34:18 EDT	2010-05-08	02:34:18	-0400	5971922	boingboing	Boing Boing		Walt Disney World's Haunted Mansion: stupendous essay  http://bit.ly/bKVAPA	en	[]	[]	[]	0	4	16	[]	[]	https://twitter.com/BoingBoing/status/13594729685	False		0								[]				",,,,,,,,,,,,,,,,,,
"13581937140	13581937140	2010-05-07 21:40:31 EDT	2010-05-07	21:40:31	-0400	8453452	guykawasaki	Guy Kawasaki		7 life lessons learned from Walt Disney  http://tinyurl.com/26ewk6x	en	[]	[]	[]	0	13	18	[]	[]	https://twitter.com/GuyKawasaki/status/13581937140	False		0								[]				",,,,,,,,,,,,,,,,,,
"13560703435	13560703435	2010-05-07 13:40:33 EDT	2010-05-07	13:40:33	-0400	8453452	guykawasaki	Guy Kawasaki		7 life lessons learned from Walt Disney  http://idek.net/1T6W	en	[]	[]	[]	0	17	12	[]	[]	https://twitter.com/GuyKawasaki/status/13560703435	False		0								[]				",,,,,,,,,,,,,,,,,,
"13558660689	13558660689	2010-05-07 12:56:57 EDT	2010-05-07	12:56:57	-0400	128626186	cambio	cambio		""Want to hear Jonas Brothers single """"L.A. Baby""""?? Check out Radio Disney TODAY at 4PM(PT). Go to Radio Disney to...  http://fb.me/yuHleJAw""	en	[]	[]	[]	0	92	40	[]	[]	https://twitter.com/cambio/status/13558660689	False		0								[]				",,,,,,,,,,,,,,,,,,
"13258657806	13258657806	2010-05-02 14:12:07 EDT	2010-05-02	14:12:07	-0400	37514167	papajonas	KevinJonasSr		Don't forget to watch the trailer for Camp Rock 2 tonight on the Disney Channel during Sonny With a Chance!!  EPIC	en	[]	[]	[]	0	338	73	[]	[]	https://twitter.com/PapaJonas/status/13258657806	False		0								[]				",,,,,,,,,,,,,,,,,,
"12747095877	12747095877	2010-04-24 01:21:31 EDT	2010-04-24	01:21:31	-0400	43003845	paramore	paramore		More disney fireworks!  http://goo.gl/fb/DP7Sn #parastream	en	[]	[]	[]	0	31	29	['parastream']	[]	https://twitter.com/paramore/status/12747095877	False		0								[]				",,,,,,,,,,,,,,,,,,
"12366266276	12366266276	2010-04-17 19:19:47 EDT	2010-04-17	19:19:47	-0400	69671984	maria_cb	Maria Canals-Barrera		""At Disney's """"Oceans"""" premiere with @DAVID_BARRERA", our girls, @ddlovato,@joejonas  @nickjonas,"@kevinjonas & the best fans in the world!!""	en	[{'screen_name': 'david_barrera'", 'name': 'david barrera', 'id': '82283395'}, {'screen_name': 'ddlovato', 'name': 'demi lovato', 'id': '21111883'}, {'screen_name': 'joejonas', 'name': 'j o e  j o n a s', 'id': '104249727'}, {'screen_name': 'nickjonas', 'name': 'nick jonʌs', 'id': '56783491'}, {'screen_name': 'kevinjonas', 'name': 'kevin jonas'," 'id': '104288093'}]	[]	[]	0	44	18	[]	[]	https://twitter.com/Maria_CB/status/12366266276	False		0								[]				"
"12303256076	12303256076	2010-04-16 16:36:54 EDT	2010-04-16	16:36:54	-0400	101311381	iamsrk	Shah Rukh Khan		all loved twilight/i think priyanka & kareena act very well/dont eat ice cream/not acting in nay show with disney/	en	[]	[]	[]	4	437	165	[]	[]	https://twitter.com/iamsrk/status/12303256076	False		0								[]				",,,,,,,,,,,,,,,,,,
"12037786259	12037786259	2010-04-12 05:37:36 EDT	2010-04-12	05:37:36	-0400	18588279	shanedawson	Shane Dawson		ps. he actually has talent unlike ALOT of teen singers ........*cough* disney stars *cough*	en	[]	[]	[]	0	419	111	[]	[]	https://twitter.com/shanedawson/status/12037786259	False		0								[]				",,,,,,,,,,,,,,,,,,
"11951897386	11951897386	2010-04-10 15:18:03 EDT	2010-04-10	15:18:03	-0400	20727198	dannygokey	Danny Gokey		Made an appearance on the American Idol Experience at Disney World-super fun! Jay Demarcus from Rascal Flatts met me there-The  Flatts rock!	en	[]	[]	[]	0	5	14	[]	[]	https://twitter.com/dannygokey/status/11951897386	False		0								[]				",,,,,,,,,,,,,,,,,,
"11704494034	11704494034	2010-04-06 11:45:18 EDT	2010-04-06	11:45:18	-0400	19299909	postsecret	PostSecret		"" http://twitpic.com/1dn8wh - At first sight"," the storybook beauty of Madrid felt like a Disney version """"SpainLand"""" (pic)""	en	[]	[]	[]	0	12	14	[]	[]	https://twitter.com/postsecret/status/11704494034	False		0								[]				",,,,,,,,,,,,,,,,,
"11497788590	11497788590	2010-04-02 15:53:13 EDT	2010-04-02	15:53:13	-0400	7040932	zappos	Zappos.com		Apparently some people didn't realize this Zappos/Disney video was an April Fool's joke:  http://bit.ly/cW9n0s #itsnotreal	en	[]	[]	[]	0	24	16	['itsnotreal']	[]	https://twitter.com/Zappos/status/11497788590	False		0								[]				",,,,,,,,,,,,,,,,,,