id	conversation_id	created_at	date	time	timezone	user_id	username	name	place	tweet	language	mentions	urls	photos	replies_count	retweets_count	likes_count	hashtags	cashtags	link	retweet	quote_url	video	thumbnail	near	geo	source	user_rt_id	user_rt	retweet_id	reply_to	retweet_date	translate	trans_src	trans_dest
85857260991021056	85857260991021056	2011-06-28 19:49:00 EDT	2011-06-28	19:49:00	-0400	15220473	waltdisneyworld	Walt Disney World		Chat with the Moms of the Walt Disney World Moms Panel June 29 @ 8:30 p.m. EST!  http://bit.ly/k3c069	en	[]	[]	[]	1	6	2	[]	[]	https://twitter.com/WaltDisneyWorld/status/85857260991021056	False		0								[]				
85837631010775041	85837631010775041	2011-06-28 18:31:00 EDT	2011-06-28	18:31:00	-0400	15220473	waltdisneyworld	Walt Disney World		Save 20% on Disney Parks merchandise at DisneyParks.com/store  http://bit.ly/kkX1r5	en	[]	[]	[]	0	6	5	[]	[]	https://twitter.com/WaltDisneyWorld/status/85837631010775041	False		0								[]				
85829964494155776	85829964494155776	2011-06-28 18:00:32 EDT	2011-06-28	18:00:32	-0400	35547308	jacoblatimore	Jacob Latimore		"SAVE THE DATE: Jacob Latimore performs his 1st single ""Like Em All on Disney's ""So Random/SWAT"" July 29th"	en	[]	[]	[]	17	37	14	[]	[]	https://twitter.com/jacoblatimore/status/85829964494155776	False		0								[]				
85815486838865921	85815486838865921	2011-06-28 17:03:01 EDT	2011-06-28	17:03:01	-0400	15220473	waltdisneyworld	Walt Disney World		This Day in History: Disney’s Grand Floridian Resort & Spa opened in 1988. #waltdisneyworld #disneyfyi	en	[]	[]	[]	1	28	6	['waltdisneyworld', 'disneyfyi']	[]	https://twitter.com/WaltDisneyWorld/status/85815486838865921	False		0								[]				
85813148707340288	85813148707340288	2011-06-28 16:53:43 EDT	2011-06-28	16:53:43	-0400	29236490	disneyd23	Disney D23		This Day in Disney: Date Night begins at Disneyland! Do you know what year it was? (Click for the answer!)  http://t.co/3YSNLHd	en	[]	['http://bit.ly/mBUq5Z']	[]	1	3	2	[]	[]	https://twitter.com/DisneyD23/status/85813148707340288	False		0								[]				
85810084336246784	85810084336246784	2011-06-28 16:41:33 EDT	2011-06-28	16:41:33	-0400	67418441	disney	Disney		March to the beat of a new summer.  http://di.sn/6Z #Soundsational	en	[]	[]	[]	9	40	13	['soundsational']	[]	https://twitter.com/Disney/status/85810084336246784	False		0								[]				
85807238597443585	85807238597443585	2011-06-28 16:30:14 EDT	2011-06-28	16:30:14	-0400	46207622	zagattravel	Zagat Travel		19 Great Disney World Attractions  http://bit.ly/jkyFiq #travel #disney	en	[]	[]	[]	1	11	13	['travel', 'disney']	[]	https://twitter.com/ZagatTravel/status/85807238597443585	False		0								[]				
85801139391574016	85801139391574016	2011-06-28 16:06:00 EDT	2011-06-28	16:06:00	-0400	29484644	disneyparks	Disney Parks		Did You Know? Tower of Terror is the tallest attraction at the Walt Disney World Resort. #disneyfyi	en	[]	[]	[]	11	32	8	['disneyfyi']	[]	https://twitter.com/DisneyParks/status/85801139391574016	False		0								[]				
85800389437440000	85800389437440000	2011-06-28 16:03:01 EDT	2011-06-28	16:03:01	-0400	12378512	disneyland	Disneyland Resort		"Visit the Beast's Library in Disney Animation at Disney California Adventure park to find your ""inner character.""   http://bit.ly/lpyueI"	en	[]	[]	[]	0	8	10	[]	[]	https://twitter.com/Disneyland/status/85800389437440000	False		0								[]				
85784992034201600	85784992034201600	2011-06-28 15:01:50 EDT	2011-06-28	15:01:50	-0400	12378512	disneyland	Disneyland Resort		"Have you gone ""under the sea"" on The Little Mermaid ~ Ariel's Undersea Adventure at Disney California Adventure park?  http://bit.ly/lsG62R"	en	[]	[]	[]	14	4	5	[]	[]	https://twitter.com/Disneyland/status/85784992034201600	False		0								[]				
85772559592853504	85772559592853504	2011-06-28 14:12:26 EDT	2011-06-28	14:12:26	-0400	21644464	carlamedina	Carla Medina		Chicos! Qué creen? Estoy subastando dos prendas muy valiosas para mi (entre ellas la playera oficial de Disney)...  http://fb.me/zCF8inDZ	es	[]	[]	[]	7	13	4	[]	[]	https://twitter.com/carlamedina/status/85772559592853504	False		0								[]				
85766538770128896	85766538770128896	2011-06-28 13:48:30 EDT	2011-06-28	13:48:30	-0400	17844415	pauldanke	Paul Danke		Just screened The Lion King w/ an alternate ending in Disney's vault. On safari Hemmingway completes the circle of life with a Simba coat.	en	[]	[]	[]	0	1	9	[]	[]	https://twitter.com/pauldanke/status/85766538770128896	False		0								[]				
85761936033193984	85761936033193984	2011-06-28 13:30:13 EDT	2011-06-28	13:30:13	-0400	77504008	radiodisney	RADIO DISNEY		#ShakeItUp! Disney Channel has a national dance talent search and the winner will be picked during a huge TV event!   http://ow.ly/5sblR	en	[]	[]	[]	7	18	5	['shakeitup']	[]	https://twitter.com/radiodisney/status/85761936033193984	False		0								[]				
85756179766190080	85756179766190080	2011-06-28 13:07:21 EDT	2011-06-28	13:07:21	-0400	43192807	pixar	Pixar		"""Adults are only kids grown up."" --Walt Disney  http://di.sn/8g"	en	[]	[]	[]	20	776	165	[]	[]	https://twitter.com/Pixar/status/85756179766190080	False		0								[]				
85754368674119682	85754368674119682	2011-06-28 13:00:09 EDT	2011-06-28	13:00:09	-0400	78411917	shopdisney	shopDisney		We've created a special Disney treasure for our Facebook Fans! Read about it on the BUZZ:  http://bit.ly/knz0zw	en	[]	[]	[]	0	4	1	[]	[]	https://twitter.com/shopDisney/status/85754368674119682	False		0								[]				
85746796416090112	85746796416090112	2011-06-28 12:30:04 EDT	2011-06-28	12:30:04	-0400	14075928	theonion	The Onion		Disney World Mascot Could Use A Fucking Vacation Himself  http://onion.com/a605rd #Onion50States	en	[]	[]	[]	5	190	20	['onion50states']	[]	https://twitter.com/TheOnion/status/85746796416090112	False		0								[]				
85739575875600384	85739575875600384	2011-06-28 12:01:22 EDT	2011-06-28	12:01:22	-0400	20458105	chilangocom	Chilango		Tráiler de Brave, la nueva cinta de animación de Disney y Pixar-&gt;&gt;  http://bit.ly/lpsMLl	es	[]	[]	[]	0	7	3	[]	[]	https://twitter.com/ChilangoCom/status/85739575875600384	False		0								[]				
85737565893832705	85737565893832705	2011-06-28 11:53:23 EDT	2011-06-28	11:53:23	-0400	23502877	slimthugga	IG:SLIMTHUG		"Yep RT @nefertitijaquez: ""The way to get started is to quit talking and begin doing."" -Walt Disney."	en	[{'screen_name': 'nefertitijaquez', 'name': 'nefertiti jáquez', 'id': '32690471'}]	[]	[]	1	10	8	[]	[]	https://twitter.com/slimthugga/status/85737565893832705	False		0								[]				
85725217846071296	85725217846071296	2011-06-28 11:04:19 EDT	2011-06-28	11:04:19	-0400	15220473	waltdisneyworld	Walt Disney World		A record number of turtles are nesting at Disney's Vero Beach Resort. Check out the photos!  http://bit.ly/kF9wqb #disneyfyi	en	[]	[]	[]	3	17	7	['disneyfyi']	[]	https://twitter.com/WaltDisneyWorld/status/85725217846071296	False		0								[]				
85725217648934912	85725217648934912	2011-06-28 11:04:19 EDT	2011-06-28	11:04:19	-0400	67418441	disney	Disney		This week's downloadable wallpaper channels the lazy days of summer with watercolor backgrounds from Lilo & Stitch:  http://di.sn/8N	en	[]	[]	[]	8	50	31	[]	[]	https://twitter.com/Disney/status/85725217648934912	False		0								[]				
85722504273997824	85722504273997824	2011-06-28 10:53:32 EDT	2011-06-28	10:53:32	-0400	29484644	disneyparks	Disney Parks		A record number of turtles are nesting at Disney's Vero Beach Resort. Check out the photos!  http://bit.ly/kF9wqb #disneyfyi	en	[]	[]	[]	3	21	4	['disneyfyi']	[]	https://twitter.com/DisneyParks/status/85722504273997824	False		0								[]				
85715808201867265	85715808201867265	2011-06-28 10:26:55 EDT	2011-06-28	10:26:55	-0400	36823	anildash	anildash		Dunno why people are surprised Cars 2 sucks when the first one was lame. It ain't called Pixar-Disney. And Cars 3D will *really* suck.	en	[]	[]	[]	14	4	4	[]	[]	https://twitter.com/anildash/status/85715808201867265	False		0								[]				
85647448332177408	85647448332177408	2011-06-28 05:55:17 EDT	2011-06-28	05:55:17	-0400	113552177	disney_mobile	ディズニー・モバイル公式		【オプション品】電池等のオプション品の販売を行っています。店頭（無い場合はお取り寄せ）、オンラインでご購入が可能。  http://disneym.jp/jLBF3m SoftBankオプション品＞購入＞購入商品/方法選択＞機種選択（例：シャープ/DM009SH） #DisneyM	ja	[]	[]	[]	0	2	2	['disneym']	[]	https://twitter.com/Disney_Mobile/status/85647448332177408	False		0								[]				
85628534546104320	85628534546104320	2011-06-28 04:40:08 EDT	2011-06-28	04:40:08	-0400	19396464	disney_uk	Disney UK		Check out this brand new trailer for the new Disney Pixar film Brave which will be in cinemas summer 2012!  http://youtu.be/EzuvHZtPncI	en	[]	[]	[]	1	25	9	[]	[]	https://twitter.com/Disney_UK/status/85628534546104320	False		0								[]				
85603481913798656	85603481913798656	2011-06-28 03:00:35 EDT	2011-06-28	03:00:35	-0400	18045145	mkdirecto	MarketingDirecto.com		Disney, Coca-Cola y Google son las marcas más inspiradoras del mundo:  http://bit.ly/m4ZU9x	es	[]	[]	[]	0	27	6	[]	[]	https://twitter.com/mkdirecto/status/85603481913798656	False		0								[]				
85596162836541440	85596162836541440	2011-06-28 02:31:30 EDT	2011-06-28	02:31:30	-0400	48177728	bellathorne	BITCHIMBELLATHORNE		WOW friends for change games got 4.9 million viewers! gooooo disney	en	[]	[]	[]	63	44	15	[]	[]	https://twitter.com/bellathorne/status/85596162836541440	False		0								[]				
85593839523471360	85593839523471360	2011-06-28 02:22:16 EDT	2011-06-28	02:22:16	-0400	48177728	bellathorne	BITCHIMBELLATHORNE		Disney Channel Sweeps Total Day and Prime in Target Kid Demos for the Week - Ratings | TVbytheNumbers  http://t.co/SDcX0yG	en	[]	['http://tvbythenumbers.zap2it.com/2011/06/21/disney-channel-sweeps-total-day-and-prime-in-target-kid-demos-for-the-week/96223/']	[]	56	15	7	[]	[]	https://twitter.com/bellathorne/status/85593839523471360	False		0								[]				
85574866278948864	85574866278948864	2011-06-28 01:06:52 EDT	2011-06-28	01:06:52	-0400	33440371	patycantu	Paty Cantú		...Y la enfermera me puso 1 curita de Aurora (princesa de Disney) ella tmb creera q soy chiquita??	es	[]	[]	[]	79	40	6	[]	[]	https://twitter.com/PatyCantu/status/85574866278948864	False		0								[]				
85574409938677761	85574409938677761	2011-06-28 01:05:03 EDT	2011-06-28	01:05:03	-0400	105205432	thescriptlab	The Script Lab		The Tangled Evolution of the Disney Princess  http://tsl.cm/gI6uhd #screenwriting #filmmaking #writenow #tangled #disney	en	[]	[]	[]	1	0	2	['screenwriting', 'filmmaking', 'writenow', 'tangled', 'disney']	[]	https://twitter.com/TheScriptLab/status/85574409938677761	False		0								[]				
85562145185607680	85562145185607680	2011-06-28 00:16:19 EDT	2011-06-28	00:16:19	-0400	24980246	nikkifinke	Nikki Finke		Hot Teaser Trailer: Disney-Pixar's 'Brave'  http://dlvr.it/Y5Gwp	en	[]	[]	[]	0	12	9	[]	[]	https://twitter.com/NikkiFinke/status/85562145185607680	False		0								[]				
85550644785725441	85550644785725441	2011-06-27 23:30:37 EDT	2011-06-27	23:30:37	-0400	28502693	cassandrasteele	Cassie Steele		"I think ""Beast"" is sexy. In x-men and the disney movie. #weird"	en	[]	[]	[]	12	13	4	['weird']	[]	https://twitter.com/cassandrasteele/status/85550644785725441	False		0								[]				
85528594549448704	85528594549448704	2011-06-27 22:03:00 EDT	2011-06-27	22:03:00	-0400	96448406	greggsulkin	Gregg Sulkin		This tweet made me smile RT: @BeccaLovesGod #obsessed with @greggsulkin... My only reason for watching #Disney anymore.(;	en	[{'screen_name': 'beccalovesgod', 'name': 'rebecca romero', 'id': '634976243'}, {'screen_name': 'greggsulkin', 'name': 'gregg sulkin', 'id': '96448406'}]	[]	[]	17	19	13	['obsessed', 'disney']	[]	https://twitter.com/greggsulkin/status/85528594549448704	False		0								[]				
85519018190045184	85519018190045184	2011-06-27 21:24:57 EDT	2011-06-27	21:24:57	-0400	22728120	ryanochoa	Ryan Ochoa		"Are you all excited for a brand new episode of #PairofKings in less than 2 hours called ""Good King Hunting"" on Disney XD?!! Be there at 8PM!"	en	[]	[]	[]	13	5	5	['pairofkings']	[]	https://twitter.com/ryanochoa/status/85519018190045184	False		0								[]				
85513826270855169	85513826270855169	2011-06-27 21:04:19 EDT	2011-06-27	21:04:19	-0400	67418441	disney	Disney		♫ Look for the bare necessities, the simple bare necessities, forget about your worries & your strife. ♪ - Baloo  http://di.sn/82 #JungleBook	en	[]	[]	[]	17	972	144	['junglebook']	[]	https://twitter.com/Disney/status/85513826270855169	False		0								[]				
85503331161739265	85503331161739265	2011-06-27 20:22:37 EDT	2011-06-27	20:22:37	-0400	17322656	wethehunter	Hunter Thomsen		“@Rawrsayskim: @wethehunter favorite Disney movie?” little mermaid shes hott	en	[{'screen_name': 'rawrsayskim', 'name': '-', 'id': '14154978'}, {'screen_name': 'wethehunter', 'name': 'hunter thomsen', 'id': '17322656'}]	[]	[]	8	4	9	[]	[]	https://twitter.com/wethehunter/status/85503331161739265	False		0								[]				
85481900805861376	85481900805861376	2011-06-27 18:57:27 EDT	2011-06-27	18:57:27	-0400	8315402	olhardigital	Olhar Digital		Quadrinhos da Disney estão disponíveis para iPhone e iPad   http://bit.ly/mSWpZc	pt	[]	[]	[]	1	17	3	[]	[]	https://twitter.com/olhardigital/status/85481900805861376	False		0								[]				
85476510533824512	85476510533824512	2011-06-27 18:36:02 EDT	2011-06-27	18:36:02	-0400	12378512	disneyland	Disneyland Resort		Get your dose of fashion with Disney Couture apparel now available at Disney Vault 28 in the Downtown Disney District.	en	[]	[]	[]	0	5	5	[]	[]	https://twitter.com/Disneyland/status/85476510533824512	False		0								[]				
85476369865248768	85476369865248768	2011-06-27 18:35:29 EDT	2011-06-27	18:35:29	-0400	16589495	timothydelag	Tim Chantarangsu		I am at the land of Disney!	en	[]	[]	[]	24	10	13	[]	[]	https://twitter.com/TimothyDeLaG/status/85476369865248768	False		0								[]				
85468275999383552	85468275999383552	2011-06-27 18:03:19 EDT	2011-06-27	18:03:19	-0400	8115852	charlestrippy	Charles Trippy		Im afraid Disney may hunt me down for that last photo. Killed the magic of it not being a mountain nor in space ;)	en	[]	[]	[]	24	7	7	[]	[]	https://twitter.com/CharlesTrippy/status/85468275999383552	False		0								[]				
85462119587389440	85462119587389440	2011-06-27 17:38:51 EDT	2011-06-27	17:38:51	-0400	16824090	seventeen	Seventeen		Checking out the @disneyliving new Disney products for holiday! Loving these little clutches!  http://yfrog.com/h2ftyamj	en	[{'screen_name': 'disneyliving', 'name': 'kristen conner', 'id': '937034322988675073'}]	[]	[]	2	5	3	[]	[]	https://twitter.com/seventeen/status/85462119587389440	False		0								[]				
85448142207713280	85448142207713280	2011-06-27 16:43:19 EDT	2011-06-27	16:43:19	-0400	67418441	disney	Disney		Put your [webbed] feet up.  http://di.sn/81	en	[]	[]	[]	9	68	20	[]	[]	https://twitter.com/Disney/status/85448142207713280	False		0								[]				
85437751251582976	85437751251582976	2011-06-27 16:02:01 EDT	2011-06-27	16:02:01	-0400	29484644	disneyparks	Disney Parks		Save 20% on Disney Parks merchandise at DisneyParks.com/store  http://bit.ly/kkX1r5	en	[]	[]	[]	1	13	9	[]	[]	https://twitter.com/DisneyParks/status/85437751251582976	False		0								[]				
85433036409282560	85433036409282560	2011-06-27 15:43:17 EDT	2011-06-27	15:43:17	-0400	48177728	bellathorne	BITCHIMBELLATHORNE		Just Jared Jr - Bella Thorne & Zendaya: Disney Dolls -- Exclusive!  http://bit.ly/lpU4ex	en	[]	[]	[]	89	36	12	[]	[]	https://twitter.com/bellathorne/status/85433036409282560	False		0								[]				
85427259376271360	85427259376271360	2011-06-27 15:20:20 EDT	2011-06-27	15:20:20	-0400	48177728	bellathorne	BITCHIMBELLATHORNE		Bella Thorne and Zendaya Coleman Disney Dolls | Teen.com  http://bit.ly/jUPfHE	en	[]	[]	[]	71	47	20	[]	[]	https://twitter.com/bellathorne/status/85427259376271360	False		0								[]				
85418394567966720	85418394567966720	2011-06-27 14:45:06 EDT	2011-06-27	14:45:06	-0400	78411917	shopdisney	shopDisney		You can help unlock a special Disney treasure available only to our fans on Facebook!  http://t.co/zni99lj	en	[]	['http://on.fb.me/unlockmagic']	[]	0	5	3	[]	[]	https://twitter.com/shopDisney/status/85418394567966720	False		0								[]				
85400579635019776	85400579635019776	2011-06-27 13:34:19 EDT	2011-06-27	13:34:19	-0400	67418441	disney	Disney		"""In my view, wholesome pleasure, sport and recreation are as vital to this nation as productive work."" - Walt Disney"	en	[]	[]	[]	8	290	72	[]	[]	https://twitter.com/Disney/status/85400579635019776	False		0								[]				
85394212023042048	85394212023042048	2011-06-27 13:09:01 EDT	2011-06-27	13:09:01	-0400	12378512	disneyland	Disneyland Resort		Tonight we kick off Downtown Disney California Avocado week! Join us for contests and demos at 5:30 p.m. on Main Stage @CA_Avocados	en	[{'screen_name': 'ca_avocados', 'name': 'california avocados', 'id': '106217193'}]	[]	[]	0	23	5	[]	[]	https://twitter.com/Disneyland/status/85394212023042048	False		0								[]				
85386600632156160	85386600632156160	2011-06-27 12:38:46 EDT	2011-06-27	12:38:46	-0400	20015787	hensoncompany	The Jim Henson Company		Have you been checking out Disney's #Muppets T-Shirt Design Challenge on Threadless?  http://bit.ly/iFqS6H	en	[]	[]	[]	1	12	4	['muppets']	[]	https://twitter.com/hensoncompany/status/85386600632156160	False		0								[]				
85369335438254080	85369335438254080	2011-06-27 11:30:10 EDT	2011-06-27	11:30:10	-0400	8192222	jezebel	Jezebel		Can Selena Gomez Shed Her Disney Image Without Shedding Her Clothes?  http://jezebel.com/5815714/	en	[]	[]	[]	0	2	2	[]	[]	https://twitter.com/Jezebel/status/85369335438254080	False		0								[]				
85362347362889728	85362347362889728	2011-06-27 11:02:24 EDT	2011-06-27	11:02:24	-0400	15220473	waltdisneyworld	Walt Disney World		Check out the festivities the Walt Disney World has planned for the Fourth of July.  http://bit.ly/ke1Ccg	en	[]	[]	[]	2	16	4	[]	[]	https://twitter.com/WaltDisneyWorld/status/85362347362889728	False		0								[]				
85360506038263808	85360506038263808	2011-06-27 10:55:05 EDT	2011-06-27	10:55:05	-0400	67736078	luischataing	Luis Chataing		No sabes que hacer este agosto? Aprovecha esta GRAN PROMO que @GrupoEscala te ofrece DISNEY desde Bs F 13544 compra YA ventas1@escala.com.ve	es	[{'screen_name': 'grupoescala', 'name': 'grupo escala', 'id': '130307925'}]	[]	[]	2	1	4	[]	[]	https://twitter.com/LuisChataing/status/85360506038263808	False		0								[]				
85337588369604609	85337588369604609	2011-06-27 09:24:01 EDT	2011-06-27	09:24:01	-0400	15220473	waltdisneyworld	Walt Disney World		Check out Gene's photo tribute to all the doors of Disney - and the magical places they lead!  http://bit.ly/jBvlgC #waltdisneyworld	en	[]	[]	[]	1	2	9	['waltdisneyworld']	[]	https://twitter.com/WaltDisneyWorld/status/85337588369604609	False		0								[]				
85335019358392320	85335019358392320	2011-06-27 09:13:48 EDT	2011-06-27	09:13:48	-0400	14321981	alexhervaud	Alexandre Hervaud		[ecrans] Vous allez AVOIR envie de revoir des Disney (pardon)  http://bit.ly/lafIwx	fr	[]	[]	[]	0	4	0	[]	[]	https://twitter.com/AlexHervaud/status/85335019358392320	False		0								[]				
85332556102381568	85332556102381568	2011-06-27 09:04:01 EDT	2011-06-27	09:04:01	-0400	29484644	disneyparks	Disney Parks		Check out Gene's photo tribute to all the doors of Disney - and the magical places they lead!  http://bit.ly/jBvlgC #waltdisneyworld	en	[]	[]	[]	1	4	5	['waltdisneyworld']	[]	https://twitter.com/DisneyParks/status/85332556102381568	False		0								[]				
85326949597196288	85326949597196288	2011-06-27 08:41:44 EDT	2011-06-27	08:41:44	-0400	51171395	allispeed	Alli Speed // FeralWife		You wanna go to Disney World? Again? HELLZ YAY	en	[]	[]	[]	32	10	10	[]	[]	https://twitter.com/AlliSpeed/status/85326949597196288	False		0								[]				
85324304224497664	85324304224497664	2011-06-27 08:31:14 EDT	2011-06-27	08:31:14	-0400	19383317	justjaredjr	Just Jared Jr.		Bella Thorne & Zendaya: Disney Dolls -- Exclusive!: Bella Thorne and Zendaya are the two…  http://goo.gl/fb/3QRRt	en	[]	[]	[]	0	16	3	[]	[]	https://twitter.com/justjaredjr/status/85324304224497664	False		0								[]				
85313917060001794	85313917060001794	2011-06-27 07:49:57 EDT	2011-06-27	07:49:57	-0400	8115852	charlestrippy	Charles Trippy		Heading to Disney World today (totally filming the rides I couldn't cuz it got dark last time) then going to NYC Tue-Thursday!	en	[]	[]	[]	33	7	11	[]	[]	https://twitter.com/CharlesTrippy/status/85313917060001794	False		0								[]				
85305817888325632	85305817888325632	2011-06-27 07:17:47 EDT	2011-06-27	07:17:47	-0400	85786619	rollingstonees	Rolling Stone (ES)		La imagen del día: Un personaje Disney esnifa cocaína en el álbum de los raperos Cocaine 80's  http://fb.me/18g2edIyc	es	[]	[]	[]	1	11	1	[]	[]	https://twitter.com/RollingStoneES/status/85305817888325632	False		0								[]				
85225332541620224	85225332541620224	2011-06-27 01:57:57 EDT	2011-06-27	01:57:57	-0400	18831035	simoncurtis	Simon Curtis		Wait wait wait- the new Winnie The Pooh movie is a legitimately, authentically hand drawn Disney movie???!  Sign me the fuck up	en	[]	[]	[]	3	14	6	[]	[]	https://twitter.com/simoncurtis/status/85225332541620224	False		0								[]				
85224844731498496	85224844731498496	2011-06-27 01:56:01 EDT	2011-06-27	01:56:01	-0400	20106852	starwars	Star Wars		Yay for younglings! RT @darth_daddy: My kids at #starwars weekends 2011. #SWW  http://t.co/cBg5S6E #Disney	en	[{'screen_name': 'darth_daddy', 'name': 'darth_daddy', 'id': '59347961'}]	['http://yfrog.com/gzy58vzj']	[]	0	7	3	['starwars', 'sww', 'disney']	[]	https://twitter.com/starwars/status/85224844731498496	False		0								[]				
85099179189346304	85099179189346304	2011-06-26 17:36:40 EDT	2011-06-26	17:36:40	-0400	58755729	maickelmelamed	Maickel Melamed		"""Para crear la magia, hay que mantenerla viva en nosotros"" Walt Disney"	es	[]	[]	[]	0	19	9	[]	[]	https://twitter.com/maickelmelamed/status/85099179189346304	False		0								[]				
85095261222879232	85095261222879232	2011-06-26 17:21:05 EDT	2011-06-26	17:21:05	-0400	6476742	mollywood	Molly Wood		Horrified by #Cars2. Craven marketing ploy, emotionless, and VIOLENT. Want my 4-yo to unsee it. Shame on you, Disney/Pixar. #p	en	[]	[]	[]	43	64	6	['cars2', 'p']	[]	https://twitter.com/mollywood/status/85095261222879232	False		0								[]				
85086006876962816	85086006876962816	2011-06-26 16:44:19 EDT	2011-06-26	16:44:19	-0400	67418441	disney	Disney		♫ So many times, we're stumbling in the dark, And then--Eureka!--What a spark! ♪ - Journey Into Imagination	en	[]	[]	[]	17	176	43	[]	[]	https://twitter.com/Disney/status/85086006876962816	False		0								[]				
85050947050541056	85050947050541056	2011-06-26 14:25:00 EDT	2011-06-26	14:25:00	-0400	15220473	waltdisneyworld	Walt Disney World		Did your favorite story hit the Disney Parks Blog this week?  http://bit.ly/j6OhKl	en	[]	[]	[]	1	5	5	[]	[]	https://twitter.com/WaltDisneyWorld/status/85050947050541056	False		0								[]				
85026790053117952	85026790053117952	2011-06-26 12:49:01 EDT	2011-06-26	12:49:01	-0400	15220473	waltdisneyworld	Walt Disney World		Name a Disney character you'd like to have lunch with. #disneyfyi	en	[]	[]	[]	147	10	3	['disneyfyi']	[]	https://twitter.com/WaltDisneyWorld/status/85026790053117952	False		0								[]				
84999938651598848	84999938651598848	2011-06-26 11:02:19 EDT	2011-06-26	11:02:19	-0400	67418441	disney	Disney		#DisneyRemembers: Helper.  http://di.sn/74	en	[]	[]	[]	7	39	14	['disneyremembers']	[]	https://twitter.com/Disney/status/84999938651598848	False		0								[]				
84995583089188864	84995583089188864	2011-06-26 10:45:00 EDT	2011-06-26	10:45:00	-0400	29484644	disneyparks	Disney Parks		How do you like to get your news about Walt Disney World these days? #disneyfyi #waltdisneyworld	en	[]	[]	[]	31	0	4	['disneyfyi', 'waltdisneyworld']	[]	https://twitter.com/DisneyParks/status/84995583089188864	False		0								[]				
84967330324557824	84967330324557824	2011-06-26 08:52:44 EDT	2011-06-26	08:52:44	-0400	94215989	audraequalitymc	Audra McDonald		Heading 2 Disney w/ my wee posse. They've decided 2 speak in british accents on the plane. I apologize in advance 2 everyone w/ in earshot.	en	[]	[]	[]	12	11	7	[]	[]	https://twitter.com/AudraEqualityMc/status/84967330324557824	False		0								[]				
84792635268661248	84792635268661248	2011-06-25 21:18:34 EDT	2011-06-25	21:18:34	-0400	22695629	braidenwood	Braiden Wood		Disney gets the award for the most confusing road system.	en	[]	[]	[]	7	7	6	[]	[]	https://twitter.com/BraidenWood/status/84792635268661248	False		0								[]				
84723114520485888	84723114520485888	2011-06-25 16:42:19 EDT	2011-06-25	16:42:19	-0400	67418441	disney	Disney		The birth of an idea:  http://di.sn/73	en	[]	[]	[]	6	75	36	[]	[]	https://twitter.com/Disney/status/84723114520485888	False		0								[]				
84709670383665152	84709670383665152	2011-06-25 15:48:53 EDT	2011-06-25	15:48:53	-0400	48177728	bellathorne	BITCHIMBELLATHORNE		CONTEST: Disney Friends for Change Games Autographed Hat | Fanlala.com  http://bit.ly/lToyJ9	en	[]	[]	[]	53	23	14	[]	[]	https://twitter.com/bellathorne/status/84709670383665152	False		0								[]				
84696619827736576	84696619827736576	2011-06-25 14:57:02 EDT	2011-06-25	14:57:02	-0400	128006259	poggi	Diego Poggi		Miren que lindo que suena este remix con todas partes de pelis de Disney  http://t.co/ZGcl96K	es	[]	['http://youtu.be/t_htoSaQFf4']	[]	5	9	3	[]	[]	https://twitter.com/Poggi/status/84696619827736576	False		0								[]				
84679233548451840	84679233548451840	2011-06-25 13:47:57 EDT	2011-06-25	13:47:57	-0400	22728120	ryanochoa	Ryan Ochoa		Morning tweeters! Hope you have a great day! Headed to Knott's Berry Farm! So close to 50K!! New #PairofKings this Monday on Disney XD!	en	[]	[]	[]	36	12	6	['pairofkings']	[]	https://twitter.com/ryanochoa/status/84679233548451840	False		0								[]				
84672942608363520	84672942608363520	2011-06-25 13:22:57 EDT	2011-06-25	13:22:57	-0400	165511377	andyrichter	Andy Richter		At Disneyland. Son: Why isn't there any American Tail stuff? Me: It's not a Disney movie. Son: Oh. Yeah, its probably too Jewish for Disney.	en	[]	[]	[]	18	199	75	[]	[]	https://twitter.com/AndyRichter/status/84672942608363520	False		0								[]				
84638557439934464	84638557439934464	2011-06-25 11:06:19 EDT	2011-06-25	11:06:19	-0400	67418441	disney	Disney		#Dinglehopper	und	[]	[]	[]	36	250	44	['dinglehopper']	[]	https://twitter.com/Disney/status/84638557439934464	False		0								[]				
84638227515965440	84638227515965440	2011-06-25 11:05:00 EDT	2011-06-25	11:05:00	-0400	15220473	waltdisneyworld	Walt Disney World		Photos: We're featuring vintage Walt Disney World images in this week's Take 5.  http://bit.ly/mu2EQw	en	[]	[]	[]	0	6	5	[]	[]	https://twitter.com/WaltDisneyWorld/status/84638227515965440	False		0								[]				
84605264837361664	84605264837361664	2011-06-25 08:54:01 EDT	2011-06-25	08:54:01	-0400	6782812	domknight	Dom Knight 💉Team Astra-lia		Wonderful old Cracked article showcasing the nine most racist Disney characters.  http://t.co/Q8K2cm9	en	[]	['http://www.cracked.com/article_15677_the-9-most-racist-disney-characters.html']	[]	0	4	5	[]	[]	https://twitter.com/domknight/status/84605264837361664	False		0								[]				
84482957447921664	84482957447921664	2011-06-25 00:48:01 EDT	2011-06-25	00:48:01	-0400	140513962	alfaromoreno	Beto Alfaro Moreno		"""@FrasesFaceTwit: ""No duermas para descansar, duerme para soñar. Porque los sueños están para cumplirse."" - Walt Disney"""	es	[{'screen_name': 'frasesfacetwit', 'name': 'frases face twit', 'id': '621383183'}]	[]	[]	0	13	2	[]	[]	https://twitter.com/AlfaroMoreno/status/84482957447921664	False		0								[]				
84470829882150912	84470829882150912	2011-06-24 23:59:49 EDT	2011-06-24	23:59:49	-0400	214942749	lalioficial	Lali		"""Confesiones de una tipica adolescente"" en disney! lola step te banco.AMO esta peli."	es	[]	[]	[]	297	598	121	[]	[]	https://twitter.com/lalioficial/status/84470829882150912	False		0								[]				
84459372125757441	84459372125757441	2011-06-24 23:14:18 EDT	2011-06-24	23:14:18	-0400	14372486	engadget	Engadget		Potential Hulu deal with Disney increases ads, value to potential buyers  http://engt.co/inOBC2	en	[]	[]	[]	1	19	5	[]	[]	https://twitter.com/engadget/status/84459372125757441	False		0								[]				
84457314354077696	84457314354077696	2011-06-24 23:06:07 EDT	2011-06-24	23:06:07	-0400	22728120	ryanochoa	Ryan Ochoa		#FriendsforChangeGames on Disney Channel! Let's go Green Team! Hope you all enjoy them! We had a great time!	en	[]	[]	[]	9	10	4	['friendsforchangegames']	[]	https://twitter.com/ryanochoa/status/84457314354077696	False		0								[]				
84438763966693376	84438763966693376	2011-06-24 21:52:24 EDT	2011-06-24	21:52:24	-0400	17446621	thr	The Hollywood Reporter		Hulu Strikes Tentative Content Deals With Disney, News Corp., Say Sources  http://j.mp/jOW4HH	en	[]	[]	[]	0	4	1	[]	[]	https://twitter.com/THR/status/84438763966693376	False		0								[]				
84411058231582721	84411058231582721	2011-06-24 20:02:19 EDT	2011-06-24	20:02:19	-0400	67418441	disney	Disney		When life gives you a broken airship, make a helicopter.  http://di.sn/72	en	[]	[]	[]	11	205	44	[]	[]	https://twitter.com/Disney/status/84411058231582721	False		0								[]				
84410937347555329	84407891456565248	2011-06-24 20:01:50 EDT	2011-06-24	20:01:50	-0400	48332360	claudialeitte	Claudia Leitte 🦅		@TaTahSarcoozine @thaissarcoozine @radiodisneybra Vejo vcs na rádio Disney. Uhu!!!	pt	[{'screen_name': 'thaissarcoozine', 'name': 'thatta s.', 'id': '58070774'}, {'screen_name': 'radiodisneybra', 'name': 'rádio disney brasil', 'id': '211188770'}]	[]	[]	22	4	5	[]	[]	https://twitter.com/ClaudiaLeitte/status/84410937347555329	False		0								[]				
84410577891504128	84410577891504128	2011-06-24 20:00:24 EDT	2011-06-24	20:00:24	-0400	48177728	bellathorne	BITCHIMBELLATHORNE		DON'T FORGET TO WATCH THE FRIENDS FOR CHANGE GAMES TONIGHT ON DISNEY CHANNEL :)))) GO GREEN!	en	[]	[]	[]	94	93	18	[]	[]	https://twitter.com/bellathorne/status/84410577891504128	False		0								[]				
84394004069892096	84394004069892096	2011-06-24 18:54:33 EDT	2011-06-24	18:54:33	-0400	154280902	zendaya	Zendaya		Disney Channel Friends for Change Games...RED TEAM!!! woot woo playing for @world_wildlife #redteamsgotswag	en	[{'screen_name': 'world_wildlife', 'name': 'world wildlife fund', 'id': '16029780'}]	[]	[]	66	48	19	['redteamsgotswag']	[]	https://twitter.com/Zendaya/status/84394004069892096	False		0								[]				
84388097218981888	84388097218981888	2011-06-24 18:31:04 EDT	2011-06-24	18:31:04	-0400	67418441	disney	Disney		#DisneyGiveaway has alerted 5 followers via Direct Message. Please check, respond, verify eligibility.	en	[]	[]	[]	23	11	5	['disneygiveaway']	[]	https://twitter.com/Disney/status/84388097218981888	False		0								[]				
84386205428490241	84386205428490241	2011-06-24 18:23:33 EDT	2011-06-24	18:23:33	-0400	27966138	colbiecaillat	Colbie Caillat		My song 'Brighter Than The Sun' will be featured in the new tv trailer for Disney's film 'The Help'. Look out for it this weekend!	en	[]	[]	[]	8	27	7	[]	[]	https://twitter.com/ColbieCaillat/status/84386205428490241	False		0								[]				
84383807054151680	84383807054151680	2011-06-24 18:14:02 EDT	2011-06-24	18:14:02	-0400	12378512	disneyland	Disneyland Resort		Monday starts Downtown Disney Avocado Week. Sample dishes, enjoy special menu items & watch food demos.  http://bit.ly/jc9MF9 @CA_Avocados	en	[{'screen_name': 'ca_avocados', 'name': 'california avocados', 'id': '106217193'}]	[]	[]	1	21	5	[]	[]	https://twitter.com/Disneyland/status/84383807054151680	False		0								[]				
84371243020713984	84371243020713984	2011-06-24 17:24:06 EDT	2011-06-24	17:24:06	-0400	8192222	jezebel	Jezebel		Disney, Fatphobia, & The &quot;Pooh Sized&quot; Debate  http://jezebel.com/5815206/	en	[]	[]	[]	0	4	1	[]	[]	https://twitter.com/Jezebel/status/84371243020713984	False		0								[]				
84371216802119680	84371216802119680	2011-06-24 17:24:00 EDT	2011-06-24	17:24:00	-0400	15220473	waltdisneyworld	Walt Disney World		Did You Know? Approximately 1,000 fireworks shows are performed at Walt Disney World each year. #disneyfyi	en	[]	[]	[]	4	36	6	['disneyfyi']	[]	https://twitter.com/WaltDisneyWorld/status/84371216802119680	False		0								[]				
84370150547136512	84370150547136512	2011-06-24 17:19:46 EDT	2011-06-24	17:19:46	-0400	20546297	popstarmagazine	Popstar Magazine		We can't wait for the Disney Friends for Change Games to air tonight!  http://bit.ly/jpYQrq  http://fb.me/15xZDDEVg	en	[]	[]	[]	6	14	3	[]	[]	https://twitter.com/popstarmagazine/status/84370150547136512	False		0								[]				
84368702006505473	84368702006505473	2011-06-24 17:14:00 EDT	2011-06-24	17:14:00	-0400	12378512	disneyland	Disneyland Resort		The latest in Annual Passholder Commemorative Collection is at Embarcadero Gifts at Disney California Adventure park.   http://bit.ly/m5TNIh	en	[]	[]	[]	0	4	7	[]	[]	https://twitter.com/Disneyland/status/84368702006505473	False		0								[]				
84363714618331137	84363714618331137	2011-06-24 16:54:11 EDT	2011-06-24	16:54:11	-0400	69671984	maria_cb	Maria Canals-Barrera		Tonight, 6/24 at 8pm, Disney Channel! My boys @davidhenrie @greggsulkin @jaketaustin  @world_wildlife, Disney's Friends for Change Games!!!	en	[{'screen_name': 'davidhenrie', 'name': 'david henrie', 'id': '20620967'}, {'screen_name': 'greggsulkin', 'name': 'gregg sulkin', 'id': '96448406'}, {'screen_name': 'jaketaustin', 'name': 'jake t. austin', 'id': '19882775'}, {'screen_name': 'world_wildlife', 'name': 'world wildlife fund', 'id': '16029780'}]	[]	[]	10	49	16	[]	[]	https://twitter.com/Maria_CB/status/84363714618331137	False		0								[]				
84361544380588033	84361544380588033	2011-06-24 16:45:34 EDT	2011-06-24	16:45:34	-0400	8453452	guykawasaki	Guy Kawasaki		The ultimate Disney music mash-up [video]  http://is.gd/fPt4SH	en	[]	[]	[]	0	5	5	[]	[]	https://twitter.com/GuyKawasaki/status/84361544380588033	False		0								[]				
84358177046544384	84358177046544384	2011-06-24 16:32:11 EDT	2011-06-24	16:32:11	-0400	23360024	therealtiffany	Tiffany Thornton		#SoRandom is on Disney Channel tmrw (Saturday) night!! Don't forget to tune in at 8/7central!!	en	[]	[]	[]	18	37	9	['sorandom']	[]	https://twitter.com/therealTiffany/status/84358177046544384	False		0								[]				
84352844723007488	84352844723007488	2011-06-24 16:11:00 EDT	2011-06-24	16:11:00	-0400	23360024	therealtiffany	Tiffany Thornton		The Disney Channel Friends For Change Games start tonight on Disney at 8pm! They'll air in between shows. Be sure to tune in!!	en	[]	[]	[]	19	54	7	[]	[]	https://twitter.com/therealTiffany/status/84352844723007488	False		0								[]				
84346915612921856	84346915612921856	2011-06-24 15:47:26 EDT	2011-06-24	15:47:26	-0400	178462340	adamirigoyen	Adam Irigoyen		The DCFC games will be in between shows starting today at 8pm on disney channel. Go YELLOW TEAM!!!!	en	[]	[]	[]	14	11	2	[]	[]	https://twitter.com/adamirigoyen/status/84346915612921856	False		0								[]				
84345649839091712	84345649839091712	2011-06-24 15:42:24 EDT	2011-06-24	15:42:24	-0400	226835223	disneybrandtvpr	Disney Branded TV PR		Your favorite Disney Channel/DisneyXD stars battle it out starting tonight in Disney's FRIENDS FOR CHANGE GAMES! Which team's going to win?	en	[]	[]	[]	6	11	3	[]	[]	https://twitter.com/DisneyBrandTVPR/status/84345649839091712	False		0								[]				
84341747542528000	84341747542528000	2011-06-24 15:26:54 EDT	2011-06-24	15:26:54	-0400	23459837	m_magazine	M Magazine		Which team do you want to win Disney Friends for Change? Find out more here:  http://t.co/h4PoMbO.	en	[]	['http://bit.ly/maOpHo']	[]	3	0	4	[]	[]	https://twitter.com/m_magazine/status/84341747542528000	False		0								[]				
