id	conversation_id	created_at	date	time	timezone	user_id	username	name	place	tweet	language	mentions	urls	photos	replies_count	retweets_count	likes_count	hashtags	cashtags	link	retweet	quote_url	video	thumbnail	near	geo	source	user_rt_id	user_rt	retweet_id	reply_to	retweet_date	translate	trans_src	trans_dest
601799189509595136	601799189509595136	2015-05-23 02:18:02 KST	2015-05-23	02:18:02	+0900	23482952	cosmopolitan	Cosmopolitan		PepsiCo Is Bringing Back Pepsi Lime  http://t.co/KVkuz5KRuU	en	[]	['http://www.cosmopolitan.com/food-cocktails/news/a40891/pepsico-brings-back-pepsi-lime-with-pepsi-limon/?src=TrueAnth_COSMO_TW&utm_campaign=trueanthem&utm_content=555f64cab3ef1240e2000001&utm_medium=trueanthem&utm_source=twitter']	[]	0	7	23	[]	[]	https://twitter.com/Cosmopolitan/status/601799189509595136	False		0								[]				
601034299085877249	601034299085877249	2015-05-20 23:38:38 KST	2015-05-20	23:38:38	+0900	775476828	pepsicoturkiye	PepsiCo Türkiye		PepsiCo markalarını elbise yapıp giyen arkadaşına şaşırma! Yaratıcılığını göster, paylaş! #stajabaşvuruyorum  http://t.co/5NP3r1xnaT	tr	[]	[]	[]	3	10	155	['stajabaşvuruyorum']	[]	https://twitter.com/PepsiCoTurkiye/status/601034299085877249	False		1	https://pbs.twimg.com/ext_tw_video_thumb/601033411231363072/pu/img/HuBGda63G258D1uL.jpg							[]				
601030198029635584	601030198029635584	2015-05-20 23:22:20 KST	2015-05-20	23:22:20	+0900	775476828	pepsicoturkiye	PepsiCo Türkiye		PepsiCo markalarıyla müzik yapıyorum diyen arkadaşına şaşırma! Yaratıcılığını göster, paylaş! #stajabaşvuruyorum  http://t.co/k35xSx2Xwp	tr	[]	[]	[]	2	4	139	['stajabaşvuruyorum']	[]	https://twitter.com/PepsiCoTurkiye/status/601030198029635584	False		1	https://pbs.twimg.com/ext_tw_video_thumb/601028770347094019/pu/img/1XkZKBbTreq_SbBo.jpg							[]				
600749165719621632	600749165719621632	2015-05-20 04:45:37 KST	2015-05-20	04:45:37	+0900	355220990	kevlabeast	L.A. Beast		Thank you Terry Jean!! #BringBackCrystalPEPSI I emailed 14 of the top executives at Pepsico this morning.  https://t.co/HrDimSzWoA	en	[]	['https://twitter.com/terryjean915/status/600740343303245824']	[]	3	4	17	['bringbackcrystalpepsi']	[]	https://twitter.com/KevLAbeast/status/600749165719621632	False	https://twitter.com/terryjean915/status/600740343303245824	0								[]				
600471237693812736	600471237693812736	2015-05-19 10:21:13 KST	2015-05-19	10:21:13	+0900	384940104	justlabelit	Just Label It		A2: .@Quaker and @PepsiCo have spent more than $8M to deny consumers the right to know if GMOs are in the food they buy. #ConcealOrReveal	en	[{'screen_name': 'quaker', 'name': 'quakeroats', 'id': '18940252'}, {'screen_name': 'pepsico', 'name': 'pepsico', 'id': '21346619'}]	[]	[]	22	47	24	['concealorreveal']	[]	https://twitter.com/justlabelit/status/600471237693812736	False		0								[]				
600444218360762368	600444218360762368	2015-05-19 08:33:52 KST	2015-05-19	08:33:52	+0900	519596463	ksenapathy	Kavin Senapathy		"""Right to know"" is a subterfuge for the #bigorganic industry. Stand your ground with science @Quaker @PepsiCo #concealorReveal"	en	[{'screen_name': 'quaker', 'name': 'quakeroats', 'id': '18940252'}, {'screen_name': 'pepsico', 'name': 'pepsico', 'id': '21346619'}]	[]	[]	0	8	12	['bigorganic', 'concealorreveal']	[]	https://twitter.com/ksenapathy/status/600444218360762368	False		0								[]				
598827604586565632	598827604586565632	2015-05-14 21:30:01 KST	2015-05-14	21:30:01	+0900	19673700	water	Water.org		Thanks to the support of @PepsiCo, Kontala has access to safe @water at home now. #ThankfulThursday  http://t.co/EuQxOYTYXi	en	[{'screen_name': 'pepsico', 'name': 'pepsico', 'id': '21346619'}, {'screen_name': 'water', 'name': 'water.org', 'id': '19673700'}]	[]	['https://pbs.twimg.com/media/CE92iJZUsAABn1P.jpg']	2	13	14	['thankfulthursday']	[]	https://twitter.com/Water/status/598827604586565632	False		1	https://pbs.twimg.com/media/CE92iJZUsAABn1P.jpg							[]				
598431571532722176	598431571532722176	2015-05-13 19:16:19 KST	2015-05-13	19:16:19	+0900	2735591	fastcompany	Fast Company		Meet PepsiCo's Mehmood Khan, one of our most creative people  http://t.co/HOTKMKWb9n by @drcrypt #MCP2015	en	[{'screen_name': 'drcrypt', 'name': 'john brownlee', 'id': '4348671'}]	['http://f-st.co/HFyEfKI']	[]	1	15	17	['mcp2015']	[]	https://twitter.com/FastCompany/status/598431571532722176	False		0								[]				
595589638934437888	595589638934437888	2015-05-05 23:03:30 KST	2015-05-05	23:03:30	+0900	44627459	corinthians	Corinthians		Seja um  #FielTorcedor e garanta descontos em produtos Ambev, Unilever, Pepsico. Fique Sócio:  http://t.co/1e9Gsnqr7f  http://t.co/e1itGinpHl	pt	[]	['http://www.fieltorcedor.com.br', 'http://ow.ly/i/aFl79']	[]	3	41	95	['fieltorcedor']	[]	https://twitter.com/Corinthians/status/595589638934437888	False		0								[]				
595441371596627968	595441371596627968	2015-05-05 13:14:20 KST	2015-05-05	13:14:20	+0900	18139619	pepsi	Pepsi		Respect to our vets @PepsiCo driving this flag through the US in honor of a great cause #RollingRemembrance  http://t.co/EqpeJI97ZL	en	[{'screen_name': 'pepsico', 'name': 'pepsico', 'id': '21346619'}]	[]	['https://pbs.twimg.com/media/CENuxaMUUAAdA1c.jpg']	22	134	166	['rollingremembrance']	[]	https://twitter.com/pepsi/status/595441371596627968	False		1	https://pbs.twimg.com/media/CENuxaMUUAAdA1c.jpg							[]				
