id	conversation_id	created_at	date	time	timezone	user_id	username	name	place	tweet	language	mentions	urls	photos	replies_count	retweets_count	likes_count	hashtags	cashtags	link	retweet	quote_url	video	thumbnail	near	geo	source	user_rt_id	user_rt	retweet_id	reply_to	retweet_date	translate	trans_src	trans_dest
579132295900188672	579132295900188672	2015-03-21 13:07:53 KST	2015-03-21	13:07:53	+0900	24277551	darrenrovell	Darren Rovell		Death of All Sport came when PepsiCo bought Gatorade. Had to sell brand.	en	[]	[]	[]	36	26	68	[]	[]	https://twitter.com/darrenrovell/status/579132295900188672	False		0								[]				
578300094514089985	578300094514089985	2015-03-19 06:01:01 KST	2015-03-19	06:01:01	+0900	15947602	change	Change.org		This HS student wants @PepsiCo to remove a potentially dangerous chemical from its drinks:  https://t.co/FVzDVarBl7	en	[{'screen_name': 'pepsico', 'name': 'pepsico', 'id': '21346619'}]	['https://www.change.org/p/pepsico-stop-using-a-potential-carcinogen-in-your-drinks?utm_source=social_media&utm_medium=twitter&utm_campaign=us']	[]	1	16	11	[]	[]	https://twitter.com/Change/status/578300094514089985	False		0								[]				
578222090727387140	578222090727387140	2015-03-19 00:51:03 KST	2015-03-19	00:51:03	+0900	30054530	ultimahoracom	Última Hora		PepsiCo incursiona con Aquafina en el mercado de aguas  http://t.co/pVNA2gsiKo  http://t.co/8WLAz4HAQf	es	[]	['http://www.ultimahora.com/c881163']	['https://pbs.twimg.com/media/CAZByjhW4AAliU6.jpg']	2	8	12	[]	[]	https://twitter.com/UltimaHoracom/status/578222090727387140	False		1	https://pbs.twimg.com/media/CAZByjhW4AAliU6.jpg							[]				
577683289609224192	577683289609224192	2015-03-17 13:10:03 KST	2015-03-17	13:10:03	+0900	16955991	salon	Salon		What PepsiCo and Coca-Cola don't want you to know about your bottled water  http://t.co/qWRCnFMHAq	en	[]	['http://slnm.us/2r74AAm']	[]	8	33	19	[]	[]	https://twitter.com/Salon/status/577683289609224192	False		0								[]				
577465638240821248	577465638240821248	2015-03-16 22:45:11 KST	2015-03-16	22:45:11	+0900	16955991	salon	Salon		What PepsiCo and Coca-Cola don't want you to know about your bottled water  http://t.co/SvYrquLrgK  http://t.co/8yZKB67w6x	en	[]	['http://slnm.us/10FGPBi']	['https://pbs.twimg.com/media/CAOR8DiWAAAnJ3_.jpg']	5	37	22	[]	[]	https://twitter.com/Salon/status/577465638240821248	False		1	https://pbs.twimg.com/media/CAOR8DiWAAAnJ3_.jpg							[]				
577459332373155840	577459332373155840	2015-03-16 22:20:08 KST	2015-03-16	22:20:08	+0900	9695312	billboard	billboard		PepsiCo has replaced Coca-Cola as Live Nation's official soft drink and bottled water partner:  http://t.co/C9KoSCpZCP	en	[]	['http://blbrd.cm/kHLA1o']	[]	5	44	53	[]	[]	https://twitter.com/billboard/status/577459332373155840	False		0								[]				
577301964884586496	577301964884586496	2015-03-16 11:54:48 KST	2015-03-16	11:54:48	+0900	47543773	bibekdebroy	Bibek Debroy		Bottled water is a scam: PepsiCo, Coca-Cola and the beverage industry’s greatest con  http://t.co/oIIcxw3Bfd	en	[]	['http://zite.to/1CgxbDL']	[]	9	133	74	[]	[]	https://twitter.com/bibekdebroy/status/577301964884586496	False		0								[]				
577006108482650112	577006108482650112	2015-03-15 16:19:11 KST	2015-03-15	16:19:11	+0900	34408874	antonnewcombe	anton newcombe		Multinationals like PepsiCo, the Coca-Cola Company and Nestle rake in a combined $110 billion a year selling bottled water worldwide.....	en	[]	[]	[]	2	14	15	[]	[]	https://twitter.com/antonnewcombe/status/577006108482650112	False		0								[]				
576876798069358592	576876798069358592	2015-03-15 07:45:21 KST	2015-03-15	07:45:21	+0900	15947602	change	Change.org		One HS student is asking @PepsiCo to remove a potentially dangerous chemical from its drinks:  https://t.co/FVzDVarBl7	en	[{'screen_name': 'pepsico', 'name': 'pepsico', 'id': '21346619'}]	['https://www.change.org/p/pepsico-stop-using-a-potential-carcinogen-in-your-drinks?utm_source=social_media&utm_medium=twitter&utm_campaign=us']	[]	3	23	15	[]	[]	https://twitter.com/Change/status/576876798069358592	False		0								[]				
576712297109917697	576712297109917697	2015-03-14 20:51:41 KST	2015-03-14	20:51:41	+0900	87818409	guardian	The Guardian		Nestle, PepsiCo and others use UK public funds to develop harmful snacks, says charities  http://t.co/IlywiBVeQQ	en	[]	['http://trib.al/DBudyPl']	[]	5	74	36	[]	[]	https://twitter.com/guardian/status/576712297109917697	False		0								[]				
576665731909169153	576665731909169153	2015-03-14 17:46:39 KST	2015-03-14	17:46:39	+0900	16042794	guardianus	Guardian US		Nestle, PepsiCo and others use public funds to develop harmful snacks  http://t.co/2S5uS2QUg1	en	[]	['http://trib.al/cU7ZgXh']	[]	1	30	17	[]	[]	https://twitter.com/GuardianUS/status/576665731909169153	False		0								[]				
576650417632849920	576650417632849920	2015-03-14 16:45:47 KST	2015-03-14	16:45:47	+0900	15110357	reutersbiz	Reuters Business		PepsiCo to invest $500 million in Egypt this year  http://t.co/OsaJHew713	en	[]	['http://reut.rs/1Bgzv8l']	[]	2	40	28	[]	[]	https://twitter.com/ReutersBiz/status/576650417632849920	False		0								[]				
576350389198524416	576350389198524416	2015-03-13 20:53:35 KST	2015-03-13	20:53:35	+0900	43620417	andreadatri	Andrea D'Atri 😷✊🏽		Paralización completa de Pepsico. Leo, este paro no lo logró tu muerte. Este paro lo logró tu vida.  http://t.co/OU64SJIteD ¡Leo, presente!	es	[]	['http://www.laizquierdadiario.com/Contra-la-patronal-gran-accion-de-clase-de-las-y-los-trabajadores-de-PepsiCo-por-Leonardo-Norniella']	[]	0	21	15	[]	[]	https://twitter.com/andreadatri/status/576350389198524416	False		0								[]				
575219727901061120	575219727901061120	2015-03-10 18:00:44 KST	2015-03-10	18:00:44	+0900	20758087	thedrum	The Drum		. @PepsiCo reveals its toughest content #marketing lessons  http://t.co/Y6zRSHXyHF  http://t.co/WkP0arofRr	en	[{'screen_name': 'pepsico', 'name': 'pepsico', 'id': '21346619'}]	['http://ow.ly/K7vsC']	['https://pbs.twimg.com/media/B_pzcBSW8AEjZrB.jpg']	0	11	17	['marketing']	[]	https://twitter.com/TheDrum/status/575219727901061120	False		1	https://pbs.twimg.com/media/B_pzcBSW8AEjZrB.jpg							[]				
575098897187618816	575098897187618816	2015-03-10 10:00:36 KST	2015-03-10	10:00:36	+0900	20758087	thedrum	The Drum		. @PepsiCo marketing chief reveals its toughest content #marketing lessons  http://t.co/AdL64N96zp  http://t.co/6QsprkfmOt	en	[{'screen_name': 'pepsico', 'name': 'pepsico', 'id': '21346619'}]	['http://ow.ly/K71SJ']	['https://pbs.twimg.com/media/B_spZkNUwAA8yC1.jpg']	1	18	23	['marketing']	[]	https://twitter.com/TheDrum/status/575098897187618816	False		1	https://pbs.twimg.com/media/B_spZkNUwAA8yC1.jpg							[]				
575060493460705280	575060493460705280	2015-03-10 07:28:00 KST	2015-03-10	07:28:00	+0900	14262772	marshacollier	Marsha Collier		PepsiCo Reveals its Toughest Content Marketing Lessons  http://t.co/qNOsrXXI70 &lt;--Content is king, but expertise rules	en	[]	['http://bit.ly/1GyCv8b']	[]	2	21	11	[]	[]	https://twitter.com/MarshaCollier/status/575060493460705280	False		0								[]				
574959834912583680	574959834912583680	2015-03-10 00:48:01 KST	2015-03-10	00:48:01	+0900	17596622	nature_org	The Nature Conservancy		The simple act of recycling could protect your drinking water.  http://t.co/GT5zWmiunJ #lovewater @PepsiCo  http://t.co/YHm57MxjMf	en	[{'screen_name': 'pepsico', 'name': 'pepsico', 'id': '21346619'}]	['http://nature.ly/1LElO9t']	['https://pbs.twimg.com/media/B_qq7GaUYAACLPb.jpg']	2	63	39	['lovewater']	[]	https://twitter.com/nature_org/status/574959834912583680	False		1	https://pbs.twimg.com/media/B_qq7GaUYAACLPb.jpg							[]				
574759254508331008	574630777586982912	2015-03-09 11:30:59 KST	2015-03-09	11:30:59	+0900	23135992	anntran_	Ann Tran		Inspire. #IWD2015  http://t.co/g8SlFwmkoB via @PepsiCo	en	[{'screen_name': 'pepsico', 'name': 'pepsico', 'id': '21346619'}]	[]	['https://pbs.twimg.com/media/B_i1EA2UsAI_iFp.jpg']	3	20	19	['iwd2015']	[]	https://twitter.com/AnnTran_/status/574759254508331008	False		1	https://pbs.twimg.com/media/B_i1EA2UsAI_iFp.jpg							[]				
574669576383954944	574669576383954944	2015-03-09 05:34:38 KST	2015-03-09	05:34:38	+0900	834281252	crossfit	CrossFit		"""No one in their right mind calls up Coca-Cola or PepsiCo for evidence-based guidance on sugar and dental disease.""  http://t.co/EbK5V5ngr7"	en	[]	['http://goo.gl/fJKDfn']	[]	0	24	46	[]	[]	https://twitter.com/CrossFit/status/574669576383954944	False		0								[]				
573635809829523456	573635809829523456	2015-03-06 09:06:49 KST	2015-03-06	09:06:49	+0900	25601292	umamiburger	Umami Burger		Truffle cheese and real sugar a match made in heaven! @Pepsi @PepsiCo  http://t.co/5dKPNIp5cH	en	[{'screen_name': 'pepsi', 'name': 'pepsi', 'id': '18139619'}, {'screen_name': 'pepsico', 'name': 'pepsico', 'id': '21346619'}]	[]	['https://pbs.twimg.com/media/B_X2upzWQAEqb3y.jpg']	2	13	23	[]	[]	https://twitter.com/umamiburger/status/573635809829523456	False		1	https://pbs.twimg.com/media/B_X2upzWQAEqb3y.jpg							[]				
572794565628985346	572792398545358848	2015-03-04 01:24:01 KST	2015-03-04	01:24:01	+0900	2361697974	company	Company		Seeking the best startups for our next class  http://t.co/WHqBLeABr4  @Microsoft @LOrealUSA @google @JPMorgan @IBM @Intuit @PepsiCo #GCTech16	en	"[{'screen_name': 'microsoft', 'name': 'microsoft', 'id': '74286565'}, {'screen_name': 'lorealusa', 'name': ""l'oréal usa"", 'id': '58602756'}, {'screen_name': 'google', 'name': 'google', 'id': '20536157'}, {'screen_name': 'jpmorgan', 'name': 'j.p. morgan', 'id': '1155522630'}, {'screen_name': 'ibm', 'name': 'ibm', 'id': '18994444'}, {'screen_name': 'intuit', 'name': 'intuit', 'id': '1125071'}, {'screen_name': 'pepsico', 'name': 'pepsico', 'id': '21346619'}]"	['http://bit.ly/GCTechApply']	[]	1	5	12	['gctech16']	[]	https://twitter.com/Company/status/572794565628985346	False		0								[]				
572792398545358848	572792398545358848	2015-03-04 01:15:24 KST	2015-03-04	01:15:24	+0900	2361697974	company	Company		So proud to announce our founding corporate partners! @Microsoft @LOrealUSA @Google @JPMorgan @IBM @Intuit @PepsiCo  http://t.co/CzNWNwoHIO	en	"[{'screen_name': 'microsoft', 'name': 'microsoft', 'id': '74286565'}, {'screen_name': 'lorealusa', 'name': ""l'oréal usa"", 'id': '58602756'}, {'screen_name': 'google', 'name': 'google', 'id': '20536157'}, {'screen_name': 'jpmorgan', 'name': 'j.p. morgan', 'id': '1155522630'}, {'screen_name': 'ibm', 'name': 'ibm', 'id': '18994444'}, {'screen_name': 'intuit', 'name': 'intuit', 'id': '1125071'}, {'screen_name': 'pepsico', 'name': 'pepsico', 'id': '21346619'}]"	['http://www.prnewswire.com/news-releases/grand-central-tech-announces-founding-corporate-partners-300044552.html']	[]	2	20	35	[]	[]	https://twitter.com/Company/status/572792398545358848	False		0								[]				
