id	conversation_id	created_at	date	time	timezone	user_id	username	name	place	tweet	language	mentions	urls	photos	replies_count	retweets_count	likes_count	hashtags	cashtags	link	retweet	quote_url	video	thumbnail	near	geo	source	user_rt_id	user_rt	retweet_id	reply_to	retweet_date	translate	trans_src	trans_dest
669121499085733888	669121499085733888	2015-11-24 20:52:51 KST	2015-11-24	20:52:51	+0900	166665752	rajivprataprudy	Rajiv Pratap Rudy		Gave the key note address at #Franchise2015 with PEPSICO CEO @ShivShivakumarD at Pullman,Aerocity. @FranchiseeIndia  https://t.co/rq5oJ2Azdy	en	[{'screen_name': 'shivshivakumard', 'name': 'shiv shivakumar', 'id': '2890037742'}, {'screen_name': 'franchiseeindia', 'name': 'franchise india brands ltd.', 'id': '2435359154'}]	[]	['https://pbs.twimg.com/media/CUkyadtUsAAcw5e.jpg', 'https://pbs.twimg.com/media/CUkyafcUAAArHpL.jpg', 'https://pbs.twimg.com/media/CUkyahFU8AA3eVP.jpg', 'https://pbs.twimg.com/media/CUkyaimU8AAEE9D.jpg']	3	17	26	['franchise2015']	[]	https://twitter.com/RajivPratapRudy/status/669121499085733888	False		1	https://pbs.twimg.com/media/CUkyadtUsAAcw5e.jpg							[]				
667523990169063424	667523990169063424	2015-11-20 11:04:55 KST	2015-11-20	11:04:55	+0900	31740510	tahj_mowry	Tahj Mowry		 https://t.co/jVN6P59leZ // cc: @PepsiCo @mashable	und	[{'screen_name': 'pepsico', 'name': 'pepsico', 'id': '21346619'}, {'screen_name': 'mashable', 'name': 'mashable', 'id': '972651'}]	['http://on.mash.to/1lxgu1D']	[]	0	4	13	[]	[]	https://twitter.com/Tahj_Mowry/status/667523990169063424	False		0								[]				
666881863798116352	666881863798116352	2015-11-18 16:33:21 KST	2015-11-18	16:33:21	+0900	8622212	cindygallop	Cindy Gallop		Women in design, phenomenal opportunity - apply NOW! #changetheratio #diversity @BradJakeman @pepsico  https://t.co/K3GADYWsZ2	en	[{'screen_name': 'bradjakeman', 'name': 'bradjakeman', 'id': '16727805'}, {'screen_name': 'pepsico', 'name': 'pepsico', 'id': '21346619'}]	['https://twitter.com/BradJakeman/status/666760297378615296']	[]	0	5	10	['changetheratio', 'diversity']	[]	https://twitter.com/cindygallop/status/666881863798116352	False	https://twitter.com/BradJakeman/status/666760297378615296	0								[]				
666810988025487360	666810988025487360	2015-11-18 11:51:42 KST	2015-11-18	11:51:42	+0900	374115730	nicolasdelcano	Nicolas del Caño		La Lista Bordó ganó las elecciones de PepsiCo y pelea por el Sindicato! vamos con la izquierda clasista!!  https://t.co/TNmppQrMbb	es	[]	['http://www.laizquierdadiario.com/La-lista-Bordo-gano-las-elecciones-de-PepsiCo-y-pelea-por-el-Sindicato']	[]	11	14	36	[]	[]	https://twitter.com/NicolasdelCano/status/666810988025487360	False		0								[]				
666799626213715969	666799626213715969	2015-11-18 11:06:34 KST	2015-11-18	11:06:34	+0900	31740510	tahj_mowry	Tahj Mowry		Just wrapped another awesome episode of #innovationdownload w/ @mashable &amp; @PepsiCo! #StayTuned // see ep. 1 here -  https://t.co/yKn2msBj2x	en	[{'screen_name': 'mashable', 'name': 'mashable', 'id': '972651'}, {'screen_name': 'pepsico', 'name': 'pepsico', 'id': '21346619'}]	['http://on.mash.to/1Nt7a5x']	[]	0	3	21	['innovationdownload', 'staytuned']	[]	https://twitter.com/Tahj_Mowry/status/666799626213715969	False		0								[]				
666739642843009028	666739642843009028	2015-11-18 07:08:12 KST	2015-11-18	07:08:12	+0900	20611194	nancyodell	Nancy O'Dell		Thank you to @pepsico for supporting  https://t.co/c0M4J4zvwR and our quest to #CureALS @augienieto  https://t.co/zPO1IrXN4P	en	[{'screen_name': 'pepsico', 'name': 'pepsico', 'id': '21346619'}, {'screen_name': 'augienieto', 'name': 'augie nieto', 'id': '38075229'}]	['http://ALS.net']	['https://pbs.twimg.com/media/CUC8Kk1VEAAHvat.jpg']	3	12	36	['cureals']	[]	https://twitter.com/nancyodell/status/666739642843009028	False		1	https://pbs.twimg.com/media/CUC8Kk1VEAAHvat.jpg							[]				
665595185557053440	665595185557053440	2015-11-15 03:20:33 KST	2015-11-15	03:20:33	+0900	2652536876	indranooyi	Indra Nooyi		Our hearts go out to the people of Paris. En solidarité. All @PepsiCo employees in Paris and Hermes safe and accounted for. #PeaceForParis	en	[{'screen_name': 'pepsico', 'name': 'pepsico', 'id': '21346619'}]	[]	[]	4	17	52	['peaceforparis']	[]	https://twitter.com/IndraNooyi/status/665595185557053440	False		0								[]				
665543494761598976	665543494761598976	2015-11-14 23:55:09 KST	2015-11-14	23:55:09	+0900	12480582	adage	Ad Age		ICYMI: PepsiCo has eliminated its marketing procurement dept in a move sure to cause a stir  https://t.co/tG7bm8Hjf8  https://t.co/HpYXlU0t3W	en	[]	['http://bit.ly/1NR0TFh']	['https://pbs.twimg.com/media/CTx8SCCWUAAnefW.jpg']	0	19	25	[]	[]	https://twitter.com/adage/status/665543494761598976	False		1	https://pbs.twimg.com/media/CTx8SCCWUAAnefW.jpg							[]				
665333833638608896	665333833638608896	2015-11-14 10:02:01 KST	2015-11-14	10:02:01	+0900	18045145	mkdirecto	MarketingDirecto.com		ACTUALIDAD: @PepsiCo decide eliminar su departamento de compras y marketing global  https://t.co/hOK6USuzPj  https://t.co/PgKo7nf2y9	es	[{'screen_name': 'pepsico', 'name': 'pepsico', 'id': '21346619'}]	['http://www.marketingdirecto.com/actualidad/anunciantes/pepsico-suprime-departamento-global-compras-marketing/']	['https://pbs.twimg.com/media/CTtpOkpXIAANjI-.png']	0	33	12	[]	[]	https://twitter.com/mkdirecto/status/665333833638608896	False		1	https://pbs.twimg.com/media/CTtpOkpXIAANjI-.png							[]				
665272284408582144	665272284408582144	2015-11-14 05:57:27 KST	2015-11-14	05:57:27	+0900	48505632	merca20	Merca2.0		PepsiCo elimina su departamento global de adquisiciones y marketing -  https://t.co/dRL53pCZTG  https://t.co/w6KkSpFNsq	es	[]	['http://www.merca20.com/pepsico-elimina-su-departamento-global-de-adquisiciones-y-marketing/']	['https://pbs.twimg.com/media/CTuFnfeWoAAMi1S.jpg']	0	8	11	[]	[]	https://twitter.com/Merca20/status/665272284408582144	False		1	https://pbs.twimg.com/media/CTuFnfeWoAAMi1S.jpg							[]				
665016080277102592	665016080277102592	2015-11-13 12:59:23 KST	2015-11-13	12:59:23	+0900	12480582	adage	Ad Age		PepsiCo has eliminated its marketing procurement department in a move sure to cause a stir  https://t.co/GGxihRzUs7  https://t.co/qu1LNzNb68	en	[]	['http://bit.ly/1ksExyt']	['https://pbs.twimg.com/media/CTqcmd0UsAAV_vN.jpg']	1	51	55	[]	[]	https://twitter.com/adage/status/665016080277102592	False		1	https://pbs.twimg.com/media/CTqcmd0UsAAV_vN.jpg							[]				
664916589867831299	664916589867831299	2015-11-13 06:24:03 KST	2015-11-13	06:24:03	+0900	12480582	adage	Ad Age		PepsiCo has eliminated its marketing procurement department in a move sure to cause a stir  https://t.co/IG4ut66w8i  https://t.co/RKu8w3ysxZ	en	[]	['http://bit.ly/1kseEPj']	['https://pbs.twimg.com/media/CTpCHXlWUAElMPE.jpg']	1	38	23	[]	[]	https://twitter.com/adage/status/664916589867831299	False		1	https://pbs.twimg.com/media/CTpCHXlWUAElMPE.jpg							[]				
664895252805918720	664895252805918720	2015-11-13 04:59:16 KST	2015-11-13	04:59:16	+0900	31740510	tahj_mowry	Tahj Mowry		Check out the 1st episode of “Innovation Download” my new series about technology!! #PepsiCo  https://t.co/FnmAA64Fbh  https://t.co/hdzoEu7zpb	en	[]	['http://goo.gl/1AFYxr', 'https://twitter.com/mashable/status/664836441885827072']	[]	2	1	14	['pepsico']	[]	https://twitter.com/Tahj_Mowry/status/664895252805918720	False	https://twitter.com/mashable/status/664836441885827072	0								[]				
664669440831787008	664669440831787008	2015-11-12 14:01:58 KST	2015-11-12	14:01:58	+0900	138753057	bjsm_bmj	British Journal of Sports Medicine (BJSM)		Interesting! And PepsiCo/Gatorade? Transparent if there's nothing to hide! #SugarDiabetes  https://t.co/2pO9yEoJoB  https://t.co/Lk5XZQdlbH	en	[]	['http://ow.ly/UqZgW']	['https://pbs.twimg.com/media/CTlhVa1XAAAQW6n.png']	0	21	20	['sugardiabetes']	[]	https://twitter.com/BJSM_BMJ/status/664669440831787008	False		1	https://pbs.twimg.com/media/CTlhVa1XAAAQW6n.png							[]				
664599036381560832	664599036381560832	2015-11-12 09:22:12 KST	2015-11-12	09:22:12	+0900	16727805	bradjakeman	BradJakeman		Sorry @wnd  and @CocaColaCo , but I just couldn't resist. #adcouncilgala. #livefornow. @PepsiCo  https://t.co/RKkgRT4VIv	en	[{'screen_name': 'wnd', 'name': 'wendy clark', 'id': '14439813'}, {'screen_name': 'cocacolaco', 'name': 'the coca-cola co.', 'id': '23482357'}, {'screen_name': 'pepsico', 'name': 'pepsico', 'id': '21346619'}]	[]	['https://pbs.twimg.com/media/CTkhS3aWwAA2XVq.jpg']	0	5	14	['adcouncilgala', 'livefornow']	[]	https://twitter.com/BradJakeman/status/664599036381560832	False		1	https://pbs.twimg.com/media/CTkhS3aWwAA2XVq.jpg							[]				
663773353954643968	663773353954643968	2015-11-10 02:41:14 KST	2015-11-10	02:41:14	+0900	23482357	cocacolaco	The Coca-Cola Co.		One thing we have in common with @Pepsico? Supporting our #veterans! @MuhtarKent, @IndraNooyi, @ACPUSA –  https://t.co/uV7qxjIFN3	en	[{'screen_name': 'pepsico', 'name': 'pepsico', 'id': '21346619'}, {'screen_name': 'muhtarkent', 'name': 'muhtar city', 'id': '719804115'}, {'screen_name': 'indranooyi', 'name': 'indra nooyi', 'id': '2652536876'}, {'screen_name': 'acpusa', 'name': 'acp fan', 'id': '1174393879405256704'}]	['http://CokeURL.com/7s4qd']	[]	7	112	145	['veterans']	[]	https://twitter.com/CocaColaCo/status/663773353954643968	False		0								[]				
662697928264429568	662697928264429568	2015-11-07 03:27:53 KST	2015-11-07	03:27:53	+0900	88956373	usembassydublin	U.S. Embassy Dublin		.@USAmbIreland w/ #cmhack15 delegates &amp; partners @RyanAcademy @Intel_IRL @ibm_in_ireland Kerry Group &amp; @pepsico  https://t.co/FgWK6ovNUb	en	[{'screen_name': 'usambireland', 'name': 'alexandra mcknight', 'id': '2826569732'}, {'screen_name': 'ryanacademy', 'name': 'dcu ryan academy', 'id': '239777369'}, {'screen_name': 'intel_irl', 'name': 'intel ireland', 'id': '126038991'}, {'screen_name': 'ibm_in_ireland', 'name': 'ibm ireland', 'id': '16404893'}, {'screen_name': 'pepsico', 'name': 'pepsico', 'id': '21346619'}]	[]	['https://pbs.twimg.com/media/CTJgPcAXAAAIKgt.jpg']	3	29	30	['cmhack15']	[]	https://twitter.com/USEmbassyDublin/status/662697928264429568	False		1	https://pbs.twimg.com/media/CTJgPcAXAAAIKgt.jpg							[]				
662046442824028160	662046442824028160	2015-11-05 08:19:06 KST	2015-11-05	08:19:06	+0900	12480582	adage	Ad Age		Too many new-media people come from old media where you pay them money to pollute the platform. --Brad Jakeman, PepsiCo. #aabrands	en	[]	[]	[]	3	19	27	['aabrands']	[]	https://twitter.com/adage/status/662046442824028160	False		0								[]				
661724671490945024	661724671490945024	2015-11-04 11:00:30 KST	2015-11-04	11:00:30	+0900	18938394	catracalivre	Catraca Livre		Vagas abertas no Facebook, Pepsico, Avianca, Nestlé e mais!  https://t.co/ZbOUjhjF71 #Emprego	pt	[]	['http://bit.ly/1kqPIas']	[]	0	9	24	['emprego']	[]	https://twitter.com/catracalivre/status/661724671490945024	False		0								[]				
661686834515218432	661686834515218432	2015-11-04 08:30:09 KST	2015-11-04	08:30:09	+0900	14253109	adambain	adam bain		Great to see @PepsiCo CEO @IndraNooyi join Twitter!  Hello Indra! Great to have you here :)  https://t.co/Cqdwlioh4X	en	[{'screen_name': 'pepsico', 'name': 'pepsico', 'id': '21346619'}, {'screen_name': 'indranooyi', 'name': 'indra nooyi', 'id': '2652536876'}]	['https://twitter.com/indranooyi/status/661652735079686145']	[]	4	16	84	[]	[]	https://twitter.com/adambain/status/661686834515218432	False	https://twitter.com/indranooyi/status/661652735079686145	0								[]				
