id	conversation_id	created_at	date	time	timezone	user_id	username	name	place	tweet	language	mentions	urls	photos	replies_count	retweets_count	likes_count	hashtags	cashtags	link	retweet	quote_url	video	thumbnail	near	geo	source	user_rt_id	user_rt	retweet_id	reply_to	retweet_date	translate	trans_src	trans_dest
571014275055140864	571014275055140864	2015-02-27 03:29:46 KST	2015-02-27	03:29:46	+0900	23482357	cocacolaco	The Coca-Cola Co.		Thanks, @PepsiCo, for your gracious tribute to Don Keough in our hometown paper. His legendary leadership made us all better.	en	[{'screen_name': 'pepsico', 'name': 'pepsico', 'id': '21346619'}]	[]	[]	5	38	42	[]	[]	https://twitter.com/CocaColaCo/status/571014275055140864	False		0								[]				
570242563984269312	570242563984269312	2015-02-25 00:23:16 KST	2015-02-25	00:23:16	+0900	8596022	marketingprofs	Ann Handley		Interesting video contest by @pepsico @linkedin to recruit college students for content marketing &gt;  http://t.co/TY6F2P8i3M	en	[{'screen_name': 'pepsico', 'name': 'pepsico', 'id': '21346619'}, {'screen_name': 'linkedin', 'name': 'linkedin', 'id': '13058772'}]	['http://buff.ly/1w7bhMW']	[]	3	28	29	[]	[]	https://twitter.com/MarketingProfs/status/570242563984269312	False		0								[]				
568888300615966720	568888300615966720	2015-02-21 06:41:54 KST	2015-02-21	06:41:54	+0900	1947644899	jeterturn2	Turn 2 Foundation		Our NY #JetersLeaders visited @PepsiCo today + spoke with executives about professional development. Thanks PepsiCo!  http://t.co/TeeqDZvtL3	en	[{'screen_name': 'pepsico', 'name': 'pepsico', 'id': '21346619'}]	[]	['https://pbs.twimg.com/media/B-UY5RNIMAA0V7v.jpg']	1	22	43	['jetersleaders']	[]	https://twitter.com/JeterTurn2/status/568888300615966720	False		1	https://pbs.twimg.com/media/B-UY5RNIMAA0V7v.jpg							[]				
567311225730908160	567311225730908160	2015-02-16 22:15:11 KST	2015-02-16	22:15:11	+0900	5988062	theeconomist	The Economist		Coca-Cola and PepsiCo are being hit by the strong dollar  http://t.co/VpoLtNcyH9  http://t.co/wQTmQM8hmB	en	[]	['http://econ.st/1zzY4w5']	['https://pbs.twimg.com/media/B99-jdEIMAAaRue.jpg']	11	98	78	[]	[]	https://twitter.com/TheEconomist/status/567311225730908160	False		1	https://pbs.twimg.com/media/B99-jdEIMAAaRue.jpg							[]				
567232486238089216	567232486238089216	2015-02-16 17:02:18 KST	2015-02-16	17:02:18	+0900	5988062	theeconomist	The Economist		Coca-Cola and PepsiCo are being hit by the strong dollar  http://t.co/7sz6sSHh9Z  http://t.co/fT29JL7zvV	en	[]	['http://econ.st/17cEPlN']	['https://pbs.twimg.com/media/B9828NnIMAAbetS.jpg']	14	108	63	[]	[]	https://twitter.com/TheEconomist/status/567232486238089216	False		1	https://pbs.twimg.com/media/B9828NnIMAAbetS.jpg							[]				
566973749279588353	566973749279588353	2015-02-15 23:54:10 KST	2015-02-15	23:54:10	+0900	5988062	theeconomist	The Economist		Coca-Cola and PepsiCo are being hit by the strong dollar  http://t.co/HFXSNka6SB  http://t.co/XGLlC0Lj4s	en	[]	['http://econ.st/1zR3dEV']	['https://pbs.twimg.com/media/B95LnvfIUAAsEvk.jpg']	14	136	100	[]	[]	https://twitter.com/TheEconomist/status/566973749279588353	False		1	https://pbs.twimg.com/media/B95LnvfIUAAsEvk.jpg							[]				
566705292025806849	566705292025806849	2015-02-15 06:07:25 KST	2015-02-15	06:07:25	+0900	5988062	theeconomist	The Economist		Coca-Cola and PepsiCo are being hit by the strong dollar  http://t.co/J8WgcrS6Xi  http://t.co/mrx4seqhOS	en	[]	['http://econ.st/1CsQNmt']	['https://pbs.twimg.com/media/B91XdePIMAA6dcc.jpg']	25	159	71	[]	[]	https://twitter.com/TheEconomist/status/566705292025806849	False		1	https://pbs.twimg.com/media/B91XdePIMAA6dcc.jpg							[]				
566529059262562304	566529059262562304	2015-02-14 18:27:07 KST	2015-02-14	18:27:07	+0900	5988062	theeconomist	The Economist		Coca-Cola and PepsiCo are being hit by the strong dollar  http://t.co/7WmuSmg1N5  http://t.co/CbXrnQHKVs	en	[]	['http://econ.st/1zR39VK']	['https://pbs.twimg.com/media/B9y3LYGIUAA73qK.jpg']	17	128	88	[]	[]	https://twitter.com/TheEconomist/status/566529059262562304	False		1	https://pbs.twimg.com/media/B9y3LYGIUAA73qK.jpg							[]				
566278928919453697	566278928919453697	2015-02-14 01:53:12 KST	2015-02-14	01:53:12	+0900	5988062	theeconomist	The Economist		Coca-Cola and PepsiCo are being hit by the strong dollar  http://t.co/hd2BHJ7Nq7  http://t.co/0Z4O4soADP	en	[]	['http://econ.st/1KRAlQF']	['https://pbs.twimg.com/media/B9vTr38IMAE_9AX.jpg']	13	114	100	[]	[]	https://twitter.com/TheEconomist/status/566278928919453697	False		1	https://pbs.twimg.com/media/B9vTr38IMAE_9AX.jpg							[]				
566263505285050368	566263505285050368	2015-02-14 00:51:54 KST	2015-02-14	00:51:54	+0900	3004243629	lovehasno_	Love Has No Labels		#FF Thanks to our supporters who are committed to diversity: @CocaCola, @PepsiCo @ProcterGamble, @UnileverUSA @AllState @StateFarm.	en	[{'screen_name': 'cocacola', 'name': 'coca-cola', 'id': '26787673'}, {'screen_name': 'pepsico', 'name': 'pepsico', 'id': '21346619'}, {'screen_name': 'proctergamble', 'name': 'procter & gamble', 'id': '27025414'}, {'screen_name': 'unileverusa', 'name': 'unileverusa', 'id': '77037315'}, {'screen_name': 'allstate', 'name': 'allstate', 'id': '14275290'}, {'screen_name': 'statefarm', 'name': 'state farm', 'id': '15091022'}]	[]	[]	1	4	12	['ff']	[]	https://twitter.com/LoveHasNo_/status/566263505285050368	False		0								[]				
566173346464026624	566173346464026624	2015-02-13 18:53:39 KST	2015-02-13	18:53:39	+0900	5988062	theeconomist	The Economist		Coca-Cola and PepsiCo are being hit by the strong dollar  http://t.co/n1Lc20YpOY  http://t.co/jbT1HUqLEk	en	[]	['http://econ.st/1vHTNMo']	['https://pbs.twimg.com/media/B9tzqKqIQAACP8E.jpg']	20	143	78	[]	[]	https://twitter.com/TheEconomist/status/566173346464026624	False		1	https://pbs.twimg.com/media/B9tzqKqIQAACP8E.jpg							[]				
565492430624272384	565492430624272384	2015-02-11 21:47:56 KST	2015-02-11	21:47:56	+0900	25053299	fortunemagazine	FORTUNE		PepsiCo’s quarterly revenue slips due to a stronger dollar  http://t.co/s3V5Srywqw  http://t.co/iEvZMMjuFB	en	[]	['http://for.tn/1zL1Kjp']	['https://pbs.twimg.com/media/B9kIXpcIEAAmMZU.jpg']	3	23	12	[]	[]	https://twitter.com/FortuneMagazine/status/565492430624272384	False		1	https://pbs.twimg.com/media/B9kIXpcIEAAmMZU.jpg							[]				
565110460035637248	565110460035637248	2015-02-10 20:30:07 KST	2015-02-10	20:30:07	+0900	5988062	theeconomist	The Economist		From Espresso: Losing their fizz: Coca-Cola and PepsiCo  http://t.co/5MdhPZwBnm  http://t.co/VXsMoT76pE	en	[]	['http://econ.st/1zS9lf1']	['https://pbs.twimg.com/media/B9es-CHIcAA3-05.jpg']	9	69	59	[]	[]	https://twitter.com/TheEconomist/status/565110460035637248	False		1	https://pbs.twimg.com/media/B9es-CHIcAA3-05.jpg							[]				
563061687306440705	563061687306440705	2015-02-05 04:49:02 KST	2015-02-05	04:49:02	+0900	128263500	chefanneburrell	anne burrell		What do you do when you combine @CIACulinary students, @PepsiCo products &amp; #SB49? A #GameDayGrubMatch. Check it out:  https://t.co/M5IuRq4Fg4	en	[{'screen_name': 'ciaculinary', 'name': 'the cia', 'id': '18939092'}, {'screen_name': 'pepsico', 'name': 'pepsico', 'id': '21346619'}]	['https://www.youtube.com/watch?v=Y9Y-3ORhJow&feature=youtu.be&list=PLy12zUgPrIVVjDbGHQaKharBWld1zI6mI']	[]	0	8	18	['sb49', 'gamedaygrubmatch']	[]	https://twitter.com/chefanneburrell/status/563061687306440705	False		0								[]				
562296870274220032	562296870274220032	2015-02-03 02:09:55 KST	2015-02-03	02:09:55	+0900	33543881	reformanacional	REFORMA Nacional		El ex Presidente @FelipeCalderon agradeció a PepsiCo su invitación para acudir al Súper Tazón en Phoenix, Arizona.  http://t.co/Atj6XUBPHw	es	[{'screen_name': 'felipecalderon', 'name': 'felipe calderón', 'id': '144376833'}]	[]	['https://pbs.twimg.com/media/B82uBftCQAAqxfm.jpg']	18	27	25	[]	[]	https://twitter.com/reformanacional/status/562296870274220032	False		1	https://pbs.twimg.com/media/B82uBftCQAAqxfm.jpg							[]				
562086974249385985	562086974249385985	2015-02-02 12:15:52 KST	2015-02-02	12:15:52	+0900	33098495	daninierenberg	Danielle Nierenberg, Food Tank		@PepsiCo: Spending millions on the #SuperBowl doesn't change the fact consumers are rejecting soda in record numbers. No offense @katyperry	en	[{'screen_name': 'katyperry', 'name': 'katy perry', 'id': '21447363'}]	[]	[]	4	38	46	['superbowl']	[]	https://twitter.com/DaniNierenberg/status/562086974249385985	False		0								[]				
562083976550948864	562083976550948864	2015-02-02 12:03:57 KST	2015-02-02	12:03:57	+0900	144376833	felipecalderon	Felipe Calderón		Agradezco a @PepsiCo y a su CEO, la destacada Indra Nooyi,  por su invitación al #SuperBowlXLIX. Bien x @Patriots!  http://t.co/OAK4aR6MgE	es	[{'screen_name': 'pepsico', 'name': 'pepsico', 'id': '21346619'}, {'screen_name': 'patriots', 'name': 'new england patriots', 'id': '31126587'}]	[]	['https://pbs.twimg.com/media/B8zsY1TCMAIHB-8.jpg']	305	703	1121	['superbowlxlix']	[]	https://twitter.com/FelipeCalderon/status/562083976550948864	False		1	https://pbs.twimg.com/media/B8zsY1TCMAIHB-8.jpg							[]				
562024496530337793	562024496530337793	2015-02-02 08:07:36 KST	2015-02-02	08:07:36	+0900	144376833	felipecalderon	Felipe Calderón		Agradezco a @PepsiCo @pepsi y a su CEO, la destacada Indra Nooyi,  por su invitación al #SuperBowlXLIX	es	[{'screen_name': 'pepsico', 'name': 'pepsico', 'id': '21346619'}, {'screen_name': 'pepsi', 'name': 'pepsi', 'id': '18139619'}]	[]	[]	142	215	282	['superbowlxlix']	[]	https://twitter.com/FelipeCalderon/status/562024496530337793	False		0								[]				
561726885819088898	561726885819088898	2015-02-01 12:25:00 KST	2015-02-01	12:25:00	+0900	7996082	el_pais	EL PAÍS		Apple tiene más dinero en efectivo de lo que valen Disney o la PepsiCo  http://t.co/m5Ah3tbgMO  http://t.co/uirQRf0DYQ	es	[]	['http://cort.as/OcVL']	['https://pbs.twimg.com/media/B8unoEDCUAAwxcX.jpg']	14	498	238	[]	[]	https://twitter.com/el_pais/status/561726885819088898	False		1	https://pbs.twimg.com/media/B8unoEDCUAAwxcX.jpg							[]				
