id	conversation_id	created_at	date	time	timezone	user_id	username	name	place	tweet	language	mentions	urls	photos	replies_count	retweets_count	likes_count	hashtags	cashtags	link	retweet	quote_url	video	thumbnail	near	geo	source	user_rt_id	user_rt	retweet_id	reply_to	retweet_date	translate	trans_src	trans_dest
681151264651100160	681151264651100160	2015-12-28 01:34:51 KST	2015-12-28	01:34:51	+0900	1914889524	jlhb33	Jose Luis Higuera B		@Chivas @PepsiMEX @PepsiCo fieles a nuestros aliados!! Gracias por creer y apoyar a chivas!!  https://t.co/UW89xA0qks	es	[{'screen_name': 'pepsimex', 'name': 'pepsi méxico', 'id': '61518210'}, {'screen_name': 'pepsico', 'name': 'pepsico', 'id': '21346619'}]	[]	['https://pbs.twimg.com/media/CXPvReIU0AANI1X.jpg']	4	2	27	[]	[]	https://twitter.com/JLHB33/status/681151264651100160	False		1	https://pbs.twimg.com/media/CXPvReIU0AANI1X.jpg							[]				
679819268888854528	679819268888854528	2015-12-24 09:21:58 KST	2015-12-24	09:21:58	+0900	972651	mashable	Mashable		Are interactive videos the next big trend? @Tahj_Mowry takes a closer look w/ @PepsiCo #spon  https://t.co/Kh1scMKHI6  https://t.co/Y36Kf2OFLZ	en	[{'screen_name': 'tahj_mowry', 'name': 'tahj mowry', 'id': '31740510'}, {'screen_name': 'pepsico', 'name': 'pepsico', 'id': '21346619'}]	['http://on.mash.to/1RHCTGL']	['https://pbs.twimg.com/media/CW80BdHWYAEFgRa.jpg']	2	35	51	['spon']	[]	https://twitter.com/mashable/status/679819268888854528	False		1	https://pbs.twimg.com/media/CW80BdHWYAEFgRa.jpg							[]				
679393935672803329	679393935672803329	2015-12-23 05:11:51 KST	2015-12-23	05:11:51	+0900	31740510	tahj_mowry	Tahj Mowry		"Choose your own adventure in Ep 2 of my series w/ @PepsiCo ""Innovation Download” is out now. s/o @mashable  https://t.co/FZKMzHMaiK"	en	[{'screen_name': 'pepsico', 'name': 'pepsico', 'id': '21346619'}, {'screen_name': 'mashable', 'name': 'mashable', 'id': '972651'}]	['http://on.mash.to/1mwidF6']	[]	1	2	28	[]	[]	https://twitter.com/Tahj_Mowry/status/679393935672803329	False		0								[]				
679338619555958784	679338619555958784	2015-12-23 01:32:03 KST	2015-12-23	01:32:03	+0900	31740510	tahj_mowry	Tahj Mowry		"Check me out in Ep 2 of my series w/ @PepsiCo ""Innovation Download” s/o @mashable #TM15  https://t.co/FZKMzHuzrc  https://t.co/eyenyiqzCg"	en	[{'screen_name': 'pepsico', 'name': 'pepsico', 'id': '21346619'}, {'screen_name': 'mashable', 'name': 'mashable', 'id': '972651'}]	['http://on.mash.to/1mwidF6']	['https://pbs.twimg.com/media/CW1-3-uUYAA8gCV.jpg']	1	4	29	['tm15']	[]	https://twitter.com/Tahj_Mowry/status/679338619555958784	False		1	https://pbs.twimg.com/media/CW1-3-uUYAA8gCV.jpg							[]				
679067049465921536	679067049465921536	2015-12-22 07:32:55 KST	2015-12-22	07:32:55	+0900	972651	mashable	Mashable		Are interactive videos the next big trend? @Tahj_Mowry takes a closer look w/ @PepsiCo #spon  https://t.co/EZPCq8l8WY  https://t.co/h46GUekXG6	en	[{'screen_name': 'tahj_mowry', 'name': 'tahj mowry', 'id': '31740510'}, {'screen_name': 'pepsico', 'name': 'pepsico', 'id': '21346619'}]	['http://on.mash.to/1TduzfL']	['https://pbs.twimg.com/media/CWyH4hmWcAAefK9.jpg']	8	81	191	['spon']	[]	https://twitter.com/mashable/status/679067049465921536	False		1	https://pbs.twimg.com/media/CWyH4hmWcAAefK9.jpg							[]				
678192284463157249	678192284463157249	2015-12-19 21:36:55 KST	2015-12-19	21:36:55	+0900	12480582	adage	Ad Age		ICYMI: PepsiCo revamps vending machines to attract healthier eaters  https://t.co/2uBeso1WkX  https://t.co/bz4rs7MCOD	en	[]	['http://bit.ly/1IekTkw']	['https://pbs.twimg.com/media/CWlsSfkUEAAsnyp.jpg']	3	26	39	[]	[]	https://twitter.com/adage/status/678192284463157249	False		1	https://pbs.twimg.com/media/CWlsSfkUEAAsnyp.jpg							[]				
676853934313508864	676853934313508864	2015-12-16 04:58:47 KST	2015-12-16	04:58:47	+0900	16184358	cnnbusiness	CNN Business		What it's like to taste test 600 cups of tea a day  https://t.co/LLUQ9LIHDN #internationalteaday @pepsico @lipton  https://t.co/Su1Ghza5bA	en	[{'screen_name': 'pepsico', 'name': 'pepsico', 'id': '21346619'}, {'screen_name': 'lipton', 'name': 'lipton tea', 'id': '6018982'}]	['http://cnnmon.ie/1NRRlcI', 'https://amp.twimg.com/v/2f3640b8-2146-47a1-9076-f1dcb25415d2']	[]	1	20	24	['internationalteaday']	[]	https://twitter.com/CNNBusiness/status/676853934313508864	False		0								[]				
676556157767581696	676556157767581696	2015-12-15 09:15:32 KST	2015-12-15	09:15:32	+0900	34713362	business	Bloomberg		Facing an anti-soda backlash, PepsiCo looks to make a come-back in vending machines  https://t.co/6TTNlMrgsJ  https://t.co/6sVlkQM4Af	en	[]	['http://bloom.bg/1Qo4UTp']	['https://pbs.twimg.com/media/CWOcPY5UYAA4n_r.jpg']	3	20	23	[]	[]	https://twitter.com/business/status/676556157767581696	False		1	https://pbs.twimg.com/media/CWOcPY5UYAA4n_r.jpg							[]				
676489151005503488	676489151005503488	2015-12-15 04:49:16 KST	2015-12-15	04:49:16	+0900	128585924	bethkowitt	Beth Kowitt		PepsiCo's Tropicana is getting a non-GMO label. But guess what? There are no GMO oranges @FortuneMagazine  https://t.co/8grvTnmyjJ	en	[{'screen_name': 'fortunemagazine', 'name': 'fortune', 'id': '25053299'}]	['http://for.tn/1O0n2fN']	[]	9	59	43	[]	[]	https://twitter.com/bethkowitt/status/676489151005503488	False		0								[]				
676439205690609668	676439205690609668	2015-12-15 01:30:48 KST	2015-12-15	01:30:48	+0900	12480582	adage	Ad Age		PepsiCo revamps vending machines to attract healthier eaters  https://t.co/UvtprJffQg  https://t.co/ZdetJDVv3h	en	[]	['http://bit.ly/1QGWSDP']	['https://pbs.twimg.com/media/CWMx34uWwAAmoop.jpg']	2	31	47	[]	[]	https://twitter.com/adage/status/676439205690609668	False		1	https://pbs.twimg.com/media/CWMx34uWwAAmoop.jpg							[]				
676406906932625408	676406906932625408	2015-12-14 23:22:28 KST	2015-12-14	23:22:28	+0900	34713362	business	Bloomberg		Facing an anti-soda backlash, PepsiCo looks to make a come-back in vending machines  https://t.co/6TTNlMrgsJ  https://t.co/ny46H8foQo	en	[]	['http://bloom.bg/1Qo4UTp']	['https://pbs.twimg.com/media/CWMUf2vWIAElawd.jpg']	2	31	21	[]	[]	https://twitter.com/business/status/676406906932625408	False		1	https://pbs.twimg.com/media/CWMUf2vWIAElawd.jpg							[]				
676255054450544640	676255054450544640	2015-12-14 13:19:03 KST	2015-12-14	13:19:03	+0900	921759169	foodtank	FoodTank		PepsiCo’s Tropicana Pure Premium juices will soon be marketed as GMO-free -  https://t.co/dyWitisVKl @willyblackmore  https://t.co/Ql5AnrnfdX	en	[{'screen_name': 'willyblackmore', 'name': 'willy blackmore', 'id': '15069769'}]	['http://bit.ly/1O3Zflt']	['https://pbs.twimg.com/media/CWKAuiwU8AAEB6x.jpg']	1	12	15	[]	[]	https://twitter.com/foodtank/status/676255054450544640	False		1	https://pbs.twimg.com/media/CWKAuiwU8AAEB6x.jpg							[]				
675022823627165696	675022823627165696	2015-12-11 03:42:37 KST	2015-12-11	03:42:37	+0900	37034483	ndtv	NDTV		PepsiCo Chairperson, CEO Indra Nooyi meets Prime Minister Narendra Modi  https://t.co/Hr7SlE8mfx  https://t.co/wBTS3Vjtzw	it	[]	['http://www.ndtv.com/india-news/pepsico-chairperson-ceo-indra-nooyi-meets-prime-minister-narendra-modi-1253521']	['https://pbs.twimg.com/media/CV4prijUkAAhREs.jpg']	3	25	91	[]	[]	https://twitter.com/ndtv/status/675022823627165696	False		1	https://pbs.twimg.com/media/CV4prijUkAAhREs.jpg							[]				
674980867974946816	674980867974946816	2015-12-11 00:55:54 KST	2015-12-11	00:55:54	+0900	17710740	dna	DNA		.@PepsiCo Chairperson &amp; CEO Indra Nooyi meets PM .@narendramodi  https://t.co/kZ3cIx9FTY  https://t.co/PGu22RAz7F	en	[{'screen_name': 'pepsico', 'name': 'pepsico', 'id': '21346619'}, {'screen_name': 'narendramodi', 'name': 'narendra modi', 'id': '18839785'}]	['http://dnai.in/d4pp']	['https://pbs.twimg.com/media/CV4DhEqWEAAteJK.jpg']	0	10	29	[]	[]	https://twitter.com/dna/status/674980867974946816	False		1	https://pbs.twimg.com/media/CV4DhEqWEAAteJK.jpg							[]				
674939047450660865	674939047450660865	2015-12-10 22:09:43 KST	2015-12-10	22:09:43	+0900	486711396	bjplive	BJP LIVE		Chairperson and CEO PepsiCo, Ms. Indra Nooyi calls on the Prime Minister, Shri @narendramodi in New Delhi.  https://t.co/Y8AfwCmxlQ	en	[{'screen_name': 'narendramodi', 'name': 'narendra modi', 'id': '18839785'}]	[]	['https://pbs.twimg.com/media/CV3dYpVUEAIXSx2.jpg', 'https://pbs.twimg.com/media/CV3dYfnUwAIO18f.jpg', 'https://pbs.twimg.com/media/CV3dY5DUEAIa8z8.jpg']	0	24	34	[]	[]	https://twitter.com/BJPLive/status/674939047450660865	False		1	https://pbs.twimg.com/media/CV3dYpVUEAIXSx2.jpg							[]				
674926857767161856	674926857767161856	2015-12-10 21:21:17 KST	2015-12-10	21:21:17	+0900	39743812	economictimes	Economic Times		PepsiCo CEO Indra Nooyi meets PM @narendramodi in New Delhi (Image: PIB)  https://t.co/xrF90XyqKC	es	[{'screen_name': 'narendramodi', 'name': 'narendra modi', 'id': '18839785'}]	[]	['https://pbs.twimg.com/media/CV3SZmBUwAA2hzO.jpg']	0	22	42	[]	[]	https://twitter.com/EconomicTimes/status/674926857767161856	False		1	https://pbs.twimg.com/media/CV3SZmBUwAA2hzO.jpg							[]				
674926017778204672	674926017778204672	2015-12-10 21:17:56 KST	2015-12-10	21:17:56	+0900	240649814	timesnow	TIMES NOW		PepsiCo CEO Indra Nooyi meets PM Narendra Modi in New Delhi  https://t.co/hxhsj9VZJf	in	[]	[]	['https://pbs.twimg.com/media/CV3RmY1U4AA3lxt.jpg', 'https://pbs.twimg.com/media/CV3RmdRUwAAAQYk.jpg', 'https://pbs.twimg.com/media/CV3RmQlU4AAyN0M.jpg']	10	37	92	[]	[]	https://twitter.com/TimesNow/status/674926017778204672	False		1	https://pbs.twimg.com/media/CV3RmY1U4AA3lxt.jpg							[]				
674925681956941824	674925681956941824	2015-12-10 21:16:36 KST	2015-12-10	21:16:36	+0900	231033118	pib_india	PIB India		Chairperson and CEO PepsiCo, Ms. @IndraNooyi calls on PM Sh @narendramodi  https://t.co/yKfssdbpDV	en	[{'screen_name': 'indranooyi', 'name': 'indra nooyi', 'id': '2652536876'}, {'screen_name': 'narendramodi', 'name': 'narendra modi', 'id': '18839785'}]	[]	['https://pbs.twimg.com/media/CV3RT8LUAAI3Sms.jpg', 'https://pbs.twimg.com/media/CV3RU61UkAAuqpY.jpg', 'https://pbs.twimg.com/media/CV3RUF2UkAAKYP1.jpg']	14	166	546	[]	[]	https://twitter.com/PIB_India/status/674925681956941824	False		1	https://pbs.twimg.com/media/CV3RT8LUAAI3Sms.jpg							[]				
674925420203012096	674925420203012096	2015-12-10 21:15:34 KST	2015-12-10	21:15:34	+0900	355989081	ani	ANI		CEO of PepsiCo Indira Nooyi meets PM Narendra Modi (source: PMO)  https://t.co/N64P9LwIGG	tl	[]	[]	['https://pbs.twimg.com/media/CV3RF5JU4AAV3df.png']	3	31	39	[]	[]	https://twitter.com/ANI/status/674925420203012096	False		1	https://pbs.twimg.com/media/CV3RF5JU4AAV3df.png							[]				
674440342259675136	674440342259675136	2015-12-09 13:08:02 KST	2015-12-09	13:08:02	+0900	30205586	adweek	Adweek		Agency calls out PepsiCo president on Twitter, challenging him to work with small shops:  https://t.co/WZxwy5qIH7  https://t.co/IwGZzD7uq8	en	[]	['http://adweek.it/1jMzQ1n']	['https://pbs.twimg.com/media/CVvQuykXAAACOS4.png']	0	10	22	[]	[]	https://twitter.com/Adweek/status/674440342259675136	False		1	https://pbs.twimg.com/media/CVvQuykXAAACOS4.png							[]				
674308466941558785	674308466941558785	2015-12-09 04:24:01 KST	2015-12-09	04:24:01	+0900	30205586	adweek	Adweek		Agency calls out PepsiCo president on Twitter, challenging him to work with small shops:  https://t.co/WZxwy597Pz  https://t.co/35kKYBfXuf	en	[]	['http://adweek.it/1jMzQ1n']	['https://pbs.twimg.com/media/CVuf-kVXAAEFYaD.png']	0	12	13	[]	[]	https://twitter.com/Adweek/status/674308466941558785	False		1	https://pbs.twimg.com/media/CVuf-kVXAAEFYaD.png							[]				
674172408534802433	674172408534802433	2015-12-08 19:23:22 KST	2015-12-08	19:23:22	+0900	233418418	pepsiindia	Pepsi India		PepsiCo is providing free Aquafina &amp; Quaker Oats. Vodafone users please SMS WATER to 50000. #ChennaiRainsHelp	en	[]	[]	[]	7	89	39	['chennairainshelp']	[]	https://twitter.com/PepsiIndia/status/674172408534802433	False		0								[]				
673410297848274944	673410297848274944	2015-12-06 16:55:01 KST	2015-12-06	16:55:01	+0900	29157243	smilefoundation	Smile Foundation		Relief also started in Kundrathur- Santhi Nagar, Kolathamedu and Pandian Street with support from @PepsiCo #ChennaiRainsHelp #SmileInChennai	en	[{'screen_name': 'pepsico', 'name': 'pepsico', 'id': '21346619'}]	[]	[]	2	22	34	['chennairainshelp', 'smileinchennai']	[]	https://twitter.com/smilefoundation/status/673410297848274944	False		0								[]				
