id	conversation_id	created_at	date	time	timezone	user_id	username	name	place	tweet	language	mentions	urls	photos	replies_count	retweets_count	likes_count	hashtags	cashtags	link	retweet	quote_url	video	thumbnail	near	geo	source	user_rt_id	user_rt	retweet_id	reply_to	retweet_date	translate	trans_src	trans_dest
637651339087097856	637651339087097856	2015-08-30 00:41:40 KST	2015-08-30	00:41:40	+0900	14800270	harvardbiz	Harvard Business Review		How PepsiCo’s CEO Turned Design Thinking Into Strategy: Leave a comment to potentially be included in an upcoming HBR  http://t.co/Io5Kafgd32	en	[]	['http://s.hbr.org/1KfRdE5']	[]	10	109	135	[]	[]	https://twitter.com/HarvardBiz/status/637651339087097856	False		0								[]				
636991614578229248	636991614578229248	2015-08-28 05:00:10 KST	2015-08-28	05:00:10	+0900	14800270	harvardbiz	Harvard Business Review		"""I’m still a bit of a rebel, always saying that we cannot sit still.""  http://t.co/tKoZ7kI92l @PepsiCo  http://t.co/TTEw3c0nPN"	en	[{'screen_name': 'pepsico', 'name': 'pepsico', 'id': '21346619'}]	['http://s.hbr.org/1MXbWNn']	['https://pbs.twimg.com/media/CNcMf3uW8AE-07s.jpg']	4	29	25	[]	[]	https://twitter.com/HarvardBiz/status/636991614578229248	False		1	https://pbs.twimg.com/media/CNcMf3uW8AE-07s.jpg							[]				
636878331779022849	636878331779022849	2015-08-27 21:30:01 KST	2015-08-27	21:30:01	+0900	19673700	water	Water.org		Thanks to @PepsiCo Foundation, Ranjaana has safe @water at home. Her story  http://t.co/W9A7L7xay1 #ThankfulThursday  http://t.co/oO12O7iDRs	en	[{'screen_name': 'pepsico', 'name': 'pepsico', 'id': '21346619'}, {'screen_name': 'water', 'name': 'water.org', 'id': '19673700'}]	['http://bit.ly/1PN2H0x']	['https://pbs.twimg.com/media/CNald-bU8AAnfzK.jpg']	1	154	15	['thankfulthursday']	[]	https://twitter.com/Water/status/636878331779022849	False		1	https://pbs.twimg.com/media/CNald-bU8AAnfzK.jpg							[]				
636191325772247040	636191325772247040	2015-08-26 00:00:06 KST	2015-08-26	00:00:06	+0900	14800270	harvardbiz	Harvard Business Review		The HBR Interview: @adiman talks with CEO Indra Nooyi about design at @PepsiCo.  http://t.co/UxTV4mCM5K  http://t.co/20iUGGuDnk	en	[{'screen_name': 'adiman', 'name': 'adi ignatius', 'id': '17163528'}, {'screen_name': 'pepsico', 'name': 'pepsico', 'id': '21346619'}]	['http://s.hbr.org/1MKNE7A']	['https://pbs.twimg.com/media/CNQ0o6sU8AA3LBu.jpg']	2	38	51	[]	[]	https://twitter.com/HarvardBiz/status/636191325772247040	False		1	https://pbs.twimg.com/media/CNQ0o6sU8AA3LBu.jpg							[]				
635897163772522496	635897163772522496	2015-08-25 04:31:12 KST	2015-08-25	04:31:12	+0900	151902586	pepsicojobs	PepsiCo Jobs		Back when we first joined. #PepsiCo always takes health and safety seriously. #intern #Egypt ^YB  http://t.co/iw73d6P9O5	en	[]	[]	['https://pbs.twimg.com/media/CNMpGdtUsAEAbqm.jpg']	0	28	45	['pepsico', 'intern', 'egypt']	[]	https://twitter.com/PepsiCoJOBS/status/635897163772522496	False		1	https://pbs.twimg.com/media/CNMpGdtUsAEAbqm.jpg							[]				
635889333539631106	635889333539631106	2015-08-25 04:00:06 KST	2015-08-25	04:00:06	+0900	14800270	harvardbiz	Harvard Business Review		"""For me, a well-designed product is one you fall in love with. Or you hate.""  http://t.co/iJrIfD4fWu @PepsiCo  http://t.co/FVyUCZ7hkp"	en	[{'screen_name': 'pepsico', 'name': 'pepsico', 'id': '21346619'}]	['http://s.hbr.org/1Jfb40c']	['https://pbs.twimg.com/media/CNMh-quWEAEqEy3.jpg']	2	59	53	[]	[]	https://twitter.com/HarvardBiz/status/635889333539631106	False		1	https://pbs.twimg.com/media/CNMh-quWEAEqEy3.jpg							[]				
635833952767373312	635833952767373312	2015-08-25 00:20:02 KST	2015-08-25	00:20:02	+0900	19673700	water	Water.org		Pleased to join @PepsiCo + leaders from around the world @SIWI_water, together shaping solutions to the water crisis.  http://t.co/pON37jgFmV	en	[{'screen_name': 'pepsico', 'name': 'pepsico', 'id': '21346619'}, {'screen_name': 'siwi_water', 'name': 'siwi', 'id': '120096860'}]	[]	['https://pbs.twimg.com/media/CNLvnG8UwAAV-so.png']	0	54	21	[]	[]	https://twitter.com/Water/status/635833952767373312	False		1	https://pbs.twimg.com/media/CNLvnG8UwAAV-so.png							[]				
634946662805413888	634445394630471680	2015-08-22 13:34:15 KST	2015-08-22	13:34:15	+0900	465245804	jdmartinez28	J.D. Martinez		@maureenstewart_ a @tigers game is a great way to celebrate. How about tickets for your parents courtesy of @PepsiCo? #PepsiCo50	en	[{'screen_name': 'tigers', 'name': 'detroit tigers', 'id': '30008146'}, {'screen_name': 'pepsico', 'name': 'pepsico', 'id': '21346619'}]	[]	[]	2	5	21	['pepsico50']	[]	https://twitter.com/JDMartinez28/status/634946662805413888	False		0								[]				
634741754990841856	634741754990841856	2015-08-22 00:00:01 KST	2015-08-22	00:00:01	+0900	14800270	harvardbiz	Harvard Business Review		Why design has a voice in nearly every important decision at @PepsiCo:  http://t.co/PwyjGOuuWo  http://t.co/rUG7elDB7x	en	[{'screen_name': 'pepsico', 'name': 'pepsico', 'id': '21346619'}]	['http://s.hbr.org/1hwfZmQ']	['https://pbs.twimg.com/media/CM8OQzoWwAA_cyc.jpg']	1	52	59	[]	[]	https://twitter.com/HarvardBiz/status/634741754990841856	False		1	https://pbs.twimg.com/media/CM8OQzoWwAA_cyc.jpg							[]				
634001921087524864	634001921087524864	2015-08-19 23:00:11 KST	2015-08-19	23:00:11	+0900	14800270	harvardbiz	Harvard Business Review		How Indra Nooyi Turned Design Thinking Into Strategy: An Interview with @PepsiCo’s CEO  http://t.co/W1FAEHwVxi  http://t.co/BNatv41PeR	en	[{'screen_name': 'pepsico', 'name': 'pepsico', 'id': '21346619'}]	['http://s.hbr.org/1USLtS6']	['https://pbs.twimg.com/media/CMxtYz0WcAADWjS.jpg']	4	83	86	[]	[]	https://twitter.com/HarvardBiz/status/634001921087524864	False		1	https://pbs.twimg.com/media/CMxtYz0WcAADWjS.jpg							[]				
633653821856718848	633653821856718848	2015-08-18 23:56:58 KST	2015-08-18	23:56:58	+0900	24277551	darrenrovell	Darren Rovell		Understand idealistic strategy of PepsiCo wanting to connect Gatorade w/working out, but if I'm a shareholder, I just want sales.	en	[]	[]	[]	8	5	27	[]	[]	https://twitter.com/darrenrovell/status/633653821856718848	False		0								[]				
633637716161396736	633637716161396736	2015-08-18 22:52:58 KST	2015-08-18	22:52:58	+0900	14800270	harvardbiz	Harvard Business Review		"“Design thinking leads to innovation and innovation demands design.""  http://t.co/lxGhol9DjJ @PepsiCo  http://t.co/HUUxt5D6G5"	en	[{'screen_name': 'pepsico', 'name': 'pepsico', 'id': '21346619'}]	['http://s.hbr.org/1MApxdh']	['https://pbs.twimg.com/media/CMsiJS1WUAALTft.jpg']	1	158	124	[]	[]	https://twitter.com/HarvardBiz/status/633637716161396736	False		1	https://pbs.twimg.com/media/CMsiJS1WUAALTft.jpg							[]				
633577511503437824	633577511503437824	2015-08-18 18:53:44 KST	2015-08-18	18:53:44	+0900	151902586	pepsicojobs	PepsiCo Jobs		Cruising into work, have #pepsico on our minds. Have a good day you guys! #intern #internexperience ^yb  http://t.co/g0vHZLQz7m	en	[]	[]	['https://pbs.twimg.com/media/CMrrY7uUAAEhaho.jpg']	0	39	49	['pepsico', 'intern', 'internexperience']	[]	https://twitter.com/PepsiCoJOBS/status/633577511503437824	False		1	https://pbs.twimg.com/media/CMrrY7uUAAEhaho.jpg							[]				
633367711142313984	633367711142313984	2015-08-18 05:00:04 KST	2015-08-18	05:00:04	+0900	14800270	harvardbiz	Harvard Business Review		The HBR Interview: @adiman talks with CEO Indra Nooyi about design at @PepsiCo.  http://t.co/vlDcz6xLKP  http://t.co/ZGi7YYGgRS	en	[{'screen_name': 'adiman', 'name': 'adi ignatius', 'id': '17163528'}, {'screen_name': 'pepsico', 'name': 'pepsico', 'id': '21346619'}]	['http://s.hbr.org/1K1Q8hm']	['https://pbs.twimg.com/media/CMosk5oUkAEZgC6.jpg']	0	33	38	[]	[]	https://twitter.com/HarvardBiz/status/633367711142313984	False		1	https://pbs.twimg.com/media/CMosk5oUkAEZgC6.jpg							[]				
633253471622311936	633253471622311936	2015-08-17 21:26:07 KST	2015-08-17	21:26:07	+0900	95183501	akshayerathi	Akshaye Rathi / अक्षय राठी		69 years after independence -   Indians - CEOs of Microsoft, Google &amp; PepsiCo.  Pakistanis - Heads of Lashkar, Al Qaida &amp; Taliban.  Jai Ho!	en	[]	[]	[]	3	27	14	[]	[]	https://twitter.com/akshayerathi/status/633253471622311936	False		0								[]				
633079597115002880	633079597115002880	2015-08-17 09:55:12 KST	2015-08-17	09:55:12	+0900	14800270	harvardbiz	Harvard Business Review		How Indra Nooyi Turned Design Thinking Into Strategy: An Interview with @PepsiCo’s CEO  http://t.co/ghX6MDqvSf  http://t.co/8DSATZpKij	en	[{'screen_name': 'pepsico', 'name': 'pepsico', 'id': '21346619'}]	['http://s.hbr.org/1IQwSzc']	['https://pbs.twimg.com/media/CMkmifNWgAQ1KYP.jpg']	2	219	229	[]	[]	https://twitter.com/HarvardBiz/status/633079597115002880	False		1	https://pbs.twimg.com/media/CMkmifNWgAQ1KYP.jpg							[]				
632265460990517248	632265460990517248	2015-08-15 04:00:07 KST	2015-08-15	04:00:07	+0900	14800270	harvardbiz	Harvard Business Review		"""For me, a well-designed product is one you fall in love with. Or you hate.""  http://t.co/kYmBmxUs71 @PepsiCo  http://t.co/BZBk3D83to"	en	[{'screen_name': 'pepsico', 'name': 'pepsico', 'id': '21346619'}]	['http://s.hbr.org/1UIqyRG']	['https://pbs.twimg.com/media/CMZCFhnWUAA8rh7.jpg']	1	73	58	[]	[]	https://twitter.com/HarvardBiz/status/632265460990517248	False		1	https://pbs.twimg.com/media/CMZCFhnWUAA8rh7.jpg							[]				
632034063163854848	632034063163854848	2015-08-14 12:40:37 KST	2015-08-14	12:40:37	+0900	165085226	ahmad_shakeel	Shakeel Ahmad		It's really heartening. CEOs at Microsoft, Google, Adobe and PepsiCo were born in India.	en	[]	[]	[]	16	46	82	[]	[]	https://twitter.com/Ahmad_Shakeel/status/632034063163854848	False		0								[]				
631933270754770944	631933270754770944	2015-08-14 06:00:07 KST	2015-08-14	06:00:07	+0900	14800270	harvardbiz	Harvard Business Review		The HBR Interview: @adiman talks with CEO Indra Nooyi about design at @PepsiCo.  http://t.co/bV3hpcUVzM  http://t.co/g5KRqxCv5i	en	[{'screen_name': 'adiman', 'name': 'adi ignatius', 'id': '17163528'}, {'screen_name': 'pepsico', 'name': 'pepsico', 'id': '21346619'}]	['http://s.hbr.org/1DPUZBh']	['https://pbs.twimg.com/media/CMUT9gZWcAAE7Ep.jpg']	1	35	32	[]	[]	https://twitter.com/HarvardBiz/status/631933270754770944	False		1	https://pbs.twimg.com/media/CMUT9gZWcAAE7Ep.jpg							[]				
631702149697773568	631702149697773568	2015-08-13 14:41:43 KST	2015-08-13	14:41:43	+0900	14800270	harvardbiz	Harvard Business Review		How @PepsiCo’s CEO Indra Nooyi turned design thinking into strategy  http://t.co/8x0M1NABHt  http://t.co/g2WmWl9kE8	en	[{'screen_name': 'pepsico', 'name': 'pepsico', 'id': '21346619'}]	['http://s.hbr.org/1EmfmRq']	['https://pbs.twimg.com/media/CMRBwfLUcAAYDsJ.jpg']	5	166	221	[]	[]	https://twitter.com/HarvardBiz/status/631702149697773568	False		1	https://pbs.twimg.com/media/CMRBwfLUcAAYDsJ.jpg							[]				
631585978466082817	631585978466082817	2015-08-13 07:00:06 KST	2015-08-13	07:00:06	+0900	14800270	harvardbiz	Harvard Business Review		.@PepsiCo CEO Indra Nooyi on why design has a voice in nearly every important decision at the company:  http://t.co/qOA2PPr7xa	en	[{'screen_name': 'pepsico', 'name': 'pepsico', 'id': '21346619'}]	['http://s.hbr.org/1DMJfzq']	[]	2	51	63	[]	[]	https://twitter.com/HarvardBiz/status/631585978466082817	False		0								[]				
631473014052290560	631473014052290560	2015-08-12 23:31:13 KST	2015-08-12	23:31:13	+0900	458992712	davidbcohen1	David B. Cohen		Indian-Americans lead Google, Microsoft, PepsiCo, and many other major companies and hot startups. Not bad.  https://t.co/duVNyplDFA	en	[]	['https://twitter.com/abhijitmajumder/status/631169849490735104']	[]	4	31	27	[]	[]	https://twitter.com/DavidBCohen1/status/631473014052290560	False	https://twitter.com/abhijitmajumder/status/631169849490735104	0								[]				
631384007616393217	631384007616393217	2015-08-12 17:37:32 KST	2015-08-12	17:37:32	+0900	14800270	harvardbiz	Harvard Business Review		PepsiCo’s Chief Design Officer on prototyping, building the right team, and more  http://t.co/wIqvxV5MO5  http://t.co/nl6Xcdt1xS	en	[]	['http://s.hbr.org/1WhhJAc']	['https://pbs.twimg.com/media/CMMgaMVWcAASXqs.jpg']	0	60	71	[]	[]	https://twitter.com/HarvardBiz/status/631384007616393217	False		1	https://pbs.twimg.com/media/CMMgaMVWcAASXqs.jpg							[]				
631208477046738944	631208477046738944	2015-08-12 06:00:02 KST	2015-08-12	06:00:02	+0900	14800270	harvardbiz	Harvard Business Review		How Indra Nooyi Turned Design Thinking Into Strategy: An Interview with @PepsiCo’s CEO  http://t.co/b0sO0HmVep  http://t.co/oHVzjdkzSI	en	[{'screen_name': 'pepsico', 'name': 'pepsico', 'id': '21346619'}]	['http://s.hbr.org/1HEuOIL']	['https://pbs.twimg.com/media/CMKAw83VAAAdctK.jpg']	3	113	131	[]	[]	https://twitter.com/HarvardBiz/status/631208477046738944	False		1	https://pbs.twimg.com/media/CMKAw83VAAAdctK.jpg							[]				
631207470933876736	631207470933876736	2015-08-12 05:56:02 KST	2015-08-12	05:56:02	+0900	14800270	harvardbiz	Harvard Business Review		PepsiCo’s Chief Design Officer on Creating an Organization Where Design Can Thrive  http://t.co/niSEpGS4Oy  http://t.co/PPXQ8HM9Aa	en	[]	['http://s.hbr.org/1MmmYeQ']	['https://pbs.twimg.com/media/CMJ_2ZIUYAEU7SL.jpg']	2	57	59	[]	[]	https://twitter.com/HarvardBiz/status/631207470933876736	False		1	https://pbs.twimg.com/media/CMJ_2ZIUYAEU7SL.jpg							[]				
631177896145457152	631177896145457152	2015-08-12 03:58:31 KST	2015-08-12	03:58:31	+0900	21346619	pepsico	PepsiCo		If you invested $100 in PepsiCo stock in 1965, it was worth nearly $43,000 at the end of 2014. #PepsiCo50  http://t.co/isgcPikVLv	en	[]	[]	['https://pbs.twimg.com/tweet_video_thumb/CMJk80EUkAAfZW1.png']	1	9	15	['pepsico50']	[]	https://twitter.com/PepsiCo/status/631177896145457152	False		1	https://pbs.twimg.com/tweet_video_thumb/CMJk80EUkAAfZW1.png							[]				
631100631508516868	631100631508516868	2015-08-11 22:51:30 KST	2015-08-11	22:51:30	+0900	14800270	harvardbiz	Harvard Business Review		PepsiCo’s Chief Design Officer on Creating an Organization Where Design Can Thrive  http://t.co/EetQHgOEIG	en	[]	['http://s.hbr.org/1DKcSkG']	[]	1	45	50	[]	[]	https://twitter.com/HarvardBiz/status/631100631508516868	False		0								[]				
630972480685895680	630972480685895680	2015-08-11 14:22:16 KST	2015-08-11	14:22:16	+0900	65851020	trendulkar	Trendulkar		Indian CEOs now at Microsoft, Google, PepsiCo, Adobe &amp; Mastercard.	en	[]	[]	[]	25	227	119	[]	[]	https://twitter.com/Trendulkar/status/630972480685895680	False		0								[]				
628412659600359424	628409457563840512	2015-08-04 12:50:28 KST	2015-08-04	12:50:28	+0900	2484226796	itspedrito	PEDRAO		GENTE SE VOCES VEREM ESSE BISCOITO NAO COMPREM É MUITO RUIM EU COMPREI E FUI ENGANADO É HORRIVEL EU TE ODEIO @PepsiCo  http://t.co/n9QVrhtq4n	pt	[{'screen_name': 'pepsico', 'name': 'pepsico', 'id': '21346619'}]	[]	['https://pbs.twimg.com/media/CLiR-fhWIAA9LpF.jpg']	9	5	10	[]	[]	https://twitter.com/Itspedrito/status/628412659600359424	False		1	https://pbs.twimg.com/media/CLiR-fhWIAA9LpF.jpg							[]				
