id	conversation_id	created_at	date	time	timezone	user_id	username	name	place	tweet	language	mentions	urls	photos	replies_count	retweets_count	likes_count	hashtags	cashtags	link	retweet	quote_url	video	thumbnail	near	geo	source	user_rt_id	user_rt	retweet_id	reply_to	retweet_date	translate	trans_src	trans_dest
626586241585311744	626586241585311744	2015-07-30 11:52:56 KST	2015-07-30	11:52:56	+0900	133411809	2001online	2001online		#ÚltimaHora: Funcionarios de la GNB dieron un plazo de 60 días para que la Polar, PepsiCo, Cargill y Coca Cola desalojen en su totalidad	es	[]	[]	[]	8	182	13	['últimahora']	[]	https://twitter.com/2001OnLine/status/626586241585311744	False		0								[]				
626440316116074496	626440316116074496	2015-07-30 02:13:04 KST	2015-07-30	02:13:04	+0900	30815935	kdeleon	Kevin de Leόn		Apple Bank of America Coca-Cola GM Goldman Sachs Google Microsoft PepsiCo UPS Walmart  http://t.co/8GaNpLfwDP  http://t.co/NkJukq5OHm #SB350	en	[]	['http://go.wh.gov/ClimatePledge']	['https://pbs.twimg.com/media/CK7e6NBUcAAUFp0.jpg']	0	10	18	['sb350']	[]	https://twitter.com/kdeleon/status/626440316116074496	False		1	https://pbs.twimg.com/media/CK7e6NBUcAAUFp0.jpg							[]				
625433553824825346	625433553824825346	2015-07-27 07:32:33 KST	2015-07-27	07:32:33	+0900	67725628	starbucksnews	Starbucks News		INFOGRAPHIC: North American Coffee Partnership between @PepsiCo and @Starbucks  http://t.co/I2Mko9HZWf  http://t.co/VABxG7O8qK	en	[{'screen_name': 'pepsico', 'name': 'pepsico', 'id': '21346619'}, {'screen_name': 'starbucks', 'name': 'starbucks coffee', 'id': '30973'}]	['http://sbux.co/1SJ3QWW']	['https://pbs.twimg.com/media/CK38gNhXAAAE-6q.jpg']	1	6	19	[]	[]	https://twitter.com/StarbucksNews/status/625433553824825346	False		1	https://pbs.twimg.com/media/CK38gNhXAAAE-6q.jpg							[]				
625396525775110144	625396525775110144	2015-07-27 05:05:25 KST	2015-07-27	05:05:25	+0900	67725628	starbucksnews	Starbucks News		New @PepsiCo &amp; @Starbucks deal for RTD beverages in Latin America  http://t.co/08ROOhLbtn  http://t.co/01UVSbwzP9	en	[{'screen_name': 'pepsico', 'name': 'pepsico', 'id': '21346619'}, {'screen_name': 'starbucks', 'name': 'starbucks coffee', 'id': '30973'}]	['http://sbux.co/1eroqxf']	['https://pbs.twimg.com/media/CK3a04sUYAA92kR.jpg']	2	22	25	[]	[]	https://twitter.com/StarbucksNews/status/625396525775110144	False		1	https://pbs.twimg.com/media/CK3a04sUYAA92kR.jpg							[]				
624563444000264192	624563444000264192	2015-07-24 21:55:03 KST	2015-07-24	21:55:03	+0900	16676396	el_universal_mx	El Universal		#ENTÉRATE @Starbucks y @PepsiCo venderán bebidas RTD o mejor conocidas como Ready to drink ¿Sabes qué son?  http://t.co/TigacaH0mX	es	[{'screen_name': 'starbucks', 'name': 'starbucks coffee', 'id': '30973'}, {'screen_name': 'pepsico', 'name': 'pepsico', 'id': '21346619'}]	['http://eluni.mx/1MrC3eD']	[]	1	13	14	['entérate']	[]	https://twitter.com/El_Universal_Mx/status/624563444000264192	False		0								[]				
624309775765868544	624309775765868544	2015-07-24 05:07:04 KST	2015-07-24	05:07:04	+0900	67725628	starbucksnews	Starbucks News		.@Starbucks &amp; @PepsiCo Sign Agreement to Bring Starbucks RTD Beverages to Latin America  http://t.co/jvsfIXrt8R  http://t.co/exJsLJB5NL	en	[{'screen_name': 'starbucks', 'name': 'starbucks coffee', 'id': '30973'}, {'screen_name': 'pepsico', 'name': 'pepsico', 'id': '21346619'}]	['http://sbux.co/1RVelv8']	['https://pbs.twimg.com/media/CKn-bsyUwAAacQ4.jpg']	1	13	30	[]	[]	https://twitter.com/StarbucksNews/status/624309775765868544	False		1	https://pbs.twimg.com/media/CKn-bsyUwAAacQ4.jpg							[]				
620624546387881985	620596832574545920	2015-07-14 01:03:17 KST	2015-07-14	01:03:17	+0900	151902586	pepsicojobs	PepsiCo Jobs		@okstate Absolutely! PepsiCo is a great company to #intern for. I have acquired an infinite amount of knowledge &amp; had a blast doing so! ^JH	en	[]	[]	[]	1	7	25	['intern']	[]	https://twitter.com/PepsiCoJOBS/status/620624546387881985	False		0								[]				
620121520908709888	620121520908709888	2015-07-12 15:44:26 KST	2015-07-12	15:44:26	+0900	25053299	fortunemagazine	FORTUNE		What PepsiCo’s leadership shuffle really means  http://t.co/4I73zXJ1RD	en	[]	['http://for.tn/1Ml2orN']	[]	1	12	8	[]	[]	https://twitter.com/FortuneMagazine/status/620121520908709888	False		0								[]				
619276112389111808	619276112389111808	2015-07-10 07:45:05 KST	2015-07-10	07:45:05	+0900	3108351	wsj	The Wall Street Journal		PepsiCo to sell Diet Pepsi with aspartame online after recipe change  http://t.co/dc1DQRgUtr	en	[]	['http://on.wsj.com/1Csr3du']	[]	0	46	23	[]	[]	https://twitter.com/WSJ/status/619276112389111808	False		0								[]				
619215467262136320	619215467262136320	2015-07-10 03:44:06 KST	2015-07-10	03:44:06	+0900	51241574	ap	The Associated Press		PepsiCo says Diet Pepsi fans will still be able to get aspartame-sweetened version after it changes formula:  http://t.co/YZwKQH8N9Q	en	[]	['http://apne.ws/1HfpzQC']	[]	13	36	15	[]	[]	https://twitter.com/AP/status/619215467262136320	False		0								[]				
619126975001698304	619126975001698304	2015-07-09 21:52:28 KST	2015-07-09	21:52:28	+0900	288804720	losclive	LOSC		[PARTENAIRE] @PepsiCo s'engage 3 ans de + avec le @losclive!Au Touquet, les Dogues ont célébré l'événement #WeAreLOSC  http://t.co/YajUh5PHEX	fr	[{'screen_name': 'pepsico', 'name': 'pepsico', 'id': '21346619'}, {'screen_name': 'losclive', 'name': 'losc', 'id': '288804720'}]	[]	['https://pbs.twimg.com/media/CJeUs9NWoAACuXp.jpg']	4	42	25	['wearelosc']	[]	https://twitter.com/losclive/status/619126975001698304	False		1	https://pbs.twimg.com/media/CJeUs9NWoAACuXp.jpg							[]				
619096991906287617	619096991906287617	2015-07-09 19:53:19 KST	2015-07-09	19:53:19	+0900	1652541	reuters	Reuters		PepsiCo second-quarter profit, revenue beat estimates  http://t.co/kaCG6nFrKu	en	[]	['http://reut.rs/1D2GWCD']	[]	4	28	26	[]	[]	https://twitter.com/Reuters/status/619096991906287617	False		0								[]				
618121312536522752	618121312536522752	2015-07-07 03:16:19 KST	2015-07-07	03:16:19	+0900	151902586	pepsicojobs	PepsiCo Jobs		"Hi John from @ionacollege! ""Chill out"" w/ me all week @PepsiCoJobs and see what it takes to be a @PepsiCo #intern ^JG  http://t.co/E7fXYAfKgU"	en	[{'screen_name': 'ionacollege', 'name': 'iona college', 'id': '34956641'}, {'screen_name': 'pepsicojobs', 'name': 'pepsico jobs', 'id': '151902586'}, {'screen_name': 'pepsico', 'name': 'pepsico', 'id': '21346619'}]	[]	['https://pbs.twimg.com/media/CJQCDszWwAANs63.jpg']	2	17	62	['intern']	[]	https://twitter.com/PepsiCoJOBS/status/618121312536522752	False		1	https://pbs.twimg.com/media/CJQCDszWwAANs63.jpg							[]				
617831853425209344	617831853425209344	2015-07-06 08:06:07 KST	2015-07-06	08:06:07	+0900	18045145	mkdirecto	MarketingDirecto.com		Alarma por un mensaje de socorro impreso en un tapón de productos @PepsiCo (@SOBEWATERROCKS)  http://t.co/Tn5ygi7Wyf  http://t.co/tQrdqNZMqa	es	[{'screen_name': 'pepsico', 'name': 'pepsico', 'id': '21346619'}, {'screen_name': 'sobewaterrocks', 'name': 'sobe life water', 'id': '131171717'}]	['http://www.marketingdirecto.com/actualidad/anunciantes/alarma-social-mensaje-socorro-impreso-tapon-productos-pepsico/']	['https://pbs.twimg.com/media/CJLEOQSWoAEUzXg.jpg']	0	66	23	[]	[]	https://twitter.com/mkdirecto/status/617831853425209344	False		1	https://pbs.twimg.com/media/CJLEOQSWoAEUzXg.jpg							[]				
616662487509913600	616662487509913600	2015-07-03 02:39:28 KST	2015-07-03	02:39:28	+0900	151902586	pepsicojobs	PepsiCo Jobs		Enjoying the beautiful Chicago weather and celebrating the 4th with PepsiCo HR! #intern #America ^SO  http://t.co/9Yj4ZWOWzg	en	[]	[]	['https://pbs.twimg.com/media/CI7TQ76WUAEZLgK.jpg']	1	1	15	['intern', 'america']	[]	https://twitter.com/PepsiCoJOBS/status/616662487509913600	False		1	https://pbs.twimg.com/media/CI7TQ76WUAEZLgK.jpg							[]				
616426117881147392	616426117881147392	2015-07-02 11:00:13 KST	2015-07-02	11:00:13	+0900	14594813	folha	Folha de S.Paulo		Nestlé, Unilever e PepsiCo podem ser multadas por omitir informações:  http://t.co/bih0itfWIZ  http://t.co/W6BWwTKcXd	pt	[]	['http://uol.com/byfzZM']	['https://pbs.twimg.com/media/CI3DxOwWIAAI4WL.jpg']	3	27	72	[]	[]	https://twitter.com/folha/status/616426117881147392	False		1	https://pbs.twimg.com/media/CI3DxOwWIAAI4WL.jpg							[]				
616369694514282496	616369694514282496	2015-07-02 07:16:01 KST	2015-07-02	07:16:01	+0900	17715048	veja	VEJA		Governo investiga Unilever, Nestlé e Pepsico por 'maquiar' produtos  http://t.co/u8UAMo8PU8	pt	[]	['http://abr.ai/1KtE1dK']	[]	4	45	45	[]	[]	https://twitter.com/VEJA/status/616369694514282496	False		0								[]				
616361958640623620	616361958640623620	2015-07-02 06:45:17 KST	2015-07-02	06:45:17	+0900	77888423	omgfacts	OMGFacts		Today, Coca-Cola and PepsiCo products are sold in every country in the world, except North Korea.	en	[]	[]	[]	4	70	65	[]	[]	https://twitter.com/OMGFacts/status/616361958640623620	False		0								[]				
616308311219138560	616305283321753600	2015-07-02 03:12:06 KST	2015-07-02	03:12:06	+0900	834281252	crossfit	CrossFit		@CrossFit cc: @CocaCola, @PepsiCo, @drpepper	und	[{'screen_name': 'cocacola', 'name': 'coca-cola', 'id': '26787673'}, {'screen_name': 'pepsico', 'name': 'pepsico', 'id': '21346619'}, {'screen_name': 'drpepper', 'name': 'dr pepper', 'id': '19720019'}]	[]	[]	10	6	25	[]	[]	https://twitter.com/CrossFit/status/616308311219138560	False		0								[]				
616288925829722115	616288925829722115	2015-07-02 01:55:04 KST	2015-07-02	01:55:04	+0900	8802752	g1	G1		Unilever, Nestlé e Pepsico são alvo de processo por maquiagem de produto  http://t.co/pyUELHKETY	pt	[]	['http://glo.bo/1U8DHnX']	[]	3	25	42	[]	[]	https://twitter.com/g1/status/616288925829722115	False		0								[]				
616265585496862720	616265585496862720	2015-07-02 00:22:19 KST	2015-07-02	00:22:19	+0900	9317502	estadao	Estadão		Governo investiga Unilever, Nestlé e Pepsico por infrações ao consumidor  http://t.co/OPtDP8kgxV  http://t.co/pHz600sZOI	pt	[]	['http://oesta.do/1BXQzHp']	['https://pbs.twimg.com/media/CI1qQ5nWEAAAaJb.jpg']	7	39	43	[]	[]	https://twitter.com/Estadao/status/616265585496862720	False		1	https://pbs.twimg.com/media/CI1qQ5nWEAAAaJb.jpg							[]				
