id	conversation_id	created_at	date	time	timezone	user_id	username	name	place	tweet	language	mentions	urls	photos	replies_count	retweets_count	likes_count	hashtags	cashtags	link	retweet	quote_url	video	thumbnail	near	geo	source	user_rt_id	user_rt	retweet_id	reply_to	retweet_date	translate	trans_src	trans_dest
561299248323379200	561299248323379200	2015-01-31 08:05:43 KST	2015-01-31	08:05:43	+0900	128263500	chefanneburrell	anne burrell		@andydalton14 so nice meeting you today!!!! Thanks @PepsiCo  http://t.co/rekHnJECiM	en	[{'screen_name': 'pepsico', 'name': 'pepsico', 'id': '21346619'}]	[]	['https://pbs.twimg.com/media/B8oisUECMAALuUJ.jpg']	12	14	73	[]	[]	https://twitter.com/chefanneburrell/status/561299248323379200	False		1	https://pbs.twimg.com/media/B8oisUECMAALuUJ.jpg							[]				
560654385215057920	560654385215057920	2015-01-29 13:23:16 KST	2015-01-29	13:23:16	+0900	128263500	chefanneburrell	anne burrell		Catching a ride to the super bowl on a @PepsiCo jet.... not a bad ride!!! #luckygirl #wowowowow!!!!  http://t.co/yiiqqq31Ao	en	[{'screen_name': 'pepsico', 'name': 'pepsico', 'id': '21346619'}]	[]	['https://pbs.twimg.com/media/B8fYMV3CQAAKLqz.jpg']	18	3	87	['luckygirl', 'wowowowow']	[]	https://twitter.com/chefanneburrell/status/560654385215057920	False		1	https://pbs.twimg.com/media/B8fYMV3CQAAKLqz.jpg							[]				
560437215416057856	560437215416057856	2015-01-28 23:00:19 KST	2015-01-28	23:00:19	+0900	16012783	thedailybeast	The Daily Beast		How @PepsiCo used 3D printing to help develop its new deep-ridged potato chips. #ad  http://t.co/qeAPNJH030  http://t.co/YZsiPtCHN1	en	[{'screen_name': 'pepsico', 'name': 'pepsico', 'id': '21346619'}]	['http://thebea.st/1D5Mf4y']	['https://pbs.twimg.com/media/B8cSrZPIgAMhfxd.jpg']	1	23	16	['ad']	[]	https://twitter.com/thedailybeast/status/560437215416057856	False		1	https://pbs.twimg.com/media/B8cSrZPIgAMhfxd.jpg							[]				
560143940536774656	560143940536774656	2015-01-28 03:34:57 KST	2015-01-28	03:34:57	+0900	128263500	chefanneburrell	anne burrell		Food &amp; football superstars are loving the @CIACulinary students @PepsiCo #GameDayGrubMatch creations:  http://t.co/3QpCV0f19x	en	[{'screen_name': 'ciaculinary', 'name': 'the cia', 'id': '18939092'}, {'screen_name': 'pepsico', 'name': 'pepsico', 'id': '21346619'}]	['http://youtu.be/7YTNXF9-kcI']	[]	1	11	21	['gamedaygrubmatch']	[]	https://twitter.com/chefanneburrell/status/560143940536774656	False		0								[]				
560003548944297984	560003548944297984	2015-01-27 18:17:05 KST	2015-01-27	18:17:05	+0900	16012783	thedailybeast	The Daily Beast		Innovations to the potato chip are helping to drive @PepsiCo’s growth worldwide. #ad  http://t.co/bjDBv5YG58  http://t.co/yialD43vQA	en	[{'screen_name': 'pepsico', 'name': 'pepsico', 'id': '21346619'}]	['http://thebea.st/1y9jzmE']	['https://pbs.twimg.com/media/B8WIQr0IAAAd09l.jpg']	0	25	24	['ad']	[]	https://twitter.com/thedailybeast/status/560003548944297984	False		1	https://pbs.twimg.com/media/B8WIQr0IAAAd09l.jpg							[]				
559697388349046784	559697388349046784	2015-01-26 22:00:30 KST	2015-01-26	22:00:30	+0900	2785480981	makeinindia	Make in India		Team USA at the CEO forum: Indira Nooyi of Pepsico &amp; Ajay Banga, CEO Mastercard #Obamodi #MakeInIndia	in	[]	[]	[]	3	29	50	['obamodi', 'makeinindia']	[]	https://twitter.com/makeinindia/status/559697388349046784	False		0								[]				
558198736120066048	558198736120066048	2015-01-22 18:45:24 KST	2015-01-22	18:45:24	+0900	137780376	dev_fadnavis	Devendra Fadnavis		Met Ms Indra Nooyi, Chairperson and CEO, PepsiCo at World Economic Forum at Davos. #wef15  http://t.co/Js6WQAMEaA	en	[]	[]	['https://pbs.twimg.com/media/B78eye0CUAAO609.jpg']	22	47	111	['wef15']	[]	https://twitter.com/Dev_Fadnavis/status/558198736120066048	False		1	https://pbs.twimg.com/media/B78eye0CUAAO609.jpg							[]				
558092991513231360	558092991513231360	2015-01-22 11:45:12 KST	2015-01-22	11:45:12	+0900	39743812	economictimes	Economic Times		#PepsiCo, Walmart, #Wipro, Hero group keen to invest in Andhra Pradesh  http://t.co/zetNhdDvuk	en	[]	['http://ow.ly/HHHnB']	[]	2	22	14	['pepsico', 'wipro']	[]	https://twitter.com/EconomicTimes/status/558092991513231360	False		0								[]				
557942301130231808	557942301130231808	2015-01-22 01:46:25 KST	2015-01-22	01:46:25	+0900	128263500	chefanneburrell	anne burrell		So great to be back @CIACulinary to host @PepsiCo's #gamedaygrubmatch a #SB49 food fight!!! Check it out:  http://t.co/sthswXsUVU	en	[{'screen_name': 'ciaculinary', 'name': 'the cia', 'id': '18939092'}, {'screen_name': 'pepsico', 'name': 'pepsico', 'id': '21346619'}]	['http://youtu.be/XlcsxhqM-rg']	[]	0	3	19	['gamedaygrubmatch', 'sb49']	[]	https://twitter.com/chefanneburrell/status/557942301130231808	False		0								[]				
557704458394947584	557704458394947584	2015-01-21 10:01:19 KST	2015-01-21	10:01:19	+0900	34713362	business	Bloomberg		PepsiCo isn't happy about Doritos' spoof ad  http://t.co/nUgRml8ljZ	en	[]	['http://bloom.bg/1zuSpxi']	[]	1	16	17	[]	[]	https://twitter.com/business/status/557704458394947584	False		0								[]				
555846745369096193	555846745369096193	2015-01-16 06:59:25 KST	2015-01-16	06:59:25	+0900	134833183	j_medina37	Jorge Medina		Gracias Pepsico por las atenciones..ahora corriendo al auditoriooo..dia ajetreado!!	es	[]	[]	[]	26	45	198	[]	[]	https://twitter.com/j_medina37/status/555846745369096193	False		0								[]				
555831271599775744	555831271599775744	2015-01-16 05:57:56 KST	2015-01-16	05:57:56	+0900	149204568	inessainzg	Inés Sainz 🇲🇽		Otro momento más en la Convención de PEPSICO  http://t.co/HeqVRl4CmH	es	[]	[]	['https://pbs.twimg.com/media/B7a1mLLCEAAYh97.jpg']	14	28	204	[]	[]	https://twitter.com/InesSainzG/status/555831271599775744	False		1	https://pbs.twimg.com/media/B7a1mLLCEAAYh97.jpg							[]				
555827352479883264	555827352479883264	2015-01-16 05:42:22 KST	2015-01-16	05:42:22	+0900	149204568	inessainzg	Inés Sainz 🇲🇽		En la Convención Anual de PEPSICO muy contenta y motivando al gran equipo, reconociendo su gran labor…  http://t.co/RLna55WEYc	es	[]	['http://instagram.com/p/x42y60NxlD/']	[]	8	13	67	[]	[]	https://twitter.com/InesSainzG/status/555827352479883264	False		0								[]				
555405587916140545	555405587916140545	2015-01-15 01:46:25 KST	2015-01-15	01:46:25	+0900	21346619	pepsico	PepsiCo		Did you know the PepsiCo #Foundation is PepsiCo's #philanthropic anchor? Learn more about our work &amp; partners here:  https://t.co/QVmOPSHy6R	en	[]	['https://cards.twitter.com/cards/cpj5n/aouw']	[]	1	13	17	['foundation', 'philanthropic']	[]	https://twitter.com/PepsiCo/status/555405587916140545	False		0								[]				
554321218485354496	554321218485354496	2015-01-12 01:57:31 KST	2015-01-12	01:57:31	+0900	25339865	nickmangold	Nick Mangold		Looking forward to a day of fun with @chefanneburrell at the @ciaculinary for @PepsiCo	en	[{'screen_name': 'chefanneburrell', 'name': 'anne burrell', 'id': '128263500'}, {'screen_name': 'ciaculinary', 'name': 'the cia', 'id': '18939092'}, {'screen_name': 'pepsico', 'name': 'pepsico', 'id': '21346619'}]	[]	[]	5	8	33	[]	[]	https://twitter.com/nickmangold/status/554321218485354496	False		0								[]				
553002983475404800	553002983475404800	2015-01-08 10:39:20 KST	2015-01-08	10:39:20	+0900	9317502	estadao	Estadão		Ações da Pepsico sobem com notícia sobre interesse de fundo de brasileiros  http://t.co/wmMpjJB2CL	pt	[]	['http://oesta.do/1xTPdLB']	[]	2	23	25	[]	[]	https://twitter.com/Estadao/status/553002983475404800	False		0								[]				
552770482068815872	552770482068815872	2015-01-07 19:15:27 KST	2015-01-07	19:15:27	+0900	30070288	exame	exame		3G Capital, de Jorge Paulo Lemann, está de olho na PepsiCo. &gt;  http://t.co/1L4veu0fyq  http://t.co/ejNYM6Nf5T	pt	[]	['http://ow.ly/GV6WT']	['https://pbs.twimg.com/media/B6vV0wNCcAAGK2U.jpg']	2	22	23	[]	[]	https://twitter.com/exame/status/552770482068815872	False		1	https://pbs.twimg.com/media/B6vV0wNCcAAGK2U.jpg							[]				
552736417806565377	552736417806565377	2015-01-07 17:00:06 KST	2015-01-07	17:00:06	+0900	15263572	mserdark	M. Serdar Kuzuloğlu		#BugünÖğrendimKi Coca-Cola'nin icecek sektorundeki kuresel (tahmini) pazar payi %8,8mis. PepsiCo %3,8.  http://t.co/iLpcj5g1N2	tr	[]	[]	['https://pbs.twimg.com/media/B6u2xa_CMAAHYp7.jpg']	9	17	30	['bugünöğrendimki']	[]	https://twitter.com/mserdark/status/552736417806565377	False		1	https://pbs.twimg.com/media/B6u2xa_CMAAHYp7.jpg							[]				
