id	conversation_id	created_at	date	time	timezone	user_id	username	name	place	tweet	language	mentions	urls	photos	replies_count	retweets_count	likes_count	hashtags	cashtags	link	retweet	quote_url	video	thumbnail	near	geo	source	user_rt_id	user_rt	retweet_id	reply_to	retweet_date	translate	trans_src	trans_dest
1057380746757758976	1057380746757758976	2018-10-31 06:16:29 KST	2018-10-31	06:16:29	+0900	921759169	foodtank	FoodTank		Through a new pledge organized by the Ellen MacArthur Foundation, PepsiCo, Unilever, H&amp;M, and more will team up with governments to boost recycling and end the flow of plastic into oceans.  https://t.co/fxoB2T2V2P	en	[]	['https://www.fastcompany.com/90256235/250-organizations-are-joining-forces-to-end-plastic-waste?partner=rss&utm_source=facebook.com&utm_medium=social&utm_campaign=rss+fastcompany&utm_content=rss&fbclid=IwAR2mkO3hWMcuCw0cmCIIOHeNlNl5QV_wgUKWNVs_DimuaqnB-XWRS3_AKow']	[]	0	20	38	[]	[]	https://twitter.com/foodtank/status/1057380746757758976	False		0								[]				
1057365095511146496	1057365095511146496	2018-10-31 05:14:18 KST	2018-10-31	05:14:18	+0900	2911771819	shipmin_india	Ministry of Ports, Shipping and Waterways		A beginning of new era in Indian logistics sector under #Sagarmala:  India’s first container transportation on Ganga #NW1 frm Kolkata to Varanasi with @PepsiCo on-board cost effective, environment friendly mode @IWAI_ShipMin  #NewIndia #TransformingIndia   https://t.co/a5jzqzQmL9	en	[{'screen_name': 'pepsico', 'name': 'pepsico', 'id': '21346619'}, {'screen_name': 'iwai_shipmin', 'name': 'iwai', 'id': '806104876316901376'}]	['https://twitter.com/i/status/1057228053867257856']	[]	0	24	53	['sagarmala', 'nw1', 'newindia', 'transformingindia']	[]	https://twitter.com/shipmin_india/status/1057365095511146496	False	https://twitter.com/i/status/1057228053867257856	0								[]				
1057264931999891456	1057264931999891456	2018-10-30 22:36:17 KST	2018-10-30	22:36:17	+0900	2371536685	gssjodhpur	Gajendra Singh Shekhawat		PepsiCo to move 16 containers from Kolkata to Varanasi on inland vessel    https://t.co/9uCGY9nzTZ  https://t.co/qHJylhjkfu	in	[]	['https://timesofindia.indiatimes.com/business/india-business/pepsico-to-move-16-containers-from-kolkata-to-varanasi-on-inland-vessel/articleshow/66418722.cms?from=mdr']	['https://pbs.twimg.com/media/Dqwo1ySVYAI9J8A.jpg']	3	4	24	[]	[]	https://twitter.com/gssjodhpur/status/1057264931999891456	False		1	https://pbs.twimg.com/media/Dqwo1ySVYAI9J8A.jpg							[]				
1057228053867257856	1057228053867257856	2018-10-30 20:09:45 KST	2018-10-30	20:09:45	+0900	806104876316901376	iwai_shipmin	IWAI		The flagfing off of container cargo (16TEU) by @PepsiCo from Kolkata to Varanasi today. New chapter in India's IWT sector with the beginning of 1st  container cargo on river.  https://t.co/1cyUvxczAA	en	[{'screen_name': 'pepsico', 'name': 'pepsico', 'id': '21346619'}]	[]	[]	3	35	64	[]	[]	https://twitter.com/IWAI_ShipMin/status/1057228053867257856	False		1	https://pbs.twimg.com/ext_tw_video_thumb/1057227322397470721/pu/img/rIdnkNRIatmdgYnG.jpg							[]				
1057191272300056577	1057191272300056577	2018-10-30 17:43:35 KST	2018-10-30	17:43:35	+0900	35699012	blitzkreigm	Mangalam Maloo		And the announcement has finally come.   Jubilant FoodWorks announces PepsiCo as the new beverage partner for Domino’s Pizza  @dominos_india @PepsiIndia   Alert: CEO @pratikpota is Ex-Pepsi  Need to know the contours of the deal to calculate financial impact.  #FMCGisLife	en	[{'screen_name': 'dominos_india', 'name': 'dominos_india', 'id': '98560085'}, {'screen_name': 'pepsiindia', 'name': 'pepsi india', 'id': '233418418'}, {'screen_name': 'pratikpota', 'name': 'pratik pota', 'id': '24833528'}]	[]	[]	3	8	28	['fmcgislife']	[]	https://twitter.com/blitzkreigm/status/1057191272300056577	False	https://twitter.com/blitzkreigm/status/1031452682198962177	0								[]				
1057170486830997505	1057170486830997505	2018-10-30 16:20:59 KST	2018-10-30	16:20:59	+0900	408338751	expo2020dubai	Expo 2020 Dubai		Our Official Premier Partner @PepsiCo is helping to clean up plastic in our oceans. Click here to learn more:  https://t.co/jqfUQyITOD  https://t.co/DIPgDqfNCF	en	[{'screen_name': 'pepsico', 'name': 'pepsico', 'id': '21346619'}]	['http://ow.ly/qxX730mqjYy']	[]	0	13	35	[]	[]	https://twitter.com/expo2020dubai/status/1057170486830997505	False		1	https://pbs.twimg.com/media/DqvQYqGXgAARIyD.jpg							[]				
1057141365614665729	1057141365614665729	2018-10-30 14:25:16 KST	2018-10-30	14:25:16	+0900	165506153	buzzindelhi	Arvind Gupta		PepsiCo to move 16 containers from Kolkata to Varanasi on inland vessel    https://t.co/eaJHnKxEAW  https://t.co/lGbrhGxyTG	in	[]	['https://timesofindia.indiatimes.com/business/india-business/pepsico-to-move-16-containers-from-kolkata-to-varanasi-on-inland-vessel/articleshow/66418722.cms?from=mdr']	['https://pbs.twimg.com/media/Dqu4dovVsAAI_qs.jpg']	1	31	62	[]	[]	https://twitter.com/buzzindelhi/status/1057141365614665729	False		1	https://pbs.twimg.com/media/Dqu4dovVsAAI_qs.jpg							[]				
1057138385662423040	1057138385662423040	2018-10-30 14:13:26 KST	2018-10-30	14:13:26	+0900	2309409103	vinodchavdabjp	Vinod Chavda 🇮🇳		PepsiCo to move 16 containers from Kolkata to Varanasi on inland vessel - Times of India  https://t.co/jhqNAulEBA via @timesofindia	en	[{'screen_name': 'timesofindia', 'name': 'the times of india', 'id': '134758540'}]	['http://toi.in/jeCvfZ75/a24gj']	[]	0	6	18	[]	[]	https://twitter.com/VinodChavdaBJP/status/1057138385662423040	False		0								[]				
1057129483453353984	1057129483453353984	2018-10-30 13:38:04 KST	2018-10-30	13:38:04	+0900	85657578	mrsgandhi	Priti Gandhi - प्रीति गांधी		In India's first container movement on inland waterways post-Independence, PepsiCo will move its 16 containers from Kolkata &amp; Varanasi on river Ganga through Inland Waterways Authority of India (IWAI). मेरा देश बदल रहा है!!  https://t.co/YNRBsKBnd9	en	[]	['http://toi.in/jeCvfZ75/a24gj']	[]	17	222	535	[]	[]	https://twitter.com/MrsGandhi/status/1057129483453353984	False		0								[]				
1056944452051206145	1056944452051206145	2018-10-30 01:22:49 KST	2018-10-30	01:22:49	+0900	2877839294	muglikar_	Ashu		Positive news for the day. PepsiCo (India) will move 16 containers – equivalent to 16 truckloads- filled with food and snacks in the vessel MV RN Tagore which will reach Varanasi in 9-10 days.  Its India’s first container movement on inland waterways	en	[]	[]	[]	31	861	2203	[]	[]	https://twitter.com/muglikar_/status/1056944452051206145	False		0								[]				
1056900695465582592	1056900695465582592	2018-10-29 22:28:56 KST	2018-10-29	22:28:56	+0900	14175873	aparanjape	Amit Paranjape		"India set to see its first container movement on inland waterways  https://t.co/dJnVXg3XOB  ""Food and beverages giant Pepsico will become the first company in the country to move its containers from Kolkata to Varanasi using inland waterways."""	en	[]	['https://mybs.in/2Vqqf6q']	[]	0	11	17	[]	[]	https://twitter.com/aparanjape/status/1056900695465582592	False		0								[]				
1056887714983727105	1056887714983727105	2018-10-29 21:37:21 KST	2018-10-29	21:37:21	+0900	43855487	bsindia	Business Standard		Food and beverages giant @PepsiCo to become first Indian company to move its containers from Kolkata to Varanasi using inland waterways  The container cargo transport will help reduce handling cost, allows easier modal shift and more  @manchandamegha    https://t.co/I8vhdveFVi	en	[{'screen_name': 'pepsico', 'name': 'pepsico', 'id': '21346619'}, {'screen_name': 'manchandamegha', 'name': 'megha manchanda', 'id': '69589652'}]	['https://mybs.in/2Vqqf6q']	[]	1	9	28	[]	[]	https://twitter.com/bsindia/status/1056887714983727105	False		0								[]				
1056837870714003456	1056837870714003456	2018-10-29 18:19:18 KST	2018-10-29	18:19:18	+0900	2511399482	jon_banner1	Jon Banner		.Proud @PepsiCo has signed onto the @NewPlasticsEcon initiative so plastic need not become waste. We are reducing, reusing &amp; recycling, and reinventing our packaging. #OurOcean2018	en	[{'screen_name': 'pepsico', 'name': 'pepsico', 'id': '21346619'}, {'screen_name': 'newplasticsecon', 'name': 'new plastics economy', 'id': '705765085826908160'}]	[]	[]	0	0	25	['ourocean2018']	[]	https://twitter.com/jon_banner1/status/1056837870714003456	False	https://twitter.com/NewPlasticsEcon/status/1056647553704452096	0								[]				
1056757903267254272	1056757903267254272	2018-10-29 13:01:32 KST	2018-10-29	13:01:32	+0900	17534649	gpph	Greenpeace Philippines		Are you sick of big polluters avoiding responsibility for their garbage?   We are too. Here are our demands to @cocacola @nestle @pepsico @unilever @danone   #BreakFreeFromPlastic  https://t.co/A8zrlxynGo	en	[{'screen_name': 'cocacola', 'name': 'coca-cola', 'id': '26787673'}, {'screen_name': 'nestle', 'name': 'nestlé', 'id': '23085995'}, {'screen_name': 'pepsico', 'name': 'pepsico', 'id': '21346619'}, {'screen_name': 'unilever', 'name': 'unilever #staysafe', 'id': '109224937'}, {'screen_name': 'danone', 'name': 'danone', 'id': '570715775'}]	[]	['https://pbs.twimg.com/media/Dqpbex6UwAE-w_M.jpg']	4	127	194	['breakfreefromplastic']	[]	https://twitter.com/gpph/status/1056757903267254272	False		1	https://pbs.twimg.com/media/Dqpbex6UwAE-w_M.jpg							[]				
1055807986571141120	1055807986571141120	2018-10-26 22:06:54 KST	2018-10-26	22:06:54	+0900	1026414410452152320	ramonlaguarta	Ramon Laguarta		I'm proud to share @PepsiCo will strive to use 25% recycled content in our plastic packaging by 2025, a step toward building a company where plastics need never become waste. We're eager to work with suppliers, consumers &amp; educators to achieve this vision:  https://t.co/Z2npU2aYzW  https://t.co/BxhwhfOOCs	en	[{'screen_name': 'pepsico', 'name': 'pepsico', 'id': '21346619'}]	['https://pepsi.co/2qdEdt0']	[]	17	39	152	[]	[]	https://twitter.com/ramonlaguarta/status/1055807986571141120	False		1	https://pbs.twimg.com/ext_tw_video_thumb/1055801502508441601/pu/img/3lhDo2QQjlCHFycP.jpg							[]				
1055459762907811841	1055459762907811841	2018-10-25 23:03:11 KST	2018-10-25	23:03:11	+0900	22175551	finishline	Finish Line		The @Puma Suede Classic X @PepsiCo Collection Is Now Available:   https://t.co/H1xVkovNFG  https://t.co/mMu1uj37Cs	en	[{'screen_name': 'puma', 'name': 'puma', 'id': '50883209'}, {'screen_name': 'pepsico', 'name': 'pepsico', 'id': '21346619'}]	['http://finl.co/ui2']	['https://pbs.twimg.com/media/DqW_DYbWoAA4tMa.jpg', 'https://pbs.twimg.com/media/DqW_Dv2XcAAoR5c.jpg']	3	5	24	[]	[]	https://twitter.com/FinishLine/status/1055459762907811841	False		1	https://pbs.twimg.com/media/DqW_DYbWoAA4tMa.jpg							[]				
1055451481078484992	1055451481078484992	2018-10-25 22:30:17 KST	2018-10-25	22:30:17	+0900	23085995	nestle	Nestlé		#ICYMI The #NaturALLBottleAlliance welcomes @PepsiCo on their journey to 100% bioPET:  https://t.co/7pKCHkrPHq @NestleWatersHQ @Danone @OriginMaterials #PlasticsStrategy  https://t.co/WdUCZPeA9I	en	[{'screen_name': 'pepsico', 'name': 'pepsico', 'id': '21346619'}, {'screen_name': 'nestlewatershq', 'name': 'nestle waters hq', 'id': '316990296'}, {'screen_name': 'danone', 'name': 'danone', 'id': '570715775'}, {'screen_name': 'originmaterials', 'name': 'origin materials', 'id': '28218281'}]	['https://bddy.me/2ShJ0Wr']	['https://pbs.twimg.com/media/DqW3g7BW4AAUpE4.jpg']	1	7	15	['icymi', 'naturallbottlealliance', 'plasticsstrategy']	[]	https://twitter.com/Nestle/status/1055451481078484992	False		1	https://pbs.twimg.com/media/DqW3g7BW4AAUpE4.jpg							[]				
1055357899738923008	1055357899738923008	2018-10-25 16:18:25 KST	2018-10-25	16:18:25	+0900	443849195	diletant_media	Дилетант		В 1974 году в Новороссийске открылся первый в СССР завод по производству пепси-колы. Интересно, что PepsiCo в обмен на право поставлять концентрат в СССР стала дистрибьютором водки «Столичная» в США. На фото Леонид Брежнев осматривает линию по производству газировки  https://t.co/Y9bVxKLY91	ru	[]	[]	['https://pbs.twimg.com/media/DqViVbfXcAAt5ZS.jpg']	2	11	36	[]	[]	https://twitter.com/diletant_media/status/1055357899738923008	False		1	https://pbs.twimg.com/media/DqViVbfXcAAt5ZS.jpg							[]				
1055216289084596224	1055216289084596224	2018-10-25 06:55:42 KST	2018-10-25	06:55:42	+0900	14062554	mdandersonnews	MD Anderson Cancer Center		Thank you for your support of our @bootwalk and our mission to #endcancer, @WalmartInc and @PepsiCo!	en	[{'screen_name': 'bootwalk', 'name': 'boot walk', 'id': '3950005992'}, {'screen_name': 'walmartinc', 'name': 'walmart inc.', 'id': '39820738'}, {'screen_name': 'pepsico', 'name': 'pepsico', 'id': '21346619'}]	[]	[]	0	2	12	['endcancer']	[]	https://twitter.com/MDAndersonNews/status/1055216289084596224	False	https://twitter.com/ppisters/status/1055204219836338176	0								[]				
1055204219836338176	1055204219836338176	2018-10-25 06:07:45 KST	2018-10-25	06:07:45	+0900	217997153	ppisters	Peter WT Pisters, MD		Amazing morning with @WalmartInc and @PepsiCo leaders and employees who've been busy supporting our @bootwalk and raising money to give #cancer the boot. We're grateful for the $1 million+ they've helped raise with our community pitching in to help @MDAndersonNews #endcancer.  https://t.co/FAFbDS58RG	en	[{'screen_name': 'walmartinc', 'name': 'walmart inc.', 'id': '39820738'}, {'screen_name': 'pepsico', 'name': 'pepsico', 'id': '21346619'}, {'screen_name': 'bootwalk', 'name': 'boot walk', 'id': '3950005992'}, {'screen_name': 'mdandersonnews', 'name': 'md anderson cancer center', 'id': '14062554'}]	[]	['https://pbs.twimg.com/media/DqTVDeyVYAEnCAn.jpg', 'https://pbs.twimg.com/media/DqTVDY7VsAAgM6L.jpg', 'https://pbs.twimg.com/media/DqTVDY_U4AAcFcD.jpg', 'https://pbs.twimg.com/media/DqTVDaUV4AAj6Mu.jpg']	0	5	49	['cancer', 'endcancer']	[]	https://twitter.com/ppisters/status/1055204219836338176	False		1	https://pbs.twimg.com/media/DqTVDeyVYAEnCAn.jpg							[]				
1054827022298632196	1054827022298632196	2018-10-24 05:08:54 KST	2018-10-24	05:08:54	+0900	1716854966	calilcomc	José Calil		Trabalhando em mais um evento da Pepsico, com os amigos @ThomazRafael, @gaviaoobao e o Craque Neto.  https://t.co/42bCM07Ks5	pt	[{'screen_name': 'thomazrafael', 'name': 'thomaz rafael', 'id': '37992222'}, {'screen_name': 'gaviaoobao', 'name': 'gavião o bão', 'id': '59218578'}]	[]	['https://pbs.twimg.com/media/DqN_lEKWsAA1afP.jpg']	9	4	80	[]	[]	https://twitter.com/calilcomc/status/1054827022298632196	False		1	https://pbs.twimg.com/media/DqN_lEKWsAA1afP.jpg							[]				
1054803415094755334	1054803415094755334	2018-10-24 03:35:06 KST	2018-10-24	03:35:06	+0900	30324579	tippieiowa	Tippie College of Business		Tippie students dominated at the PepsiCo Sales Case Competition hosted by the Ivy College of Business last week. Congratulations, Hawkeyes! 🖤💛 #HawkeyePride  https://t.co/SfsckecLAm	en	[]	[]	['https://pbs.twimg.com/media/DqNo8E4VAAEIk2c.jpg', 'https://pbs.twimg.com/media/DqNo8E7UcAAEhvm.jpg', 'https://pbs.twimg.com/media/DqNo8E5UUAAE5ie.jpg']	0	3	30	['hawkeyepride']	[]	https://twitter.com/TippieIowa/status/1054803415094755334	False		1	https://pbs.twimg.com/media/DqNo8E4VAAEIk2c.jpg							[]				
1054680343951880193	1054680343951880193	2018-10-23 19:26:03 KST	2018-10-23	19:26:03	+0900	11162772	greenpeace_esp	Greenpeace España		11 de las mayores compañías de productos de consumo rápido: Coca-Cola Company, Colgate-Palmolive, Danone, Johnson y Johnson, Kraft Heinz, Marte, Nestlé, Mondelez , PepsiCo, Procter &amp; Gamble y Unilever x @albagrod 👉  https://t.co/az6J0udc3v  #BreakFreeFromPlastic  https://t.co/gRJHCLolG6	es	[{'screen_name': 'albagrod', 'name': 'alba garcía', 'id': '970963689967939589'}]	['http://bit.ly/2EFXQ6p']	['https://pbs.twimg.com/media/DqL6LWOXgAAWNr-.jpg']	0	30	25	['breakfreefromplastic']	[]	https://twitter.com/greenpeace_esp/status/1054680343951880193	False		1	https://pbs.twimg.com/media/DqL6LWOXgAAWNr-.jpg							[]				
1054607105263591425	1054607105263591425	2018-10-23 14:35:02 KST	2018-10-23	14:35:02	+0900	401775393	assaadrazzouk	Assaad Razzouk		World’s Biggest Plastic Polluting Companies:  1 Coca-Cola 2 PepsiCo 3 Nestlé 4 Danone 5 Mondelez International 6 Procter &amp; Gamble 7 Unilever 8 Perfetti van Melle 9 Mars Incorporated 10 Colgate-Palmolive   https://t.co/EA0uJTZrQe #IsThisYours #Oceans  https://t.co/vYXpGa6Hmj	it	[]	['https://buff.ly/2yylPxN']	['https://pbs.twimg.com/media/DqK3ksdWkAAROBA.jpg']	6	135	136	['isthisyours', 'oceans']	[]	https://twitter.com/AssaadRazzouk/status/1054607105263591425	False		1	https://pbs.twimg.com/media/DqK3ksdWkAAROBA.jpg							[]				
1054281226733977600	1054281226733977600	2018-10-22 17:00:06 KST	2018-10-22	17:00:06	+0900	151902586	pepsicojobs	PepsiCo Jobs		"""ปิดรับสมัคร! PepsiCo Change the Game วันที่ 24 ตุลาคม 2561  รีบสมัครด่วน  https://t.co/4dOggz0hYH"" #YourTalentOurStage  https://t.co/cAZN9Py9xV"	th	[]	['https://pepsi.co/2PNlejg']	['https://pbs.twimg.com/media/DqGPMDCX0AAK6LU.jpg']	0	1	49	['yourtalentourstage']	[]	https://twitter.com/PepsiCoJOBS/status/1054281226733977600	False		1	https://pbs.twimg.com/media/DqGPMDCX0AAK6LU.jpg							[]				
1053273270638780416	1053273270638780416	2018-10-19 22:14:51 KST	2018-10-19	22:14:51	+0900	324911077	miguelgaraulet	miguel garaulet		Esta mañana he visitado la factoría Alvalle que tiene @PepsiCo_ESP en #murcia.  Modelo en I+D+i tanto en procesos de producción sostenibles como en la búsqueda de alimentos saludables. Con una orientación clara a la reduccion de emisiones de CO2, el ahorro energético y de agua.  https://t.co/pqUY0lRlGD	es	[{'screen_name': 'pepsico_esp', 'name': 'pepsico españa', 'id': '382096919'}]	[]	['https://pbs.twimg.com/media/Dp36c9UX4AEeole.jpg']	0	10	20	['murcia']	[]	https://twitter.com/MiguelGaraulet/status/1053273270638780416	False		1	https://pbs.twimg.com/media/Dp36c9UX4AEeole.jpg							[]				
1053221507135086592	1053221507135086592	2018-10-19 18:49:09 KST	2018-10-19	18:49:09	+0900	18899855	rtlz	RTL Z		Om zwerfafval terug te dringen wil Europa drankfabrikanten verplichten om doppen vast te maken aan flessen. Tot grote woede van @CocaCola, @Danone, @Nestle en @PepsiCo  https://t.co/iUk3XEyQAL  https://t.co/OQhpVKpB9a	nl	[{'screen_name': 'cocacola', 'name': 'coca-cola', 'id': '26787673'}, {'screen_name': 'danone', 'name': 'danone', 'id': '570715775'}, {'screen_name': 'nestle', 'name': 'nestlé', 'id': '23085995'}, {'screen_name': 'pepsico', 'name': 'pepsico', 'id': '21346619'}]	['https://www.rtlz.nl/beurs/bedrijven/artikel/4456231/drankfabrikanten-coca-cola-nestle-dopjes-plastic-flessen-vervuiling']	['https://pbs.twimg.com/media/Dp3K3bEWkAA7U9_.jpg']	15	13	22	[]	[]	https://twitter.com/RTLZ/status/1053221507135086592	False		1	https://pbs.twimg.com/media/Dp3K3bEWkAA7U9_.jpg							[]				
1053042137137209344	1053042137137209344	2018-10-19 06:56:24 KST	2018-10-19	06:56:24	+0900	102329766	natboltt	Nathalie Boltt		An exciting, heartwarming  morning at #uhillsecondary school, talking about #palmoil , endangered #orangutan and what we can do to stop #deforestation by dirty palm oil users #Nestle #Mondelez #Pepsico #Unilever  https://t.co/So5W0CydVR	en	[]	[]	[]	2	9	257	['uhillsecondary', 'palmoil', 'orangutan', 'deforestation', 'nestle', 'mondelez', 'pepsico', 'unilever']	[]	https://twitter.com/natboltt/status/1053042137137209344	False		1	https://pbs.twimg.com/ext_tw_video_thumb/1053042100088893440/pu/img/EpnnoL39O-Ve0sOs.jpg							[]				
1052720866038087680	1052720866038087680	2018-10-18 09:39:47 KST	2018-10-18	09:39:47	+0900	46240925	masschallenge	MassChallenge		And our final @PepsiCo award goes to @makomasjuices! Check out their authentic, delicious, and nutrient-rich beverages:  https://t.co/H2kjQXNTtN #MCAwards18	en	[{'screen_name': 'pepsico', 'name': 'pepsico', 'id': '21346619'}, {'screen_name': 'makomasjuices', 'name': 'makomas juices & teas', 'id': '520413890'}]	['https://bit.ly/2CR3zEJ']	[]	0	3	9	['mcawards18']	[]	https://twitter.com/MassChallenge/status/1052720866038087680	False		0								[]				
1052720764846317568	1052720764846317568	2018-10-18 09:39:23 KST	2018-10-18	09:39:23	+0900	46240925	masschallenge	MassChallenge		Congrats to @pumpspotting, winner of the first-ever @PepsiCo prize! We're looking forward to following your continued growth and success	en	[{'screen_name': 'pumpspotting', 'name': 'pumpspotting', 'id': '4730910856'}, {'screen_name': 'pepsico', 'name': 'pepsico', 'id': '21346619'}]	[]	[]	2	4	17	[]	[]	https://twitter.com/MassChallenge/status/1052720764846317568	False		0								[]				
1052719946562711552	1052719946562711552	2018-10-18 09:36:08 KST	2018-10-18	09:36:08	+0900	46240925	masschallenge	MassChallenge		We're excited to partner with @PepsiCo to support #startups that are developing innovative solutions in the business services and food &amp; beverage spaces! Stay tuned to meet the winners #MCAwards18	en	[{'screen_name': 'pepsico', 'name': 'pepsico', 'id': '21346619'}]	[]	[]	0	1	10	['startups', 'mcawards18']	[]	https://twitter.com/MassChallenge/status/1052719946562711552	False		0								[]				
1052605494089699328	1052605494089699328	2018-10-18 02:01:20 KST	2018-10-18	02:01:20	+0900	2652536876	indranooyi	Indra Nooyi		This month, @Marriott’s Arne Sorenson asked @Pepsico to join @BizRoundtable's #EmbracingSustainability Challenge by demonstrating how we are reducing our environmental impact. I'm proud to share our progress and pass the challenge to Rich Lesser of @BCG. Let's hear your story.  https://t.co/PYYGhogWHy	en	[{'screen_name': 'marriott', 'name': 'marriott hotels', 'id': '14369314'}, {'screen_name': 'pepsico', 'name': 'pepsico', 'id': '21346619'}, {'screen_name': 'bizroundtable', 'name': 'business roundtable', 'id': '44682276'}, {'screen_name': 'bcg', 'name': 'boston consulting group', 'id': '501801749'}]	[]	[]	5	36	216	['embracingsustainability']	[]	https://twitter.com/IndraNooyi/status/1052605494089699328	False		1	https://pbs.twimg.com/ext_tw_video_thumb/1052604856597393408/pu/img/YBSlgS-9LT9vTzvR.jpg							[]				
1052559547892752384	1052559547892752384	2018-10-17 22:58:46 KST	2018-10-17	22:58:46	+0900	1269037446	rubio_chef	Rubio		BOYCOTT THEM ALL! #Israel  @CaterpillarInc, @CombinedSysInc, @Ford, @MonsantoBioAg, @hewlettpacka_dp, @HSBC, @MSIFoundation, @RemingtonArms, @Sabra, @PepsiCo, @LeviStraussCo, @DXCTechnology, @DowChemical, @ElbitSystemsLtd, @PointLookoutSP, @OneCarlyle,   https://t.co/edT1RCHCPu  https://t.co/bTrtm9zLhW	en	[{'screen_name': 'caterpillarinc', 'name': 'caterpillarinc', 'id': '15101714'}, {'screen_name': 'combinedsysinc', 'name': 'combined systems', 'id': '1973642222'}, {'screen_name': 'ford', 'name': 'ford motor company', 'id': '15676492'}, {'screen_name': 'hewlettpacka_dp', 'name': 'hewlett packard', 'id': '2541589014'}, {'screen_name': 'hsbc', 'name': 'hsbc', 'id': '467368287'}, {'screen_name': 'msifoundation', 'name': 'motorola solutions foundation', 'id': '252770161'}, {'screen_name': 'remingtonarms', 'name': 'remington arms', 'id': '29442589'}, {'screen_name': 'sabra', 'name': 'sabra', 'id': '16004778'}, {'screen_name': 'pepsico', 'name': 'pepsico', 'id': '21346619'}, {'screen_name': 'levistraussco', 'name': 'levi strauss & co.', 'id': '50393521'}, {'screen_name': 'dxctechnology', 'name': 'dxc technology', 'id': '599689553'}, {'screen_name': 'dowchemical', 'name': 'dow', 'id': '1098648812745342976'}, {'screen_name': 'elbitsystemsltd', 'name': 'elbit systems', 'id': '377222247'}, {'screen_name': 'onecarlyle', 'name': 'the carlyle group', 'id': '61212645'}]	['https://www.invictapalestina.org/archives/34357']	['https://pbs.twimg.com/media/DptxU8FW4AAt4fA.jpg']	2	14	41	['israel']	[]	https://twitter.com/rubio_chef/status/1052559547892752384	False		1	https://pbs.twimg.com/media/DptxU8FW4AAt4fA.jpg							[]				
1052558845522788353	1052558845522788353	2018-10-17 22:55:59 KST	2018-10-17	22:55:59	+0900	1710232142	justinobrooks	Justin Brooks		Hey @pepsi @PepsiCo How about helping Horace Roberts get back on his feet. This is a great promotion of your product! #XONR8 Innocent Man Freed After 20 Years In Prison  https://t.co/S7mGBZ8wmP via @YouTube	en	[{'screen_name': 'pepsi', 'name': 'pepsi', 'id': '18139619'}, {'screen_name': 'pepsico', 'name': 'pepsico', 'id': '21346619'}, {'screen_name': 'youtube', 'name': 'youtube', 'id': '10228272'}]	['https://youtu.be/i8TweRGuxS8']	[]	0	24	30	['xonr8']	[]	https://twitter.com/JustinoBrooks/status/1052558845522788353	False		0								[]				
1052394528618020864	1052394528618020864	2018-10-17 12:03:02 KST	2018-10-17	12:03:02	+0900	20633239	storyofstuff	The Story of Stuff Project		We as people have the power to hold @CocaCola, @Nestle, @PepsiCo responsible!  #breakfreefromplastic  https://t.co/faBjbwfptV  https://t.co/Js9HB7MzFa	en	[{'screen_name': 'cocacola', 'name': 'coca-cola', 'id': '26787673'}, {'screen_name': 'nestle', 'name': 'nestlé', 'id': '23085995'}, {'screen_name': 'pepsico', 'name': 'pepsico', 'id': '21346619'}]	['http://bit.ly/2NDutAX']	['https://pbs.twimg.com/media/DprbPwbW4AAIV6b.jpg']	0	13	24	['breakfreefromplastic']	[]	https://twitter.com/storyofstuff/status/1052394528618020864	False		1	https://pbs.twimg.com/media/DprbPwbW4AAIV6b.jpg							[]				
1052382812181942272	1052382812181942272	2018-10-17 11:16:29 KST	2018-10-17	11:16:29	+0900	102329766	natboltt	Nathalie Boltt		It’s ‘embarrassing’. Are you embarrassed, #Nestlé #Unilever and #PepsiCo ? You should be. #dirtydirtydirty. Deforestation-linked palm oil still finding its way into top consumer brands: report  https://t.co/pHbldHxvE0 via @Mongabay	en	[{'screen_name': 'mongabay', 'name': 'mongabay', 'id': '27740227'}]	['https://news.mongabay.com/2018/09/deforestation-linked-palm-oil-still-finding-its-way-into-top-consumer-brands-report/']	[]	0	2	86	['nestlé', 'unilever', 'pepsico', 'dirtydirtydirty']	[]	https://twitter.com/natboltt/status/1052382812181942272	False		0								[]				
1052212893029003271	1052212893029003271	2018-10-17 00:01:17 KST	2018-10-17	00:01:17	+0900	5360012	greenpeaceusa	Greenpeace USA		Hey @CocaCola - #IsThisYours?  Plastic does NOT belong in our environment. Help us hold brands like @Nestle, @Unilever, and @PepsiCo accountable! It's time to stop plastic pollution where it starts.  TAKE ACTION &gt;&gt;  https://t.co/E020j3EiSp  #BreakFreeFromPlastic  https://t.co/wDmZhRa0TK	en	[{'screen_name': 'cocacola', 'name': 'coca-cola', 'id': '26787673'}, {'screen_name': 'nestle', 'name': 'nestlé', 'id': '23085995'}, {'screen_name': 'unilever', 'name': 'unilever #staysafe', 'id': '109224937'}, {'screen_name': 'pepsico', 'name': 'pepsico', 'id': '21346619'}]	['http://bit.ly/2OUrQPV']	[]	1	26	30	['isthisyours', 'breakfreefromplastic']	[]	https://twitter.com/greenpeaceusa/status/1052212893029003271	False		1	https://pbs.twimg.com/ext_tw_video_thumb/1052212592708636673/pu/img/WQJfQPV6KVeWfLO4.jpg							[]				
1051920000989257728	1051920000989257728	2018-10-16 04:37:26 KST	2018-10-16	04:37:26	+0900	2899384869	feedinghannibal	Janice Poon		Pay up, @NestleCA  @TimHortons  @PepsiCo  @CocaCola  @McDonaldsCanada	en	[{'screen_name': 'nestleca', 'name': 'nestlé canada', 'id': '2799930213'}, {'screen_name': 'timhortons', 'name': 'tim hortons', 'id': '382177545'}, {'screen_name': 'pepsico', 'name': 'pepsico', 'id': '21346619'}, {'screen_name': 'cocacola', 'name': 'coca-cola', 'id': '26787673'}, {'screen_name': 'mcdonaldscanada', 'name': 'mcdonald’s🇨🇦', 'id': '83691020'}]	[]	[]	1	4	13	[]	[]	https://twitter.com/FeedingHannibal/status/1051920000989257728	False	https://twitter.com/HumeChristopher/status/1050116645333680133	0								[]				
1051850282374713346	1051850282374713346	2018-10-16 00:00:24 KST	2018-10-16	00:00:24	+0900	151902586	pepsicojobs	PepsiCo Jobs		การแข่งขัน PepsiCo's Change the Game จะเป็นก้าวแรกสู่ความสำเร็จในอนาคตของคุณ หากคุณมีไอเดียรักษ์โลกบรรเจิด สมัครก่อนวันที่ 24 ตุลาคม 2561   https://t.co/Q7ptNyEIGV #YourTalentOurStage  https://t.co/mc9UGk1oRf	th	[]	['https://pepsi.co/2QOvNCT']	[]	0	1	53	['yourtalentourstage']	[]	https://twitter.com/PepsiCoJOBS/status/1051850282374713346	False		1	https://pbs.twimg.com/ext_tw_video_thumb/1051850234295390209/pu/img/tmDYF6qk8oSyQvL4.jpg							[]				
1051850259587104768	1051850259587104768	2018-10-16 00:00:18 KST	2018-10-16	00:00:18	+0900	151902586	pepsicojobs	PepsiCo Jobs		The #PepsiCo #ChangeTheGame competition could be your ticket to a rewarding head-start in your career!  If you have a game changing sustainability idea, then make sure to register before 24 Oct, 2018 on  https://t.co/hGFVqu6ELK #YourTalentOurStage  https://t.co/5SX8ccmKA6	en	[]	['https://pepsi.co/2IZ5g2S']	[]	3	33	311	['pepsico', 'changethegame', 'yourtalentourstage']	[]	https://twitter.com/PepsiCoJOBS/status/1051850259587104768	False		1	https://pbs.twimg.com/ext_tw_video_thumb/1051850233611730945/pu/img/3IAD2ULPZJFaElL9.jpg							[]				
1051825531119910912	1051825531119910912	2018-10-15 22:22:03 KST	2018-10-15	22:22:03	+0900	15088481	mikehudema	Mike Hudema		#Plastic is choking our oceans, and guess who’s accountable for most of the trash found on the beach cleanups?  @CocaCola  @Nestle  @PepsiCo   We think it’s time you #BreakFreeFromPlastic and protect our planet! &gt;&gt;  https://t.co/k96srG50y9 #useless #wasteless  https://t.co/tMnCbyMyYf	en	[{'screen_name': 'cocacola', 'name': 'coca-cola', 'id': '26787673'}, {'screen_name': 'nestle', 'name': 'nestlé', 'id': '23085995'}, {'screen_name': 'pepsico', 'name': 'pepsico', 'id': '21346619'}]	['https://buff.ly/2ITjClD']	['https://pbs.twimg.com/media/DpjVvstXgAA9ijw.jpg']	2	65	82	['plastic', 'breakfreefromplastic', 'useless', 'wasteless']	[]	https://twitter.com/MikeHudema/status/1051825531119910912	False		1	https://pbs.twimg.com/media/DpjVvstXgAA9ijw.jpg							[]				
1051823870964129793	1051823870964129793	2018-10-15 22:15:27 KST	2018-10-15	22:15:27	+0900	38670671	aabenedetti	Armando Benedetti		Este artículo de la BBC dice que Coca Cola (que siempre está en todo lo malo) PepsiCo y Nestlé son los desechos que más se encuentran en los mares de este planeta.  https://t.co/XQIV5wO41j  https://t.co/dEXBeGRtKf	es	[]	['https://www.google.com.co/amp/s/www.bbc.com/mundo/amp/noticias-45836661']	['https://pbs.twimg.com/media/DpjUOwNWwAEdh3L.jpg']	5	17	17	[]	[]	https://twitter.com/AABenedetti/status/1051823870964129793	False		1	https://pbs.twimg.com/media/DpjUOwNWwAEdh3L.jpg							[]				
1051684088623587330	1051684088623587330	2018-10-15 13:00:00 KST	2018-10-15	13:00:00	+0900	14140913	marriottintl	Marriott International		Accepting @BizRoundtable’s Sustainability Challenge from @United CEO Oscar Munoz, watch as Marriott International President and CEO Arne Sorenson shares Marriott’s sustainability story and then challenges @PepsiCo CEO @IndraNooyi. #EmbracingSustainability #Serve360  https://t.co/a0VGLJdUMR	en	[{'screen_name': 'bizroundtable', 'name': 'business roundtable', 'id': '44682276'}, {'screen_name': 'united', 'name': 'united airlines', 'id': '260907612'}, {'screen_name': 'pepsico', 'name': 'pepsico', 'id': '21346619'}, {'screen_name': 'indranooyi', 'name': 'indra nooyi', 'id': '2652536876'}]	[]	[]	3	18	38	['embracingsustainability', 'serve360']	[]	https://twitter.com/MarriottIntl/status/1051684088623587330	False		1	https://pbs.twimg.com/amplify_video_thumb/1051639260934270977/img/H0DzrW43MRX0sYsj.jpg							[]				
1051570862153822208	1051570862153822208	2018-10-15 05:30:05 KST	2018-10-15	05:30:05	+0900	14917589	eleconomista	El Economista		Greenpeace señaló a Coca-Cola, PepsiCo y Nestlé como los mayores productores mundiales de basura plástica. 😕🥤  https://t.co/rrUdcO6zXw	es	[]	['https://www.eleconomista.com.mx/empresas/Coca-Cola-es-la-refresquera-que-mas-basura-produceGreenpeace-20181009-0045.html']	[]	4	25	22	[]	[]	https://twitter.com/eleconomista/status/1051570862153822208	False		0								[]				
1051439501581721602	1051439501581721602	2018-10-14 20:48:06 KST	2018-10-14	20:48:06	+0900	1271852322	limportant_fr	L'important		Coca-Cola, PepsiCo et Nestlé plus gros pollueurs plastique, selon Greenpeace  https://t.co/BvW68rcDkw #Economie  https://t.co/hDRDOTEFQ4	fr	[]	['https://limportant.fr/infos-economie-/2/445684']	['https://pbs.twimg.com/media/Dpd2p4HWsAE8gmI.jpg']	3	20	16	['economie']	[]	https://twitter.com/Limportant_fr/status/1051439501581721602	False		1	https://pbs.twimg.com/media/Dpd2p4HWsAE8gmI.jpg							[]				
1051266310687088646	1051266310687088646	2018-10-14 09:19:54 KST	2018-10-14	09:19:54	+0900	72313888	telenoticias7	Telenoticias		Coca-Cola, PepsiCo y Nestlé son las que más están contaminando con plástico los mares del mundo  https://t.co/96BGytwIz3 #TN7  https://t.co/VRSgf7R3kt	es	[]	['http://ow.ly/y3zO30mdNJG']	['https://pbs.twimg.com/media/DpbZIz2X4AAyjaX.jpg']	11	36	74	['tn7']	[]	https://twitter.com/Telenoticias7/status/1051266310687088646	False		1	https://pbs.twimg.com/media/DpbZIz2X4AAyjaX.jpg							[]				
1050868826139742211	1050868826139742211	2018-10-13 07:00:27 KST	2018-10-13	07:00:27	+0900	255766976	pepsicomex	PepsiCo México		Con el apoyo de nuestros aliados, en PepsiCo continuamos con los esfuerzos de reconstrucción y de reparación del tejido social en las comunidades afectadas por los sismos de septiembre 2017. Conoce aquí el caso de Alejandra Ramírez de San Dionisio del Mar en el estado de Oaxaca:  https://t.co/UjulWTDik8	es	[]	[]	[]	0	5	33	[]	[]	https://twitter.com/PepsiCoMex/status/1050868826139742211	False		1	https://pbs.twimg.com/ext_tw_video_thumb/1050868763808210944/pu/img/jADviSHJ1GGihZep.jpg							[]				
1050868780946116609	1050868780946116609	2018-10-13 07:00:16 KST	2018-10-13	07:00:16	+0900	5360012	greenpeaceusa	Greenpeace USA		#Plastic is choking our oceans, and guess who’s accountable for most of the trash found on the beach cleanups?  @CocaCola  @Nestle  @PepsiCo   We think it’s time you #BreakFreeFromPlastic and protect our planet! &gt;&gt;  https://t.co/RiqK9zflPq  https://t.co/WDUVSc3Ckg	en	[{'screen_name': 'cocacola', 'name': 'coca-cola', 'id': '26787673'}, {'screen_name': 'nestle', 'name': 'nestlé', 'id': '23085995'}, {'screen_name': 'pepsico', 'name': 'pepsico', 'id': '21346619'}]	['https://bit.ly/2CaeDvs']	['https://pbs.twimg.com/media/DpVvlbMWwAAUtoo.jpg']	2	24	19	['plastic', 'breakfreefromplastic']	[]	https://twitter.com/greenpeaceusa/status/1050868780946116609	False		1	https://pbs.twimg.com/media/DpVvlbMWwAAUtoo.jpg							[]				
1050840555238936576	1050840555238936576	2018-10-13 05:08:06 KST	2018-10-13	05:08:06	+0900	90289733	tamarhaspel	Tamar Haspel		I'm very interested in low-calorie sweeteners and their metabolic impact and usefulness for weight loss so I was delighted to see a whole issue of the journal OBESITY devoted to it. The WHOLE DAMN THING is sponsored by @PepsiCo.  https://t.co/cjKPGo6JJA  https://t.co/vFZIxI0mBy	en	[{'screen_name': 'pepsico', 'name': 'pepsico', 'id': '21346619'}]	['https://onlinelibrary.wiley.com/toc/1930739x/2018/26/S3']	['https://pbs.twimg.com/media/DpVV1fdUUAAE-zh.jpg']	5	5	22	[]	[]	https://twitter.com/TamarHaspel/status/1050840555238936576	False		1	https://pbs.twimg.com/media/DpVV1fdUUAAE-zh.jpg							[]				
1050839142056284161	1050839142056284161	2018-10-13 05:02:29 KST	2018-10-13	05:02:29	+0900	3459051	greenpeace	Greenpeace		#DYK? #CocaCola #PepsiCo, and #Nestlé are the top corporate plastic polluters in our recent global brand audit. It's time to #breakfreefromplastic  https://t.co/FvpM2EPb7A  https://t.co/ciFUiVCkSB	en	[]	['https://act.gp/2IS7VeR']	['https://pbs.twimg.com/media/DpVUoTeWwAAIWth.jpg']	2	154	190	['dyk', 'cocacola', 'pepsico', 'nestlé', 'breakfreefromplastic']	[]	https://twitter.com/Greenpeace/status/1050839142056284161	False		1	https://pbs.twimg.com/media/DpVUoTeWwAAIWth.jpg							[]				
1050739138494914565	1050739138494914565	2018-10-12 22:25:07 KST	2018-10-12	22:25:07	+0900	111356236	camaracomerbog	Cámara de Comercio de Bogotá		Agradecemos a nuestros valiosos aliados, que sin ellos no hubiera sido posible la XXIV Reunión Plenaria de #ElCírculoEnBogotá @andacol @asomedios @ClaroColombia @Avianca @ServientregaCS @Alpina @BAVARIA_SA @PepsiCo @ucentralbogota @UniJaveriana #AMI @JuanValdezCafe  https://t.co/H6uuxN5hep	es	[{'screen_name': 'andacol', 'name': 'anda colombia', 'id': '340034615'}, {'screen_name': 'asomedios', 'name': 'asomedios', 'id': '561317848'}, {'screen_name': 'clarocolombia', 'name': 'claro colombia', 'id': '596814719'}, {'screen_name': 'avianca', 'name': 'avianca', 'id': '274087824'}, {'screen_name': 'servientregacs', 'name': 'servientrega | colombia', 'id': '516526019'}, {'screen_name': 'alpina', 'name': 'alpina', 'id': '80623485'}, {'screen_name': 'bavaria_sa', 'name': 'bavaria', 'id': '1612349936'}, {'screen_name': 'pepsico', 'name': 'pepsico', 'id': '21346619'}, {'screen_name': 'ucentralbogota', 'name': 'universidad central', 'id': '123995688'}, {'screen_name': 'unijaveriana', 'name': 'pontificia universidad javeriana', 'id': '66571267'}, {'screen_name': 'juanvaldezcafe', 'name': 'juan valdez café', 'id': '245503605'}]	[]	['https://pbs.twimg.com/media/DpT5q8VWsAAwE5j.jpg']	0	5	14	['elcírculoenbogotá', 'ami']	[]	https://twitter.com/camaracomerbog/status/1050739138494914565	False		1	https://pbs.twimg.com/media/DpT5q8VWsAAwE5j.jpg							[]				
1050738370941517824	1050738370941517824	2018-10-12 22:22:04 KST	2018-10-12	22:22:04	+0900	15088481	mikehudema	Mike Hudema		One palm oil company has destroyed an area of forest half the size of Paris.   PepsiCo, Mars, Nestle, Unilever - companies that have promised not to buy palm oil from forest destroyers - are all supporting the destruction.  That needs to stop.   #deforestation #PalmOil  https://t.co/XEfrXZhHhL	en	[]	[]	['https://pbs.twimg.com/media/DpT4-r-X4AAH6JA.jpg']	9	340	255	['deforestation', 'palmoil']	[]	https://twitter.com/MikeHudema/status/1050738370941517824	False		1	https://pbs.twimg.com/media/DpT4-r-X4AAH6JA.jpg							[]				
1050498818289147904	1050498818289147904	2018-10-12 06:30:10 KST	2018-10-12	06:30:10	+0900	3459051	greenpeace	Greenpeace		#Plastic is choking our oceans, and guess who’s accountable for most of the trash found on the beach clean ups?  @Coke @Nestle @PepsiCo  We think it’s time you #BreakFreeFromPlastic and protect our planet!  https://t.co/EDRcggly5v  https://t.co/lGqGX5S1Qe	en	[{'screen_name': 'coke', 'name': '@coke', 'id': '305895848'}, {'screen_name': 'nestle', 'name': 'nestlé', 'id': '23085995'}, {'screen_name': 'pepsico', 'name': 'pepsico', 'id': '21346619'}]	['https://act.gp/2EctMig']	['https://pbs.twimg.com/media/DpQfG4YX4AEWj8Y.jpg']	16	188	206	['plastic', 'breakfreefromplastic']	[]	https://twitter.com/Greenpeace/status/1050498818289147904	False		1	https://pbs.twimg.com/media/DpQfG4YX4AEWj8Y.jpg							[]				
1050250111429664768	1050250111429664768	2018-10-11 14:01:53 KST	2018-10-11	14:01:53	+0900	3459051	greenpeace	Greenpeace		We can clean all the beaches we like, but unless we tackle plastic at its source it'll be an endless, messy cycle. @CocaCola, @Nestle, @PepsiCo need to make changes to #BreakFreeFromPlastic  https://t.co/fAFQBlz8Ff	en	[{'screen_name': 'cocacola', 'name': 'coca-cola', 'id': '26787673'}, {'screen_name': 'nestle', 'name': 'nestlé', 'id': '23085995'}, {'screen_name': 'pepsico', 'name': 'pepsico', 'id': '21346619'}]	['https://www.nationalgeographic.com/environment/2018/10/greenpeace-beach-cleanup-report-highlights-ocean-plastic-problem/']	[]	6	118	181	['breakfreefromplastic']	[]	https://twitter.com/Greenpeace/status/1050250111429664768	False		0								[]				
1050211911948820486	1050211911948820486	2018-10-11 11:30:06 KST	2018-10-11	11:30:06	+0900	567862111	wgeagency	WGEA		"WGEA #PayEquity Ambassador Danny Celoni, @PepsiCo AU: “It’s important to create a team that’s not exactly the same, it’s important to create a team with different views, different perspectives different backgrounds.""  https://t.co/HPvCYGAKPL"	en	[{'screen_name': 'pepsico', 'name': 'pepsico', 'id': '21346619'}]	['https://www.smh.com.au/business/companies/pepsico-s-top-executive-team-becomes-majority-female-by-default-20181003-p507h7.html']	[]	1	4	14	['payequity']	[]	https://twitter.com/WGEAgency/status/1050211911948820486	False		0								[]				
1050146517133262850	1050146517133262850	2018-10-11 07:10:15 KST	2018-10-11	07:10:15	+0900	116502194	globalnews	Globalnews.ca		Greenpeace Canada said Nestle, Tim Hortons, PepsiCo, Coca-Cola and McDonald's accounted for 46 per cent of branded plastic trash collected in a recent audit.    https://t.co/GeBObVRS91	en	[]	['https://trib.al/fwo1VBe']	[]	8	24	21	[]	[]	https://twitter.com/globalnews/status/1050146517133262850	False		0								[]				
1050072215981514752	1050072215981514752	2018-10-11 02:15:00 KST	2018-10-11	02:15:00	+0900	39743812	economictimes	Economic Times		.@PepsiCo's Indian-born former CEO @IndraNooyi has said she would cause a third World War if she joins #politics as she is “too outspoken”  https://t.co/chltZlvMAJ	en	[{'screen_name': 'pepsico', 'name': 'pepsico', 'id': '21346619'}, {'screen_name': 'indranooyi', 'name': 'indra nooyi', 'id': '2652536876'}]	['https://goo.gl/m35Nbx']	[]	8	5	43	['politics']	[]	https://twitter.com/EconomicTimes/status/1050072215981514752	False		0								[]				
1050068432320978944	1050068432320978944	2018-10-11 01:59:58 KST	2018-10-11	01:59:58	+0900	299273962	laurie_garrett	Laurie Garrett		Who is responsible for most of the plastic in our seas &amp; environs? (In order by volume of plastic pollution, Coke = No 1): Coca-Cola PepsiCo Nestlé Danone Mondelez Intl Procter &amp; Gamble Unilever Perfetti van Melle Mars Incorp Colgate-Palmolive  https://t.co/slG0efgddk  https://t.co/gS4Yo3wqtg	en	[]	['https://www.ecowatch.com/worst-plastic-polluting-companies-2611144880.html']	['https://pbs.twimg.com/media/DpKXqgPW4AA3FT-.jpg']	0	20	18	[]	[]	https://twitter.com/Laurie_Garrett/status/1050068432320978944	False		1	https://pbs.twimg.com/media/DpKXqgPW4AA3FT-.jpg							[]				
1050057887601577984	1050057887601577984	2018-10-11 01:18:04 KST	2018-10-11	01:18:04	+0900	132346487	jenarovillamil	Jenaro Villamil		En América del Norte y del Sur, las marcas Coca-Cola, PepsiCo y Nestlé fueron las principales contaminadoras, representando el 64% y el 70% de toda la contaminación plástica con marca idenificada, respectivamente.  https://t.co/ZnJRyz4iaz	es	[]	['http://homozapping.com.mx/2018/10/coca-cola-pepsico-y-nestle-los-mayores-contaminadores-plasticos-en-el-mundo/']	[]	0	61	34	[]	[]	https://twitter.com/jenarovillamil/status/1050057887601577984	False		0								[]				
1050029147014291457	1050029147014291457	2018-10-10 23:23:51 KST	2018-10-10	23:23:51	+0900	21346619	pepsico	PepsiCo		We’re “All In On Recycling.” Read more about the @PepsiCo Foundation’s $10 million investment with @RECYPartnership to improve recycling for 25 million families in the U.S. in this @GreenBiz article:	en	[{'screen_name': 'pepsico', 'name': 'pepsico', 'id': '21346619'}, {'screen_name': 'recypartnership', 'name': 'recyclingpartnership', 'id': '3019011850'}, {'screen_name': 'greenbiz', 'name': 'greenbiz', 'id': '15942016'}]	[]	[]	1	11	24	[]	[]	https://twitter.com/PepsiCo/status/1050029147014291457	False	https://twitter.com/RECYPartnership/status/1049680307492986881	0								[]				
1050006877222785024	1050006877222785024	2018-10-10 21:55:22 KST	2018-10-10	21:55:22	+0900	21626814	connie_walker	Connie Walker		Much of the plastic trash cleaned up from Canadian shorelines by volunteers in September could be traced back to five companies: Nestlé, Tim Hortons, PepsiCo, the Coca-Cola Company and McDonald's, an audit led by Greenpeace Canada has found.  https://t.co/nEKQJFhr7o	en	[]	['https://www.cbc.ca/news/technology/greenpeace-plastic-brand-audits-1.4855450']	[]	2	63	63	[]	[]	https://twitter.com/connie_walker/status/1050006877222785024	False		0								[]				
1049986331261177856	1049986331261177856	2018-10-10 20:33:43 KST	2018-10-10	20:33:43	+0900	18911295	rahrahraina	raina douris		just gonna go ahead and make sure they're tagged here!  @Nestle @TimHortons @PepsiCo @CocaCola @McDonalds	en	[{'screen_name': 'nestle', 'name': 'nestlé', 'id': '23085995'}, {'screen_name': 'timhortons', 'name': 'tim hortons', 'id': '382177545'}, {'screen_name': 'pepsico', 'name': 'pepsico', 'id': '21346619'}, {'screen_name': 'cocacola', 'name': 'coca-cola', 'id': '26787673'}, {'screen_name': 'mcdonalds', 'name': 'mcdonald’s❄️', 'id': '71026122'}]	[]	[]	5	81	192	[]	[]	https://twitter.com/RahRahRaina/status/1049986331261177856	False	https://twitter.com/CBCNews/status/1049985534762856448	0								[]				
1049985534762856448	1049985534762856448	2018-10-10 20:30:33 KST	2018-10-10	20:30:33	+0900	6433472	cbcnews	CBC News		About half of the plastic trash found on Canadian shorelines could be traced back five companies: Nestlé, Tim Hortons, PepsiCo, the Coca-Cola Company and McDonald's.  https://t.co/QKgjHbuU4c @mle_chung	en	[{'screen_name': 'mle_chung', 'name': 'emily chung', 'id': '22300050'}]	['https://www.cbc.ca/1.4855450']	[]	249	1924	1403	[]	[]	https://twitter.com/CBCNews/status/1049985534762856448	False		0								[]				
1049864598101331968	1049864598101331968	2018-10-10 12:30:00 KST	2018-10-10	12:30:00	+0900	2963716598	ajplusespanol	AJ+Español		-Coca Cola Company -Pepsico -Nestlé Estas son las empresas que más contaminan a los mares de México y el mundo.   Entérate de otras en @vernemexico.  https://t.co/EtU1tePomx	es	[{'screen_name': 'vernemexico', 'name': 'verne méxico', 'id': '4104443902'}]	[]	['https://pbs.twimg.com/tweet_video_thumb/DpGGCBwU0AAd0O9.jpg']	3	72	58	[]	[]	https://twitter.com/ajplusespanol/status/1049864598101331968	False		1	https://pbs.twimg.com/tweet_video_thumb/DpGGCBwU0AAd0O9.jpg							[]				
1049841949677641728	1049841949677641728	2018-10-10 11:00:00 KST	2018-10-10	11:00:00	+0900	16676396	el_universal_mx	El Universal		#Video 📹 Las compañías Coca-Cola, PepsiCo y Nestlé son los mayores productores mundiales de basura plástica  https://t.co/L8EfWivoVK  https://t.co/UzCPyVdC9K	es	[]	['http://eluni.mx/1dhklaom']	[]	8	120	92	['video']	[]	https://twitter.com/El_Universal_Mx/status/1049841949677641728	False		1	https://pbs.twimg.com/amplify_video_thumb/1049815969961398272/img/O8Is_EFw8K_zCKgV.jpg							[]				
1049773497973710850	1049773497973710850	2018-10-10 06:28:00 KST	2018-10-10	06:28:00	+0900	35977487	lajornadaonline	La Jornada		Coca-Cola, PepsiCo y Nestlé son los mayores productores de basura plástica  https://t.co/7CVMSLj3rK  https://t.co/AEyaeIqLPo	es	[]	['http://bit.ly/2PqCryU']	['https://pbs.twimg.com/media/DpFu8c2UUAA5cbZ.jpg']	14	223	115	[]	[]	https://twitter.com/lajornadaonline/status/1049773497973710850	False		1	https://pbs.twimg.com/media/DpFu8c2UUAA5cbZ.jpg							[]				
1049695757496926208	1049695757496926208	2018-10-10 01:19:05 KST	2018-10-10	01:19:05	+0900	15088481	mikehudema	Mike Hudema		BREAKING: @Cocacola, @PepsiCo, and @Nestle have emerged as the top corporate plastic polluters from 239 brand audits across 42 countries. Read the full report here:   https://t.co/fhgIwfXECN   #BreakFreeFromPlastic   #Useless #wasteless  https://t.co/F6YOjLpt6j	en	[{'screen_name': 'cocacola', 'name': 'coca-cola', 'id': '26787673'}, {'screen_name': 'pepsico', 'name': 'pepsico', 'id': '21346619'}, {'screen_name': 'nestle', 'name': 'nestlé', 'id': '23085995'}]	['https://buff.ly/2E70Wjv']	['https://pbs.twimg.com/media/DpFEunqW4AEipWD.jpg']	1	61	39	['breakfreefromplastic', 'useless', 'wasteless']	[]	https://twitter.com/MikeHudema/status/1049695757496926208	False		1	https://pbs.twimg.com/media/DpFEunqW4AEipWD.jpg							[]				
1049692573093294081	1049692573093294081	2018-10-10 01:06:26 KST	2018-10-10	01:06:26	+0900	62806842	cronistacom	El Cronista		De la mano de Pepsico, una empresa exportó papas semilla a Vietnam  https://t.co/gVlJTd0Un0  https://t.co/yShT0tRFuh	es	[]	['http://bit.ly/2PvJEO0']	['https://pbs.twimg.com/media/DpFB1K0WkAQPTlG.jpg']	1	20	28	[]	[]	https://twitter.com/Cronistacom/status/1049692573093294081	False		1	https://pbs.twimg.com/media/DpFB1K0WkAQPTlG.jpg							[]				
1049673785119571968	1049673785119571968	2018-10-09 23:51:47 KST	2018-10-09	23:51:47	+0900	14917589	eleconomista	El Economista		Greenpeace indicó que las compañías Coca-Cola, PepsiCo y Nestlé son los mayores productores mundiales de basura plástica. 😕🥤  https://t.co/rrUdcOobm6	es	[]	['https://www.eleconomista.com.mx/empresas/Coca-Cola-es-la-refresquera-que-mas-basura-produceGreenpeace-20181009-0045.html']	[]	8	117	76	[]	[]	https://twitter.com/eleconomista/status/1049673785119571968	False		0								[]				
1049670821029920768	1049670821029920768	2018-10-09 23:40:00 KST	2018-10-09	23:40:00	+0900	711760467383877632	wionews	WION		Drink companies Coca-Cola, PepsiCo and Nestle were found to be the world's biggest producers of plastic trash, a report by environmental group Greenpeace said on Tuesday.   https://t.co/hV5F9kIOfL	en	[]	['http://www.wionews.com/world/coke-pepsi-nestle-top-makers-of-plastic-waste-greenpeace-170482']	[]	1	17	27	[]	[]	https://twitter.com/WIONews/status/1049670821029920768	False		0								[]				
1049660885868924928	1049660885868924928	2018-10-09 23:00:31 KST	2018-10-09	23:00:31	+0900	5360012	greenpeaceusa	Greenpeace USA		BREAKING: @Coca-cola, @PepsiCo, and @Nestle have emerged as the top corporate polluters from 239 brand audits across 42 countries. Read the full report here →   https://t.co/btb4SU8jen   #BreakFreeFromPlastic  https://t.co/CRfzEy8LRi	en	[{'screen_name': 'coca', 'name': 'coca', 'id': '1940400080'}, {'screen_name': 'pepsico', 'name': 'pepsico', 'id': '21346619'}, {'screen_name': 'nestle', 'name': 'nestlé', 'id': '23085995'}]	['http://bit.ly/brandauditreport2018']	['https://pbs.twimg.com/media/DpElAswWwAALYJu.jpg']	9	217	151	['breakfreefromplastic']	[]	https://twitter.com/greenpeaceusa/status/1049660885868924928	False		1	https://pbs.twimg.com/media/DpElAswWwAALYJu.jpg							[]				
1049581961860304896	1049581961860304896	2018-10-09 17:46:54 KST	2018-10-09	17:46:54	+0900	50278507	sascampaigns	Surfers Against Sewage		Coca-Cola, PepsiCo, and Nestlé among companies whose trash was most frequently identified in 239 cleanups &amp; brand audits spanning 42 countries and six continents, say #BreakFreeFromPlastic  https://t.co/4aBtLq1S4y #PlasticFreeCoastlines #PlasticFreeCommunities #PlasticPollution  https://t.co/eowbkPDAP9	en	[]	['https://www.breakfreefromplastic.org/2018/10/09/globalbrandauditreport/']	['https://pbs.twimg.com/media/DpDc1wzW4AA-ZXn.jpg']	3	101	137	['breakfreefromplastic', 'plasticfreecoastlines', 'plasticfreecommunities', 'plasticpollution']	[]	https://twitter.com/sascampaigns/status/1049581961860304896	False		1	https://pbs.twimg.com/media/DpDc1wzW4AA-ZXn.jpg							[]				
1049502214350344192	1049502214350344192	2018-10-09 12:30:01 KST	2018-10-09	12:30:01	+0900	3459051	greenpeace	Greenpeace		BREAKING: @CocaCola, @Nestle, @PepsiCo lead the pack among top corporate plastic polluters! Details in the latest #breakfreefromplastic Brand Audit Report &gt;&gt;  https://t.co/6AD1PCqmF4  https://t.co/olDMCTK6AE	en	[{'screen_name': 'cocacola', 'name': 'coca-cola', 'id': '26787673'}, {'screen_name': 'nestle', 'name': 'nestlé', 'id': '23085995'}, {'screen_name': 'pepsico', 'name': 'pepsico', 'id': '21346619'}]	['https://act.gp/2pHSgWL']	['https://pbs.twimg.com/media/DpCUs1mWsAA3job.jpg']	3	172	139	['breakfreefromplastic']	[]	https://twitter.com/Greenpeace/status/1049502214350344192	False		1	https://pbs.twimg.com/media/DpCUs1mWsAA3job.jpg							[]				
1049411915498180608	1049411915498180608	2018-10-09 06:31:12 KST	2018-10-09	06:31:12	+0900	26491028	tiffani_bova	Tiffani Bova		"Indra Nooyi boosted @PepsiCo's revenue 80% during her tenure as CEO.   On her last day, she said:   You must understand that each choice is its own sacrifice and that it will be impossible to ""have it all."" Think hard about (your) time. #WorkLifeBalance   https://t.co/Gmrn08KRgg  https://t.co/ydMlODWSaa"	en	[{'screen_name': 'pepsico', 'name': 'pepsico', 'id': '21346619'}]	['http://bit.ly/2RCZfwG']	['https://pbs.twimg.com/media/DpBBwXnUcAEhOgw.jpg']	2	8	21	['worklifebalance']	[]	https://twitter.com/Tiffani_Bova/status/1049411915498180608	False		1	https://pbs.twimg.com/media/DpBBwXnUcAEhOgw.jpg							[]				
1048260294622019584	1048260294622019584	2018-10-06 02:15:04 KST	2018-10-06	02:15:04	+0900	21346619	pepsico	PepsiCo		Meet Patrice, one of our associates who has spent 37 years at PepsiCo in a wide variety of manufacturing roles. #MFGDay18  https://t.co/TkgjjSXdLP	en	[]	[]	[]	1	6	42	['mfgday18']	[]	https://twitter.com/PepsiCo/status/1048260294622019584	False		1	https://pbs.twimg.com/ext_tw_video_thumb/1048260241106849792/pu/img/YPr-OINImaEgHtEl.jpg							[]				
1048244974108778496	1048244974108778496	2018-10-06 01:14:11 KST	2018-10-06	01:14:11	+0900	320432933	sumofus	SumOfUs		We did it! Retweet to celebrate that @PepsiCo has suspended rogue palm oil supplier @Indofood. Next, Pepsi needs to fix the loopholes in its palm oil policy for good, to make punishing suppliers that exploit workers and destroy #orangutan habitat the rule, not the exception.  https://t.co/QfUnsmX7zO	en	[{'screen_name': 'pepsico', 'name': 'pepsico', 'id': '21346619'}, {'screen_name': 'indofood', 'name': 'indofood', 'id': '4418136132'}]	[]	[]	1	19	25	['orangutan']	[]	https://twitter.com/SumOfUs/status/1048244974108778496	False		1	https://pbs.twimg.com/ext_tw_video_thumb/1048244840205602816/pu/img/RmomWic-o2OCL3MM.jpg							[]				
1048225233335808001	1048225233335808001	2018-10-05 23:55:45 KST	2018-10-05	23:55:45	+0900	15612015	blackenterprise	Black Enterprise		We are so excited to host 64 HBCU students at #TECHCNXT! #BEhack   @PepsiCo’s William Langford is welcoming the students to teach them more about the opportunities at PepsiCo!  https://t.co/06M1RTC4O5	en	[{'screen_name': 'pepsico', 'name': 'pepsico', 'id': '21346619'}]	[]	[]	0	7	21	['techcnxt', 'behack']	[]	https://twitter.com/blackenterprise/status/1048225233335808001	False		1	https://pbs.twimg.com/ext_tw_video_thumb/1048224885447651328/pu/img/9YOkIWXBrCRisvAX.jpg							[]				
1048181100055592962	1048181100055592962	2018-10-05 21:00:23 KST	2018-10-05	21:00:23	+0900	102700680	davos	World Economic Forum		CEO of PepsiCo Indra Nooyi steps down. Here are six lessons she imparted to her employees  https://t.co/k73IX8EfDf  https://t.co/ahrQSjCDoR	en	[]	['https://wef.ch/2Pe5e9V']	['https://pbs.twimg.com/media/DovjJ5QXoAAsbMq.jpg']	0	12	28	[]	[]	https://twitter.com/Davos/status/1048181100055592962	False		1	https://pbs.twimg.com/media/DovjJ5QXoAAsbMq.jpg							[]				
1047909586500575233	1047909586500575233	2018-10-05 03:01:29 KST	2018-10-05	03:01:29	+0900	1026414410452152320	ramonlaguarta	Ramon Laguarta		Congrats to the newest members of @PepsiCo's Circle of Champions! These women and men are the TOP ONE TENTH OF ONE PERCENT of our global frontline and operations team. Thanks for the executional excellence you deliver every day all around the world.  https://t.co/YSt998n68S	en	[{'screen_name': 'pepsico', 'name': 'pepsico', 'id': '21346619'}]	[]	[]	1	7	65	[]	[]	https://twitter.com/ramonlaguarta/status/1047909586500575233	False		1	https://pbs.twimg.com/ext_tw_video_thumb/1047905764986298368/pu/img/KLGbkE_3dT0J358z.jpg							[]				
1047878013604548609	1047878013604548609	2018-10-05 00:56:01 KST	2018-10-05	00:56:01	+0900	28351457	nielseniqspain	NielsenIQ España		"Narcís Roura,  Dir Gen @PepsiCo_ESP ""El gran reto para las compañías es pasar de la Diversidad a la verdadera Inclusión ""#LEADSpain  https://t.co/LWH3dUcqyO"	es	[{'screen_name': 'pepsico_esp', 'name': 'pepsico españa', 'id': '382096919'}]	[]	['https://pbs.twimg.com/media/DorPf8lWwAA95e6.jpg']	0	3	13	['leadspain']	[]	https://twitter.com/NielsenIQSpain/status/1047878013604548609	False		1	https://pbs.twimg.com/media/DorPf8lWwAA95e6.jpg							[]				
1047536536009543680	1047536536009543680	2018-10-04 02:19:07 KST	2018-10-04	02:19:07	+0900	39743812	economictimes	Economic Times		Ramon Laguarta succeeds Pepsico's Indian-origin CEO Indra Nooyi   https://t.co/DtNp4eXf1e	in	[]	['https://economictimes.indiatimes.com/news/international/business/ramon-laguarta-succeeds-pepsicos-indian-origin-ceo-indra-nooyi/articleshow/66059553.cms?utm_source=twitter.com&utm_medium=Social&utm_campaign=ETTWMain']	[]	1	11	21	[]	[]	https://twitter.com/EconomicTimes/status/1047536536009543680	False		0								[]				
1047480926492610565	1047480926492610565	2018-10-03 22:38:08 KST	2018-10-03	22:38:08	+0900	72313888	telenoticias7	Telenoticias		PepsiCo se interesa, como Coca-Cola, en explorar las bebidas de marihuana  https://t.co/Fy8YMjh9Ph #TN7  https://t.co/BZ4tFWPuJW	es	[]	['http://ow.ly/CMmS30m554h']	['https://pbs.twimg.com/media/DolmWe2X4AA7IeS.jpg']	0	1	21	['tn7']	[]	https://twitter.com/Telenoticias7/status/1047480926492610565	False		1	https://pbs.twimg.com/media/DolmWe2X4AA7IeS.jpg							[]				
1047463778609184773	1047463778609184773	2018-10-03 21:30:00 KST	2018-10-03	21:30:00	+0900	240649814	timesnow	TIMES NOW		Pepsico's Indian-origin CEO Indra Nooyi, who will step down after 12 years at the helm of the global beverage giant, said that 'lot of fuel' is still left in her 'tank' &amp; she looks forward to doing something different with her life: Report   https://t.co/imlRVsTtnJ	en	[]	['https://www.timesnownews.com/business-economy/companies/article/indra-nooyi-feels-lot-of-fuel-still-left-in-tank-aspires-to-do-something-different/293642']	[]	1	3	21	[]	[]	https://twitter.com/TimesNow/status/1047463778609184773	False		0								[]				
1047447066933440513	1047447066933440513	2018-10-03 20:23:36 KST	2018-10-03	20:23:36	+0900	1026414410452152320	ramonlaguarta	Ramon Laguarta		When I joined @PepsiCo in 1996 I never imagined I would one day become CEO. But this is a company of opportunity, where hard work makes anything possible no matter who you are. Our employees take this idea to heart, and I am so excited to begin our journey together.	en	[{'screen_name': 'pepsico', 'name': 'pepsico', 'id': '21346619'}]	[]	[]	23	38	293	[]	[]	https://twitter.com/ramonlaguarta/status/1047447066933440513	False		0								[]				
1047413665211842561	1047413665211842561	2018-10-03 18:10:52 KST	2018-10-03	18:10:52	+0900	15448383	inquirerdotnet	Inquirer		PepsiCo joins Coca-Cola in exploring cannabis drinks  https://t.co/9x1ka1ieQu	en	[]	['https://lifestyle.inquirer.net/308360/pepsico-joins-coca-cola-exploring-cannabis-drinks/?utm_medium=Social&utm_source=Twitter#Echobox=1538557847']	[]	0	14	41	[]	[]	https://twitter.com/inquirerdotnet/status/1047413665211842561	False		0								[]				
1047406906594156544	1047406906594156544	2018-10-03 17:44:01 KST	2018-10-03	17:44:01	+0900	2574072036	shekhargupta	Shekhar Gupta		Lot of fuel still left in my tank, says Pepsico’s outgoing CEO Indra Nooyi  @Yoshita_Singh reports:  https://t.co/iOKbqz8CAs	en	[{'screen_name': 'yoshita_singh', 'name': 'yoshita singh योषिता सिंह', 'id': '160983477'}]	['http://bit.ly/2DSkg3W']	[]	10	5	21	[]	[]	https://twitter.com/ShekharGupta/status/1047406906594156544	False		0								[]				
1047390605813452800	1047390605813452800	2018-10-03 16:39:14 KST	2018-10-03	16:39:14	+0900	301309392	enca	eNCA		PepsiCo joins Coca-Cola in exploring cannabis drinks  https://t.co/iI0EZhgc7A	en	[]	['https://www.enca.com/life/pepsico-joins-coca-cola-exploring-cannabis-drinks?utm_medium=Social&utm_source=Twitter#Echobox=1538552353']	[]	8	40	65	[]	[]	https://twitter.com/eNCA/status/1047390605813452800	False		0								[]				
1047361981618016257	1047361981618016257	2018-10-03 14:45:30 KST	2018-10-03	14:45:30	+0900	301309392	enca	eNCA		PepsiCo joins Coca-Cola in exploring cannabis drinks  https://t.co/v9m1zih16v	en	[]	['https://www.enca.com/life/pepsico-joins-coca-cola-exploring-cannabis-drinks?utm_term=Autofeed&utm_medium=Social&utm_source=Twitter#Echobox=1538543278']	[]	11	102	141	[]	[]	https://twitter.com/eNCA/status/1047361981618016257	False		0								[]				
1047331919304617984	1047331919304617984	2018-10-03 12:46:02 KST	2018-10-03	12:46:02	+0900	63070483	bharianmy	Berita Harian		PepsiCo sertai Coca-Cola teroka minuman dicampur ganja   https://t.co/jwQm3EAznX  https://t.co/hE34Sgbsnm	in	[]	['https://www.bharian.com.my/dunia/amerika/2018/10/481124/pepsico-sertai-coca-cola-teroka-minuman-dicampur-ganja']	['https://pbs.twimg.com/media/Doje0wpVAAAXG2x.jpg']	6	162	112	[]	[]	https://twitter.com/bharianmy/status/1047331919304617984	False		1	https://pbs.twimg.com/media/Doje0wpVAAAXG2x.jpg							[]				
1047314796595621888	1047314796595621888	2018-10-03 11:38:00 KST	2018-10-03	11:38:00	+0900	851108442	afpespanol	Agence France-Presse		PepsiCo se interesa, como Coca-Cola, en explorar las bebidas de cannabis #AFP  https://t.co/ffrSMOwASZ  https://t.co/Ewp9rqizCZ	es	[]	['http://u.afp.com/oLFC']	['https://pbs.twimg.com/media/DohmEMtXoAAqWSF.jpg']	1	31	12	['afp']	[]	https://twitter.com/AFPespanol/status/1047314796595621888	False		1	https://pbs.twimg.com/media/DohmEMtXoAAqWSF.jpg							[]				
1047313832971067393	1047313832971067393	2018-10-03 11:34:10 KST	2018-10-03	11:34:10	+0900	225012752	etnowlive	ET NOW		PepsiCo CEO Indra Nooyi's farewell note  @PepsiCo @IndraNooyi #IndraNooyi @PepsiCoIndia  https://t.co/DwZhhrrCq3	en	[{'screen_name': 'pepsico', 'name': 'pepsico', 'id': '21346619'}, {'screen_name': 'indranooyi', 'name': 'indra nooyi', 'id': '2652536876'}, {'screen_name': 'pepsicoindia', 'name': 'pepsico', 'id': '2825622506'}]	[]	['https://pbs.twimg.com/media/DojOFE_XoAIqlrR.jpg']	1	16	42	['indranooyi']	[]	https://twitter.com/ETNOWlive/status/1047313832971067393	False		1	https://pbs.twimg.com/media/DojOFE_XoAIqlrR.jpg							[]				
1047305046650761216	1047305046650761216	2018-10-03 10:59:15 KST	2018-10-03	10:59:15	+0900	81186186	ianbassin	Ian Bassin		Why not ask that now of the 5 CEOs who most recently met with him: @IndraNooyi of PepsiCo, @BoeingCEO Dennis Muilenburg, International Paper CEO Mark Sutton, Johnson &amp; Johnson CEO Alex Gorsky, and Ernst &amp; Young CEO @Mark_Weinberger. Employees there should ask too.	en	[{'screen_name': 'indranooyi', 'name': 'indra nooyi', 'id': '2652536876'}, {'screen_name': 'boeingceo', 'name': 'boeing chief executive officer', 'id': '3355496165'}, {'screen_name': 'mark_weinberger', 'name': 'mark weinberger', 'id': '1018795410'}]	[]	[]	2	51	95	[]	[]	https://twitter.com/ianbassin/status/1047305046650761216	False	https://twitter.com/ChrisLu44/status/1047299724393345024	0								[]				
1047294186582622208	1047294186582622208	2018-10-03 10:16:06 KST	2018-10-03	10:16:06	+0900	17469289	nypost	New York Post		Indra Nooyi is leaving PepsiCo on a high note  https://t.co/jyxctMGp1q  https://t.co/NvIMKQ1n6n	en	[]	['https://nyp.st/2y8rLO3']	['https://pbs.twimg.com/media/Doi8gyIXgAA7dDL.jpg']	1	1	12	[]	[]	https://twitter.com/nypost/status/1047294186582622208	False		1	https://pbs.twimg.com/media/Doi8gyIXgAA7dDL.jpg							[]				
1047249110418567168	1047249110418567168	2018-10-03 07:16:59 KST	2018-10-03	07:16:59	+0900	2816403979	laszlobock	Laszlo Bock		Great farewell letter from Indra Nooyi as she steps down after 12 years as PepsiCo's CEO. Among many exceptional qualities, she was uniquely honest about the difficult trade offs women make in their careers, a theme she returns to… https://t.co/n6QVKQ9pgK  https://t.co/ZQZVaUSoEM	en	[]	['https://lnkd.in/eBwe7SP', 'https://lnkd.in/e_xz6hT']	[]	0	11	41	[]	[]	https://twitter.com/LaszloBock/status/1047249110418567168	False		0								[]				
1047229243481096192	1047229243481096192	2018-10-03 05:58:02 KST	2018-10-03	05:58:02	+0900	14594813	folha	Folha de S.Paulo		PepsiCo, como a Coca-Cola, pretende estudar bebidas com maconha  https://t.co/n4Dpo7Ni5T	pt	[]	['https://www1.folha.uol.com.br/mercado/2018/10/pepsico-como-a-coca-cola-pretende-estudar-bebidas-com-maconha.shtml?utm_source=twitter&utm_medium=social&utm_campaign=twfolha']	[]	6	8	30	[]	[]	https://twitter.com/folha/status/1047229243481096192	False		0								[]				
1047228729527873537	1047228729527873537	2018-10-03 05:56:00 KST	2018-10-03	05:56:00	+0900	380648579	afp	AFP News Agency		PepsiCo has joined the growing list of big companies to confirm potential interest in making drinks with cannabis  https://t.co/N8T1jBiYTx	en	[]	['http://u.afp.com/oLte']	[]	3	37	36	[]	[]	https://twitter.com/AFP/status/1047228729527873537	False		0								[]				
1047226690819297287	1047226690819297287	2018-10-03 05:47:54 KST	2018-10-03	05:47:54	+0900	28191953	abcdigital	ABC Digital		PepsiCo y Coca-Cola, interesados en bebidas de cannabis.   https://t.co/mu6aSW2ROj  https://t.co/SJ8oALyq1I	es	[]	['http://abc.com.py/1746090.html']	['https://pbs.twimg.com/media/Doh_HRrXkAA_Amr.jpg']	3	40	80	[]	[]	https://twitter.com/ABCDigital/status/1047226690819297287	False		1	https://pbs.twimg.com/media/Doh_HRrXkAA_Amr.jpg							[]				
1047219479506288641	1047219479506288641	2018-10-03 05:19:14 KST	2018-10-03	05:19:14	+0900	20402945	cnbc	CNBC		Cannabis stock Tilray plunges more than 16% after PepsiCo CFO says the company has no plans to invest in marijuana.  https://t.co/6GDluqXAOE  https://t.co/CPfHGx9s69	en	[]	['https://cnb.cx/2O3eC3L']	['https://pbs.twimg.com/media/Doh4kOVXkAEEPpj.jpg']	5	12	15	[]	[]	https://twitter.com/CNBC/status/1047219479506288641	False		1	https://pbs.twimg.com/media/Doh4kOVXkAEEPpj.jpg							[]				
1047218635528441856	1047218633565503497	2018-10-03 05:15:53 KST	2018-10-03	05:15:53	+0900	1026414410452152320	ramonlaguarta	Ramon Laguarta		Starting tomorrow as CEO, I will work hard to build on Indra’s vision to pave our path forward. I am grateful for the strong foundation I am inheriting—our brands, our people, our culture—and I can't wait to work with the @PepsiCo Family to make a great company even greater.	en	[{'screen_name': 'pepsico', 'name': 'pepsico', 'id': '21346619'}]	[]	[]	11	5	80	[]	[]	https://twitter.com/ramonlaguarta/status/1047218635528441856	False		0								[]				
1047218633565503497	1047218633565503497	2018-10-03 05:15:53 KST	2018-10-03	05:15:53	+0900	1026414410452152320	ramonlaguarta	Ramon Laguarta		I’m incredibly humbled to be where I am today, about to succeed the great @IndraNooyi as @PepsiCo CEO. Over the last 12 years, Indra has transformed our company and lifted us to new heights. We are better because of her leadership, and it has been a privilege to learn from her.	en	[{'screen_name': 'indranooyi', 'name': 'indra nooyi', 'id': '2652536876'}, {'screen_name': 'pepsico', 'name': 'pepsico', 'id': '21346619'}]	[]	[]	3	4	67	[]	[]	https://twitter.com/ramonlaguarta/status/1047218633565503497	False	https://twitter.com/IndraNooyi/status/1047211228500844544	0								[]				
1047211231042576385	1047211228500844544	2018-10-03 04:46:28 KST	2018-10-03	04:46:28	+0900	2652536876	indranooyi	Indra Nooyi		Leading the @PepsiCo family has been the privilege of a lifetime, and saying goodbye will be one of the hardest things I do. I wanted to share the letter I sent our associates to convey how much they mean to me and offer some advice on the future  https://t.co/2Remp5nkYc	en	[{'screen_name': 'pepsico', 'name': 'pepsico', 'id': '21346619'}]	['https://www.linkedin.com/pulse/parting-words-i-step-down-ceo-indra-nooyi/']	[]	18	107	443	[]	[]	https://twitter.com/IndraNooyi/status/1047211231042576385	False		0								[]				
1047211228500844544	1047211228500844544	2018-10-03 04:46:27 KST	2018-10-03	04:46:27	+0900	2652536876	indranooyi	Indra Nooyi		As I prepare to step down as @PepsiCo CEO, it gives me great pleasure and pride to say that PepsiCo heads into its next era with an incredibly strong foundation—a foundation made even stronger by our performance in Q3 of 2018.  https://t.co/0gf2KbS3TH #PEPearnings	en	[{'screen_name': 'pepsico', 'name': 'pepsico', 'id': '21346619'}]	['https://bit.ly/2P5N6Pg']	[]	35	64	533	['pepearnings']	[]	https://twitter.com/IndraNooyi/status/1047211228500844544	False		0								[]				
1047136735753318401	1047136735753318401	2018-10-02 23:50:27 KST	2018-10-02	23:50:27	+0900	20402945	cnbc	CNBC		"PepsiCo CFO Hugh Johnston says the company will look ""critically"" at investing in cannabis.  https://t.co/C2WTV5YdLz"	en	[]	['https://cnb.cx/2y4ST0l']	[]	7	40	82	[]	[]	https://twitter.com/CNBC/status/1047136735753318401	False		0								[]				
1047133931395538944	1047133931395538944	2018-10-02 23:39:18 KST	2018-10-02	23:39:18	+0900	17712324	dawn_kopecki	Dawn Kopecki		BREAKING: PepsiCo CFO Hugh Johnston says cola maker is taking a hard look at cannabis market  https://t.co/orRAuLywBC via @laurenshirsch @jimcramer  #cbd #marijuana #greenrush	en	[{'screen_name': 'laurenshirsch', 'name': 'lauren hirsch', 'id': '2362947746'}, {'screen_name': 'jimcramer', 'name': 'jim cramer', 'id': '14216123'}]	['https://cnb.cx/2NZdZIo']	[]	2	11	28	['cbd', 'marijuana', 'greenrush']	[]	https://twitter.com/Dawn_Kopecki/status/1047133931395538944	False		0								[]				
1047115933268021249	1047115933268021249	2018-10-02 22:27:47 KST	2018-10-02	22:27:47	+0900	39549428	todd_harrison	Todd Harrison		PepsiCo Slides After CFO Says Company Has No Plans for Cannabis  $PEP  https://t.co/BT3P5INUUJ	en	[]	[]	['https://pbs.twimg.com/media/DogaYl5WkAA-iyi.jpg']	5	1	20	[]	['pep']	https://twitter.com/todd_harrison/status/1047115933268021249	False		1	https://pbs.twimg.com/media/DogaYl5WkAA-iyi.jpg							[]				
1047115806293856257	1047115806293856257	2018-10-02 22:27:17 KST	2018-10-02	22:27:17	+0900	114782468	carlquintanilla	Carl Quintanilla		"Pepsico CFO on #cannabis: ""I know it'll be legal shortly in Canada. But in the US, it IS still federally illegal. I think we'll look at it very critically. I'm not prepared to share any plans we have in this space right now.""  @CNBC  @SquawkStreet $PEP"	en	[{'screen_name': 'cnbc', 'name': 'cnbc', 'id': '20402945'}, {'screen_name': 'squawkstreet', 'name': 'squawk on the street', 'id': '106498703'}]	[]	[]	5	20	48	['cannabis']	['pep']	https://twitter.com/carlquintanilla/status/1047115806293856257	False		0								[]				
1047071245412573184	1047071245412573184	2018-10-02 19:30:13 KST	2018-10-02	19:30:13	+0900	34713362	business	Bloomberg		PepsiCo’s struggling North American beverage unit returned to growth in the third quarter  https://t.co/szHgQC3ZlZ	en	[]	['https://bloom.bg/2NX5AF3']	[]	3	9	20	[]	[]	https://twitter.com/business/status/1047071245412573184	False		0								[]				
1046860675518291972	1046860675518291972	2018-10-02 05:33:29 KST	2018-10-02	05:33:29	+0900	2511399482	jon_banner1	Jon Banner		.@PepsiCo associates doing their part to curb global hunger. With our partners @Rise2030 @CARE we’ll pack 300,000 meals today for communities in need.  #SDG2  https://t.co/EJyquEJa0n	en	[{'screen_name': 'pepsico', 'name': 'pepsico', 'id': '21346619'}, {'screen_name': 'rise2030', 'name': 'rise against hunger', 'id': '49996928'}, {'screen_name': 'care', 'name': 'care (care.org)', 'id': '16834046'}]	[]	[]	1	0	19	['sdg2']	[]	https://twitter.com/jon_banner1/status/1046860675518291972	False		1	https://pbs.twimg.com/ext_tw_video_thumb/1046860591925792768/pu/img/0vWZyUYIQNGsFFO3.jpg							[]				
1046814555966525440	1046814555966525440	2018-10-02 02:30:13 KST	2018-10-02	02:30:13	+0900	3108351	wsj	The Wall Street Journal		Auto-industry insiders say people like Warren Buffett, former Ford CEO Alan Mulally and PepsiCo’s departing CEO, Indra Nooyi might be able to rein in Tesla's Elon Musk  https://t.co/MlwtJnubF6	en	[]	['https://on.wsj.com/2NcKf5q']	[]	7	26	41	[]	[]	https://twitter.com/WSJ/status/1046814555966525440	False		0								[]				
