id	conversation_id	created_at	date	time	timezone	user_id	username	name	place	tweet	language	mentions	urls	photos	replies_count	retweets_count	likes_count	hashtags	cashtags	link	retweet	quote_url	video	thumbnail	near	geo	source	user_rt_id	user_rt	retweet_id	reply_to	retweet_date	translate	trans_src	trans_dest
958482464997036037	958482464997036037	2018-01-31 08:30:02 KST	2018-01-31	08:30:02	+0900	107167628	produ	PRODU		#PRODUad Con canciones de @MissyElliott y @chrisbrown/@BustaRhymes, #MorganFreeman y #PeterDinklage se enfrentan en un #LipsyncBattle en el comercial para el #SuperBowlLII de @PepsiCo para @Doritos y @MountainDew #SpitFire #IceCold  Agencia ➡️ Goodby, Silverstein &amp; Partners  https://t.co/H5dRRvfhRT	es	[{'screen_name': 'missyelliott', 'name': 'missy elliott', 'id': '145499533'}, {'screen_name': 'chrisbrown', 'name': 'chris brown', 'id': '119509520'}, {'screen_name': 'bustarhymes', 'name': 'busta rhymes', 'id': '24278900'}, {'screen_name': 'pepsico', 'name': 'pepsico', 'id': '21346619'}, {'screen_name': 'doritos', 'name': 'doritos', 'id': '31143489'}, {'screen_name': 'mountaindew', 'name': 'mountain dew®', 'id': '18313840'}]	[]	[]	0	3	30	['produad', 'morganfreeman', 'peterdinklage', 'lipsyncbattle', 'superbowllii', 'spitfire', 'icecold']	[]	https://twitter.com/PRODU/status/958482464997036037	False		1	https://pbs.twimg.com/ext_tw_video_thumb/958481239320674304/pu/img/KalvqALyoMXSm0kY.jpg							[]				
958309641364164609	958308448818614273	2018-01-30 21:03:17 KST	2018-01-30	21:03:17	+0900	155304314	valeriafgl	Valeria Fgl		No sé ustedes, pero yo LO VI en persona en un festival de Pepsico, en la carpita con los trabajadores. ¿Sabían que él se acercó a ofrecerse para tocar y de ahí surgió la idea del festival?	es	[]	[]	[]	2	13	69	[]	[]	https://twitter.com/valeriafgl/status/958309641364164609	False		0								[]				
957445061972774912	957445061972774912	2018-01-28 11:47:45 KST	2018-01-28	11:47:45	+0900	494668818	maryammonsef	Maryam Monsef		Reflecting on all the remarkable individuals I met while in #Davos, including Indra Nooyi, CEO of @PepsiCo who I was able to talk to about Pepsi's connection to #Ptbo  https://t.co/NpbKeawlYc	en	[{'screen_name': 'pepsico', 'name': 'pepsico', 'id': '21346619'}]	[]	['https://pbs.twimg.com/media/DUmGtI0W4AA0o3Z.jpg']	8	10	55	['davos', 'ptbo']	[]	https://twitter.com/MaryamMonsef/status/957445061972774912	False		1	https://pbs.twimg.com/media/DUmGtI0W4AA0o3Z.jpg							[]				
956961834023772160	956961834023772160	2018-01-27 03:47:35 KST	2018-01-27	03:47:35	+0900	1528364154	cityptbo	City of Peterborough		#FridayFeeling in Peterborough: - Green Flag for skating on the canal - Beautiful winter weather - Sweet smells from Quaker Oats @PepsiCo  https://t.co/JCAvVIasai	en	[{'screen_name': 'pepsico', 'name': 'pepsico', 'id': '21346619'}]	[]	['https://pbs.twimg.com/media/DUfPr7fVMAAo-Qv.jpg', 'https://pbs.twimg.com/media/DUfPr7jVoAAGmYX.jpg']	3	3	13	['fridayfeeling']	[]	https://twitter.com/CityPtbo/status/956961834023772160	False		1	https://pbs.twimg.com/media/DUfPr7fVMAAo-Qv.jpg							[]				
956960246555136002	956960246555136002	2018-01-27 03:41:16 KST	2018-01-27	03:41:16	+0900	150678850	garciaposti	Luis García P	{'type': 'Point', 'coordinates': [20.98628763, -86.8287346]}	Adiós Cancún, nos vemos pronto. Hartas gracias a pepsico por habernos invitado a su #RNV2018…  https://t.co/J1zp8k1Nq3	es	[]	['https://www.instagram.com/p/BebE_YbhZwm/']	[]	2	1	39	['rnv2018']	[]	https://twitter.com/GarciaPosti/status/956960246555136002	False		0								[]				
956674672069939200	956674672069939200	2018-01-26 08:46:30 KST	2018-01-26	08:46:30	+0900	24900072	mauriciomacri	Mauricio Macri		Cerramos la jornada en Davos con encuentros con los directivos de Cisco, Pepsico y el primer ministro de Irlanda, Leo Varadkar  https://t.co/PA8PXSdSYo	es	[]	[]	['https://pbs.twimg.com/media/DUbKHwOXkAEsV8t.jpg', 'https://pbs.twimg.com/media/DUbKJ1fXcAAg6ow.jpg', 'https://pbs.twimg.com/media/DUbKLg9W0AEiBR5.jpg']	191	739	2917	[]	[]	https://twitter.com/mauriciomacri/status/956674672069939200	False		1	https://pbs.twimg.com/media/DUbKHwOXkAEsV8t.jpg							[]				
956611383369625600	956611383369625600	2018-01-26 04:35:01 KST	2018-01-26	04:35:01	+0900	2550018541	ministerktr	Minister for IT, Industries, MA & UD, Telangana		Minister @KTRTRS met @IndraNooyi Chairman &amp; CEO of @PepsiCo on the sidelines of @WEF Davos #TelanganaAtDavos  https://t.co/IWaXR9biWF	en	[{'screen_name': 'ktrtrs', 'name': 'ktr', 'id': '118787224'}, {'screen_name': 'indranooyi', 'name': 'indra nooyi', 'id': '2652536876'}, {'screen_name': 'pepsico', 'name': 'pepsico', 'id': '21346619'}, {'screen_name': 'wef', 'name': 'world economic forum', 'id': '5120691'}]	['https://twitter.com/KTRTRS/status/956610501894549504']	[]	0	13	100	['telanganaatdavos']	[]	https://twitter.com/MinisterKTR/status/956611383369625600	False	https://twitter.com/KTRTRS/status/956610501894549504	0								[]				
956610501894549504	956610501894549504	2018-01-26 04:31:31 KST	2018-01-26	04:31:31	+0900	118787224	ktrtrs	KTR		Met briefly with @IndraNooyi Chairman &amp; CEO of @PepsiCo &amp; one of the most powerful business leaders  Lots of Hyderabadi connections to explore 😊  https://t.co/rxt0ncxxAG	en	[{'screen_name': 'indranooyi', 'name': 'indra nooyi', 'id': '2652536876'}, {'screen_name': 'pepsico', 'name': 'pepsico', 'id': '21346619'}]	[]	['https://pbs.twimg.com/media/DUaQK77VMAEC78w.jpg', 'https://pbs.twimg.com/media/DUaQK76VwAEWGR4.jpg']	23	36	712	[]	[]	https://twitter.com/KTRTRS/status/956610501894549504	False		1	https://pbs.twimg.com/media/DUaQK77VMAEC78w.jpg							[]				
956579588632608768	956579588632608768	2018-01-26 02:28:40 KST	2018-01-26	02:28:40	+0900	25992212	todonoticias	TN - Todo Noticias		La maratón de reuniones en la Casa Argentina en Davos no para. Macri se reunió con empresarios, le convidó alfajores al primer ministro de Irlanda y hasta Juliana Awada se sumó al encuentro con la presidenta y directora ejecutiva de PepsiCo, Indra Nooyi  https://t.co/DHmDNCywhu	es	[]	[]	[]	21	124	307	[]	[]	https://twitter.com/todonoticias/status/956579588632608768	False		1	https://pbs.twimg.com/ext_tw_video_thumb/956579417282764800/pu/img/NhBd_Smu6xDzwseW.jpg							[]				
956540027235844096	956514784899424257	2018-01-25 23:51:28 KST	2018-01-25	23:51:28	+0900	191737201	uncleblazer	Blake Anderson		@TwiterlessTJ @Doritos @PepsiCo 🙏 bless you	en	[]	[]	[]	1	3	28	[]	[]	https://twitter.com/UncleBlazer/status/956540027235844096	False		0								[{'screen_name': 'TwiterlessTJ', 'name': 'Tyler Johnson', 'id': '1056931394'}, {'screen_name': 'Doritos', 'name': 'Doritos', 'id': '31143489'}, {'screen_name': 'PepsiCo', 'name': 'PepsiCo', 'id': '21346619'}]				
956530318910959616	956530318910959616	2018-01-25 23:12:54 KST	2018-01-25	23:12:54	+0900	327192542	rulingsports	Alicia Jessop		PepsiCo has extended its partnership with the NHL and NHLPA as the league’s official non-alcoholic beverage, nutrition and snack partner. It is reportedly one of the largest partnership deals in NHL history.	en	[]	[]	[]	0	4	9	[]	[]	https://twitter.com/RulingSports/status/956530318910959616	False		0								[]				
955966779699941376	955966779699941376	2018-01-24 09:53:35 KST	2018-01-24	09:53:35	+0900	68786791	mvp86hinesward	Hines Ward		I need you on my team this Super Bowl Sunday--my recycling team! Check out  https://t.co/bpGJfSarkP to get involved at your #SBLII party. @NFL @PepsiCo #Rush2Recycle #ad  https://t.co/wJ065nRHqd	en	[{'screen_name': 'nfl', 'name': 'nfl', 'id': '19426551'}, {'screen_name': 'pepsico', 'name': 'pepsico', 'id': '21346619'}]	['http://Rush2Recycle.com']	[]	59	57	344	['sblii', 'rush2recycle', 'ad']	[]	https://twitter.com/mvp86hinesward/status/955966779699941376	False		1	https://pbs.twimg.com/ext_tw_video_thumb/955966658111139840/pu/img/u9Vm48kjtBRJBuvy.jpg							[]				
955836263701073921	955832498008797185	2018-01-24 01:14:58 KST	2018-01-24	01:14:58	+0900	20562637	businessinsider	Business Insider		"""When you're doing something truly strategic and transformative it always evokes criticism"" -- @IndraNooyi PepsiCo Chairman and CEO who started ""Performance with a purpose"" #BetterCapitalism #WEF18"	en	[{'screen_name': 'indranooyi', 'name': 'indra nooyi', 'id': '2652536876'}]	[]	[]	2	10	23	['bettercapitalism', 'wef18']	[]	https://twitter.com/BusinessInsider/status/955836263701073921	False		0								[]				
955835531572793346	955832471911677952	2018-01-24 01:12:03 KST	2018-01-24	01:12:03	+0900	102700680	davos	World Economic Forum		Working in a transformative way will always lead to criticism says @IndraNooyi, Chairman and CEO of @PepsiCo - we must educate investors to ask the right questions she tells #wef18 #bettercapitalism	en	[{'screen_name': 'indranooyi', 'name': 'indra nooyi', 'id': '2652536876'}, {'screen_name': 'pepsico', 'name': 'pepsico', 'id': '21346619'}]	[]	[]	2	7	13	['wef18', 'bettercapitalism']	[]	https://twitter.com/Davos/status/955835531572793346	False		0								[]				
955768409958109185	955768409958109185	2018-01-23 20:45:20 KST	2018-01-23	20:45:20	+0900	198579422	ptsarg	PTS		[AHORA] @myriambregman junto a Camilo Mones de @Pepsico_Enlucha y Luis Sucher, despedido tras 19 años del #HospitalPosadas, en la conferencia de prensa de los trabajadores. #NoALosDespidos #TodosAdentro  https://t.co/e8kmwk9qxo	es	[{'screen_name': 'myriambregman', 'name': 'myriam bregman', 'id': '332993154'}, {'screen_name': 'pepsico_enlucha', 'name': 'pepsicoenlucha', 'id': '882647776605155332'}]	[]	['https://pbs.twimg.com/media/DUOSTZnVoAADG72.jpg']	0	15	20	['hospitalposadas', 'noalosdespidos', 'todosadentro']	[]	https://twitter.com/PTSarg/status/955768409958109185	False		1	https://pbs.twimg.com/media/DUOSTZnVoAADG72.jpg							[]				
955551518136197121	955551518136197121	2018-01-23 06:23:29 KST	2018-01-23	06:23:29	+0900	3132952178	usbankstadium	U.S. Bank Stadium		We're teaming up with @NFL, @PepsiCo, @Aramark to create the first zero waste legacy project at #SBLII; our goal is to recover 90%+of stadium waste on game day! #Rush2Recycle  https://t.co/MAUA1Kciam  https://t.co/NgQRBYEOka	en	[{'screen_name': 'nfl', 'name': 'nfl', 'id': '19426551'}, {'screen_name': 'pepsico', 'name': 'pepsico', 'id': '21346619'}, {'screen_name': 'aramark', 'name': 'aramark corporation', 'id': '50380676'}]	['http://bit.ly/2G7OPPV']	[]	3	39	98	['sblii', 'rush2recycle']	[]	https://twitter.com/usbankstadium/status/955551518136197121	False		1	https://pbs.twimg.com/ext_tw_video_thumb/955551223054323712/pu/img/Ng_b8RDO37dtmEBT.jpg							[]				
955550520994881541	955550520994881541	2018-01-23 06:19:32 KST	2018-01-23	06:19:32	+0900	17525171	variety	Variety		PepsiCo’s Super Bowl Commercial for Doritos, Mountain Dew is Two Ads in One  https://t.co/C8ULZzxU3s	en	[]	['http://bit.ly/2G4Yjvr']	[]	2	5	33	[]	[]	https://twitter.com/Variety/status/955550520994881541	False		0								[]				
955496146767622149	955496146767622149	2018-01-23 02:43:28 KST	2018-01-23	02:43:28	+0900	50380676	aramark	Aramark Corporation		Proud to team up with the @NFL @PepsiCo @usbankstadium on first zero waste legacy project at @SuperBowl LII.  https://t.co/sW40BDe2f5	en	[{'screen_name': 'nfl', 'name': 'nfl', 'id': '19426551'}, {'screen_name': 'pepsico', 'name': 'pepsico', 'id': '21346619'}, {'screen_name': 'usbankstadium', 'name': 'u.s. bank stadium', 'id': '3132952178'}, {'screen_name': 'superbowl', 'name': 'super bowl', 'id': '19425947'}]	['https://twitter.com/FortuneMagazine/status/955451290737356801']	[]	0	3	11	[]	[]	https://twitter.com/Aramark/status/955496146767622149	False	https://twitter.com/FortuneMagazine/status/955451290737356801	0								[]				
955443739530440704	955443739530440704	2018-01-22 23:15:13 KST	2018-01-22	23:15:13	+0900	327192542	rulingsports	Alicia Jessop		90% of stadium waste generated—or 40 tons—at Super Bowl LI will be recovered to recycle and compost thanks to the NFL’s new Rush2Recycle partnership with PepsiCo, Aramark, U.S. Bank Stadium and the Minnesota Sports Facilities Authority.	en	[]	[]	[]	2	9	41	[]	[]	https://twitter.com/RulingSports/status/955443739530440704	False		0								[]				
955441278359080962	955441278359080962	2018-01-22 23:05:26 KST	2018-01-22	23:05:26	+0900	20250920	pminstitute	PMI		Tomorrow in Davos: Join PMI, @BrightlineOrg, @TheEconomist as sr leaders from @PepsiCo, @Microsoft, @PayPal &amp; @BCG discuss how to implement business strategy that reflects stakeholder values while achieving ROI goals during turbulent times. Check back for LIVE coverage #WEF18  https://t.co/8cbkNngc3T	en	[{'screen_name': 'brightlineorg', 'name': 'brightline initiative', 'id': '804032534271164420'}, {'screen_name': 'theeconomist', 'name': 'the economist', 'id': '5988062'}, {'screen_name': 'pepsico', 'name': 'pepsico', 'id': '21346619'}, {'screen_name': 'microsoft', 'name': 'microsoft', 'id': '74286565'}, {'screen_name': 'paypal', 'name': 'paypal', 'id': '30018058'}, {'screen_name': 'bcg', 'name': 'boston consulting group', 'id': '501801749'}]	[]	['https://pbs.twimg.com/tweet_video_thumb/DUJoxtjXUAIqU6-.jpg']	1	8	18	['wef18']	[]	https://twitter.com/PMInstitute/status/955441278359080962	False		1	https://pbs.twimg.com/tweet_video_thumb/DUJoxtjXUAIqU6-.jpg							[]				
954414890525044736	954414890525044736	2018-01-20 03:06:56 KST	2018-01-20	03:06:56	+0900	68739089	cgasparino	Charles Gasparino		#BreakingNews -- major @NFL sponsors like @PepsiCo worried @POTUS will inflame one-knee controversy during @SuperBowl amid massive ad buy and fan anger over protests more NOW @FoxBusiness @TeamCavuto	en	[{'screen_name': 'nfl', 'name': 'nfl', 'id': '19426551'}, {'screen_name': 'pepsico', 'name': 'pepsico', 'id': '21346619'}, {'screen_name': 'potus', 'name': 'president biden', 'id': '1349149096909668363'}, {'screen_name': 'superbowl', 'name': 'super bowl', 'id': '19425947'}, {'screen_name': 'foxbusiness', 'name': 'fox business', 'id': '56413858'}, {'screen_name': 'teamcavuto', 'name': 'neil cavuto', 'id': '223970563'}]	[]	[]	115	38	130	['breakingnews']	[]	https://twitter.com/CGasparino/status/954414890525044736	False		0								[]				
954376987228991498	954376987228991498	2018-01-20 00:36:19 KST	2018-01-20	00:36:19	+0900	25339865	nickmangold	Nick Mangold		Check out my wings recipe and find out who won @PepsiCo’s #GameDayGrubMatch cooking competition! Watch all 3 episodes here -  https://t.co/KHFOyWoJbG #ad  https://t.co/g39E74Inqk	en	[{'screen_name': 'pepsico', 'name': 'pepsico', 'id': '21346619'}]	['http://www.gamedaygrubmatch.com']	[]	4	16	81	['gamedaygrubmatch', 'ad']	[]	https://twitter.com/nickmangold/status/954376987228991498	False		1	https://pbs.twimg.com/ext_tw_video_thumb/954376910674436096/pu/img/z8NfBTTodggQmOJN.jpg							[]				
954115365663133697	954115365663133697	2018-01-19 07:16:44 KST	2018-01-19	07:16:44	+0900	33320098	mkt_esportivo	MKTEsportivo		E essa encarada? No Super Bowl LII, Pepsico fará um duelo entre produtos (e atores).   https://t.co/nz9b7vXelg  https://t.co/RpAtzBFu7Z	pt	[]	['https://goo.gl/MQfCQm']	['https://pbs.twimg.com/media/DT2jNmzXUAA9BDJ.jpg']	0	1	12	[]	[]	https://twitter.com/mkt_esportivo/status/954115365663133697	False		1	https://pbs.twimg.com/media/DT2jNmzXUAA9BDJ.jpg							[]				
953721161271205890	953721161271205890	2018-01-18 05:10:18 KST	2018-01-18	05:10:18	+0900	20250920	pminstitute	PMI		Strategy is a word thrown around a lot in business – but how do you ensure your org can actually IMPLEMENT a great strategy? Join us as the @TheEconomist hosts a convo with leaders from @PepsiCo, @Microsoft, @Paypal &amp; @BCG in Davos, 23 Jan. Check back for LIVE coverage #WEF18  https://t.co/htk0uuvhFb	en	[{'screen_name': 'theeconomist', 'name': 'the economist', 'id': '5988062'}, {'screen_name': 'pepsico', 'name': 'pepsico', 'id': '21346619'}, {'screen_name': 'microsoft', 'name': 'microsoft', 'id': '74286565'}, {'screen_name': 'paypal', 'name': 'paypal', 'id': '30018058'}, {'screen_name': 'bcg', 'name': 'boston consulting group', 'id': '501801749'}]	[]	['https://pbs.twimg.com/media/DTxMV0oV4AAzJHj.jpg']	0	10	24	['wef18']	[]	https://twitter.com/PMInstitute/status/953721161271205890	False		1	https://pbs.twimg.com/media/DTxMV0oV4AAzJHj.jpg							[]				
953686795459313664	953686795459313664	2018-01-18 02:53:45 KST	2018-01-18	02:53:45	+0900	246055470	gregjennings	Greg Jennings		Check out the second episode of #GameDayGrubMatch with @PepsiCo, where I share my Super Bowl LII food inspiration. The pressure was on but I can handle the heat! Watch all three episodes at  https://t.co/zJXOPNaoRr #ad  https://t.co/fAidKGRIce	en	[{'screen_name': 'pepsico', 'name': 'pepsico', 'id': '21346619'}]	['http://www.gamedaygrubmatch.com']	[]	11	6	50	['gamedaygrubmatch', 'ad']	[]	https://twitter.com/GregJennings/status/953686795459313664	False		1	https://pbs.twimg.com/amplify_video_thumb/953686033928830977/img/Nju3Rur4Q6cQ1yrN.jpg							[]				
953386793713459201	953386793713459201	2018-01-17 07:01:39 KST	2018-01-17	07:01:39	+0900	128263500	chefanneburrell	anne burrell		I’m a judge on @PepsiCo’s #GameDayGrubMatch, where you can get all your Super Bowl LII food inspiration from the NFL pros themselves. Watch all three episodes here -  https://t.co/Tp7VGoiLU1 #ad  https://t.co/JFg57Opkw6	en	[{'screen_name': 'pepsico', 'name': 'pepsico', 'id': '21346619'}]	['http://www.gamedaygrubmatch.com', 'https://youtu.be/90D_oseC7-A']	[]	2	1	29	['gamedaygrubmatch', 'ad']	[]	https://twitter.com/chefanneburrell/status/953386793713459201	False		0								[]				
953313468962271232	953313468962271232	2018-01-17 02:10:17 KST	2018-01-17	02:10:17	+0900	20250920	pminstitute	PMI		What role can biz leaders play in building #agile alliances in a world heading toward protectionism &amp; seclusion? Sr leaders from @Microsoft, @PayPal, @PepsiCo &amp; @BCG join @TheEconomist, PMI &amp; @BrightlineOrg in Davos. Check back on 23 Jan for live coverage #EconBusinessCase #WEF18	en	[{'screen_name': 'microsoft', 'name': 'microsoft', 'id': '74286565'}, {'screen_name': 'paypal', 'name': 'paypal', 'id': '30018058'}, {'screen_name': 'pepsico', 'name': 'pepsico', 'id': '21346619'}, {'screen_name': 'bcg', 'name': 'boston consulting group', 'id': '501801749'}, {'screen_name': 'theeconomist', 'name': 'the economist', 'id': '5988062'}, {'screen_name': 'brightlineorg', 'name': 'brightline initiative', 'id': '804032534271164420'}]	[]	[]	1	5	20	['agile', 'econbusinesscase', 'wef18']	[]	https://twitter.com/PMInstitute/status/953313468962271232	False		0								[]				
951969668050251776	951969668050251776	2018-01-13 09:10:30 KST	2018-01-13	09:10:30	+0900	2916978607	staymacro	MACRO		MACRO takes @CES! This week, @iamcharlesdking joined Nancy Dubuc (A&amp;E), @rkyncl (YouTube), Kristin Patrick (PepsiCo), Marcien Jencks (Comcast Cable) on a panel moderated by Wenda Harris Millard (MediaLink) for an insightful discussion on “The Future of Video.” #stayMACRO  https://t.co/EKrCrNw256	en	[{'screen_name': 'ces', 'name': 'ces', 'id': '10668202'}, {'screen_name': 'iamcharlesdking', 'name': 'charles d. king', 'id': '896923735'}, {'screen_name': 'rkyncl', 'name': 'robert kyncl', 'id': '163296936'}]	[]	['https://pbs.twimg.com/media/DTYS5j0UMAI-7Cy.jpg', 'https://pbs.twimg.com/media/DTYS5jzUMAEle6I.jpg']	0	13	52	['staymacro']	[]	https://twitter.com/stayMACRO/status/951969668050251776	False		1	https://pbs.twimg.com/media/DTYS5j0UMAI-7Cy.jpg							[]				
951621814169554945	951621814169554945	2018-01-12 10:08:15 KST	2018-01-12	10:08:15	+0900	198573449	worldbankwater	World Bank Water		Through water-conservation strategies, PepsiCo is now saving $1.5 million annually at its Gatorade processing facility in Tolleson, Arizona and using 24 percent less water in the water-scarce state.  https://t.co/CMnItf18Zh	en	[]	['https://twitter.com/pri/status/951620299325427717']	[]	1	7	12	[]	[]	https://twitter.com/WorldBankWater/status/951621814169554945	False	https://twitter.com/pri/status/951620299325427717	0								[]				
951233057230598145	951233057230598145	2018-01-11 08:23:28 KST	2018-01-11	08:23:28	+0900	249860126	heykayadams	Kay Adams		Who’s going to come out on top?! Will it be Rashad Jennings, Greg Jennings, or Nick Mangold?  I hosted #GameDayGrubMatch with @PepsiCo, and you can follow along and see who wins.   Watch all three episodes at  https://t.co/GNSa2jv5Ft. #ad   https://t.co/lYYppuLayE	en	[{'screen_name': 'pepsico', 'name': 'pepsico', 'id': '21346619'}]	['http://www.gamedaygrubmatch.com', 'https://www.youtube.com/watch?v=3UXKKvbidWw&t=1s']	[]	3	6	32	['gamedaygrubmatch', 'ad']	[]	https://twitter.com/heykayadams/status/951233057230598145	False		0								[]				
950856404633575425	950856404633575425	2018-01-10 07:26:47 KST	2018-01-10	07:26:47	+0900	374115730	nicolasdelcano	Nicolas del Caño		Katy Balaguer de @Pepsico_Enlucha junto a los trabajadores de FANAZUL. Unidad de los trabajadores y trabajadoras y al que no le gusta se jode.  https://t.co/2yasChv0Vg	es	[{'screen_name': 'pepsico_enlucha', 'name': 'pepsicoenlucha', 'id': '882647776605155332'}]	[]	['https://pbs.twimg.com/media/DTIetY1W0AE7yC0.jpg']	48	49	167	[]	[]	https://twitter.com/NicolasdelCano/status/950856404633575425	False		1	https://pbs.twimg.com/media/DTIetY1W0AE7yC0.jpg							[]				
949820236273926144	949820236273926144	2018-01-07 10:49:25 KST	2018-01-07	10:49:25	+0900	2165890303	rachelandjun	Rachel & Jun		We've been back less than a week and I've already eaten half my hot fries supply. My soul is crying in anticipatory despair. 6 more months until a restock in America...  @ChesterCheetah @PepsiCo PLEASE BRING HOT FRIES TO JAPAN 🇯🇵  https://t.co/niPP6ZkA1V	en	[{'screen_name': 'chestercheetah', 'name': 'chester cheetah', 'id': '524668843'}, {'screen_name': 'pepsico', 'name': 'pepsico', 'id': '21346619'}]	[]	['https://pbs.twimg.com/media/DS5wdlgUMAA7eQV.jpg']	27	21	751	[]	[]	https://twitter.com/RachelAndJun/status/949820236273926144	False		1	https://pbs.twimg.com/media/DS5wdlgUMAA7eQV.jpg							[]				
949368082623094786	949368082623094786	2018-01-06 04:52:43 KST	2018-01-06	04:52:43	+0900	20068053	envdefensefund	EDF		Anheuser-Busch, Walmart, and PepsiCo are some of the major businesses rushing to secure electric truck fleets. This new trend could save businesses billions while cutting emissions.  https://t.co/TdfflKtq2d	en	[]	['https://www.edf.org/X8W']	[]	3	37	58	[]	[]	https://twitter.com/EnvDefenseFund/status/949368082623094786	False		0								[]				
949324394765213696	949324394765213696	2018-01-06 01:59:07 KST	2018-01-06	01:59:07	+0900	25339865	nickmangold	Nick Mangold		Obviously I like to win, and cooking in @PepsiCo’s #GameDayGrubMatch is no exception. Make sure to catch the full episodes next week at  https://t.co/KHFOyWoJbG #TakeTwo #ad  https://t.co/ObSUPK75KR	en	[{'screen_name': 'pepsico', 'name': 'pepsico', 'id': '21346619'}]	['http://www.gamedaygrubmatch.com']	[]	1	4	53	['gamedaygrubmatch', 'taketwo', 'ad']	[]	https://twitter.com/nickmangold/status/949324394765213696	False		1	https://pbs.twimg.com/ext_tw_video_thumb/949324348040667136/pu/img/fMMXUZ9UEXogw99_.jpg							[]				
948694411927605248	948694411927605248	2018-01-04 08:15:48 KST	2018-01-04	08:15:48	+0900	246055470	gregjennings	Greg Jennings		You’ve seen pictures of me in the kitchen, and now’s the time for you to actually watch!   In just a week you’ll be able to see me in a cooking showdown on #GameDayGrubMatch in collab w/ @PepsiCo. #ad  https://t.co/5U9NhrYQSp	en	[{'screen_name': 'pepsico', 'name': 'pepsico', 'id': '21346619'}]	[]	[]	0	2	28	['gamedaygrubmatch', 'ad']	[]	https://twitter.com/GregJennings/status/948694411927605248	False		1	https://pbs.twimg.com/ext_tw_video_thumb/948694020015800320/pu/img/wJJdYHGR0c1b4VCg.jpg							[]				
947708729079844864	947708729079844864	2018-01-01 14:59:03 KST	2018-01-01	14:59:03	+0900	255766976	pepsicomex	PepsiCo México		¡La familia PepsiCo te desea un 2018 lleno de amor, felicidad y prosperidad para ti y los tuyos! #FelizAño2018 #HappyNewYear	es	[]	[]	[]	0	11	28	['felizaño2018', 'happynewyear']	[]	https://twitter.com/PepsiCoMex/status/947708729079844864	False		0								[]				
