id	conversation_id	created_at	date	time	timezone	user_id	username	name	place	tweet	language	mentions	urls	photos	replies_count	retweets_count	likes_count	hashtags	cashtags	link	retweet	quote_url	video	thumbnail	near	geo	source	user_rt_id	user_rt	retweet_id	reply_to	retweet_date	translate	trans_src	trans_dest
1012841029219778560	1012841029219778560	2018-06-30 08:31:33 KST	2018-06-30	08:31:33	+0900	2573916020	izquierdadiario	La Izquierda Diario		[TRAILER] #DesdeAbajo, la historia de los trabajadores de @Pepsico_Enlucha.  https://t.co/d1GLXj6NAk  https://t.co/JfERYOjfF3	es	[{'screen_name': 'pepsico_enlucha', 'name': 'pepsicoenlucha', 'id': '882647776605155332'}]	['http://bit.ly/2tFHz9C']	[]	0	5	16	['desdeabajo']	[]	https://twitter.com/izquierdadiario/status/1012841029219778560	False		1	https://pbs.twimg.com/ext_tw_video_thumb/1012840896801501184/pu/img/4ZcuW6g5TARc9zHH.jpg							[]				
1012712664538206208	1012712664538206208	2018-06-30 00:01:29 KST	2018-06-30	00:01:29	+0900	2573916020	izquierdadiario	La Izquierda Diario		Hace un año los viste enfrentar a las fuerzas represivas, a una multinacional, a Macri y a Vidal en defensa de su pan y el de sus familias, con las Leonas a la cabeza. Conocé la historia de lucha y organización de obreras y obreros de Pepsico. #DesdeAbajo  https://t.co/0Gj3wMyQPZ  https://t.co/nMxzNZD25J	es	[]	['http://bit.ly/2NaXipm']	[]	2	37	61	['desdeabajo']	[]	https://twitter.com/izquierdadiario/status/1012712664538206208	False		1	https://pbs.twimg.com/ext_tw_video_thumb/1012712549127606277/pu/img/8jh-k9W7lFmKO6zU.jpg							[]				
1012599788309811200	1012599788309811200	2018-06-29 16:32:57 KST	2018-06-29	16:32:57	+0900	20779142	cranfielduni	Cranfield University		Fantastic to honour two women leaders from the world of business, @IndraNooyi and @sarahwillers at our graduation celebrations yesterday 👏🎓@PepsiCo @pepsico_uk  https://t.co/fjNUANJJlX  https://t.co/UFKbXQnX4n	en	[{'screen_name': 'indranooyi', 'name': 'indra nooyi', 'id': '2652536876'}, {'screen_name': 'sarahwillers', 'name': 'sarah willingham', 'id': '236346272'}, {'screen_name': 'pepsico', 'name': 'pepsico', 'id': '21346619'}, {'screen_name': 'pepsico_uk', 'name': 'pepsico uk news', 'id': '197450643'}]	['https://www.cranfield.ac.uk/press/news-2018/leading-businesswomen-honoured-by-cranfield']	['https://pbs.twimg.com/media/Dg14-OqW4AEXFcK.jpg', 'https://pbs.twimg.com/media/Dg14-O1W4AIMxXs.jpg', 'https://pbs.twimg.com/media/Dg15jQxX0AA3X50.jpg', 'https://pbs.twimg.com/media/Dg1546SWAAA__Sg.jpg']	0	11	19	[]	[]	https://twitter.com/CranfieldUni/status/1012599788309811200	False		1	https://pbs.twimg.com/media/Dg14-OqW4AEXFcK.jpg							[]				
1012418640145088512	1012418640145088512	2018-06-29 04:33:08 KST	2018-06-29	04:33:08	+0900	18938394	catracalivre	Catraca Livre		PepsiCo contrata mulheres sem trabalho há, no mínimo, dois anos  https://t.co/U96wT5SGuU  https://t.co/DV9BXPM9MU	pt	[]	['http://dlvr.it/QYrcqM']	['https://pbs.twimg.com/media/DgzVYvuUEAAm6PS.jpg']	0	3	36	[]	[]	https://twitter.com/catracalivre/status/1012418640145088512	False		1	https://pbs.twimg.com/media/DgzVYvuUEAAm6PS.jpg							[]				
1012352446264496128	1012352446264496128	2018-06-29 00:10:06 KST	2018-06-29	00:10:06	+0900	27740227	mongabay	Mongabay		PepsiCo to probe deforestation in palm oil supplier’s Leuser Ecosystem concession:  https://t.co/m3JLU3fe7t  https://t.co/KS2lCn2gMc	en	[]	['https://news.mongabay.com/2018/06/pepsico-to-probe-deforestation-in-palm-oil-suppliers-leuser-ecosystem-concession/']	['https://pbs.twimg.com/media/DgyZLzfVAAAk1OT.jpg']	0	8	15	[]	[]	https://twitter.com/mongabay/status/1012352446264496128	False		1	https://pbs.twimg.com/media/DgyZLzfVAAAk1OT.jpg							[]				
1012334277361635329	1012334277361635329	2018-06-28 22:57:54 KST	2018-06-28	22:57:54	+0900	390652630	djsbu	#djsbu	{'type': 'Point', 'coordinates': [-26.0055, 28.2102]}	YES (Youth Employment Service) Community HUB Launch.  unileversa @Leadership_2020 gauteng_gov @onerandman @investec @tshepo1million pepsico youth_employment_services safehub @HustlersSa…  https://t.co/H1WNNPI5pG	en	[{'screen_name': 'leadership_2020', 'name': 'leadership 2020', 'id': '1435231560'}, {'screen_name': 'onerandman', 'name': 'one rand man', 'id': '3251639507'}, {'screen_name': 'investec', 'name': 'investec', 'id': '323092158'}, {'screen_name': 'tshepo1million', 'name': 'tshepo 1 million', 'id': '900441163097931776'}, {'screen_name': 'hustlerssa', 'name': 'hustlersacademysa', 'id': '993853865333284865'}]	['https://www.instagram.com/p/BkkiLnOggeN/?utm_source=ig_twitter_share&igshid=18vvabxao18ey']	[]	0	8	28	[]	[]	https://twitter.com/djsbu/status/1012334277361635329	False		0								[]				
1012259440375025664	1012259440375025664	2018-06-28 18:00:32 KST	2018-06-28	18:00:32	+0900	30070288	exame	exame		PepsiCo recruta mulheres que estão sem trabalhar há, no mínimo, 2 anos  https://t.co/IOirDfj8TF	pt	[]	['https://abr.ai/2lCipUJ']	[]	4	22	74	[]	[]	https://twitter.com/exame/status/1012259440375025664	False		0								[]				
1012075897862713347	1012075897862713347	2018-06-28 05:51:12 KST	2018-06-28	05:51:12	+0900	3054432489	jonbir90	Jon Birchall		Be arsed getting cornered in a smoking area by Eyal. 4 pints in getting your head cabbaged while he talks about how  Stonehenge was built by PepsiCo in the 1950s.	en	[]	[]	[]	1	3	23	[]	[]	https://twitter.com/jonbir90/status/1012075897862713347	False		0								[]				
1011947763666444288	1011947763666444288	2018-06-27 21:22:02 KST	2018-06-27	21:22:02	+0900	15088481	mikehudema	Mike Hudema		One palm oil company has destroyed an area of forest half the size of Paris.   PepsiCo, Mars, Nestle, Unilever - companies that have promised not to buy palm oil from forest destroyers - are all supporting the destruction.  That needs to stop.   #deforestation #PalmOil  https://t.co/0E7KiV7f1l	en	[]	[]	['https://pbs.twimg.com/media/DgspIJiW0AAm0vs.jpg']	20	304	199	['deforestation', 'palmoil']	[]	https://twitter.com/MikeHudema/status/1011947763666444288	False		1	https://pbs.twimg.com/media/DgspIJiW0AAm0vs.jpg							[]				
1011790005319200768	1011786192210350081	2018-06-27 10:55:10 KST	2018-06-27	10:55:10	+0900	2030711	matthewstoller	Matt Stoller		Crowley donors who lost tonight, part iV: Experion, Lockheed Martin, Discover, Quicken, Pepsico, Major League Baseball, Liberty Mutual, Wawa, BAE Systems, American Crystal, Acxiom, Holland and Knight, Airbus, Regeron Pharma...	en	[]	[]	[]	6	408	1425	[]	[]	https://twitter.com/matthewstoller/status/1011790005319200768	False		0								[]				
1011686954042298370	1011686954042298370	2018-06-27 04:05:40 KST	2018-06-27	04:05:40	+0900	21919642	fcdallas	FC Dallas :)		Surprise delivery! Thanks @PepsiCo for surprising Maxi Urruti with his very own customized mini fridge!  https://t.co/QfEygHDXFe	en	[{'screen_name': 'pepsico', 'name': 'pepsico', 'id': '21346619'}]	[]	['https://pbs.twimg.com/media/Dgo558SU0AE87Pc.jpg', 'https://pbs.twimg.com/media/Dgo5-OkUcAAvlQg.jpg', 'https://pbs.twimg.com/media/Dgo5_nqUYAAAoEX.jpg', 'https://pbs.twimg.com/media/Dgo6AryU8AAyxHd.jpg']	2	11	108	[]	[]	https://twitter.com/FCDallas/status/1011686954042298370	False		1	https://pbs.twimg.com/media/Dgo558SU0AE87Pc.jpg							[]				
1011678441190674433	1011678441190674433	2018-06-27 03:31:51 KST	2018-06-27	03:31:51	+0900	29828364	cityofmiami	City of Miami		Check out our @PepsiCo Partnership Announcement to expand summer meals program and fight hunger in #Miami. #FoodforGood @MiamiMayor @miamiparks. Watch the full video here:  https://t.co/9DVG2wj1AR  https://t.co/exKsvKWrLO	en	[{'screen_name': 'pepsico', 'name': 'pepsico', 'id': '21346619'}, {'screen_name': 'miamimayor', 'name': 'mayor francis suarez', 'id': '968575617036881921'}, {'screen_name': 'miamiparks', 'name': 'miami parks', 'id': '2775606030'}]	['https://instagram.com/tv/Bkc4FaKnDuu/']	[]	0	8	23	['miami', 'foodforgood']	[]	https://twitter.com/CityofMiami/status/1011678441190674433	False		1	https://pbs.twimg.com/ext_tw_video_thumb/1011678073329029120/pu/img/Xh-gF2xYSdx-LuvD.jpg							[]				
1011670560965722113	1011670560965722113	2018-06-27 03:00:32 KST	2018-06-27	03:00:32	+0900	4265731	aunder	April Underwood		.@darrenwalker, President of the Ford Foundation and BoD at PepsiCo, truly blew me away with his compelling view of corporate responsibility, and eloquence. “Hope is the oxygen of democracy,” and “the biggest threat to democracy is hopelessness” will stick with me. Texan, too. 😁	en	[{'screen_name': 'darrenwalker', 'name': 'darren walker', 'id': '2254236379'}]	[]	[]	2	2	19	[]	[]	https://twitter.com/aunder/status/1011670560965722113	False		0								[]				
1011287364256354304	1011287364256354304	2018-06-26 01:37:51 KST	2018-06-26	01:37:51	+0900	29828364	cityofmiami	City of Miami		Check out our @PepsiCo Partnership Announcement to expand summer meals program and fight hunger in #Miami. This is our first video on IGTV! #FoodforGood Watch here:  https://t.co/9DVG2wj1AR  https://t.co/KfLQWodOsC	en	[{'screen_name': 'pepsico', 'name': 'pepsico', 'id': '21346619'}]	['https://instagram.com/tv/Bkc4FaKnDuu/']	['https://pbs.twimg.com/media/DgjQfOVU0AASDKd.jpg']	0	12	18	['miami', 'foodforgood']	[]	https://twitter.com/CityofMiami/status/1011287364256354304	False		1	https://pbs.twimg.com/media/DgjQfOVU0AASDKd.jpg							[]				
1011285295042572288	1011285295042572288	2018-06-26 01:29:37 KST	2018-06-26	01:29:37	+0900	617602505	francissuarez	Mayor Francis Suarez		Making nutritious food accessible is key to combatting child hunger. We are partnering with @PepsiCo’s #FoodforGood to do just that. Together with @miamiparks and Rayfield Literacy Group, we’ll continue working on providing free meals to @CityofMiami kids.  https://t.co/WXe5Tqi0rr  https://t.co/odo4rLwjhf	en	[{'screen_name': 'pepsico', 'name': 'pepsico', 'id': '21346619'}, {'screen_name': 'miamiparks', 'name': 'miami parks', 'id': '2775606030'}, {'screen_name': 'cityofmiami', 'name': 'city of miami', 'id': '29828364'}]	['https://instagram.com/tv/BkdAzfkh4oX/']	['https://pbs.twimg.com/media/DgjOnLlVQAY7zEq.jpg']	1	26	67	['foodforgood']	[]	https://twitter.com/FrancisSuarez/status/1011285295042572288	False		1	https://pbs.twimg.com/media/DgjOnLlVQAY7zEq.jpg							[]				
1010883541289308160	1010883541289308160	2018-06-24 22:53:12 KST	2018-06-24	22:53:12	+0900	2652536876	indranooyi	Indra Nooyi		Creating a culture of respect and trust is at the core of @PepsiCo’s values and one of our greatest sources of strength in the marketplace. I'm thrilled to raise our #Pride flag in celebration of our LGBTQ employees, suppliers, trade customers and partners.  https://t.co/hQZNseoqj8	en	[{'screen_name': 'pepsico', 'name': 'pepsico', 'id': '21346619'}]	['https://twitter.com/pepsico/status/1007002327545466885']	[]	18	53	318	['pride']	[]	https://twitter.com/IndraNooyi/status/1010883541289308160	False	https://twitter.com/pepsico/status/1007002327545466885	0								[]				
1010694013798813696	1010694013798813696	2018-06-24 10:20:05 KST	2018-06-24	10:20:05	+0900	52551600	jimcarrey	Jim Carrey		I wonder how many Fortune 500 companies (cc: @Apple @PepsiCo @CocaCola @JPMorgan @Citi @Walgreens @GeneralElectric @Pfizer @Facebook...) will want a woman now known as #BABYSNATCHER on their board. Good luck with all your future endeavors, Kirstjen!  https://t.co/6xzBZpJNhW	en	[{'screen_name': 'apple', 'name': 'apple', 'id': '380749300'}, {'screen_name': 'pepsico', 'name': 'pepsico', 'id': '21346619'}, {'screen_name': 'cocacola', 'name': 'coca-cola', 'id': '26787673'}, {'screen_name': 'jpmorgan', 'name': 'j.p. morgan', 'id': '1155522630'}, {'screen_name': 'citi', 'name': 'citi', 'id': '79320096'}, {'screen_name': 'walgreens', 'name': 'walgreens', 'id': '46177695'}, {'screen_name': 'generalelectric', 'name': 'general electric', 'id': '267399199'}, {'screen_name': 'pfizer', 'name': 'pfizer inc.', 'id': '56488059'}, {'screen_name': 'facebook', 'name': 'facebook', 'id': '2425151'}]	[]	['https://pbs.twimg.com/media/Dga012NVQAE0tQ3.jpg']	601	3835	14868	['babysnatcher']	[]	https://twitter.com/JimCarrey/status/1010694013798813696	False		1	https://pbs.twimg.com/media/Dga012NVQAE0tQ3.jpg							[]				
1010236040005574656	1010236040005574656	2018-06-23 04:00:15 KST	2018-06-23	04:00:15	+0900	255766976	pepsicomex	PepsiCo México		En el corazón de PepsiCo se encuentra Desempeño con Sentido, nuestra convicción fundamental de que el éxito de nuestro negocio está intrínsecamente vinculado al compromiso con el respeto a la diversidad, al apoyar acciones que promueven la inclusión y el #Orgullo  https://t.co/qJcMnTDgCn	es	[]	[]	['https://pbs.twimg.com/media/DgUUUvMXcAAkDZL.jpg']	3	20	54	['orgullo']	[]	https://twitter.com/PepsiCoMex/status/1010236040005574656	False		1	https://pbs.twimg.com/media/DgUUUvMXcAAkDZL.jpg							[]				
1009511316166504448	1009511316166504448	2018-06-21 04:00:28 KST	2018-06-21	04:00:28	+0900	255766976	pepsicomex	PepsiCo México		PepsiCo busca ampliar el acceso al agua potable a 25 millones de personas para el año 2025. Dada la urgencia del problema ya alcanzamos el 60% de este compromiso, y la compañía invirtió más de $40 millones de dólares beneficiando a más de 16 millones de personas hasta la fecha.  https://t.co/1yVP1rtlvy	es	[]	[]	[]	0	9	19	[]	[]	https://twitter.com/PepsiCoMex/status/1009511316166504448	False		1	https://pbs.twimg.com/ext_tw_video_thumb/1009511261128806409/pu/img/wVXnvgQQJRWBOyCi.jpg							[]				
1009275452551135232	1009275452551135232	2018-06-20 12:23:13 KST	2018-06-20	12:23:13	+0900	39462584	priyankkharge	Priyank Kharge / ಪ್ರಿಯಾಂಕ್ ಖರ್ಗೆ		Hello, @HUL_News @CocaCola_Ind @PepsiIndia @PepsiCo @ITCCorpCom       @ParleFamily @GoodDayCookies   The Dept of Social Welfare, Govt of Karnataka is looking for partners/mentors to encourage 5000 rural retail entrepreneurs in our state. If keen to partner, please DM.	en	[{'screen_name': 'hul_news', 'name': 'hindustan unilever', 'id': '1703704490'}, {'screen_name': 'cocacola_ind', 'name': 'coca-cola india', 'id': '3314707116'}, {'screen_name': 'pepsiindia', 'name': 'pepsi india', 'id': '233418418'}, {'screen_name': 'pepsico', 'name': 'pepsico', 'id': '21346619'}, {'screen_name': 'itccorpcom', 'name': 'itc limited', 'id': '2558347561'}, {'screen_name': 'parlefamily', 'name': 'parle products', 'id': '884410952'}, {'screen_name': 'gooddaycookies', 'name': 'britannia good day', 'id': '2197439803'}]	[]	[]	20	87	279	[]	[]	https://twitter.com/PriyankKharge/status/1009275452551135232	False		0								[]				
1009183564875919362	1009183564875919362	2018-06-20 06:18:06 KST	2018-06-20	06:18:06	+0900	2485950907	forbesunder30	Forbes Under 30		"""The next decade is the decade of women.... If you want to run a successful company you have to recruit the best and the brightest (I.e. Bring women into the company)."" - @IndraNooyi of @PepsiCo #ForbesWomen"	en	[{'screen_name': 'indranooyi', 'name': 'indra nooyi', 'id': '2652536876'}, {'screen_name': 'pepsico', 'name': 'pepsico', 'id': '21346619'}]	[]	[]	0	20	34	['forbeswomen']	[]	https://twitter.com/ForbesUnder30/status/1009183564875919362	False		0								[]				
1009180893464989696	1009180893464989696	2018-06-20 06:07:29 KST	2018-06-20	06:07:29	+0900	2485950907	forbesunder30	Forbes Under 30		"""Companies need to give you the infrastructure to allow you to have a family, allow you to come to work, and bring the two together."" - Pepsico CEO @IndraNooyi #forbeswomen"	en	[{'screen_name': 'indranooyi', 'name': 'indra nooyi', 'id': '2652536876'}]	[]	[]	0	9	22	['forbeswomen']	[]	https://twitter.com/ForbesUnder30/status/1009180893464989696	False		0								[]				
1009177909846773763	1009177909846773763	2018-06-20 05:55:37 KST	2018-06-20	05:55:37	+0900	18639734	nasdaq	Nasdaq		“I focused on doing the job better than anyone else could do it,” @IndraNooyi, CEO of @PepsiCo says on her early days in corporate America. #ForbesWomen  https://t.co/9NkZgFjJmt	en	[{'screen_name': 'indranooyi', 'name': 'indra nooyi', 'id': '2652536876'}, {'screen_name': 'pepsico', 'name': 'pepsico', 'id': '21346619'}]	[]	['https://pbs.twimg.com/media/DgFR9GTU0AAlkVb.jpg']	3	4	23	['forbeswomen']	[]	https://twitter.com/Nasdaq/status/1009177909846773763	False		1	https://pbs.twimg.com/media/DgFR9GTU0AAlkVb.jpg							[]				
1009128110426640385	1009128107532529665	2018-06-20 02:37:44 KST	2018-06-20	02:37:44	+0900	255766976	pepsicomex	PepsiCo México		En PepsiCo México, las mujeres ocupan casi 40% de los puestos gerenciales y un tercio del Comité Ejecutivo.	es	[]	[]	[]	0	3	21	[]	[]	https://twitter.com/PepsiCoMex/status/1009128110426640385	False		0								[]				
1008716000076992514	1008716000076992514	2018-06-18 23:20:10 KST	2018-06-18	23:20:10	+0900	20751449	the_hindu	The Hindu		#PepsiCo Foundation has decided to commit a $4.26 million grant to WaterAid to provide safe water access to communities in Karnataka, Andhra Pradesh and Kerala.  https://t.co/ZP6tL2gaeS	en	[]	['https://trib.al/meTYia3']	[]	2	6	33	['pepsico']	[]	https://twitter.com/the_hindu/status/1008716000076992514	False		0								[]				
1008682308663209985	1008682308663209985	2018-06-18 21:06:17 KST	2018-06-18	21:06:17	+0900	21346619	pepsico	PepsiCo		We’ve helped nearly 16 million people get access to safe water… and counting. With our latest grants from the PepsiCo Foundation, we’ll bring water to millions more in India and China. See how. @WaterAidAmerica  https://t.co/G02ckbKOfG	en	[{'screen_name': 'wateraidamerica', 'name': 'wateraid america', 'id': '19564533'}]	[]	[]	2	32	75	[]	[]	https://twitter.com/PepsiCo/status/1008682308663209985	False		1	https://pbs.twimg.com/ext_tw_video_thumb/1008682249791909888/pu/img/iwAiZRjR-pttGViZ.jpg							[]				
1008441493806374912	1008441493806374912	2018-06-18 05:09:22 KST	2018-06-18	05:09:22	+0900	88019884	nycpride	New York City Pride		#PridePartner @PepsiCo is honored to join #NYCPride2018 as a Platinum Sponsor and to celebrate the #LGBT community around the world.  https://t.co/92M2AHlkRS  https://t.co/tUzidDE3Q6	en	[{'screen_name': 'pepsico', 'name': 'pepsico', 'id': '21346619'}]	['http://pepsico.com']	['https://pbs.twimg.com/media/Df60MTJWsAMn5pS.jpg']	0	0	12	['pridepartner', 'nycpride2018', 'lgbt']	[]	https://twitter.com/NYCPride/status/1008441493806374912	False		1	https://pbs.twimg.com/media/Df60MTJWsAMn5pS.jpg							[]				
1007680386195972096	1007680386195972096	2018-06-16 02:45:00 KST	2018-06-16	02:45:00	+0900	16676396	el_universal_mx	El Universal		La empresa refresquera Pepsico anunció el cierre de una planta de distribución en Pungarabato, Guerrero. Los ataques contra empresas de ese calibre son particularmente graves por varias razones #Opinión de @ahope71  https://t.co/mYVsSN0Tgn  https://t.co/fhlcSSva8S	es	[{'screen_name': 'ahope71', 'name': 'alejandro hope', 'id': '15663355'}]	['http://eluni.mx/_ldgvasa']	['https://pbs.twimg.com/media/Dfv54U1VQAAY5Io.jpg']	1	18	24	['opinión']	[]	https://twitter.com/El_Universal_Mx/status/1007680386195972096	False		1	https://pbs.twimg.com/media/Dfv54U1VQAAY5Io.jpg							[]				
1007551121211129856	1007551121211129856	2018-06-15 18:11:21 KST	2018-06-15	18:11:21	+0900	770938395983884288	glblctznin	Global Citizen India		Congratulations to @Pepsico, @QuakerIndia and partner @smilefoundation on the completion of their commitment to providing 2 lakh meals to children in 2017! Read more:  https://t.co/L6Kdlpfdyh #GCIAccountability @TheVikasKhanna	en	[{'screen_name': 'pepsico', 'name': 'pepsico', 'id': '21346619'}, {'screen_name': 'quakerindia', 'name': 'quaker india', 'id': '76011309'}, {'screen_name': 'smilefoundation', 'name': 'smile foundation', 'id': '29157243'}, {'screen_name': 'thevikaskhanna', 'name': 'vikas khanna', 'id': '93665089'}]	['https://goo.gl/K3cyjQ']	[]	1	13	29	['gciaccountability']	[]	https://twitter.com/glblctznIN/status/1007551121211129856	False		0								[]				
1007290338703298561	1007290338703298561	2018-06-15 00:55:05 KST	2018-06-15	00:55:05	+0900	140942860	foodbankscanada	Food Banks Canada | Banques alimentaires Canada		#ThankfulThursday to the corp. volunteers who helped us pack 20K+ food packs for #AfterTheBell! @foodbanking @loblawco @OrganicMeadow @CloverLeafSeaFd @CompassGroupCan @WalmartCanada @PepsiCo @Rogers @StarbucksCanada @TELUS @Unilever_Canada @VersaColdLS   https://t.co/aESX48XAem	en	[{'screen_name': 'foodbanking', 'name': 'the global foodbanking network', 'id': '26480747'}, {'screen_name': 'loblawco', 'name': 'loblaw companies', 'id': '2726382246'}, {'screen_name': 'organicmeadow', 'name': 'organic meadow', 'id': '259795942'}, {'screen_name': 'cloverleafseafd', 'name': 'clover leaf seafoods', 'id': '2355317653'}, {'screen_name': 'compassgroupcan', 'name': 'compass group canada', 'id': '2418978261'}, {'screen_name': 'walmartcanada', 'name': 'walmart canada', 'id': '143528416'}, {'screen_name': 'pepsico', 'name': 'pepsico', 'id': '21346619'}, {'screen_name': 'rogers', 'name': 'rogers', 'id': '82643620'}, {'screen_name': 'starbuckscanada', 'name': 'starbucks canada', 'id': '100300056'}, {'screen_name': 'telus', 'name': 'telus', 'id': '6975832'}, {'screen_name': 'unilever_canada', 'name': 'unilever canada', 'id': '119971725'}, {'screen_name': 'versacoldls', 'name': 'versacold', 'id': '725010896498642944'}]	['https://www.youtube.com/watch?v=nveciT3rflQ']	[]	0	9	13	['thankfulthursday', 'afterthebell']	[]	https://twitter.com/foodbankscanada/status/1007290338703298561	False		0								[]				
1007002327545466885	1007002327545466885	2018-06-14 05:50:38 KST	2018-06-14	05:50:38	+0900	21346619	pepsico	PepsiCo		150+ PepsiCo locations are proudly flying a #pride flag as a symbol of equality and inclusion, hope and love. #Pride2018  https://t.co/CHAv0C35Hl	en	[]	[]	[]	3	36	108	['pride', 'pride2018']	[]	https://twitter.com/PepsiCo/status/1007002327545466885	False		1	https://pbs.twimg.com/ext_tw_video_thumb/1007002274495729664/pu/img/K8mLuwZxet-rYN_5.jpg							[]				
1006906569236402176	1006906569236402176	2018-06-13 23:30:08 KST	2018-06-13	23:30:08	+0900	255766976	pepsicomex	PepsiCo México		Como parte de nuestra visión Desempeño Con Sentido, en PepsiCo Alimentos México estamos comprometidos con el respeto a la diversidad al apoyar acciones que promueven la inclusión y el #orgullo.	es	[]	[]	[]	0	4	15	['orgullo']	[]	https://twitter.com/PepsiCoMex/status/1006906569236402176	False		0								[]				
1006899062619213824	1006899062619213824	2018-06-13 23:00:18 KST	2018-06-13	23:00:18	+0900	255766976	pepsicomex	PepsiCo México		Gracias a EQUAL, nuestro grupo de empleados de la comunidad LGBT+, y a la red de aliados, en PepsiCo Alimentos México promovemos una cultura de diversidad que beneficia a nuestro talento y a nuestro negocio. #Orgullo	es	[]	[]	[]	1	15	23	['orgullo']	[]	https://twitter.com/PepsiCoMex/status/1006899062619213824	False		0								[]				
1006637365266350080	1006637365266350080	2018-06-13 05:40:24 KST	2018-06-13	05:40:24	+0900	1732995984	miguelfordallas	Miguel Solis		Thank you to @racunatx from @PepsiCo for inviting me to help feed our children through the summer food program. This collaboration with @CitySq and @bigthought helps feed thousands of children needing meals throughout the summer.  https://t.co/m0mQcFlozX	en	[{'screen_name': 'racunatx', 'name': 'rebecca acuna', 'id': '115767285'}, {'screen_name': 'pepsico', 'name': 'pepsico', 'id': '21346619'}, {'screen_name': 'citysq', 'name': 'citysquare', 'id': '169639235'}, {'screen_name': 'bigthought', 'name': 'big thought', 'id': '21697029'}]	[]	['https://pbs.twimg.com/media/DfhLV70UEAEF5tq.jpg', 'https://pbs.twimg.com/media/DfhLV71UwAA7q7S.jpg']	1	7	26	[]	[]	https://twitter.com/MiguelForDallas/status/1006637365266350080	False		1	https://pbs.twimg.com/media/DfhLV70UEAEF5tq.jpg							[]				
1006626677668110340	1006613301894287361	2018-06-13 04:57:56 KST	2018-06-13	04:57:56	+0900	2966570782	reprubengallego	Ruben Gallego		We talked about the unique challenges faced by post-9/11 vets, veteran homelessness, opioids, meeting the needs of women veterans &amp; much more. Thanks, @PepsiCo for helping these veterans transition from the battlefield to the classroom &amp; your dedication to the veteran workforce!	en	[{'screen_name': 'pepsico', 'name': 'pepsico', 'id': '21346619'}]	[]	[]	3	5	19	[]	[]	https://twitter.com/RepRubenGallego/status/1006626677668110340	False		0								[]				
1006625130209071104	1006625130209071104	2018-06-13 04:51:47 KST	2018-06-13	04:51:47	+0900	17025489	rafaelanchia	Rafael Anchía		Thanks to @CitySq, @PepsiCo, @bigthought and all of the supporting organizations that take part in the summer food program. Our communities are grateful for your support.  https://t.co/MsX4XDW6Jj	en	[{'screen_name': 'citysq', 'name': 'citysquare', 'id': '169639235'}, {'screen_name': 'pepsico', 'name': 'pepsico', 'id': '21346619'}, {'screen_name': 'bigthought', 'name': 'big thought', 'id': '21697029'}]	[]	['https://pbs.twimg.com/media/DfhAKOUVMAImQ5B.jpg', 'https://pbs.twimg.com/media/DfhAKOcUwAA2jD0.jpg']	1	3	20	[]	[]	https://twitter.com/RafaelAnchia/status/1006625130209071104	False		1	https://pbs.twimg.com/media/DfhAKOUVMAImQ5B.jpg							[]				
1006612221156364289	1006612221156364289	2018-06-13 04:00:30 KST	2018-06-13	04:00:30	+0900	107120856	brozoxmiswebs	brozo xmiswebs		EL CRIMEN ORGANIZADO SIGUE MERMANDO LA ECONOMÍA EN GUERRERO, AHORA FUE EL TURNO DE LA EMBOTELLADORA PEPSICO LA QUE CERRÓ SUS PUERTAS EN CIUDAD ALTAMIRANO.  https://t.co/i1lPBVv3cW	es	[]	['http://ow.ly/5OXR30ksUBr']	[]	77	357	377	[]	[]	https://twitter.com/brozoxmiswebs/status/1006612221156364289	False		0								[]				
1006526569865732096	1006526569865732096	2018-06-12 22:20:09 KST	2018-06-12	22:20:09	+0900	41156599	proceso	Proceso		PepsiCo cierra operaciones en Ciudad Altamirano por el asedio del crimen organizado  https://t.co/GSg49D3s56	es	[]	['https://www.proceso.com.mx/537975/pepsico-cierra-operaciones-en-ciudad-altamirano-por-el-asedio-del-crimen-organizado']	[]	20	128	97	[]	[]	https://twitter.com/proceso/status/1006526569865732096	False		0								[]				
1006511948404490242	1006511948404490242	2018-06-12 21:22:03 KST	2018-06-12	21:22:03	+0900	15088481	mikehudema	Mike Hudema		One palm oil company has destroyed an area of forest half the size of Paris.   PepsiCo, Mars, Nestle, Unilever - companies that have promised not to buy palm oil from forest destroyers - are all supporting the destruction.  That needs to stop.   #deforestation #PalmOil  https://t.co/35y725Z9Gd	en	[]	[]	['https://pbs.twimg.com/media/DffZSFlW4AAvUyl.jpg']	24	437	292	['deforestation', 'palmoil']	[]	https://twitter.com/MikeHudema/status/1006511948404490242	False		1	https://pbs.twimg.com/media/DffZSFlW4AAvUyl.jpg							[]				
1006331521995812869	1006331521995812869	2018-06-12 09:25:06 KST	2018-06-12	09:25:06	+0900	108740292	expansionmx	Expansión		PepsiCo cierra su planta en Guerrero  https://t.co/yO14fWjYl3	es	[]	['http://exp.mx/2JCYGyO']	[]	5	43	40	[]	[]	https://twitter.com/ExpansionMx/status/1006331521995812869	False		0								[]				
1006323964887650304	1006323964887650304	2018-06-12 08:55:04 KST	2018-06-12	08:55:04	+0900	41156599	proceso	Proceso		PepsiCo cierra operaciones en Ciudad Altamirano por el asedio del crimen organizado   https://t.co/GSg49D3s56	es	[]	['https://www.proceso.com.mx/537975/pepsico-cierra-operaciones-en-ciudad-altamirano-por-el-asedio-del-crimen-organizado']	[]	25	183	143	[]	[]	https://twitter.com/proceso/status/1006323964887650304	False		0								[]				
1006321278150676481	1006321278150676481	2018-06-12 08:44:23 KST	2018-06-12	08:44:23	+0900	34713362	business	Bloomberg		PepsiCo is shutting its bottling and distribution operations in a Mexican town where it has become too dangerous to operate, almost three months after rival Coca-Cola Femsa did the same  https://t.co/nLATs4otKz  https://t.co/tqQNgjXbs4	en	[]	['https://bloom.bg/2LImt0L']	['https://pbs.twimg.com/media/Dfcr3nfXUAAM5Fr.jpg']	3	42	26	[]	[]	https://twitter.com/business/status/1006321278150676481	False		1	https://pbs.twimg.com/media/Dfcr3nfXUAAM5Fr.jpg							[]				
1006313881193476096	1006313881193476096	2018-06-12 08:15:00 KST	2018-06-12	08:15:00	+0900	244218738	sinembargomx	SinEmbargo		PepsiCo con más de 40 años en Altamirano Guerrero -liquidó en Toluca, Estado de México, al menos a 70 empleados y dio por terminadas sus operaciones en la región de Tierra Caliente  https://t.co/EMXleat5Bq  https://t.co/RfewimtOr3	es	[]	['http://bit.ly/2l0gdpQ']	['https://pbs.twimg.com/media/Dfcjdg6V4AEW12C.jpg']	4	27	12	[]	[]	https://twitter.com/SinEmbargoMX/status/1006313881193476096	False		1	https://pbs.twimg.com/media/Dfcjdg6V4AEW12C.jpg							[]				
1006286678527479808	1006286678527479808	2018-06-12 06:26:54 KST	2018-06-12	06:26:54	+0900	27708897	reforma	REFORMA		Pepsico cerró operaciones en Ciudad Altamirano y liquidó desde la semana pasado a sus 70 trabajadores, ante la inseguridad que prevalece en la región de Tierra Caliente de Guerrero  https://t.co/9DXVUBb7OW	es	[]	['http://bit.ly/2y8T9yq']	[]	15	66	44	[]	[]	https://twitter.com/Reforma/status/1006286678527479808	False		0								[]				
1005202723309047808	1005202723309047808	2018-06-09 06:39:39 KST	2018-06-09	06:39:39	+0900	155304314	valeriafgl	Valeria Fgl		Mapuches Jubilados Opositores políticos Organismos de DD. HH. Maestros Científicos Artistas Familiares de Santiago  La Garganta Poderosa #Metrodelegados Estatales Trabajadores de Pepsico Mujeres organizadas Trabajadores de medios Para el Gobierno, EL ENEMIGO ES EL OTRO.	es	[]	[]	[]	9	82	234	['metrodelegados']	[]	https://twitter.com/valeriafgl/status/1005202723309047808	False		0								[]				
1005159580513562626	1005159580513562626	2018-06-09 03:48:13 KST	2018-06-09	03:48:13	+0900	42687179	righttoplaycan	Right To Play Canada		Denis Sacks, VP, Franchising @PepsiCanada and @BobsledKaillie celebrate the launch of Pepsi’s 100 Days of Summer! Thank you @PepsiCo for supporting our work with Indigenous communities in BC!  https://t.co/ZGMHKvWo8k	en	[{'screen_name': 'pepsicanada', 'name': 'pepsi canada', 'id': '21711350'}, {'screen_name': 'bobsledkaillie', 'name': 'kaillie humphries    oly', 'id': '226767437'}, {'screen_name': 'pepsico', 'name': 'pepsico', 'id': '21346619'}]	[]	['https://pbs.twimg.com/media/DfMLT6GU0AANXIl.jpg']	2	8	24	[]	[]	https://twitter.com/RightToPlayCAN/status/1005159580513562626	False		1	https://pbs.twimg.com/media/DfMLT6GU0AANXIl.jpg							[]				
1004793906238754821	1004793906238754821	2018-06-08 03:35:10 KST	2018-06-08	03:35:10	+0900	529540495	nywolforg	Wolf Conservation Center		The wolves + staff extend sincere howls of gratitude to all of the generous volunteers from @PepsiCo's office in White Plains, NY who pitched in order to enrich the wolves’ environment + make the Wolf Conservation Center a better place! #Westchester  https://t.co/uqcaMqZyQv	en	[{'screen_name': 'pepsico', 'name': 'pepsico', 'id': '21346619'}]	[]	[]	11	86	214	['westchester']	[]	https://twitter.com/nywolforg/status/1004793906238754821	False		1	https://pbs.twimg.com/ext_tw_video_thumb/1004793825909530624/pu/img/TkkrL7DE9InTPwYE.jpg							[]				
1004517067608023041	1004517067608023041	2018-06-07 09:15:06 KST	2018-06-07	09:15:06	+0900	208930420	gaianoburn	GAIA		.@Unilever @CocaCola @PepsiCo  were just revealed as the top multinational polluters in India. When will they get the message and #breakfreefromplastic? #SB18Vancouver  https://t.co/qvOljERxUs  https://t.co/60RKCrBrEA	en	[{'screen_name': 'unilever', 'name': 'unilever #staysafe', 'id': '109224937'}, {'screen_name': 'cocacola', 'name': 'coca-cola', 'id': '26787673'}, {'screen_name': 'pepsico', 'name': 'pepsico', 'id': '21346619'}]	['http://no-burn.org/sb2018/']	['https://pbs.twimg.com/media/DfDC8wKXkAAwXOd.jpg']	0	13	10	['breakfreefromplastic', 'sb18vancouver']	[]	https://twitter.com/GAIAnoburn/status/1004517067608023041	False		1	https://pbs.twimg.com/media/DfDC8wKXkAAwXOd.jpg							[]				
1004470181748494337	1004470181748494337	2018-06-07 06:08:48 KST	2018-06-07	06:08:48	+0900	21346619	pepsico	PepsiCo		Culinary innovation at its finest 💡! Our creative platform PepsiCo FlavorWorks helps customers incorporate our products into unique food dishes. Check it out:  https://t.co/eXo4tfr6S8	en	[]	['https://pepsi.co/2kTw8q3']	[]	0	3	27	[]	[]	https://twitter.com/PepsiCo/status/1004470181748494337	False		0								[]				
1004359773943468032	1004359773943468032	2018-06-06 22:50:04 KST	2018-06-06	22:50:04	+0900	775986627604803584	infosysevents	InfosysEvents		Using near-zero downtime service, our client embarked on the migration journey to @SAP Business Suite powered by SAP HANA. Learn the best practices directly from the experts – Javed Hussain (PepsiCo) &amp; Arun Kumar (Infosys), at this session.  https://t.co/oSx5ysdcAP #SAPPHIRENOW  https://t.co/FejQCfPim4	en	[{'screen_name': 'sap', 'name': 'sap', 'id': '76117579'}]	['https://infy.com/2Jxo6Rn']	['https://pbs.twimg.com/media/DfAz5D_WAAA3tgs.jpg']	0	6	27	['sapphirenow']	[]	https://twitter.com/InfosysEvents/status/1004359773943468032	False		1	https://pbs.twimg.com/media/DfAz5D_WAAA3tgs.jpg							[]				
1004045056188153856	1004045056188153856	2018-06-06 01:59:30 KST	2018-06-06	01:59:30	+0900	208930420	gaianoburn	GAIA		For this #WorldEnvironmentDay, 10 environmental groups in India picked up and analyzed 72,721 pieces of branded plastic from their land and waterways. Guess who’s name they found all over them? PepsiCo, we need YOU to #breakfreefromplastic	en	[]	[]	[]	0	6	12	['worldenvironmentday', 'breakfreefromplastic']	[]	https://twitter.com/GAIAnoburn/status/1004045056188153856	False		0								[]				
1004015046421352448	1004015046421352448	2018-06-06 00:00:15 KST	2018-06-06	00:00:15	+0900	255766976	pepsicomex	PepsiCo México		Los bosques son fuente de oxígeno y agua. Este sábado, voluntarios de Fundación PepsiCo México reforestaron 4,000 m2 en el parque San Nicolás Totolapan, como parte de nuestro programa para recarga de cuencas #AguaParaElPlaneta en alianza con @MundoTNC. #DiaMundialDelMedioAmbiente  https://t.co/X3SpGt1r9t	es	[]	[]	['https://pbs.twimg.com/media/De76XQDUYAEF6AP.jpg']	1	10	21	['aguaparaelplaneta', 'diamundialdelmedioambiente']	[]	https://twitter.com/PepsiCoMex/status/1004015046421352448	False		1	https://pbs.twimg.com/media/De76XQDUYAEF6AP.jpg							[]				
1003612845714665474	1003612845714665474	2018-06-04 21:22:03 KST	2018-06-04	21:22:03	+0900	15088481	mikehudema	Mike Hudema		One palm oil company has destroyed an area of forest half the size of Paris.   PepsiCo, Mars, Nestle, Unilever - companies that have promised not to buy palm oil from forest destroyers - are all supporting the destruction.  That needs to stop.   #deforestation #PalmOil  https://t.co/4AklrsNgAY	en	[]	[]	['https://pbs.twimg.com/media/De2MkGqWsAEGm_F.jpg']	27	538	446	['deforestation', 'palmoil']	[]	https://twitter.com/MikeHudema/status/1003612845714665474	False		1	https://pbs.twimg.com/media/De2MkGqWsAEGm_F.jpg							[]				
1003380882181410816	1003380882181410816	2018-06-04 06:00:18 KST	2018-06-04	06:00:18	+0900	5360012	greenpeaceusa	Greenpeace USA		A palm oil supplier to Mars, Nestlé, PepsiCo, and Unilever is destroying rainforests in Papua, Indonesia, a new investigation by Greenpeace International has revealed.  https://t.co/KSW6hf0OuG	en	[]	[]	[]	11	249	148	[]	[]	https://twitter.com/greenpeaceusa/status/1003380882181410816	False		1	https://pbs.twimg.com/ext_tw_video_thumb/1003380825843519494/pu/img/X2574QRAkKH_d6uA.jpg							[]				
