id	conversation_id	created_at	date	time	timezone	user_id	username	name	place	tweet	language	mentions	urls	photos	replies_count	retweets_count	likes_count	hashtags	cashtags	link	retweet	quote_url	video	thumbnail	near	geo	source	user_rt_id	user_rt	retweet_id	reply_to	retweet_date	translate	trans_src	trans_dest
1023991641110142976	1023991641110142976	2018-07-31 03:00:06 KST	2018-07-31	03:00:06	+0900	221413260	joannlublin	Joann S. Lublin		Anne Fink, a top PepsiCo executive, interviewed me today about #EarningIt in front of 200 enthusiastic staffers at HQ in Purchase NY.  https://t.co/uaAduFSAEe	en	[]	[]	['https://pbs.twimg.com/media/DjXy-JYW0AMBu8l.jpg']	1	3	16	['earningit']	[]	https://twitter.com/JoannLublin/status/1023991641110142976	False		1	https://pbs.twimg.com/media/DjXy-JYW0AMBu8l.jpg							[]				
1023941024387760129	1023941024387760129	2018-07-30 23:38:58 KST	2018-07-30	23:38:58	+0900	214337395	jessesingal	Jesse Singal		"""Here at PepsiCo, reading Jesse Singal's bigoted nonsense is not an acceptable use of company time."""	en	[]	[]	[]	2	0	11	[]	[]	https://twitter.com/jessesingal/status/1023941024387760129	False	https://twitter.com/SababaUSA/status/1023940802379218944	0								[]				
1023925683314147328	1023925683314147328	2018-07-30 22:38:01 KST	2018-07-30	22:38:01	+0900	80606753	koerdemir	Kılınç Orhan Erdemir		Pepsico’ya araştırma sunumuna gittik. Meğer mega boyları kendilerine saklamışlar! Tadımlık değil tıka basa doyumluk!!! 🤣🤪😋😋😋  @DoritosTurkiye @pepsico @PepsiCoTurkiye @laysturkiye @RufflesTurkiye  @NeuroDiscoverTR #nöropazarlama #nörobilim #neuromarketing #nöromarketing  https://t.co/svTae6g6o7	tr	[{'screen_name': 'doritosturkiye', 'name': 'doritos türkiye', 'id': '318436858'}, {'screen_name': 'pepsico', 'name': 'pepsico', 'id': '21346619'}, {'screen_name': 'pepsicoturkiye', 'name': 'pepsico türkiye', 'id': '775476828'}, {'screen_name': 'laysturkiye', 'name': 'lays türkiye', 'id': '3832167250'}, {'screen_name': 'rufflesturkiye', 'name': 'rufflesturkiye', 'id': '306163509'}, {'screen_name': 'neurodiscovertr', 'name': 'neuro discover', 'id': '2902678000'}]	[]	['https://pbs.twimg.com/media/DjW2-o1XsAIUDSi.jpg']	3	0	18	['nöropazarlama', 'nörobilim', 'neuromarketing', 'nöromarketing']	[]	https://twitter.com/KOErdemir/status/1023925683314147328	False		1	https://pbs.twimg.com/media/DjW2-o1XsAIUDSi.jpg							[]				
1022859183216050176	1022859183216050176	2018-07-28 00:00:07 KST	2018-07-28	00:00:07	+0900	255766976	pepsicomex	PepsiCo México		PepsiCo, la Fundación PepsiCo y sus socios han proporcionado acceso a agua segura a casi 16 millones de personas desde 2006, lo cual representa un aumento de casi 5 millones de personas durante el año pasado solamente. #ReportedeSustentabilidad #PwP2025  https://t.co/9Vo7UqJdfW  https://t.co/7OpxQLFRLj	es	[]	['http://Pepsi.co/CSR17']	['https://pbs.twimg.com/media/DjHtAXkXgAE_trm.jpg']	0	14	20	['reportedesustentabilidad', 'pwp2025']	[]	https://twitter.com/PepsiCoMex/status/1022859183216050176	False		1	https://pbs.twimg.com/media/DjHtAXkXgAE_trm.jpg							[]				
1022590832724070401	1022590832724070401	2018-07-27 06:13:47 KST	2018-07-27	06:13:47	+0900	2890961	gizmodo	Gizmodo		Facebook forced to block 20,000 posts about snack food conspiracy after PepsiCo sues: report  https://t.co/nfSHC9zreb  https://t.co/cLSHBTzCf4	en	[]	['http://gizmo.do/H6pPb1d']	['https://pbs.twimg.com/media/DjD48UwVAAAtQQ4.jpg']	2	5	22	[]	[]	https://twitter.com/Gizmodo/status/1022590832724070401	False		1	https://pbs.twimg.com/media/DjD48UwVAAAtQQ4.jpg							[]				
1022557189200904193	1022557189200904193	2018-07-27 04:00:06 KST	2018-07-27	04:00:06	+0900	255766976	pepsicomex	PepsiCo México		Con enorme orgullo compartimos que PepsiCo subió 5 posiciones en el Ranking de las Empresas con Mejor Reputación Corporativa realizada por @mercoranking en España y América Latina. #PwP2025	es	[{'screen_name': 'mercoranking', 'name': 'merco', 'id': '267695683'}]	[]	[]	1	7	20	['pwp2025']	[]	https://twitter.com/PepsiCoMex/status/1022557189200904193	False		0								[]				
1022544541675671552	1022544541675671552	2018-07-27 03:09:51 KST	2018-07-27	03:09:51	+0900	2890961	gizmodo	Gizmodo		Facebook forced to block 20,000 posts about snack food conspiracy after PepsiCo sues: report  https://t.co/jcYyvh6AR2  https://t.co/hpycXQdj2b	en	[]	['http://gizmo.do/BYHNr75']	['https://pbs.twimg.com/media/DjDO11MU4AAgW0k.jpg']	0	8	29	[]	[]	https://twitter.com/Gizmodo/status/1022544541675671552	False		1	https://pbs.twimg.com/media/DjDO11MU4AAgW0k.jpg							[]				
1022457016172912640	1022457016172912640	2018-07-26 21:22:03 KST	2018-07-26	21:22:03	+0900	15088481	mikehudema	Mike Hudema		One palm oil company has destroyed an area of forest half the size of Paris.   PepsiCo, Mars, Nestle, Unilever - companies that have promised not to buy palm oil from forest destroyers - are all supporting the destruction.  That needs to stop.   #deforestation #PalmOil  https://t.co/xU15ywTtLD	en	[]	[]	['https://pbs.twimg.com/media/DjB_PLAVAAEeEbR.jpg']	9	336	225	['deforestation', 'palmoil']	[]	https://twitter.com/MikeHudema/status/1022457016172912640	False		1	https://pbs.twimg.com/media/DjB_PLAVAAEeEbR.jpg							[]				
1022446696758956032	1022446696758956032	2018-07-26 20:41:03 KST	2018-07-26	20:41:03	+0900	14120922	thetanmay	Tanmay Bhat		Waiting for PepsiCo to ban UP from Twitter  https://t.co/Q1LLnGXMQO	en	[]	['https://twitter.com/newsx/status/1015136201769177088']	[]	12	10	218	[]	[]	https://twitter.com/thetanmay/status/1022446696758956032	False	https://twitter.com/newsx/status/1015136201769177088	0								[]				
1022366923311509504	1022366923311509504	2018-07-26 15:24:03 KST	2018-07-26	15:24:03	+0900	14120922	thetanmay	Tanmay Bhat		Wow PepsiCo has blocked tweets about KURKURE and PLASTIC according to this piece article about KURKURE and PLASTIC, wonder if other companies in KURKURE IS MADE OF PLASTIC type of situations would do the same  https://t.co/L4EmGTmnrd	en	[]	['https://www.medianama.com/2018/07/223-pepsico-kurkure-twitter-facebook-order/']	[]	9	45	278	[]	[]	https://twitter.com/thetanmay/status/1022366923311509504	False		0								[]				
1022355816492539905	1022351318055362561	2018-07-26 14:39:55 KST	2018-07-26	14:39:55	+0900	7923652	samitbasu	Samit Basu		@charukesi @nixxin @prasanto @PepsiCo Wait are you telling me there's a legal notice in my spam folder.	en	[]	[]	[]	1	1	13	[]	[]	https://twitter.com/samitbasu/status/1022355816492539905	False		0								[{'screen_name': 'charukesi', 'name': 'charukesi', 'id': '14853049'}, {'screen_name': 'nixxin', 'name': 'Nikhil Pahwa', 'id': '6431582'}, {'screen_name': 'prasanto', 'name': 'PKR | প্রশান্ত | پرشانتو', 'id': '15300300'}, {'screen_name': 'PepsiCo', 'name': 'PepsiCo', 'id': '21346619'}]				
1022351318055362561	1022351318055362561	2018-07-26 14:22:03 KST	2018-07-26	14:22:03	+0900	6431582	nixxin	Nikhil Pahwa		Tweets from @prasanto and @samitbasu have been taken down in India. @PepsiCo cant even take a joke.  https://t.co/iyy1W5oOKi	en	[{'screen_name': 'prasanto', 'name': 'pkr | প্রশান্ত | پرشانتو', 'id': '15300300'}, {'screen_name': 'samitbasu', 'name': 'samit basu', 'id': '7923652'}, {'screen_name': 'pepsico', 'name': 'pepsico', 'id': '21346619'}]	['https://twitter.com/medianama/status/1022349937827307520']	[]	11	54	48	[]	[]	https://twitter.com/nixxin/status/1022351318055362561	False	https://twitter.com/medianama/status/1022349937827307520	0								[]				
1022350163900125185	1022350163900125185	2018-07-26 14:17:28 KST	2018-07-26	14:17:28	+0900	296681328	aroondeep	Aroon Deep		Scoop: PepsiCo India has gotten a court order to block thousands of posts on Twitter, Facebook and YouTube that spread rumours — and even jokes — about its puffed corn product Kurkure. Tip @techmeme    https://t.co/s2dGinl0Zd	en	[{'screen_name': 'techmeme', 'name': 'techmeme', 'id': '817386'}]	['https://www.medianama.com/2018/07/223-pepsico-kurkure-twitter-facebook-order/']	[]	9	63	64	[]	[]	https://twitter.com/AroonDeep/status/1022350163900125185	False		0								[]				
1022349937827307520	1022349937827307520	2018-07-26 14:16:34 KST	2018-07-26	14:16:34	+0900	14444461	medianama	MediaNama.com		PepsiCo gets John Doe order to take down thousands of tweets and posts on Kurkure; even jokes  https://t.co/95Ux8Ye2S4  https://t.co/JjvooreTnW	en	[]	['https://www.medianama.com/2018/07/223-pepsico-kurkure-twitter-facebook-order/']	['https://pbs.twimg.com/media/DjAd2ZGU8AADJxc.jpg']	10	44	41	[]	[]	https://twitter.com/medianama/status/1022349937827307520	False		1	https://pbs.twimg.com/media/DjAd2ZGU8AADJxc.jpg							[]				
1021785452062433280	1021785452062433280	2018-07-25 00:53:30 KST	2018-07-25	00:53:30	+0900	2652536876	indranooyi	Indra Nooyi		We’re thrilled that @PepsiCo &amp; @TheGarden, two legendary New York companies, will be on the same team starting Sept 1. It’s an honor to now be part of their iconic family, and I can’t wait to see what we achieve together.  https://t.co/p1B2YtPoT5	en	[{'screen_name': 'pepsico', 'name': 'pepsico', 'id': '21346619'}, {'screen_name': 'thegarden', 'name': 'msg', 'id': '121254571'}]	['https://twitter.com/pepsico/status/1021780388866392064']	[]	5	10	84	[]	[]	https://twitter.com/IndraNooyi/status/1021785452062433280	False	https://twitter.com/pepsico/status/1021780388866392064	0								[]				
1021268508212989952	1021268508212989952	2018-07-23 14:39:21 KST	2018-07-23	14:39:21	+0900	892568481408929792	usispforum	USISPF		Natural water sources are contaminated with both bio and chemical pollutant. CEWA will aim to reduce Industrial discharge through industry participation. #CEWA #USISPFINITIATIVES @NITIAayog @amitabhk87 @Cargill @PepsiCo @MinistryOfWater @USAndIndia @Ecolab  https://t.co/hJnor1JUhe	en	[{'screen_name': 'nitiaayog', 'name': 'niti aayog', 'id': '1244137812'}, {'screen_name': 'amitabhk87', 'name': 'amitabh kant', 'id': '75237089'}, {'screen_name': 'cargill', 'name': 'cargill', 'id': '36178069'}, {'screen_name': 'pepsico', 'name': 'pepsico', 'id': '21346619'}, {'screen_name': 'ministryofwater', 'name': 'ministry of water', 'id': '752707573057523714'}, {'screen_name': 'usandindia', 'name': 'u.s. embassy india', 'id': '41533816'}, {'screen_name': 'ecolab', 'name': 'ecolab', 'id': '250684710'}]	[]	['https://pbs.twimg.com/media/DixE4e-U8AAdXmO.jpg']	0	3	44	['cewa', 'usispfinitiatives']	[]	https://twitter.com/USISPForum/status/1021268508212989952	False		1	https://pbs.twimg.com/media/DixE4e-U8AAdXmO.jpg							[]				
1021172657948012544	1021172657948012544	2018-07-23 08:18:28 KST	2018-07-23	08:18:28	+0900	62252712	donmclean	Don McLean		Great night in Ridgefield CT with fans Rag and Indra Nooyi ( Chairman and CEO of PepsiCo) backstage to visit  https://t.co/JgwBH9hzRo	en	[]	[]	['https://pbs.twimg.com/media/DivvHiDVAAAnUkK.jpg']	4	3	40	[]	[]	https://twitter.com/donmclean/status/1021172657948012544	False		1	https://pbs.twimg.com/media/DivvHiDVAAAnUkK.jpg							[]				
1021095403134046209	1021095403134046209	2018-07-23 03:11:29 KST	2018-07-23	03:11:29	+0900	318673863	askanshul	Anshul Saxena		Plastic ban impact:  Top beverage makers including Coca-Cola, PepsiCo and Bisleri have begun printing a buyback value on all PET (plastic) bottles.  Now, Consumers can return empty plastic bottles and will get paid as per the value of the buyback printed on bottles.	en	[]	[]	[]	34	895	2009	[]	[]	https://twitter.com/AskAnshul/status/1021095403134046209	False		0								[]				
1020320891614314498	1020320891614314498	2018-07-20 23:53:51 KST	2018-07-20	23:53:51	+0900	892568481408929792	usispforum	USISPF		Shimla has been the latest casualty in the water crisis. Furthermore, 21 cities in India will run out of ground water by 2020, affecting 100 million people. As a citizen, we need to act NOW! #CEWA #USISPFINITIATIVES @NITIAayog @PepsiCo  https://t.co/iIPajM9EJ7	en	[{'screen_name': 'nitiaayog', 'name': 'niti aayog', 'id': '1244137812'}, {'screen_name': 'pepsico', 'name': 'pepsico', 'id': '21346619'}]	[]	['https://pbs.twimg.com/media/DijoZVDUYAAPjCu.jpg']	0	11	28	['cewa', 'usispfinitiatives']	[]	https://twitter.com/USISPForum/status/1020320891614314498	False		1	https://pbs.twimg.com/media/DijoZVDUYAAPjCu.jpg							[]				
1020301968688812037	1020301968688812037	2018-07-20 22:38:40 KST	2018-07-20	22:38:40	+0900	892568481408929792	usispforum	USISPF		Water shortages have become a growing concern for the nation. 163 Million people lack access to safe water in India. Come join CEWA and make a difference! #CEWA #USISPFINITIATIVES @NITIAayog @MinistryOfWater @PepsiCo @3M @WestRock @TataSteelLtd @Ecolab @Nalco_News @Cargill  https://t.co/jIBhl8BlXv	en	[{'screen_name': 'nitiaayog', 'name': 'niti aayog', 'id': '1244137812'}, {'screen_name': 'ministryofwater', 'name': 'ministry of water', 'id': '752707573057523714'}, {'screen_name': 'pepsico', 'name': 'pepsico', 'id': '21346619'}, {'screen_name': '3m', 'name': '3m', 'id': '378197959'}, {'screen_name': 'westrock', 'name': 'westrock', 'id': '189176466'}, {'screen_name': 'tatasteelltd', 'name': 'tata steel', 'id': '285498906'}, {'screen_name': 'ecolab', 'name': 'ecolab', 'id': '250684710'}, {'screen_name': 'nalco_news', 'name': 'nalco water', 'id': '69413700'}, {'screen_name': 'cargill', 'name': 'cargill', 'id': '36178069'}]	[]	['https://pbs.twimg.com/media/DijXHbdVQAA-X6y.jpg']	2	42	153	['cewa', 'usispfinitiatives']	[]	https://twitter.com/USISPForum/status/1020301968688812037	False		1	https://pbs.twimg.com/media/DijXHbdVQAA-X6y.jpg							[]				
1019250473629569024	1019250473629569024	2018-07-18 01:00:24 KST	2018-07-18	01:00:24	+0900	16441758	aerocles	David Teicher and 142 others		Join us at BuzzFeed, July 24th, for Brand Innovators Future of Media and Modern Marketing! Featuring speakers from: PepsiCo, Verizon, HPE, Aetna, Johnson &amp; Johnson, TD Bank, Sabra Sipping, Kohl’s, Monster dot com, KINDS Snacks, and Anheuser Busch InBev   https://t.co/aWy7FhvwMf	en	[]	['https://www.linkedin.com/feed/update/urn:li:activity:6425007755538628608']	[]	3	5	13	[]	[]	https://twitter.com/Aerocles/status/1019250473629569024	False		0								[]				
1018850865183150081	1018850865183150081	2018-07-16 22:32:30 KST	2018-07-16	22:32:30	+0900	17385685	yonifreedhoff	Yoni Freedhoff 🟣, MD		"#ICYMI, I resigned my membership in @ObesitySociety after their publicly struck ""Food Industry Outreach Committee"" met with PepsiCo, Dr. Pepper, and more, and explicitly stated that they would take money from anyone  https://t.co/dDvFtD2lbK  https://t.co/OilE9iceY6"	en	[{'screen_name': 'obesitysociety', 'name': 'the obesity society', 'id': '36684314'}]	['http://www.weightymatters.ca/2015/01/why-im-resigning-my-membership-in.html', 'https://twitter.com/ObesitySociety/status/1018849010738778112']	[]	1	8	35	['icymi']	[]	https://twitter.com/YoniFreedhoff/status/1018850865183150081	False	https://twitter.com/ObesitySociety/status/1018849010738778112	0								[]				
1017944387899314176	1017944387899314176	2018-07-14 10:30:29 KST	2018-07-14	10:30:29	+0900	244218738	sinembargomx	SinEmbargo		La empresas como Coca Cola, Pepsico, Danone, Nestlé y Pascual, entre otras, son las principales beneficiadas ante la desconfianza del agua que brota del grifo  https://t.co/YeMGEJPvn2  https://t.co/YzZzN6JPnz	es	[]	['http://bit.ly/2KWkmdR']	['https://pbs.twimg.com/media/DiB3BMfV4AAk1sY.jpg']	8	54	39	[]	[]	https://twitter.com/SinEmbargoMX/status/1017944387899314176	False		1	https://pbs.twimg.com/media/DiB3BMfV4AAk1sY.jpg							[]				
1017902599469699072	1017902599469699072	2018-07-14 07:44:26 KST	2018-07-14	07:44:26	+0900	374115730	nicolasdelcano	Nicolas del Caño		Pepsico. 2017.  Recuerdo cuando este año viajé a Rosario a Solidarizarme con los trabajadores de Cargill. Un compañero me dijo: mi hija siempre me recuerda que no hay que comprar Pepsico en solidaridad las trabajadoras y trabajadores de @Pepsico_Enlucha. #ConcienciaDeClase.  https://t.co/gclxkvR5Tk	es	[{'screen_name': 'pepsico_enlucha', 'name': 'pepsicoenlucha', 'id': '882647776605155332'}]	[]	['https://pbs.twimg.com/media/DiBP_yxW0AA-fZ-.jpg']	14	41	136	['concienciadeclase']	[]	https://twitter.com/NicolasdelCano/status/1017902599469699072	False		1	https://pbs.twimg.com/media/DiBP_yxW0AA-fZ-.jpg							[]				
1017871840897880067	1017871840897880067	2018-07-14 05:42:12 KST	2018-07-14	05:42:12	+0900	332993154	myriambregman	Myriam Bregman		Cuando te digan que no sirve luchar, recordá, siempre, este titular de Clarín:   Por Pepsico, frenaron anuncios de reforma laboral -  https://t.co/4Kh96Bu9Vk	es	[]	['http://clar.in/2v1kZqO']	[]	22	632	1808	[]	[]	https://twitter.com/myriambregman/status/1017871840897880067	False		0								[]				
1017864520000303105	1017864520000303105	2018-07-14 05:13:07 KST	2018-07-14	05:13:07	+0900	332993154	myriambregman	Myriam Bregman		"Hace un año, los dirigentes de la CGT ya habían decidido quedar en la historia por arrodillarse ante el gobierno; ¡ell@s nos mostraron el camino! #Pepsico  ""La respuesta del Gobierno para los trabajadores de PepsiCo fue...  https://t.co/IIDen7t5wA vía @YouTube"	es	[{'screen_name': 'youtube', 'name': 'youtube', 'id': '10228272'}]	['https://youtu.be/-F3E3CKz884']	[]	0	14	28	['pepsico']	[]	https://twitter.com/myriambregman/status/1017864520000303105	False		0								[]				
1017851206230790144	1017851206230790144	2018-07-14 04:20:12 KST	2018-07-14	04:20:12	+0900	200638297	chipicastillo	Christian Castillo		A un año del desalojo de Pepsico, una historia de lucha  https://t.co/3h1oYaXHsG  https://t.co/OAuAaleoIc vía @izquierdadiario	es	[{'screen_name': 'izquierdadiario', 'name': 'la izquierda diario', 'id': '2573916020'}]	['https://www.youtube.com/watch?v=DqWtfABoTic', 'http://www.laizquierdadiario.com/PepsiCo-desde-abajo-nueva-miniserie-documental-de-La-Izquierda-Diario']	[]	0	7	16	[]	[]	https://twitter.com/chipicastillo/status/1017851206230790144	False		0								[]				
1017849915316285446	1017849915316285446	2018-07-14 04:15:05 KST	2018-07-14	04:15:05	+0900	374115730	nicolasdelcano	Nicolas del Caño		Un año de la batalla de Pepsico. Gran ejemplo de lucha. Jamás vencidos!!    https://t.co/MG49ts1rH3  https://t.co/hy1fUxQt3g vía @izquierdadiario	es	[{'screen_name': 'izquierdadiario', 'name': 'la izquierda diario', 'id': '2573916020'}]	['https://www.youtube.com/watch?v=DqWtfABoTic', 'http://www.laizquierdadiario.com/PepsiCo-desde-abajo-nueva-miniserie-documental-de-La-Izquierda-Diario']	[]	23	32	71	[]	[]	https://twitter.com/NicolasdelCano/status/1017849915316285446	False		0								[]				
1017809187731050496	1017809187731050496	2018-07-14 01:33:14 KST	2018-07-14	01:33:14	+0900	332993154	myriambregman	Myriam Bregman		Esto ocurría hace un año en la planta Florida de #Pepsico. Siempre serán un ejemplo de lucha.  https://t.co/oHVc4fnSs4	es	[]	[]	[]	22	209	715	['pepsico']	[]	https://twitter.com/myriambregman/status/1017809187731050496	False		1	https://pbs.twimg.com/ext_tw_video_thumb/1017809080121884672/pu/img/vdFMiCjBkFMNgIoy.jpg							[]				
1017748119885361152	1017748119885361152	2018-07-13 21:30:35 KST	2018-07-13	21:30:35	+0900	163875218	patriciodc	Patricio del Corro		Hace un año Macri y Vidal mandaban a desalojar y reprimir a las y los trabajadores de Pepsico. @carlosbrigo sacaba esta foto. Esto es parte de lo que quieren borrar con los despidos en #Telam  https://t.co/ZwlPmcFHzB	es	[{'screen_name': 'carlosbrigo', 'name': 'carlos brigo', 'id': '127853186'}]	[]	['https://pbs.twimg.com/media/Dh_Eg5gXcAAhil4.jpg']	4	108	161	['telam']	[]	https://twitter.com/Patriciodc/status/1017748119885361152	False		1	https://pbs.twimg.com/media/Dh_Eg5gXcAAhil4.jpg							[]				
1017728365539848193	1017728365539848193	2018-07-13 20:12:05 KST	2018-07-13	20:12:05	+0900	175242018	efabregat	Eduardo Fabregat		Hace un año reprimían a los despedidos de Pepsico y se llevaban papitas de premio. ¿Cómo va aquel boicot a sus productos?  https://t.co/0DoqJf9BqG	es	[]	[]	['https://pbs.twimg.com/media/Dh-yhgzX4AA125i.jpg']	6	18	51	[]	[]	https://twitter.com/EFabregat/status/1017728365539848193	False		1	https://pbs.twimg.com/media/Dh-yhgzX4AA125i.jpg							[]				
1017442216954998784	1017442216954998784	2018-07-13 01:15:02 KST	2018-07-13	01:15:02	+0900	91478624	forbes	Forbes		PepsiCo is providing access to clean drinking water to 16M people globally  https://t.co/oM0Km5GusM  https://t.co/dqZqZcE8yN	en	[]	['http://on.forbes.com/6017DUnIX']	['https://pbs.twimg.com/media/Dh6uTeVW0AE-Xd6.jpg']	10	124	389	[]	[]	https://twitter.com/Forbes/status/1017442216954998784	False		1	https://pbs.twimg.com/media/Dh6uTeVW0AE-Xd6.jpg							[]				
1017433416210542592	1017433416210542592	2018-07-13 00:40:04 KST	2018-07-13	00:40:04	+0900	16896485	inc	Inc.		How PepsiCo Targeted an Audience That Will Transform Your Marketing @DaveKerpen  https://t.co/SgNQQfiEd7	en	[{'screen_name': 'davekerpen', 'name': 'dave kerpen', 'id': '10437802'}]	['http://on.inc.com/qGw3fNf']	[]	0	11	17	[]	[]	https://twitter.com/Inc/status/1017433416210542592	False		0								[]				
1017190550372376576	1017190550372376576	2018-07-12 08:35:00 KST	2018-07-12	08:35:00	+0900	48036557	empresaspolar	Empresas Polar		En el año 1996 marcamos la diferencia por la alianza de #EmpresasPolar con la compañía más grande de refrescos: PepsiCo  https://t.co/jTk734VzvM	es	[]	['https://bit.ly/2I3Pthu']	[]	0	25	46	['empresaspolar']	[]	https://twitter.com/EmpresasPolar/status/1017190550372376576	False		0								[]				
1017156419689308167	1017156419689308167	2018-07-12 06:19:22 KST	2018-07-12	06:19:22	+0900	2652536876	indranooyi	Indra Nooyi		My mom once asked me what I would do to change the world. My answer’s been the same since becoming CEO @PepsiCo: Lead a company that's a force for good. Our sustainability report tracks the good we're doing around the world thanks to our amazing associates  https://t.co/tcMAu82xDn  https://t.co/juyGbtTxXy	en	[{'screen_name': 'pepsico', 'name': 'pepsico', 'id': '21346619'}]	['http://pepsi.co/CSR17']	[]	22	60	310	[]	[]	https://twitter.com/IndraNooyi/status/1017156419689308167	False		1	https://pbs.twimg.com/ext_tw_video_thumb/1017156202625527808/pu/img/Ds73h1akfib_srPo.jpg							[]				
1016990470872993792	1016990470872993792	2018-07-11 19:19:57 KST	2018-07-11	19:19:57	+0900	3654855981	carre1ascension	Ascension Carreño		Continuamos trabajando el @GPPopular en el @Congreso_Es 🏛con el sector agroalimentario👨‍🌾👨‍🌾👨‍🌾👨‍🌾. Hoy nos reunimos con las empresas de @PepsiCo. Trabajan en nuevos productos saludables, sostenibles y eficientes 💦. En 🇪🇸somos referencia en calidad y exportación .  https://t.co/OTNO79l0ez	es	[{'screen_name': 'gppopular', 'name': 'grupo popular congreso 🇪🇸', 'id': '121803322'}, {'screen_name': 'congreso_es', 'name': 'congreso', 'id': '44091448'}, {'screen_name': 'pepsico', 'name': 'pepsico', 'id': '21346619'}]	[]	['https://pbs.twimg.com/media/Dh0TbzdW4AAm66X.jpg', 'https://pbs.twimg.com/media/Dh0TbzcX4AA30BU.jpg']	0	6	15	[]	[]	https://twitter.com/Carre1Ascension/status/1016990470872993792	False		1	https://pbs.twimg.com/media/Dh0TbzdW4AAm66X.jpg							[]				
1016798459226132488	1016798459226132488	2018-07-11 06:36:58 KST	2018-07-11	06:36:58	+0900	14216123	jimcramer	Jim Cramer		Not your grandfather’s PepsiCo: How $PEP is reinventing itself via @dariasolo  https://t.co/EwM2lDsbIb	en	[{'screen_name': 'dariasolo', 'name': 'daria solovieva', 'id': '16310677'}]	['http://bit.ly/2NHvp8y']	[]	4	3	19	[]	['pep']	https://twitter.com/jimcramer/status/1016798459226132488	False		0								[]				
1016767764793626625	1016767764793626625	2018-07-11 04:35:00 KST	2018-07-11	04:35:00	+0900	1652541	reuters	Reuters		PepsiCo's investment in its snacks business pays off in the latest quarter, helping boost overall revenue  https://t.co/8CsHHFkzER  https://t.co/69isnVOkj8	en	[]	['https://reut.rs/2zqsmOP']	[]	0	8	23	[]	[]	https://twitter.com/Reuters/status/1016767764793626625	False		1	https://pbs.twimg.com/amplify_video_thumb/1016766573757980673/img/AsIn_ed_Rn0yJMCK.jpg							[]				
1016736172037599232	1016736172037599232	2018-07-11 02:29:28 KST	2018-07-11	02:29:28	+0900	14216123	jimcramer	Jim Cramer		Pepsico is the stock of the day!  https://t.co/vrCeL3XEbY	en	[]	['http://bit.ly/2mcBFZz']	[]	6	7	43	[]	[]	https://twitter.com/jimcramer/status/1016736172037599232	False		0								[]				
1016655885534416896	1016655885534416896	2018-07-10 21:10:26 KST	2018-07-10	21:10:26	+0900	1652541	reuters	Reuters		Frito-Lay unit sales power PepsiCo's profit, revenue beat  https://t.co/YY7I9cxSGF  https://t.co/D5giW5vCLW	en	[]	['https://reut.rs/2L61aGD']	['https://pbs.twimg.com/media/DhvjI9_U0AAQ3HC.jpg']	1	9	30	[]	[]	https://twitter.com/Reuters/status/1016655885534416896	False		1	https://pbs.twimg.com/media/DhvjI9_U0AAQ3HC.jpg							[]				
1016653864739725312	1016653864739725312	2018-07-10 21:02:24 KST	2018-07-10	21:02:24	+0900	34713362	business	Bloomberg		PepsiCo gets another boost from salty snacks as it continues to grapple with slumping soda business  https://t.co/PZ12Yj6dFZ  https://t.co/i03wI0ixLR	en	[]	['https://bloom.bg/2u8y03h']	['https://pbs.twimg.com/media/DhvhTU9X0AAfU64.jpg']	0	7	12	[]	[]	https://twitter.com/business/status/1016653864739725312	False		1	https://pbs.twimg.com/media/DhvhTU9X0AAfU64.jpg							[]				
1016645758781657088	1016645758781657088	2018-07-10 20:30:11 KST	2018-07-10	20:30:11	+0900	3108351	wsj	The Wall Street Journal		PepsiCo's beverage sales in North America fell again, increasing pressure on it to mull spinning off its bottling operations  https://t.co/WVS2ZJ3rlY	en	[]	['https://on.wsj.com/2zx5s8O']	[]	4	21	37	[]	[]	https://twitter.com/WSJ/status/1016645758781657088	False		0								[]				
1015671762405687296	1015671753585160192	2018-07-08 03:59:53 KST	2018-07-08	03:59:53	+0900	759901363	anthonymasoncbs	Anthony Mason		Steve Jobs (Apple) was the son of a Syrian immigrant. Ray Kroc (McDonalds) the son of Czech immigrants. Indra Nooyi (CEO Pepsico) is an immigrant from India. Andrew &amp; Peggy Cherng (Panda Express) immigrants from China &amp; Burma	en	[]	[]	[]	2	3	42	[]	[]	https://twitter.com/AnthonyMasonCBS/status/1015671762405687296	False		0								[]				
1013787846107418624	1013787846107418624	2018-07-02 23:13:52 KST	2018-07-02	23:13:52	+0900	197450643	pepsico_uk	PepsiCo UK News		It’s #AllyDay here at Green Park! To raise awareness of #LGBT+ diversity at work, we’ve hung a PepsiCO #PRIDE banner in reception, dished out some #RainbowDoritos and given colleagues #rainbow lanyards  https://t.co/dK1Ih5Py3N	en	[]	[]	['https://pbs.twimg.com/media/DhGyi7LXUAAi0uc.jpg']	0	5	19	['allyday', 'lgbt', 'pride', 'rainbowdoritos', 'rainbow']	[]	https://twitter.com/pepsico_uk/status/1013787846107418624	False		1	https://pbs.twimg.com/media/DhGyi7LXUAAi0uc.jpg							[]				
1013781951482908673	1013781951482908673	2018-07-02 22:50:27 KST	2018-07-02	22:50:27	+0900	200638297	chipicastillo	Christian Castillo		PepsiCo desde abajo: nueva miniserie documental de La Izquierda Diario  https://t.co/3h1oYaXHsG  https://t.co/OAuAaleoIc vía @izquierdadiario	es	[{'screen_name': 'izquierdadiario', 'name': 'la izquierda diario', 'id': '2573916020'}]	['https://www.youtube.com/watch?v=DqWtfABoTic', 'http://www.laizquierdadiario.com/PepsiCo-desde-abajo-nueva-miniserie-documental-de-La-Izquierda-Diario']	[]	0	6	13	[]	[]	https://twitter.com/chipicastillo/status/1013781951482908673	False		0								[]				
1013753319666282501	1013753319666282501	2018-07-02 20:56:40 KST	2018-07-02	20:56:40	+0900	76780580	rmantha2	Serv'ed (pr:Srrvid)🙏 (He/They)		Dear #Pepsico  Tobacco is legal, polluting environment in a 1000 ways is legal, junk sugary drinks are legal, and your mouthfeel-enhanced,lab-developed,flavor-mutant,corny product is also legal. But I am talking about how to promote good health in humanity,&amp; Doritos don't cut it.  https://t.co/5ioUcMe6gh	en	[]	['https://twitter.com/PepsiCoCaresin/status/1013749721276432386']	[]	3	18	81	['pepsico']	[]	https://twitter.com/rmantha2/status/1013753319666282501	False	https://twitter.com/PepsiCoCaresin/status/1013749721276432386	0								[]				
1013751395097464834	1013751395097464834	2018-07-02 20:49:01 KST	2018-07-02	20:49:01	+0900	27830610	wfp	World Food Programme		Crisha’s parents are refugees from Burundi. “I want to be a shopkeeper when I grow up and become rich.” Could Crisha, who was born in the refugee camp, become as successful as Indra Nooyi, the CEO of Pepsico?  👉  https://t.co/eQQVqcXoh2  https://t.co/ce97W6PpOs	en	[]	['http://bit.ly/2ywy2GM']	['https://pbs.twimg.com/media/DhGRhVHX4AABDJE.jpg']	5	40	151	[]	[]	https://twitter.com/WFP/status/1013751395097464834	False		1	https://pbs.twimg.com/media/DhGRhVHX4AABDJE.jpg							[]				
1013241424660312064	1013241424660312064	2018-07-01 11:02:35 KST	2018-07-01	11:02:35	+0900	2573916020	izquierdadiario	La Izquierda Diario		Hace un año los viste enfrentar a las fuerzas represivas, a una multinacional, a Macri y a Vidal en defensa de su pan y el de sus familias, con las Leonas a la cabeza. Conocé la historia de lucha y organización de obreras y obreros de Pepsico. #DesdeAbajo  https://t.co/8B5UNCUUnH  https://t.co/sqGovROEF1	es	[]	['http://bit.ly/2tUbGJy']	[]	0	11	30	['desdeabajo']	[]	https://twitter.com/izquierdadiario/status/1013241424660312064	False		1	https://pbs.twimg.com/ext_tw_video_thumb/1013241280728616960/pu/img/f_nfhMblFRb2UsFl.jpg							[]				
