id	conversation_id	created_at	date	time	timezone	user_id	username	name	place	tweet	language	mentions	urls	photos	replies_count	retweets_count	likes_count	hashtags	cashtags	link	retweet	quote_url	video	thumbnail	near	geo	source	user_rt_id	user_rt	retweet_id	reply_to	retweet_date	translate	trans_src	trans_dest
1068078380137046016	1068078380137046016	2018-11-29 18:45:04 KST	2018-11-29	18:45:04	+0900	43855487	bsindia	Business Standard		PepsiCo has tie-ups with KFC, Pizza Hut, Domino's, Burger King, and Subway in India, while Coca-Cola has a partnership with McDonald's only	en	[]	[]	[]	3	5	19	[]	[]	https://twitter.com/bsindia/status/1068078380137046016	False		0								[]				
1067849632376471552	1067849632376471552	2018-11-29 03:36:06 KST	2018-11-29	03:36:06	+0900	744334658	thejudge44	Aaron Judge		Honored to have joined Vanguard Award recipient @PepsiCo at the @GENYOUthNow Gala in recognition of their continued commitment to equipping and empowering young people around the country!  https://t.co/BvhjxYZtps	en	[{'screen_name': 'pepsico', 'name': 'pepsico', 'id': '21346619'}, {'screen_name': 'genyouthnow', 'name': 'genyouthnow', 'id': '246575950'}]	[]	['https://pbs.twimg.com/media/DtHDk90UcAAnKOE.jpg']	16	72	941	[]	[]	https://twitter.com/TheJudge44/status/1067849632376471552	False		1	https://pbs.twimg.com/media/DtHDk90UcAAnKOE.jpg							[]				
1067785843652218886	1067785843652218886	2018-11-28 23:22:38 KST	2018-11-28	23:22:38	+0900	45378746	tonywest	Tony West		A year ago I left the stability of @PepsiCo—a great, stable company—to join @Uber, an org defined by controversy at the time. Some folks asked why I’d take such a huge professional risk when I didn’t have to. Watch this interview with @dkhos and you’ll immediately understand why.	en	[{'screen_name': 'pepsico', 'name': 'pepsico', 'id': '21346619'}, {'screen_name': 'uber', 'name': 'uber', 'id': '19103481'}, {'screen_name': 'dkhos', 'name': 'dara khosrowshahi', 'id': '41642329'}]	[]	[]	13	16	116	[]	[]	https://twitter.com/tonywest/status/1067785843652218886	False	https://twitter.com/dkhos/status/1067584923379294208	0								[]				
1067509194272776192	1067509194272776192	2018-11-28 05:03:19 KST	2018-11-28	05:03:19	+0900	288959417	kassor_flowter	Shishi | Kass 🇫🇷		Très ému à l’idée de voir mon premier Pepsico dans quelques minutes ! On peut réaliser un nouvel exploit, mais on peut également en prendre 5 en une mi-temps.  ALLEZ L’OLYMPIQUE LYONNAIS BORDEL 🔴🔵 #OLMC  https://t.co/943kmZp6g9	fr	[]	[]	['https://pbs.twimg.com/media/DtCM7oHX4AAVRfB.jpg', 'https://pbs.twimg.com/media/DtCM7nFWwAEzhkz.jpg']	1	1	29	['olmc']	[]	https://twitter.com/Kassor_Flowter/status/1067509194272776192	False		1	https://pbs.twimg.com/media/DtCM7oHX4AAVRfB.jpg							[]				
1067444231059505152	1067444231059505152	2018-11-28 00:45:11 KST	2018-11-28	00:45:11	+0900	16347095	hortons_kids	Horton's Kids		It's #GivingTuesday and we need you! Please ask your family and friends to follow Horton’s Kids on all of our social media channels. For today only, every new follower will be matched with a $1 gift from @PepsiCo up to $3,000. #ISupportHK  https://t.co/4aLWEar3RN	en	[{'screen_name': 'pepsico', 'name': 'pepsico', 'id': '21346619'}]	[]	['https://pbs.twimg.com/media/DtBS3sGWsAAQOtx.jpg']	0	11	13	['givingtuesday', 'isupporthk']	[]	https://twitter.com/Hortons_Kids/status/1067444231059505152	False		1	https://pbs.twimg.com/media/DtBS3sGWsAAQOtx.jpg							[]				
1065813438805479424	1065813438805479424	2018-11-23 12:45:00 KST	2018-11-23	12:45:00	+0900	3065748729	radioconvos899	Radio Con Vos 89.9		"#AhoraQueNosEscuchan Dice @myriambregman ""No separo género de clase. No me siento identificada ni sorora con una gerente de Pepsico que ordena  golpear trabajadoras. No me preocupo por los problemas del capitalismo, sino por los problemas de la gente"".  https://t.co/ISFXSdTbIA"	es	[{'screen_name': 'myriambregman', 'name': 'myriam bregman', 'id': '332993154'}]	['http://www.radioconvos.com.ar']	[]	0	13	37	['ahoraquenosescuchan']	[]	https://twitter.com/radioconvos899/status/1065813438805479424	False		0								[]				
1065655919349047296	1065655919349047296	2018-11-23 02:19:04 KST	2018-11-23	02:19:04	+0900	15088481	mikehudema	Mike Hudema		One palm oil company has destroyed an area of forest half the size of Paris.   PepsiCo, Mars, Nestle, Unilever - companies that have promised not to buy palm oil from forest destroyers - are all supporting the destruction.  That needs to stop.   #deforestation #PalmOil  https://t.co/YJwkTxumz4	en	[]	[]	['https://pbs.twimg.com/media/Dsn4aTzWkAEB3Ed.jpg']	4	204	168	['deforestation', 'palmoil']	[]	https://twitter.com/MikeHudema/status/1065655919349047296	False		1	https://pbs.twimg.com/media/Dsn4aTzWkAEB3Ed.jpg							[]				
1065643605690392580	1065643605690392580	2018-11-23 01:30:08 KST	2018-11-23	01:30:08	+0900	1026414410452152320	ramonlaguarta	Ramon Laguarta		Today, I am thankful for my family, a constant source of strength, as well as the @PepsiCo family whose commitment moves us forward every day. Happy Thanksgiving!	en	[{'screen_name': 'pepsico', 'name': 'pepsico', 'id': '21346619'}]	[]	[]	0	0	39	[]	[]	https://twitter.com/ramonlaguarta/status/1065643605690392580	False		0								[]				
1065423409754959873	1065423409754959873	2018-11-22 10:55:10 KST	2018-11-22	10:55:10	+0900	141208596	sureshpprabhu	Suresh Prabhu		Nice meeting global CEO  Of @PepsiCo Mr  @ramonlaguarta and to know their continued interests in India.We look forward to more investments to create more opportunities for our youth, create more jobs.Thx for your visit to India.  https://t.co/muOYEl6Pt5	en	[{'screen_name': 'pepsico', 'name': 'pepsico', 'id': '21346619'}, {'screen_name': 'ramonlaguarta', 'name': 'ramon laguarta', 'id': '1026414410452152320'}]	[]	['https://pbs.twimg.com/media/Dskk8EUVsAAGFfh.jpg']	14	35	180	[]	[]	https://twitter.com/sureshpprabhu/status/1065423409754959873	False		1	https://pbs.twimg.com/media/Dskk8EUVsAAGFfh.jpg							[]				
1065058464156737537	1065058464156737537	2018-11-21 10:45:00 KST	2018-11-21	10:45:00	+0900	948683648	forbes_mexico	Forbes México		Pepsico busca que al menos tres cuartos del volumen de su portafolio de alimentos tenga menos de 1.3 miligramos de sodio por kilocaloría y no rebasar los 1.1 gramos de grasa saturada por 100 kilocalorías hacia 2025.  https://t.co/v11nk49bnG	es	[]	['http://bit.ly/2qTOfiw']	[]	0	5	13	[]	[]	https://twitter.com/Forbes_Mexico/status/1065058464156737537	False		0								[]				
1065016943965552641	1065016943965552641	2018-11-21 08:00:01 KST	2018-11-21	08:00:01	+0900	4052613553	hplabs	HP Labs		.@PepsiCo chose @HP’s Multi Jet Fusion technology to create @theblackpanther #3Dprinted cans.  https://t.co/prF095ngEz #3Dprinting  https://t.co/BIN67g4ypT	en	[{'screen_name': 'pepsico', 'name': 'pepsico', 'id': '21346619'}, {'screen_name': 'hp', 'name': 'hp', 'id': '17193794'}, {'screen_name': 'theblackpanther', 'name': 'black panther', 'id': '2847028078'}]	['http://hp.tl/6013E6Usb']	['https://pbs.twimg.com/media/DsezRCZWkAEngbD.png']	3	10	13	['3dprinted', '3dprinting']	[]	https://twitter.com/hplabs/status/1065016943965552641	False		1	https://pbs.twimg.com/media/DsezRCZWkAEngbD.png							[]				
1064933946360819712	1064933946360819712	2018-11-21 02:30:12 KST	2018-11-21	02:30:12	+0900	1026414410452152320	ramonlaguarta	Ramon Laguarta		At @PepsiCo we're deeply concerned about plastic waste accumulating in our environment and we're committed to helping tackle this challenge. That’s why we're honored to join @CirculateCap in combatting further ocean plastic pollution &amp; driving sustainable growth for communities.	en	[{'screen_name': 'pepsico', 'name': 'pepsico', 'id': '21346619'}, {'screen_name': 'circulatecap', 'name': 'circulate capital', 'id': '1016367417243635714'}]	[]	[]	9	21	95	[]	[]	https://twitter.com/ramonlaguarta/status/1064933946360819712	False		0								[]				
1064352725767475205	1064352725767475205	2018-11-19 12:00:39 KST	2018-11-19	12:00:39	+0900	244218738	sinembargomx	SinEmbargo		Diconsa dio a Pepsico 864.2 mdp en 6 años de EPN, pese a que en 2016 se decretó epidemia por diabetes  https://t.co/ypz2vc5JYs  https://t.co/tCjhwKLKfu	es	[]	['https://bit.ly/2TpWVKA']	['https://pbs.twimg.com/media/DsVXH5VU0AAajWW.jpg']	1	79	32	[]	[]	https://twitter.com/SinEmbargoMX/status/1064352725767475205	False		1	https://pbs.twimg.com/media/DsVXH5VU0AAajWW.jpg							[]				
1063909644395925504	1063909644395925504	2018-11-18 06:40:00 KST	2018-11-18	06:40:00	+0900	244218738	sinembargomx	SinEmbargo		Diconsa dio a Pepsico 864.2 mdp en 6 años de @EPN, pese a que en 2016 se decretó epidemia por diabetes  https://t.co/VJqkCCvcBJ  https://t.co/Jced58BZYT	es	[{'screen_name': 'epn', 'name': 'enrique peña nieto', 'id': '2897441'}]	['http://bit.ly/2DKcuYT']	['https://pbs.twimg.com/media/DsPBC76UcAA7BlZ.jpg']	3	70	26	[]	[]	https://twitter.com/SinEmbargoMX/status/1063909644395925504	False		1	https://pbs.twimg.com/media/DsPBC76UcAA7BlZ.jpg							[]				
1063496190992531457	1063496190992531457	2018-11-17 03:17:05 KST	2018-11-17	03:17:05	+0900	1026414410452152320	ramonlaguarta	Ramon Laguarta		Living all over the world has taught me to value diversity. On International #ToleranceDay, I’m proud to celebrate our @PepsiCo associates, the women and men of every background who make us stronger and propel our company forward every day.	en	[{'screen_name': 'pepsico', 'name': 'pepsico', 'id': '21346619'}]	[]	[]	1	8	41	['toleranceday']	[]	https://twitter.com/ramonlaguarta/status/1063496190992531457	False		0								[]				
1063375830653562880	1063375830653562880	2018-11-16 19:18:49 KST	2018-11-16	19:18:49	+0900	197450643	pepsico_uk	PepsiCo UK News		‘Doing not trying’ PepsiCo #LEAD Ambassadors connecting, collaborating and celebrating #DiversityandInclusion at the annual #LEADNetwork18 in London @lead_eu_net #PepsiCoPeople  https://t.co/rhbshrYghh	en	[{'screen_name': 'lead_eu_net', 'name': 'lead network', 'id': '1705396628'}]	[]	['https://pbs.twimg.com/media/DsHel_WWkAEOUr6.jpg']	0	3	14	['lead', 'diversityandinclusion', 'leadnetwork18', 'pepsicopeople']	[]	https://twitter.com/pepsico_uk/status/1063375830653562880	False		1	https://pbs.twimg.com/media/DsHel_WWkAEOUr6.jpg							[]				
1063210661155610624	1063210661155610624	2018-11-16 08:22:29 KST	2018-11-16	08:22:29	+0900	12127162	babson	Babson College		Our Academy of Distinguished Entrepreneurs celebrations are about to begin! This year, we will induct Sara Blakely, CEO and Founder of @SPANX,   Jesse Itzler (@the100MileMan), Co-Founder of Marquis Jet, and the late Roger Enrico ‘65, H’86, Former CEO of @PepsiCo #babson  https://t.co/AjZ3DfXlVz	en	[{'screen_name': 'spanx', 'name': 'spanx', 'id': '20440643'}, {'screen_name': 'the100mileman', 'name': 'jesse itzler', 'id': '1950699325'}, {'screen_name': 'pepsico', 'name': 'pepsico', 'id': '21346619'}]	[]	['https://pbs.twimg.com/media/DsFIc7SW0AEaY2W.jpg']	0	5	24	['babson']	[]	https://twitter.com/babson/status/1063210661155610624	False		1	https://pbs.twimg.com/media/DsFIc7SW0AEaY2W.jpg							[]				
1063205784098496512	1063205784098496512	2018-11-16 08:03:06 KST	2018-11-16	08:03:06	+0900	19989714	forbescmo	Forbes CMO Network		"""The CMO needs to be the voice of the human in the executive committee."" —Suzanne Kounkel of @DeloitteDigital on ""Human at the Center"" panel alongside @gnlyons21 of @PepsiCo and @DeborahWahl of @Cadillac. #ForbesCMO  https://t.co/ZMtZ2isF0B"	en	[{'screen_name': 'deloittedigital', 'name': 'deloitte digital', 'id': '578881641'}, {'screen_name': 'pepsico', 'name': 'pepsico', 'id': '21346619'}, {'screen_name': 'deborahwahl', 'name': 'deborah wahl (she, her, hers)', 'id': '28564608'}, {'screen_name': 'cadillac', 'name': 'cadillac', 'id': '66408053'}]	[]	['https://pbs.twimg.com/media/DsFDylFV4AECCKm.jpg']	0	8	30	['forbescmo']	[]	https://twitter.com/ForbesCMO/status/1063205784098496512	False		1	https://pbs.twimg.com/media/DsFDylFV4AECCKm.jpg							[]				
1063161481989144576	1063161481989144576	2018-11-16 05:07:04 KST	2018-11-16	05:07:04	+0900	20633239	storyofstuff	The Story of Stuff Project		1 million plastic bottles are sold every minute. Join us on #AmericaRecyclesDay in calling on @CocaCola @PepsiCo and @NestleUSA to get behind real solutions&gt;&gt;  https://t.co/pst2J9UfdX  https://t.co/akRHzl3BFM	en	[{'screen_name': 'cocacola', 'name': 'coca-cola', 'id': '26787673'}, {'screen_name': 'pepsico', 'name': 'pepsico', 'id': '21346619'}, {'screen_name': 'nestleusa', 'name': 'nestlé us', 'id': '78425397'}]	['http://bit.ly/2zVXe73']	['https://pbs.twimg.com/media/DsEbu4tW4AA60yu.jpg']	2	8	18	['americarecyclesday']	[]	https://twitter.com/storyofstuff/status/1063161481989144576	False		1	https://pbs.twimg.com/media/DsEbu4tW4AA60yu.jpg							[]				
1063159857677828096	1063159857677828096	2018-11-16 05:00:37 KST	2018-11-16	05:00:37	+0900	1026414410452152320	ramonlaguarta	Ramon Laguarta		At @PepsiCo we constantly strive to grow more sustainably, and that means working to address the problem of plastics in our environment. From our work with @RECYPartnership to our “beyond the bottle” initiatives, we’re committed to building a healthier planet. #AmericaRecyclesDay	en	[{'screen_name': 'pepsico', 'name': 'pepsico', 'id': '21346619'}, {'screen_name': 'recypartnership', 'name': 'recyclingpartnership', 'id': '3019011850'}]	[]	[]	2	8	41	['americarecyclesday']	[]	https://twitter.com/ramonlaguarta/status/1063159857677828096	False		0								[]				
1063141905578500096	1063141905578500096	2018-11-16 03:49:17 KST	2018-11-16	03:49:17	+0900	21346619	pepsico	PepsiCo		Less than half of recyclables in U.S. homes get recycled. Together we can change that. The PepsiCo Foundation is investing $10 million with @RECYPartnership to help improve recycling for 25 million families.  https://t.co/AKocYYmcsB #AmericaRecyclesDay  https://t.co/lkufdWa0DN	en	[{'screen_name': 'recypartnership', 'name': 'recyclingpartnership', 'id': '3019011850'}]	['http://allinonrecycling.com']	[]	0	7	28	['americarecyclesday']	[]	https://twitter.com/PepsiCo/status/1063141905578500096	False		1	https://pbs.twimg.com/ext_tw_video_thumb/1063141849349664773/pu/img/ANw6P5A6wSYi6YdC.jpg							[]				
1063137570412990470	1063137570412990470	2018-11-16 03:32:03 KST	2018-11-16	03:32:03	+0900	1026414410452152320	ramonlaguarta	Ramon Laguarta		For the 3rd year in a row, @PepsiCo is proud to be the #1 manufacturer in the @Kantar Retail #PoweRanking. This stellar achievement says so much about our commitment to executing with excellence &amp; driving growth for retail partners. Congratulations to our amazing associates!	en	[{'screen_name': 'pepsico', 'name': 'pepsico', 'id': '21346619'}, {'screen_name': 'kantar', 'name': 'kantar', 'id': '14074493'}]	[]	[]	1	7	48	['poweranking']	[]	https://twitter.com/ramonlaguarta/status/1063137570412990470	False		0								[]				
1063118696435081216	1063118696435081216	2018-11-16 02:17:03 KST	2018-11-16	02:17:03	+0900	20633239	storyofstuff	The Story of Stuff Project		We’re sick of #AmericaRecyclesDay. It’s time for the top polluting companies like @cocacola @pepsico @nestle @p&amp;G @danone to quit making weak recycling pledges and show REAL leadership to #breakfreefromplastic!  https://t.co/kWOAcdr1uB	en	[{'screen_name': 'cocacola', 'name': 'coca-cola', 'id': '26787673'}, {'screen_name': 'pepsico', 'name': 'pepsico', 'id': '21346619'}, {'screen_name': 'nestle', 'name': 'nestlé', 'id': '23085995'}, {'screen_name': 'p', 'name': 'paolo i.', 'id': '11046'}, {'screen_name': 'danone', 'name': 'danone', 'id': '570715775'}]	['http://bit.ly/2QPLl9G']	[]	2	16	43	['americarecyclesday', 'breakfreefromplastic']	[]	https://twitter.com/storyofstuff/status/1063118696435081216	False		0								[]				
1063102225365512194	1063102225365512194	2018-11-16 01:11:36 KST	2018-11-16	01:11:36	+0900	838847199417085952	thevillageua	The Village Україна		«PepsiCo Україна» хоче виробляти чіпси із місцевих продуктів на Миколаївському заводі, а не привозити їх із Польщі 🇺🇦  https://t.co/Y2zRgEu4Ez	uk	[]	['https://www.the-village.com.ua/village/business/news/278723-chipsi-lay-s-budut-viroblyati-v-ukrayini']	[]	3	31	71	[]	[]	https://twitter.com/thevillageua/status/1063102225365512194	False		0								[]				
1063038907850387457	1063038907850387457	2018-11-15 21:00:00 KST	2018-11-15	21:00:00	+0900	785097525862797312	misk_global	Misk Global		The passion of design: PepsiCo's Mauro Porcini on how design can make the world a better place by factoring in the environment, usability, fun and beauty #MiskGlobalForum  https://t.co/lrDAEDFKjx	en	[]	[]	[]	1	15	33	['miskglobalforum']	[]	https://twitter.com/Misk_Global/status/1063038907850387457	False		1	https://pbs.twimg.com/ext_tw_video_thumb/1063038446699196416/pu/img/4A4-JEGRH_Izq81w.jpg							[]				
1062993020726009857	1062993020726009857	2018-11-15 17:57:40 KST	2018-11-15	17:57:40	+0900	781846391635185664	miskcommunity	مسك للمجتمع | Misk Community		لماذا نحتاج التصميم اليوم أكثر من أي وقتٍ مضى؟ يجيبنا على هذا التساؤل رئيس قسم التصميم في شركة PepsiCo على منصّة #MiskGlobalForum.  https://t.co/b8zPk4bSzG	ar	[]	[]	['https://pbs.twimg.com/media/DsCBMf9XQAEz5WT.jpg']	1	12	22	['miskglobalforum']	[]	https://twitter.com/MiskCommunity/status/1062993020726009857	False		1	https://pbs.twimg.com/media/DsCBMf9XQAEz5WT.jpg							[]				
1062608844692643841	1062608844692643841	2018-11-14 16:31:05 KST	2018-11-14	16:31:05	+0900	12480582	adage	Ad Age		SodaStream, soon to be owned by PepsiCo, mocks classic Coke ad  https://t.co/oqMBD4JwS2  https://t.co/8AIrLVZcpf	en	[]	['http://bit.ly/2QHrhX2']	['https://pbs.twimg.com/media/Dr8lHNJXQAAcIKy.jpg']	2	1	10	[]	[]	https://twitter.com/adage/status/1062608844692643841	False		1	https://pbs.twimg.com/media/Dr8lHNJXQAAcIKy.jpg							[]				
1062503675002867713	1062503675002867713	2018-11-14 09:33:11 KST	2018-11-14	09:33:11	+0900	2802545808	almagro_oea2015	Luis Almagro		Hoy dialogamos con representantes de @ICBAbeverages de @PepsiCo y @CocaCola sobre diversos aspectos vinculados a responsabilidad empresarial y social teniendo en cuenta políticas de DDHH.  https://t.co/cEWLHNDBPr	es	[{'screen_name': 'icbabeverages', 'name': 'icba', 'id': '2571168066'}, {'screen_name': 'pepsico', 'name': 'pepsico', 'id': '21346619'}, {'screen_name': 'cocacola', 'name': 'coca-cola', 'id': '26787673'}]	[]	['https://pbs.twimg.com/media/Dr7Fc_NVsAAAtpA.jpg']	10	18	34	[]	[]	https://twitter.com/Almagro_OEA2015/status/1062503675002867713	False		1	https://pbs.twimg.com/media/Dr7Fc_NVsAAAtpA.jpg							[]				
1062215984185049088	1062215984185049088	2018-11-13 14:30:00 KST	2018-11-13	14:30:00	+0900	486711396	bjplive	BJP LIVE		As PM @narendramodi pushes waterways, PepsiCo sails from Kolkata to Varanasi.  https://t.co/LHNdOz6UtJ #BJPNewsTrack	en	[{'screen_name': 'narendramodi', 'name': 'narendra modi', 'id': '18839785'}]	['https://www.business-standard.com/article/economy-policy/as-pm-modi-pushes-waterways-pepsico-sails-from-kolkata-to-varanasi-118111201342_1.html']	[]	0	29	99	['bjpnewstrack']	[]	https://twitter.com/BJPLive/status/1062215984185049088	False		0								[]				
1062180594698936321	1062180594698936321	2018-11-13 12:09:22 KST	2018-11-13	12:09:22	+0900	2441854915	sanju_verma_	Sanju Verma		Big news has to be India's 1st inland voyage by a container ship since independence,when MV RNTagore successfully docked in Varanasi y'day,carrying 16 cargo trucks of goods from PepsiCo  On its return journey back to Kolkata,it will carry fertilizers from IFFCO's Phulpur plant!	en	[]	[]	[]	14	344	798	[]	[]	https://twitter.com/Sanju_Verma_/status/1062180594698936321	False		0								[]				
1062068022788214785	1062068022788214785	2018-11-13 04:42:03 KST	2018-11-13	04:42:03	+0900	34713362	business	Bloomberg		PepsiCo tests an ancient India river route  https://t.co/qZh7QC7773	en	[]	['https://bloom.bg/2QBSN8w']	[]	0	14	20	[]	[]	https://twitter.com/business/status/1062068022788214785	False		0								[]				
1062027681791795200	1062027681791795200	2018-11-13 02:01:45 KST	2018-11-13	02:01:45	+0900	31103923	ndcnn	Chitra Narayanan		Wow. Finally our rivers being used for transportation! #Pepsico sails from Kolkata to Varanasi tracing the British waterway route  #Ganga  @LloydMathias  https://t.co/EnIc7eIRGh	en	[{'screen_name': 'lloydmathias', 'name': 'lloyd mathias', 'id': '16695229'}]	[]	['https://pbs.twimg.com/media/Dr0Uea0U4AAMs9m.jpg']	3	3	17	['pepsico', 'ganga']	[]	https://twitter.com/ndcnn/status/1062027681791795200	False		1	https://pbs.twimg.com/media/Dr0Uea0U4AAMs9m.jpg							[]				
1062008229667004417	1062008229667004417	2018-11-13 00:44:27 KST	2018-11-13	00:44:27	+0900	29398579	prasannavishy	Prasanna Viswanathan		PepsiCo tests ancient India river route as Narendra Modi pushes waterways.  The World Bank-assisted Ganga waterways project— costing ₹5,370 crore — will enable the commercial navigation of vessels and is set to be completed by 2023  https://t.co/MgX9X9OTto	en	[]	['https://www.livemint.com/Companies/fWxUi4Pe88uIuC7xPZ7AHM/PepsiCo-tests-ancient-India-river-route-as-Modi-pushes-water.html']	[]	1	58	114	[]	[]	https://twitter.com/prasannavishy/status/1062008229667004417	False		0								[]				
1061981265220390912	1061981265220390912	2018-11-12 22:57:18 KST	2018-11-12	22:57:18	+0900	43855487	bsindia	Business Standard		To promote inland waterways, @narendramodi has started dredging channels, building terminals as it will reduce the cost of transportation-- 50% less than highways  #InlandWaterways  #PepsiCo   https://t.co/ikxtZZhHcn	en	[{'screen_name': 'narendramodi', 'name': 'narendra modi', 'id': '18839785'}]	['https://mybs.in/2VrV72M']	[]	3	27	87	['inlandwaterways', 'pepsico']	[]	https://twitter.com/bsindia/status/1061981265220390912	False		0								[]				
1061975664885227521	1061975664885227521	2018-11-12 22:35:03 KST	2018-11-12	22:35:03	+0900	19407053	entrepreneur	Entrepreneur		10 Food and Beverage Startups That PepsiCo Sees as the Next Big Thing  https://t.co/GWAuLm41Af	en	[]	['http://entm.ag/ert']	[]	1	6	23	[]	[]	https://twitter.com/Entrepreneur/status/1061975664885227521	False		0								[]				
1061970966723604481	1061970966723604481	2018-11-12 22:16:23 KST	2018-11-12	22:16:23	+0900	17673635	livemint	Mint		PepsiCo tests ancient India river route as Modi pushes waterways  https://t.co/JOoFnLI4dk	en	[]	['https://www.livemint.com/Companies/fWxUi4Pe88uIuC7xPZ7AHM/PepsiCo-tests-ancient-India-river-route-as-Modi-pushes-water.html']	[]	4	126	312	[]	[]	https://twitter.com/livemint/status/1061970966723604481	False		0								[]				
1061964539279958017	1061964539279958017	2018-11-12 21:50:51 KST	2018-11-12	21:50:51	+0900	34713362	business	Bloomberg		PepsiCo tests an ancient India river route  https://t.co/XPaiE9ZuS7	en	[]	['https://bloom.bg/2QAXsYk']	[]	2	11	18	[]	[]	https://twitter.com/business/status/1061964539279958017	False		0								[]				
1061937122209357824	1061937122209357824	2018-11-12 20:01:54 KST	2018-11-12	20:01:54	+0900	1100927498	ddnewslive	DD News		PM @narendramodi receives country’s 1st container consignment to be sent on an inland waterways vessel. This consignment containing cargo of the food and beverage company Pepsico set sail from Kolkata in the last week of October.  https://t.co/Cwu5x7jKmz	en	[{'screen_name': 'narendramodi', 'name': 'narendra modi', 'id': '18839785'}]	[]	[]	13	207	679	[]	[]	https://twitter.com/DDNewslive/status/1061937122209357824	False		1	https://pbs.twimg.com/ext_tw_video_thumb/1061936934438797313/pu/img/YWrHSu6Pz5IbkI_h.jpg							[]				
1061817717135618049	1061817717135618049	2018-11-12 12:07:26 KST	2018-11-12	12:07:26	+0900	114707587	ravikishann	Ravi Kishan		The ship sailing through Ganges with 16 pepsico containers from Kolkata to #Varanasi. Ganga ji par desh ka pahla#multi model container dhanyawad @govt of #india dhanyawad shri @narendramodi ji Naman ke Saath 🙏  https://t.co/hrLPQuKWwM	in	[{'screen_name': 'govt', 'name': 'govt', 'id': '16163299'}, {'screen_name': 'narendramodi', 'name': 'narendra modi', 'id': '18839785'}]	[]	['https://pbs.twimg.com/media/DrxVkVCV4AA-MH1.jpg']	15	33	225	['varanasi', 'india']	[]	https://twitter.com/ravikishann/status/1061817717135618049	False		1	https://pbs.twimg.com/media/DrxVkVCV4AA-MH1.jpg							[]				
1061500828077371393	1061500780635537408	2018-11-11 15:08:13 KST	2018-11-11	15:08:13	+0900	85462891	tajinderbagga	Tajinder Pal Singh Bagga		PM @narendramodi will receive the country’s first container consignment (post independence) to be sent on an on inland waterways vessel. This consignment containing cargo of the Pepsico set sail from Kolkata.	en	[{'screen_name': 'narendramodi', 'name': 'narendra modi', 'id': '18839785'}]	[]	[]	3	96	277	[]	[]	https://twitter.com/TajinderBagga/status/1061500828077371393	False		0								[]				
1061494241153568772	1061494241153568772	2018-11-11 14:42:03 KST	2018-11-11	14:42:03	+0900	471741741	pmoindia	PMO India		PM will also receive the country’s first container consignment (post independence) to be sent  on an on inland waterways vessel.  This consignment containing cargo of the food and beverage company Pepsico set sail from Kolkata in the last week of October.	en	[]	[]	[]	125	516	2567	[]	[]	https://twitter.com/PMOIndia/status/1061494241153568772	False		0								[]				
1061434585714700288	1061434585714700288	2018-11-11 10:45:00 KST	2018-11-11	10:45:00	+0900	377949581	nbclatino	NBC Latino		There is college scholarship money out there for Latino students, but do they know?  With @EdExcelencia @ds_excelencia @TFSscholarships @PepsiCo @EsperanzaFund @HSFNews @MyBigFuture @CollegeBoard @Career1Stop +more. #NationalScholarshipMonth  https://t.co/fLZobA9AyE	en	[{'screen_name': 'edexcelencia', 'name': 'edexcelencia.org', 'id': '92106042'}, {'screen_name': 'ds_excelencia', 'name': 'deborah santiago', 'id': '1206066318'}, {'screen_name': 'tfsscholarships', 'name': 'tfs scholarships', 'id': '2861136630'}, {'screen_name': 'pepsico', 'name': 'pepsico', 'id': '21346619'}, {'screen_name': 'hsfnews', 'name': 'hsf', 'id': '48827637'}, {'screen_name': 'mybigfuture', 'name': 'bigfuture', 'id': '526725241'}, {'screen_name': 'collegeboard', 'name': 'the college board', 'id': '29716569'}, {'screen_name': 'career1stop', 'name': 'careeronestop', 'id': '1092712946'}]	['https://www.nbcnews.com/news/latino/there-college-scholarship-money-out-there-latino-students-do-they-n934241']	[]	1	7	11	['nationalscholarshipmonth']	[]	https://twitter.com/NBCLatino/status/1061434585714700288	False		0								[]				
1061353117860708352	1061353117860708352	2018-11-11 05:21:16 KST	2018-11-11	05:21:16	+0900	2911771819	shipmin_india	Ministry of Ports, Shipping and Waterways		Enroute Varanasi from Kolkata, the #IWAI vessel carrying 16 containers of PepsiCo cargo crossing Farraka lock on river Ganga ( #NW1 )  Will be received by Hon’ble Prime Minister on Monday , 12 Nov’18. #BadaltaBharat #IndiaMovesOnRivers  #Sagarmala    https://t.co/dqmEkrcGXV  https://t.co/VJiwRVS1RJ	en	[]	['https://twitter.com/shipmin_india/status/1057365095511146496?s=21']	['https://pbs.twimg.com/media/DrqvBiXX0AEdmbi.jpg']	38	287	965	['iwai', 'nw1', 'badaltabharat', 'indiamovesonrivers', 'sagarmala']	[]	https://twitter.com/shipmin_india/status/1061353117860708352	False	https://twitter.com/shipmin_india/status/1057365095511146496?s=21	1	https://pbs.twimg.com/media/DrqvBiXX0AEdmbi.jpg							[]				
1060996199854063617	1060996199854063617	2018-11-10 05:43:01 KST	2018-11-10	05:43:01	+0900	948683648	forbes_mexico	Forbes México		Durante 2017, PepsiCo redujo en 32% las grasas saturadas en sus alimentos en Latinoamérica y bajó 55% el sodio.  https://t.co/zXgquiQjjq	es	[]	['http://bit.ly/2FhvOOL']	[]	0	5	18	[]	[]	https://twitter.com/Forbes_Mexico/status/1060996199854063617	False		0								[]				
1060566421716000769	1060566421716000769	2018-11-09 01:15:13 KST	2018-11-09	01:15:13	+0900	1026414410452152320	ramonlaguarta	Ramon Laguarta		#STEM will be key to responding quickly to evolving consumer preferences and all the trends reshaping our world. That’s one reason @PepsiCo is helping increase access to #STEM careers around the globe. On #NationalSTEMDay we're proud to share our progress:  https://t.co/jpwmOKQeba	en	[{'screen_name': 'pepsico', 'name': 'pepsico', 'id': '21346619'}]	['http://bit.ly/2JMuz8O']	[]	1	11	54	['stem', 'stem', 'nationalstemday']	[]	https://twitter.com/ramonlaguarta/status/1060566421716000769	False		0								[]				
1060458326994116608	1060458326994116608	2018-11-08 18:05:42 KST	2018-11-08	18:05:42	+0900	13668082	mikeliturriaga	Mikel López Iturriaga🏳️‍🌈		Nestlé, PepsiCo, Coca-Cola, Mondélez y Unilever empiezan a implantar un nuevo etiquetado que, ¡sorpresa!, servirá para blanquear sus productos insanos y confundir aún más al consumidor.  https://t.co/sjhSEz6Tfk	es	[]	['https://elpais.com/sociedad/2018/11/07/actualidad/1541607428_947724.html']	[]	13	365	309	[]	[]	https://twitter.com/mikeliturriaga/status/1060458326994116608	False		0								[]				
1059856859920625664	1059856859920625664	2018-11-07 02:15:41 KST	2018-11-07	02:15:41	+0900	742143	bbcworld	BBC News (World)		PepsiCo launches bid for Pipers Crisps  https://t.co/6rUmrvGDZv	en	[]	['https://bbc.in/2QiXljL']	[]	13	16	63	[]	[]	https://twitter.com/BBCWorld/status/1059856859920625664	False		0								[]				
1059394050678120448	1059394050678120448	2018-11-05 19:36:38 KST	2018-11-05	19:36:38	+0900	381949397	ianuragthakur	Anurag Thakur		Our Actions are our Achievements.  In a weeks time our Govt will accomplish another historic milestone led by PM @narendramodi ji &amp; orchestrated by Union Minister @nitin_gadkari ji.  • PepsiCo will move 16 containers frm Kolkata-Varanasi on vessel MV RN Tagore, over river Ganga.	en	[{'screen_name': 'narendramodi', 'name': 'narendra modi', 'id': '18839785'}, {'screen_name': 'nitin_gadkari', 'name': 'nitin gadkari', 'id': '97217966'}]	[]	[]	6	98	551	[]	[]	https://twitter.com/ianuragthakur/status/1059394050678120448	False	https://twitter.com/nitin_gadkari/status/1058592388862472193	0								[]				
1059280310829891585	1059280310829891585	2018-11-05 12:04:41 KST	2018-11-05	12:04:41	+0900	811972460560019456	republic	Republic		This Picture Of 16 PepsiCo containers on the Ganga is the biggest news of the week, says Nitin Gadkari, hailing historic first in river logistics in India  https://t.co/cmFaVoJbJX	en	[]	['https://www.republicworld.com/india-news/economy/this-picture-of-16-pepsico-containers-on-the-ganga-is-the-biggest-news-of-the-week-says-nitin-gadkari-hailing-historic-first-in-river-logistics-in-india']	[]	3	33	85	[]	[]	https://twitter.com/republic/status/1059280310829891585	False		0								[]				
1059097239832879104	1059097239832879104	2018-11-04 23:57:13 KST	2018-11-04	23:57:13	+0900	37396883	amritabhinder	Amrita Bhinder 🇮🇳		Nitin Gadkari has hailed a historic first in India's river logistics space  PepsiCo is transporting 16 containers from Kolkata to Varanasi via the Ganga  The Prime Minister will be in Varanasi when the cargo arrives  https://t.co/xCgDGoWatC	en	[]	['https://www.republicworld.com/india-news/economy/this-picture-of-16-pepsico-containers-on-the-ganga-is-the-biggest-news-of-the-week-says-nitin-gadkari-hailing-historic-first-in-river-logistics-in-india']	[]	4	232	597	[]	[]	https://twitter.com/amritabhinder/status/1059097239832879104	False		0								[]				
1058925580928851970	1058925580928851970	2018-11-04 12:35:07 KST	2018-11-04	12:35:07	+0900	29958928	toiindianews	TOI India		PepsiCo moving 16 containers on inland vessel over river Ganga: Nitin Gadkari  https://t.co/ghrbe0rQVT	en	[]	['http://toi.in/9RpK5Z']	[]	3	7	34	[]	[]	https://twitter.com/TOIIndiaNews/status/1058925580928851970	False		0								[]				
1058886575285854208	1058886575285854208	2018-11-04 10:00:07 KST	2018-11-04	10:00:07	+0900	7996082	el_pais	EL PAÍS		Coca Cola, Danone, Pepsico, Unilever o Inditex son solo algunas de las compañías que se han unido al acuerdo global New Plastics Economy  https://t.co/35KdVqYzU4	es	[]	['http://ow.ly/5x7X30mufxy']	[]	3	118	214	[]	[]	https://twitter.com/el_pais/status/1058886575285854208	False		0								[]				
1058829924025405445	1058829924025405445	2018-11-04 06:15:00 KST	2018-11-04	06:15:00	+0900	48036557	empresaspolar	Empresas Polar		En diciembre de 1996, mediante la alianza estratégica acordada con el socio internacional PepsiCo, nace lo que hoy conocemos como Pepsi-Cola Venezuela C.A. Otra alianza que nos enorgullece como #GentePolar.	es	[]	[]	[]	0	52	101	['gentepolar']	[]	https://twitter.com/EmpresasPolar/status/1058829924025405445	False		0								[]				
1058750656104656896	1058750656104656896	2018-11-04 01:00:01 KST	2018-11-04	01:00:01	+0900	74980737	opindia_com	OpIndia.com		PepsiCo to move 16 containers along National Waterways-1 from Kolkata to Varanasi on inland vessel  https://t.co/kYxY7nrjqd	en	[]	['https://www.opindia.com/2018/11/pepsico-to-move-16-containers-along-national-waterways-1-from-kolkata-to-varanasi-on-inland-vessel/']	[]	1	35	105	[]	[]	https://twitter.com/OpIndia_com/status/1058750656104656896	False		0								[]				
1058706078114832384	1058706078114832384	2018-11-03 22:02:53 KST	2018-11-03	22:02:53	+0900	3241214268	kirenrijiju	Kiren Rijiju		This should have been the biggest news of the week in India. For the first time since independence, a container is moving on inland vessel. PepsiCo is moving 16 containers from Kolkata to Varanasi on vessel MV RN Tagore, over river Ganga. Such a huge accomplishment! SagarMala  https://t.co/jNQkp1GbKa	en	[]	[]	['https://pbs.twimg.com/media/DrFHih2WwAABL3H.jpg']	27	279	926	[]	[]	https://twitter.com/KirenRijiju/status/1058706078114832384	False		1	https://pbs.twimg.com/media/DrFHih2WwAABL3H.jpg							[]				
1058627654713131008	1058627654713131008	2018-11-03 16:51:15 KST	2018-11-03	16:51:15	+0900	353225707	sharmakhemchand	khemchand sharma #Brajwasi #RadheRadhe		1st time in Independent India, Containers r moving on inland vessel.  PepsiCo is moving 16 containers from Kolkata to Varanasi on vessel MV RN Tagore, over river Ganga. Huge potential #InlandWaterways   Kudos to @nitin_gadkari ji 4 Transforming Indian Transport System!  https://t.co/aQkHtB2tNA	en	[{'screen_name': 'nitin_gadkari', 'name': 'nitin gadkari', 'id': '97217966'}]	[]	['https://pbs.twimg.com/media/DrEAOy5U0AAZd7a.jpg']	1	23	45	['inlandwaterways']	[]	https://twitter.com/SharmaKhemchand/status/1058627654713131008	False		1	https://pbs.twimg.com/media/DrEAOy5U0AAZd7a.jpg							[]				
1058601834317791232	1058601834317791232	2018-11-03 15:08:39 KST	2018-11-03	15:08:39	+0900	2203198389	ravindrak2000	Ravindra Singh		For the first time since independence, a container is moving on inland vessel. PepsiCo is moving 16 containers from Kolkata to Varanasi on vessel MV RN Tagore, over river Ganga.  PM @narendramodi   @nitin_gadkari  https://t.co/3SLkksJLyq	en	[{'screen_name': 'narendramodi', 'name': 'narendra modi', 'id': '18839785'}, {'screen_name': 'nitin_gadkari', 'name': 'nitin gadkari', 'id': '97217966'}]	[]	['https://pbs.twimg.com/media/DrDos94WkAABX13.jpg']	1	8	17	[]	[]	https://twitter.com/ravindrak2000/status/1058601834317791232	False		1	https://pbs.twimg.com/media/DrDos94WkAABX13.jpg							[]				
1058590268218208256	1058590268218208256	2018-11-03 14:22:42 KST	2018-11-03	14:22:42	+0900	97217966	nitin_gadkari	Nitin Gadkari		This should have been the biggest news of the week in India.   For the first time since independence, a container is moving on inland vessel. PepsiCo is moving 16 containers from Kolkata to Varanasi on vessel MV RN Tagore, over river Ganga. Such a huge accomplishment!#SagarMala	en	[]	[]	[]	1164	10410	29314	['sagarmala']	[]	https://twitter.com/nitin_gadkari/status/1058590268218208256	False		0								[]				
1058586465540628480	1058586465540628480	2018-11-03 14:07:35 KST	2018-11-03	14:07:35	+0900	165506153	buzzindelhi	Arvind Gupta		For the first time in Independent India, a container is moving on inland vessel. PepsiCo is moving 16 containers from Kolkata to Varanasi on vessel MV RN Tagore, over river Ganga. Huge potential #InlandWaterways  https://t.co/06auXG51TK	en	[]	[]	['https://pbs.twimg.com/media/DrDaxfiVAAAakZP.jpg']	14	221	496	['inlandwaterways']	[]	https://twitter.com/buzzindelhi/status/1058586465540628480	False		1	https://pbs.twimg.com/media/DrDaxfiVAAAakZP.jpg							[]				
1058584326126866432	1058584326126866432	2018-11-03 13:59:05 KST	2018-11-03	13:59:05	+0900	171036754	adolitics	Gaurav Tiwari		This should have been d biggest news of the week in India 4 the first time since independence,a container is moving on inland vessel. @PepsiCo is moving 16 containers from Kolkata 2 Varanasi on vessel MVRN Tagore,over river Ganga. Such a huge accomplishment. SagarMala @BJP4India  https://t.co/vnbySeCJkC	en	[{'screen_name': 'pepsico', 'name': 'pepsico', 'id': '21346619'}, {'screen_name': 'bjp4india', 'name': 'bjp', 'id': '207809313'}]	[]	['https://pbs.twimg.com/media/DrDYx4xXgAAjEuN.jpg']	0	3	18	[]	[]	https://twitter.com/adolitics/status/1058584326126866432	False		1	https://pbs.twimg.com/media/DrDYx4xXgAAjEuN.jpg							[]				
1058576554043826176	1058576554043826176	2018-11-03 13:28:12 KST	2018-11-03	13:28:12	+0900	177886974	gauravcsawant	GAURAV C SAWANT		A new beginning: containers moving  from Kolkata to Varanasi onboard MV Rabindranath Tagore on river Ganga. PepsiCo moving 16 containers inland waterways! This is equivalent of 16 truckloads off the roads now. Many advantages. River tourism &amp; river cruise next. #IndiaFirst  https://t.co/eZME4noVBx	en	[]	[]	['https://pbs.twimg.com/media/DrDRwH6XgAEd9Tf.jpg']	49	1061	2628	['indiafirst']	[]	https://twitter.com/gauravcsawant/status/1058576554043826176	False		1	https://pbs.twimg.com/media/DrDRwH6XgAEd9Tf.jpg							[]				
1058569044318547968	1058569044318547968	2018-11-03 12:58:22 KST	2018-11-03	12:58:22	+0900	477500631	p_sahibsingh	Parvesh Sahib Singh		For the first time since independence, a container is moving on inland vessel. PepsiCo is moving 16 containers from Kolkata to Varanasi on vessel MV RN Tagore, over river Ganga. Such a huge accomplishment!  #SagarMala @nitin_gadkari  https://t.co/xL6cj6O5lE	en	[{'screen_name': 'nitin_gadkari', 'name': 'nitin gadkari', 'id': '97217966'}]	[]	['https://pbs.twimg.com/media/DrDK7WSUwAA8HDb.jpg']	4	45	145	['sagarmala']	[]	https://twitter.com/p_sahibsingh/status/1058569044318547968	False		1	https://pbs.twimg.com/media/DrDK7WSUwAA8HDb.jpg							[]				
1058566191952945157	1058566191952945157	2018-11-03 12:47:02 KST	2018-11-03	12:47:02	+0900	807095	nytimes	The New York Times		Coke, PepsiCo and other big beverage companies are the unseen forces (and funders) behind ballot initiatives that would ban taxes on food sales  https://t.co/s7QyCbdEUQ	en	[]	['https://nyti.ms/2Qb1RRs']	[]	30	124	251	[]	[]	https://twitter.com/nytimes/status/1058566191952945157	False		0								[]				
1058560251631300609	1058560251631300609	2018-11-03 12:23:25 KST	2018-11-03	12:23:25	+0900	28082599	rajeev_goi	Rajeev Chandrasekhar 🇮🇳		Big news for #Infrastructure n #Logistics . Using the potential of #InlandWaterways as alternate to road n rail for a #NewIndia   PepsiCo mvng 16 contnrs frm Kolkata to Varanasi on MV RN Tagore, over river Ganga.   Congratulations @narendramodi @nitin_gadkari #TransformingIndia  https://t.co/KYS7zUc69X	en	[{'screen_name': 'narendramodi', 'name': 'narendra modi', 'id': '18839785'}, {'screen_name': 'nitin_gadkari', 'name': 'nitin gadkari', 'id': '97217966'}]	[]	['https://pbs.twimg.com/media/DrDC7zSUwAAJPuv.jpg']	15	201	513	['infrastructure', 'logistics', 'inlandwaterways', 'newindia', 'transformingindia']	[]	https://twitter.com/Rajeev_GoI/status/1058560251631300609	False		1	https://pbs.twimg.com/media/DrDC7zSUwAAJPuv.jpg							[]				
1058557631126597632	1058557631126597632	2018-11-03 12:13:00 KST	2018-11-03	12:13:00	+0900	1722800118	harishkhuranna	Harish Khurana		For the 1st time since independence, a container is moving on inland vessel. @PepsiCo is moving 16 containers from Kolkata to Varanasi on vessel MV RN Tagore, over river Ganga. Such a huge accomplishment! #SagarMala   Thanks to @nitin_gadkari ji for this brilliant thought.  https://t.co/bxV9N1etnQ	en	[{'screen_name': 'pepsico', 'name': 'pepsico', 'id': '21346619'}, {'screen_name': 'nitin_gadkari', 'name': 'nitin gadkari', 'id': '97217966'}]	[]	['https://pbs.twimg.com/media/DrDAi0mU0AYNYS4.jpg']	2	19	42	['sagarmala']	[]	https://twitter.com/HarishKhuranna/status/1058557631126597632	False		1	https://pbs.twimg.com/media/DrDAi0mU0AYNYS4.jpg							[]				
1058402582325026816	1058402582325026816	2018-11-03 01:56:54 KST	2018-11-03	01:56:54	+0900	17623957	designobserver	DesignObserver		Building a design organization can be a challenge. Key steps from CEO @IndraNooyi + CCO @MauroPorcini of @PepsiCo ?   1. Build a varied team with a broad approach 2. Onboard changemakers + optimists 3. Articulate the importance of what you do to business  4. Take others with you  https://t.co/1tkPUdo0ta	en	[{'screen_name': 'indranooyi', 'name': 'indra nooyi', 'id': '2652536876'}, {'screen_name': 'mauroporcini', 'name': 'mauro porcini', 'id': '374071244'}, {'screen_name': 'pepsico', 'name': 'pepsico', 'id': '21346619'}]	[]	['https://pbs.twimg.com/media/DrAziDeXQAIic2e.jpg']	2	7	18	[]	[]	https://twitter.com/DesignObserver/status/1058402582325026816	False		1	https://pbs.twimg.com/media/DrAziDeXQAIic2e.jpg							[]				
1058395067071844355	1058395067071844355	2018-11-03 01:27:02 KST	2018-11-03	01:27:02	+0900	22386817	michaelbierut	Michael Bierut		"""I made sure everybody in the company knew that design was important to me."" @PepsiCo's @IndraNooyi talks w @MauroPorcini &amp; @DesignArnett about the role of the CEO in a design-driven company at @DesignObserver's Design of Business | Business of Design Conference at @YaleSOM  https://t.co/D7LBhohZ8A"	en	[{'screen_name': 'pepsico', 'name': 'pepsico', 'id': '21346619'}, {'screen_name': 'indranooyi', 'name': 'indra nooyi', 'id': '2652536876'}, {'screen_name': 'mauroporcini', 'name': 'mauro porcini', 'id': '374071244'}, {'screen_name': 'designarnett', 'name': 'dana arnett', 'id': '54947302'}, {'screen_name': 'designobserver', 'name': 'designobserver', 'id': '17623957'}, {'screen_name': 'yalesom', 'name': 'yale som', 'id': '18781059'}]	[]	['https://pbs.twimg.com/media/DrAsotFXgAAkmI5.jpg']	0	14	57	[]	[]	https://twitter.com/michaelbierut/status/1058395067071844355	False		1	https://pbs.twimg.com/media/DrAsotFXgAAkmI5.jpg							[]				
1058389536542093313	1058388974375362560	2018-11-03 01:05:04 KST	2018-11-03	01:05:04	+0900	14761655	tenderlove	Aaron Patterson		LOL @ the top four companies backing the bill: The Coca-Cola Company, PepsiCo, Inc., Keurig-Dr. Pepper (formerly Dr. Pepper Snapple Group), and Red Bull North America	en	[]	[]	[]	2	0	13	[]	[]	https://twitter.com/tenderlove/status/1058389536542093313	False		0								[]				
1058113315724034048	1058107974688931842	2018-11-02 06:47:27 KST	2018-11-02	06:47:27	+0900	1629241	marcogomes	marcogomes		todas as empresas de consumo (unilever cocacola pepsico nestle etc) serão responsáveis por 100% do recolhimento e reciclagem de suas embalagens. vendeu 1 lata? recicla 1 lata. 1 pacote de doritos? recicla NN gramas de plástico igual ao da embalagem de doritos. porra. tá tirando	pt	[]	[]	[]	10	1	107	[]	[]	https://twitter.com/marcogomes/status/1058113315724034048	False		0								[]				
