id	conversation_id	created_at	date	time	timezone	user_id	username	name	place	tweet	language	mentions	urls	photos	replies_count	retweets_count	likes_count	hashtags	cashtags	link	retweet	quote_url	video	thumbnail	near	geo	source	user_rt_id	user_rt	retweet_id	reply_to	retweet_date	translate	trans_src	trans_dest
1001650298736214016	1001650298736214016	2018-05-30 11:23:35 KST	2018-05-30	11:23:35	+0900	221659600	diegobernaltx	Diego Bernal		Arnold Elem. was the National Champ in PepsiCo.'s recycling contest. Tafolla MS celebrated its 8th graders. (I'm an alum of both.) Someone took the best picture of me all year. Big wins &amp; congrats all around.  https://t.co/ULDJzQd9X1  https://t.co/jvO4iBPbzS	en	[]	['https://ift.tt/2kyOfRO']	['https://pbs.twimg.com/media/DeaTo3dW4AAax82.jpg']	2	5	65	[]	[]	https://twitter.com/DiegoBernalTX/status/1001650298736214016	False		1	https://pbs.twimg.com/media/DeaTo3dW4AAax82.jpg							[]				
1000163363773648899	1000163363773648899	2018-05-26 08:55:02 KST	2018-05-26	08:55:02	+0900	20402945	cnbc	CNBC		PepsiCo said it would buy baked fruit and vegetable snack maker Bare Foods, in a deal that underscores the company's efforts to strengthen its healthy snack portfolio.  https://t.co/HpR2rJ7Zug	en	[]	['https://cnb.cx/2IMj7N8']	[]	2	7	19	[]	[]	https://twitter.com/CNBC/status/1000163363773648899	False		0								[]				
1000150947685896192	1000150947685896192	2018-05-26 08:05:42 KST	2018-05-26	08:05:42	+0900	40927173	yankees	New York Yankees		In honor of this Memorial Day Weekend, military veterans from PepsiCo arrived this morning with a U.S. Flag that they carried 8,000 miles across the country. The flag relay raises awareness for the Children of Fallen Patriots Foundation (@FallenPatriots).  https://t.co/gricqGFYJI	en	[{'screen_name': 'fallenpatriots', 'name': 'children of fallen patriots foundation', 'id': '902306761'}]	[]	['https://pbs.twimg.com/media/DeE-yh3WsAEobVg.jpg']	7	110	543	[]	[]	https://twitter.com/Yankees/status/1000150947685896192	False		1	https://pbs.twimg.com/media/DeE-yh3WsAEobVg.jpg							[]				
999537978400821248	999537978400821248	2018-05-24 15:29:59 KST	2018-05-24	15:29:59	+0900	281926488	unigirona	Spar Girona		📝 ACORD DE PATROCINI | @PepsiCo_ESP aposta pel bàsquet femení amb el patrocini de l’Spar Citylift Girona.  Trobareu tots els detalls de l'acord aquí 👇  https://t.co/5SD8s2w6uR  https://t.co/Nh3lQ560Uj	ca	[{'screen_name': 'pepsico_esp', 'name': 'pepsico españa', 'id': '382096919'}]	['http://ow.ly/yLiX30k9G4v']	['https://pbs.twimg.com/media/Dd8SUeCVwAAvuUn.jpg']	3	13	57	[]	[]	https://twitter.com/unigirona/status/999537978400821248	False		1	https://pbs.twimg.com/media/Dd8SUeCVwAAvuUn.jpg							[]				
999107420428361728	999107420428361728	2018-05-23 10:59:06 KST	2018-05-23	10:59:06	+0900	491350825	makerswomen	MAKERS		At age 21 @IndraNooyi left India, evaded her mother’s dreams of marrying her off by attending @Yale, and worked her way up the corporate ladder. Today she is the Chairman and CEO of @PepsiCo. 🔥 #AAPI   https://t.co/URuJgxkrHF	en	[{'screen_name': 'indranooyi', 'name': 'indra nooyi', 'id': '2652536876'}, {'screen_name': 'yale', 'name': 'yale university', 'id': '5695032'}, {'screen_name': 'pepsico', 'name': 'pepsico', 'id': '21346619'}]	['https://trib.al/eLdsIfZ']	[]	0	6	40	['aapi']	[]	https://twitter.com/MAKERSwomen/status/999107420428361728	False		0								[]				
999024199439126530	999021305784668160	2018-05-23 05:28:24 KST	2018-05-23	05:28:24	+0900	239914756	juan_revenga	Juan Revenga		"@pabloojedaj @PepsiCo_ESP @carloscasabona @nutri_rivers @JulioBasulto_DN @gominolasdpetro @luciapediatra @gemapsico @ObesidadInf_ESP @Midietacojea Incomensurable. Pero recordemos que @PepsiCo_ESP es también la creador del descacharrante eslogan: ""Tus bocabits (y semejantes) pueden formar parte de una dieta variada y equilibrada"" y zasca, te cascan el piramidón  https://t.co/6xP84t8qH3"	es	[{'screen_name': 'pepsico_esp', 'name': 'pepsico españa', 'id': '382096919'}]	['http://juanrevenga.com/2014/02/que-es-lo-que-grita-un-snack-desde-la-cuspide-de-la-piramide/']	[]	3	4	17	[]	[]	https://twitter.com/juan_revenga/status/999024199439126530	False		0								[{'screen_name': 'pabloojedaj', 'name': 'Pablo Ojeda', 'id': '2441671157'}, {'screen_name': 'PepsiCo_ESP', 'name': 'PepsiCo España', 'id': '382096919'}, {'screen_name': 'carloscasabona', 'name': 'carlos casabona', 'id': '2308748130'}, {'screen_name': 'nutri_rivers', 'name': 'nutri_rivers', 'id': '1334618026293997573'}, {'screen_name': 'JulioBasulto_DN', 'name': '🏳️\u200d🌈Julio Basulto', 'id': '1267118816'}, {'screen_name': 'gominolasdpetro', 'name': 'Miguel A. Lurueña', 'id': '293601379'}, {'screen_name': 'luciapediatra', 'name': 'Lucía, mi Pediatra', 'id': '2824318753'}, {'screen_name': 'gemapsico', 'name': 'Gema Psicóloga', 'id': '227627864'}, {'screen_name': 'ObesidadInf_ESP', 'name': '#ObesidadInfantil', 'id': '851833198539673601'}, {'screen_name': 'Midietacojea', 'name': 'Aitor Sánchez García', 'id': '402120585'}]				
998641584580243456	998641584580243456	2018-05-22 04:08:02 KST	2018-05-22	04:08:02	+0900	16336998	printmag	Print magazine		We found in-house #design heroes at @pepsico  https://t.co/asRslUpbZs  https://t.co/hNFJnfXgsL	en	[{'screen_name': 'pepsico', 'name': 'pepsico', 'id': '21346619'}]	['https://buff.ly/2GoxCRl']	['https://pbs.twimg.com/media/DdvjOntUQAA4Wut.jpg']	0	13	31	['design']	[]	https://twitter.com/printmag/status/998641584580243456	False		1	https://pbs.twimg.com/media/DdvjOntUQAA4Wut.jpg							[]				
997191567453585410	997191567453585410	2018-05-18 04:06:11 KST	2018-05-18	04:06:11	+0900	39241551	invest_canada	Invest in Canada		. @Etsy, @WeWork, @PepsiCo, @AppNexus, @Honeywell, are enthusiastic about Canada as a great place to invest in tech and do business. Check out why: 🇨🇦👀  https://t.co/vephmHlfYg	en	[{'screen_name': 'etsy', 'name': 'etsy', 'id': '11522502'}, {'screen_name': 'wework', 'name': 'wework', 'id': '111092283'}, {'screen_name': 'pepsico', 'name': 'pepsico', 'id': '21346619'}, {'screen_name': 'appnexus', 'name': 'appnexus', 'id': '148944935'}, {'screen_name': 'honeywell', 'name': 'honeywell', 'id': '64764487'}]	['http://www.cbc.ca/news/politics/trudeau-business-new-york-1.4666751']	[]	0	9	11	[]	[]	https://twitter.com/invest_canada/status/997191567453585410	False		0								[]				
997191132776890371	997191132776890371	2018-05-18 04:04:27 KST	2018-05-18	04:04:27	+0900	1435710336	anheuserbusch	Anheuser-Busch		We’re proud to present our latest U.S. fleet safety technology at the @NYCDCAS 30th Annual Equipment &amp; Vehicle Show, alongside fellow @TSRcoalition members @ATT, @PepsiCo and @GEOTAB. Join us in helping promote #RoadSafety in the U.S. and beyond.  https://t.co/d25v3GPjSd  https://t.co/qnrps1AGfu	en	[{'screen_name': 'nycdcas', 'name': 'nyc dcas', 'id': '322807298'}, {'screen_name': 'tsrcoalition', 'name': 'together for safer roads', 'id': '2830418378'}, {'screen_name': 'att', 'name': 'at&t', 'id': '14620190'}, {'screen_name': 'pepsico', 'name': 'pepsico', 'id': '21346619'}, {'screen_name': 'geotab', 'name': 'geotab', 'id': '38701786'}]	['http://www.togetherforsaferroads.org/tsr-pledge/']	['https://pbs.twimg.com/media/Dda63RxVwAAxnsc.jpg']	0	4	20	['roadsafety']	[]	https://twitter.com/AnheuserBusch/status/997191132776890371	False		1	https://pbs.twimg.com/media/Dda63RxVwAAxnsc.jpg							[]				
997154026557976577	997154026557976577	2018-05-18 01:37:00 KST	2018-05-18	01:37:00	+0900	14216123	jimcramer	Jim Cramer		PepsiCo stock continues to lose fizz: @BruceKamich   https://t.co/Hx2ejvjYo6	en	[{'screen_name': 'brucekamich', 'name': 'bruce kamich, cmt', 'id': '1410125744'}]	['http://bit.ly/2Ky9hLg']	[]	6	3	22	[]	[]	https://twitter.com/jimcramer/status/997154026557976577	False		0								[]				
996929112844521472	996929112844521472	2018-05-17 10:43:17 KST	2018-05-17	10:43:17	+0900	14260960	justintrudeau	Justin Trudeau		‘We are with Canada, for Canada, from Canada’ - @IndraNooyi of @PepsiCo. Thanks for choosing Canada Indra, and for the meeting this afternoon.  https://t.co/sr6LUjabPT	en	[{'screen_name': 'indranooyi', 'name': 'indra nooyi', 'id': '2652536876'}, {'screen_name': 'pepsico', 'name': 'pepsico', 'id': '21346619'}]	[]	['https://pbs.twimg.com/media/DdXNu_KVQAAf8O5.jpg']	41	65	466	[]	[]	https://twitter.com/JustinTrudeau/status/996929112844521472	False		1	https://pbs.twimg.com/media/DdXNu_KVQAAf8O5.jpg							[]				
996928996972617732	996928996972617732	2018-05-17 10:42:49 KST	2018-05-17	10:42:49	+0900	14260960	justintrudeau	Justin Trudeau		« Nous sommes avec le Canada, pour le Canada et du Canada », @IndraNooyi de @PepsiCo. Merci d'avoir choisi le Canada, Indra, et de m'avoir rencontré cet après-midi.  https://t.co/MZehkA2sad	fr	[{'screen_name': 'indranooyi', 'name': 'indra nooyi', 'id': '2652536876'}, {'screen_name': 'pepsico', 'name': 'pepsico', 'id': '21346619'}]	[]	['https://pbs.twimg.com/media/DdXNh4LVAAACkHe.jpg']	5	24	133	[]	[]	https://twitter.com/JustinTrudeau/status/996928996972617732	False		1	https://pbs.twimg.com/media/DdXNh4LVAAACkHe.jpg							[]				
996925804176203776	996925804176203776	2018-05-17 10:30:08 KST	2018-05-17	10:30:08	+0900	14713787	canadianpm	CanadianPM		Prime Minister Justin Trudeau meets with the Chairman and CEO of @PepsiCo, @IndraNooyi, in New York, NY.  https://t.co/SrlAigf2rr	en	[{'screen_name': 'pepsico', 'name': 'pepsico', 'id': '21346619'}, {'screen_name': 'indranooyi', 'name': 'indra nooyi', 'id': '2652536876'}]	[]	['https://pbs.twimg.com/media/DdXKSPwWkAAdtqJ.jpg']	6	23	59	[]	[]	https://twitter.com/CanadianPM/status/996925804176203776	False		1	https://pbs.twimg.com/media/DdXKSPwWkAAdtqJ.jpg							[]				
996858297448886276	996858297448886276	2018-05-17 06:01:53 KST	2018-05-17	06:01:53	+0900	14141269	dcck	DC Central Kitchen		Thank you to our amazing judges, @MessHallDC, @PepsiCo @DOES_DC and @tomsietsema of the @washingtonpost for joining us for the Pot Pie Cook Off today!  https://t.co/YUpxgdBnHI	en	[{'screen_name': 'messhalldc', 'name': 'mess hall', 'id': '2277745849'}, {'screen_name': 'pepsico', 'name': 'pepsico', 'id': '21346619'}, {'screen_name': 'does_dc', 'name': 'dc does', 'id': '358296196'}, {'screen_name': 'tomsietsema', 'name': 'tom sietsema', 'id': '26843564'}, {'screen_name': 'washingtonpost', 'name': 'the washington post', 'id': '2467791'}]	[]	['https://pbs.twimg.com/media/DdWMFBBX4AYcWGi.jpg', 'https://pbs.twimg.com/media/DdWMHL0W4AIv6Xz.jpg', 'https://pbs.twimg.com/media/DdWMZUCW4AEc8Tt.jpg']	1	3	23	[]	[]	https://twitter.com/dcck/status/996858297448886276	False		1	https://pbs.twimg.com/media/DdWMFBBX4AYcWGi.jpg							[]				
996707687114199041	996707687114199041	2018-05-16 20:03:25 KST	2018-05-16	20:03:25	+0900	1203983084	ruchchorzow1920	Ruch Chorzów		❗️Ruch i Pepsi w jednej drużynie❗️  🖊️ Przy Cichej podpisana została 4-letnia umowa sponsorska pomiędzy koncernem PepsiCo Polska a Ruchem Chorzów SA 🤝  ➡️  https://t.co/0TBQF96xgn  https://t.co/X03qa1KaHh	pl	[]	['http://www.ruchchorzow.com.pl/aktualnosci/10372/ruch-i-pepsi-w-jednej-druzynie/']	['https://pbs.twimg.com/media/DdUDqiuW4AAPViu.jpg']	7	6	103	[]	[]	https://twitter.com/ruchchorzow1920/status/996707687114199041	False		1	https://pbs.twimg.com/media/DdUDqiuW4AAPViu.jpg							[]				
996002696070156288	996002696070156288	2018-05-14 21:22:02 KST	2018-05-14	21:22:02	+0900	15088481	mikehudema	Mike Hudema		One palm oil company has destroyed an area of forest half the size of Paris.   PepsiCo, Mars, Nestle, Unilever - companies that have promised not to buy palm oil from forest destroyers - are all supporting the destruction.  That needs to stop.   #deforestation #PalmOil  https://t.co/hU6HeNUZr7	en	[]	[]	['https://pbs.twimg.com/media/DdKDLHAX0AAWrjA.jpg']	29	543	394	['deforestation', 'palmoil']	[]	https://twitter.com/MikeHudema/status/996002696070156288	False		1	https://pbs.twimg.com/media/DdKDLHAX0AAWrjA.jpg							[]				
995041914671042560	995041914671042560	2018-05-12 05:44:14 KST	2018-05-12	05:44:14	+0900	24744541	lemondefr	Le Monde		Cinq grands groupes (Coca-Cola, Mondelez, Nestlé, PepsiCo et Unilever) s’opposent au Nutri-Score et veulent lancer leur propre système d’étiquetage, basé sur une approche par portions, et non pas aux 100 grammes  https://t.co/zXO6HlGHt8	fr	[]	['https://lemde.fr/2wAd2Oc']	[]	31	80	63	[]	[]	https://twitter.com/lemondefr/status/995041914671042560	False		0								[]				
994386013505146880	994386013505146880	2018-05-10 10:17:55 KST	2018-05-10	10:17:55	+0900	21346619	pepsico	PepsiCo		Once in the Navy, today a PepsiCo employee, forever a part of the team: Gary drives for #RollingRemembrance because he’s proud to support the children of @FallenPatriots. Get the story:  https://t.co/jG00RlBNSI	en	[{'screen_name': 'fallenpatriots', 'name': 'children of fallen patriots foundation', 'id': '902306761'}]	[]	[]	0	7	30	['rollingremembrance']	[]	https://twitter.com/PepsiCo/status/994386013505146880	False		1	https://pbs.twimg.com/ext_tw_video_thumb/994385918755835904/pu/img/7Tyu3WFeMqu8RGJb.jpg							[]				
994164245968441344	994164245968441344	2018-05-09 19:36:41 KST	2018-05-09	19:36:41	+0900	382685028	sruhle	Stephanie Ruhle		Every night in NYC, 23,000 kids go to bed in homeless shelters. Thanks to the extraordinary work of @winnyc_org, they are #forgottenfaces NO MORE.  I was honored to share the stage last night with @pepsico @iamwesmoore &amp; WIN President @chriscquinn  https://t.co/Ji7FbBhM3l	en	[{'screen_name': 'winnyc_org', 'name': 'win', 'id': '78722011'}, {'screen_name': 'pepsico', 'name': 'pepsico', 'id': '21346619'}, {'screen_name': 'iamwesmoore', 'name': 'wes moore for maryland governor', 'id': '42535683'}, {'screen_name': 'chriscquinn', 'name': 'christine quinn', 'id': '2270660737'}]	[]	['https://pbs.twimg.com/media/Dcv7G0-XkAEH9pZ.jpg', 'https://pbs.twimg.com/media/Dcv7G06XkAAMbGp.jpg']	6	63	301	['forgottenfaces']	[]	https://twitter.com/SRuhle/status/994164245968441344	False		1	https://pbs.twimg.com/media/Dcv7G0-XkAEH9pZ.jpg							[]				
993924811784060930	993924811784060930	2018-05-09 03:45:16 KST	2018-05-09	03:45:16	+0900	19539716	foe_us	Friends of the Earth (Action)		".@PepsiCo must take responsibility for its massive conflict #palmoil problem! So we took over their office and told them, ""no more deforestation and exploitation!""  https://t.co/X6NK5p1tDF"	en	[{'screen_name': 'pepsico', 'name': 'pepsico', 'id': '21346619'}]	[]	['https://pbs.twimg.com/media/DcshVyuUwAAS9ZA.jpg', 'https://pbs.twimg.com/media/DcshV9_V0AEABvh.jpg', 'https://pbs.twimg.com/media/DcshWGpV4AAtVYz.jpg', 'https://pbs.twimg.com/media/DcshWTvU0AA5r6p.jpg']	0	8	11	['palmoil']	[]	https://twitter.com/foe_us/status/993924811784060930	False		1	https://pbs.twimg.com/media/DcshVyuUwAAS9ZA.jpg							[]				
993853034844315648	993853034844315648	2018-05-08 23:00:03 KST	2018-05-08	23:00:03	+0900	5360012	greenpeaceusa	Greenpeace USA		Brands like Mars, Nestlé, PepsiCo, and Unilever have been linked to mass deforestation for palm oil. We found that the company they're connected to has cleared nearly 4,000 hectares of rainforest in Paupa, Indonesia — that's almost half the size of Paris!  https://t.co/DzmYzq3crA	en	[]	['http://bit.ly/2jD8m0I']	[]	1	37	27	[]	[]	https://twitter.com/greenpeaceusa/status/993853034844315648	False		0								[]				
993465990775296005	993465990775296005	2018-05-07 21:22:04 KST	2018-05-07	21:22:04	+0900	15088481	mikehudema	Mike Hudema		One palm oil company has destroyed an area of forest half the size of Paris.   PepsiCo, Mars, Nestle, Unilever - companies that have promised not to buy palm oil from forest destroyers - are all supporting the destruction.  That needs to stop.   #deforestation #PalmOil  https://t.co/nRp57GtFo4	en	[]	[]	['https://pbs.twimg.com/media/DcmADbJW0AE73g4.jpg']	22	681	462	['deforestation', 'palmoil']	[]	https://twitter.com/MikeHudema/status/993465990775296005	False		1	https://pbs.twimg.com/media/DcmADbJW0AE73g4.jpg							[]				
993362328891609088	993362328891609088	2018-05-07 14:30:09 KST	2018-05-07	14:30:09	+0900	108740292	expansionmx	Expansión		Paula Santilli, el poder femenino de Pepsico  https://t.co/SjiDXlH24Z	es	[]	['http://ow.ly/wd4Y30jRobi']	[]	1	14	22	[]	[]	https://twitter.com/ExpansionMx/status/993362328891609088	False		0								[]				
993294000399572992	993294000399572992	2018-05-07 09:58:38 KST	2018-05-07	09:58:38	+0900	258474423	jc_coleman4	⚡J.C. Coleman⚡		Very excited to start my new journey and career with PepsiCo/Frito-Lay tomorrow. Ready to put all my energy and focus into perfecting and mastering another craft! Let’s Get It !! 😁😁😁😁😁😁	en	[]	[]	[]	14	4	309	[]	[]	https://twitter.com/jc_coleman4/status/993294000399572992	False		0								[]				
993078474133901314	993078474133901314	2018-05-06 19:42:13 KST	2018-05-06	19:42:13	+0900	4714711828	jutta_ditfurth	Jutta Ditfurth		How PepsiCo, Nestle, Mars and Unilever destroy nature on our only planet.  https://t.co/uJd9mOrwtb	en	[]	['https://twitter.com/greenpeaceuk/status/991278228458344448']	[]	0	19	12	[]	[]	https://twitter.com/jutta_ditfurth/status/993078474133901314	False	https://twitter.com/greenpeaceuk/status/991278228458344448	0								[]				
992799872502976512	992799872502976512	2018-05-06 01:15:09 KST	2018-05-06	01:15:09	+0900	19539716	foe_us	Friends of the Earth (Action)		".@PepsiCo must take responsibility for its massive conflict #palmoil problem! So we took over their office and told them, ""no more deforestation and exploitation!""  https://t.co/MRcpMmbuzL"	en	[{'screen_name': 'pepsico', 'name': 'pepsico', 'id': '21346619'}]	[]	['https://pbs.twimg.com/media/DcciNr1UQAADojb.jpg', 'https://pbs.twimg.com/media/DcciN3AV0AMgUK3.jpg', 'https://pbs.twimg.com/media/DcciOBjUQAA7lyU.jpg', 'https://pbs.twimg.com/media/DcciOLDUQAAZSqK.jpg']	0	10	16	['palmoil']	[]	https://twitter.com/foe_us/status/992799872502976512	False		1	https://pbs.twimg.com/media/DcciNr1UQAADojb.jpg							[]				
992522643742998529	992522643742998529	2018-05-05 06:53:33 KST	2018-05-05	06:53:33	+0900	19539716	foe_us	Friends of the Earth (Action)		".@PepsiCo must take responsibility for its massive conflict #palmoil problem! So we took over their office &amp; told them, ""no more deforestation and exploitation!""  https://t.co/QWL1h8EOYV"	en	[{'screen_name': 'pepsico', 'name': 'pepsico', 'id': '21346619'}]	[]	['https://pbs.twimg.com/media/DcYmA2jU8AAWTMj.jpg', 'https://pbs.twimg.com/media/DcYmBzsVwAAwC_h.jpg', 'https://pbs.twimg.com/media/DcYmCkZU8AAWFWN.jpg', 'https://pbs.twimg.com/media/DcYmDI9VwAEgsYf.jpg']	0	16	23	['palmoil']	[]	https://twitter.com/foe_us/status/992522643742998529	False		1	https://pbs.twimg.com/media/DcYmA2jU8AAWTMj.jpg							[]				
992071766855094273	992071766855094273	2018-05-04 01:01:55 KST	2018-05-04	01:01:55	+0900	4012161	greenpeaceuk	Greenpeace UK		"Last week we revealed that a palm oil supplier to Mars, Nestlé, PepsiCo and Unilever is destroying rainforests in Papua.   Take a look...  ""In pictures: Massive deforestation linked to major consumer brands""   ---&gt;&gt;&gt;  https://t.co/umIcna7RpK  https://t.co/bgHcLZEwP8"	en	[]	['https://act.gp/2JM4tBS']	['https://pbs.twimg.com/media/DcSL4dkXkAA3Q4y.jpg']	8	134	77	[]	[]	https://twitter.com/GreenpeaceUK/status/992071766855094273	False		1	https://pbs.twimg.com/media/DcSL4dkXkAA3Q4y.jpg							[]				
992038110023307264	991316394015944706	2018-05-03 22:48:11 KST	2018-05-03	22:48:11	+0900	491350825	makerswomen	MAKERS		At age 21, @IndraNooyi graduated from the Indian Institute of Management. She then evaded her mother’s dream of marrying her off by attending @Yale and working her way up the corporate ladder, eventually becoming the Chairman and CEO of @PepsiCo. 🔥 #AAPI   https://t.co/pOPqMa55hY  https://t.co/zy5F9DaP4a	en	[{'screen_name': 'indranooyi', 'name': 'indra nooyi', 'id': '2652536876'}, {'screen_name': 'yale', 'name': 'yale university', 'id': '5695032'}, {'screen_name': 'pepsico', 'name': 'pepsico', 'id': '21346619'}]	['https://goo.gl/JGSHVj']	['https://pbs.twimg.com/media/DcRtX0eXcAAfLlC.jpg']	1	11	31	['aapi']	[]	https://twitter.com/MAKERSwomen/status/992038110023307264	False		1	https://pbs.twimg.com/media/DcRtX0eXcAAfLlC.jpg							[]				
991737160893165574	991737160893165574	2018-05-03 02:52:19 KST	2018-05-03	02:52:19	+0900	246575950	genyouthnow	GENYOUthNow		Thanks to @PepsiCo and its team members for helping our nation's students #FuelGreatness by taking steps to provide them with more than 3 million nutritious meals! #ReadyStepMoveGive!  https://t.co/W0faZ5q6FJ	en	[{'screen_name': 'pepsico', 'name': 'pepsico', 'id': '21346619'}]	[]	['https://pbs.twimg.com/media/DcNbnQ_V0AAllAq.jpg']	0	11	22	['fuelgreatness', 'readystepmovegive']	[]	https://twitter.com/GENYOUthNow/status/991737160893165574	False		1	https://pbs.twimg.com/media/DcNbnQ_V0AAllAq.jpg							[]				
991709656673374208	991709656673374208	2018-05-03 01:03:01 KST	2018-05-03	01:03:01	+0900	5360012	greenpeaceusa	Greenpeace USA		.@PepsiCo and @Nestlé: we are totally living up to our promises to not by #palmoil from companies that destroy #forests.  Greenpeace: Ahem... we have footage that says otherwise.  See it here:  https://t.co/bAVo3LW8hr	en	[{'screen_name': 'pepsico', 'name': 'pepsico', 'id': '21346619'}]	['http://bit.ly/2FzGHGr']	[]	1	36	38	['palmoil', 'forests']	[]	https://twitter.com/greenpeaceusa/status/991709656673374208	False		0								[]				
991678757315534851	991678757315534851	2018-05-02 23:00:14 KST	2018-05-02	23:00:14	+0900	2437502443	racingxtinction	Racing Extinction		PepsiCo: cut ties to deforestation &amp; exploitation of palm oil workers. CEO Indra Nooyi, put an end to it now!  https://t.co/c5LIHIAa9W	en	[]	['http://thndr.me/cg7RCN']	[]	2	15	20	[]	[]	https://twitter.com/RacingXtinction/status/991678757315534851	False		0								[]				
991499756894670849	991499756894670849	2018-05-02 11:08:57 KST	2018-05-02	11:08:57	+0900	332993154	myriambregman	Myriam Bregman		Hoy con @NicolasdelCano llegamos al acto del Frente de Izquierda con Camilo Mones, delegado despedido de PepsiCo y Javier Hermosilla de Kraft  https://t.co/VMqeLfgbUj	es	[{'screen_name': 'nicolasdelcano', 'name': 'nicolas del caño', 'id': '374115730'}]	[]	['https://pbs.twimg.com/media/DcKDxCeXkAAxWCo.jpg']	7	14	73	[]	[]	https://twitter.com/myriambregman/status/991499756894670849	False		1	https://pbs.twimg.com/media/DcKDxCeXkAAxWCo.jpg							[]				
991325134786060288	991325134786060288	2018-05-01 23:35:04 KST	2018-05-01	23:35:04	+0900	2437502443	racingxtinction	Racing Extinction		Tomorrow! We’re joining @RAN to demand PepsiCo cut ties to conflict, exploitation &amp; environmental destruction. Join the Thunderclap 👉  https://t.co/u8uxBgQ7oW	en	[{'screen_name': 'ran', 'name': 'rainforest action network (ran)', 'id': '10340482'}]	['http://bit.ly/2Ksjc6a']	[]	0	17	27	[]	[]	https://twitter.com/RacingXtinction/status/991325134786060288	False		0								[]				
991278228458344448	991278228458344448	2018-05-01 20:28:41 KST	2018-05-01	20:28:41	+0900	4012161	greenpeaceuk	Greenpeace UK		Did you hear?  1 palm oil company has destroyed an area of forest half the size of Paris.   And who's buying its palm oil? PepsiCo, Mars, Nestle, Unilever - companies that have promised not to buy palm oil from forest destroyers.  RT and show them the world is watching. ✊🏽🌍  https://t.co/7wT9x3kDrT	en	[]	[]	[]	143	6888	3233	[]	[]	https://twitter.com/GreenpeaceUK/status/991278228458344448	False		1	https://pbs.twimg.com/ext_tw_video_thumb/991263167744479232/pu/img/tzVdRLos-fHVd6BG.jpg							[]				
991214406985048065	991214406985048065	2018-05-01 16:15:05 KST	2018-05-01	16:15:05	+0900	3459051	greenpeace	Greenpeace		A #palmoil supplier to @Nestle, @PepsiCo, @Unilever, and @MarsGlobal is destroying rainforests in Indonesia. Brands need to clean up their supply chains! #EndDeforestation #Wearewatching  https://t.co/BCqHyZhPHU  https://t.co/5D9RzAoi8H	en	[{'screen_name': 'nestle', 'name': 'nestlé', 'id': '23085995'}, {'screen_name': 'pepsico', 'name': 'pepsico', 'id': '21346619'}, {'screen_name': 'unilever', 'name': 'unilever #staysafe', 'id': '109224937'}, {'screen_name': 'marsglobal', 'name': 'mars, incorporated', 'id': '300360969'}]	['https://act.gp/2r3GcPH']	['https://pbs.twimg.com/media/DcGAP5SW4AAUlDG.jpg']	9	282	332	['palmoil', 'enddeforestation', 'wearewatching']	[]	https://twitter.com/Greenpeace/status/991214406985048065	False		1	https://pbs.twimg.com/media/DcGAP5SW4AAUlDG.jpg							[]				
