id	conversation_id	created_at	date	time	timezone	user_id	username	name	place	tweet	language	mentions	urls	photos	replies_count	retweets_count	likes_count	hashtags	cashtags	link	retweet	quote_url	video	thumbnail	near	geo	source	user_rt_id	user_rt	retweet_id	reply_to	retweet_date	translate	trans_src	trans_dest
990708597934862336	990708597934862336	2018-04-30 06:45:10 KST	2018-04-30	06:45:10	+0900	341564433	g_stordalen	Gunhild A. Stordalen		Great start on the @MilkenInstitute Global Conference; food is all over the agenda - and the menu is all 🌱-based! 👏 @Nestle @PepsiCo @kroger #MIGlobal  https://t.co/LgVkJSmsCZ	en	[{'screen_name': 'milkeninstitute', 'name': 'milken institute', 'id': '16373878'}, {'screen_name': 'nestle', 'name': 'nestlé', 'id': '23085995'}, {'screen_name': 'pepsico', 'name': 'pepsico', 'id': '21346619'}, {'screen_name': 'kroger', 'name': 'kroger', 'id': '36359791'}]	[]	['https://pbs.twimg.com/media/Db-0OBUVMAA_bfs.jpg']	1	0	11	['miglobal']	[]	https://twitter.com/G_stordalen/status/990708597934862336	False		1	https://pbs.twimg.com/media/Db-0OBUVMAA_bfs.jpg							[]				
990407862575775744	990407862575775744	2018-04-29 10:50:09 KST	2018-04-29	10:50:09	+0900	25250613	andreasharsono	Andreas Harsono		A palm oil supplier to Mars, Nestlé, PepsiCo and Unilever is destroying rainforests in Papua, Indonesia: @Greenpeace International  https://t.co/jhjsJP90VW	es	[{'screen_name': 'greenpeace', 'name': 'greenpeace', 'id': '3459051'}]	['https://www.ecowatch.com/massive-deforestation-in-indonesia-2563843601.html']	[]	0	22	12	[]	[]	https://twitter.com/andreasharsono/status/990407862575775744	False		0								[]				
990249032361693184	990249032361693184	2018-04-29 00:19:01 KST	2018-04-29	00:19:01	+0900	15088481	mikehudema	Mike Hudema		Palm oil supplier to Mars, Nestlé, PepsiCo and Unilever is destroying rainforests in Papua, Indonesia, reveals Greenpeace International investigation &gt;&gt;  https://t.co/IZlmfeOmHr #deforestation #PalmOil  https://t.co/lZvKfV6toW	en	[]	['http://buff.ly/2HOH2KT']	['https://pbs.twimg.com/media/Db4SPvfU8AAfdfU.jpg']	24	539	256	['deforestation', 'palmoil']	[]	https://twitter.com/MikeHudema/status/990249032361693184	False		1	https://pbs.twimg.com/media/Db4SPvfU8AAfdfU.jpg							[]				
990198956775927808	990198956775927808	2018-04-28 21:00:02 KST	2018-04-28	21:00:02	+0900	401775393	assaadrazzouk	Assaad Razzouk		An area of #rainforest half the size of Paris was cleared in Papua, Indonesia by a palm oil supplier to Mars, Nestlé, PepsiCo and Unilever - making a mockery of these companies’ “no deforestation, no peat, no exploitation” policy   https://t.co/fCa1LtjlvB  https://t.co/N0JlX2xn6j	en	[]	['https://buff.ly/2HOH2KT']	['https://pbs.twimg.com/media/Db3kswqWAAIFAK_.jpg']	12	311	167	['rainforest']	[]	https://twitter.com/AssaadRazzouk/status/990198956775927808	False		1	https://pbs.twimg.com/media/Db3kswqWAAIFAK_.jpg							[]				
990048012541087745	990048012541087745	2018-04-28 11:00:15 KST	2018-04-28	11:00:15	+0900	3459051	greenpeace	Greenpeace		The palm oil supplier to Mars, Nestlé, PepsiCo and Unilever is destroying rainforests in Papua. These brands are failing to meet their promise to stop forest destruction. Help us spread the word. #Wearewatching  https://t.co/BCqHyZhPHU  https://t.co/mwOj6NfQAR	en	[]	['https://act.gp/2r3GcPH']	['https://pbs.twimg.com/media/Db1bavMXcAAwpGA.jpg']	27	959	885	['wearewatching']	[]	https://twitter.com/Greenpeace/status/990048012541087745	False		1	https://pbs.twimg.com/media/Db1bavMXcAAwpGA.jpg							[]				
989947191421784064	989947191421784064	2018-04-28 04:19:37 KST	2018-04-28	04:19:37	+0900	5360012	greenpeaceusa	Greenpeace USA		We asked major consumer brands like @PepsiCo and @Nestle to confirm they were making good on their commitments to stop buying #palmoil from companies that destroy forests. This footage reveals how far behind they really are. #EndDeforestation @EcoWatch  https://t.co/G31dPDDBkd	en	[{'screen_name': 'pepsico', 'name': 'pepsico', 'id': '21346619'}, {'screen_name': 'nestle', 'name': 'nestlé', 'id': '23085995'}, {'screen_name': 'ecowatch', 'name': 'ecowatch', 'id': '78361556'}]	['https://www.ecowatch.com/massive-deforestation-in-indonesia-2563843601.html']	[]	0	47	46	['palmoil', 'enddeforestation']	[]	https://twitter.com/greenpeaceusa/status/989947191421784064	False		0								[]				
989805138901700608	989805138901700608	2018-04-27 18:55:09 KST	2018-04-27	18:55:09	+0900	4008771	greenpeacefr	Greenpeace France		[ENQUÊTE] #Forêts — Un industriel de l'#HuileDePalme fournissant Mars, Nestlé, PepsiCo et Unilever détruit les forêts en Papouasie. @EmmanuelMacron, @N_Hulot : voulez-vous toujours ouvrir grand les vannes de l'huile de palme à Total ? #agrocarburants  https://t.co/y4tfFir7AW  https://t.co/jg6Txg37ZW	fr	[{'screen_name': 'emmanuelmacron', 'name': 'emmanuel macron', 'id': '1976143068'}, {'screen_name': 'n_hulot', 'name': 'nicolas hulot', 'id': '280973617'}]	['https://www.greenpeace.fr/huile-de-palme-deforestation-grandes-marques-tres-retard/']	[]	8	330	176	['forêts', 'huiledepalme', 'agrocarburants']	[]	https://twitter.com/greenpeacefr/status/989805138901700608	False		1	https://pbs.twimg.com/ext_tw_video_thumb/989803685038428160/pu/img/Aw5L_lGp9xuP4rQd.jpg							[]				
989773666400460800	989773666400460800	2018-04-27 16:50:05 KST	2018-04-27	16:50:05	+0900	3459051	greenpeace	Greenpeace		The palm oil supplier to Mars, Nestlé, PepsiCo and Unilever is destroying rainforests in Papua. These brands are failing to meet their promise to stop forest destruction. Help us spread the word. #Wearewatching  https://t.co/BCqHyZzqzs  https://t.co/we0DdM9w0d	en	[]	['https://act.gp/2r3GcPH']	['https://pbs.twimg.com/media/Dbxh5vQXkAAN4io.jpg']	9	418	369	['wearewatching']	[]	https://twitter.com/Greenpeace/status/989773666400460800	False		1	https://pbs.twimg.com/media/Dbxh5vQXkAAN4io.jpg							[]				
989456216316407810	989456216316407810	2018-04-26 19:48:39 KST	2018-04-26	19:48:39	+0900	34713362	business	Bloomberg		Success in PepsiCo's snack division helps offset soda struggles  https://t.co/h2GdD9S2Do  https://t.co/Awib8FNDxf	en	[]	['https://bloom.bg/2Fi3c2M']	['https://pbs.twimg.com/media/DbtBLzBU0AELESK.jpg']	1	11	20	[]	[]	https://twitter.com/business/status/989456216316407810	False		1	https://pbs.twimg.com/media/DbtBLzBU0AELESK.jpg							[]				
989403414793777152	989403414793777152	2018-04-26 16:18:50 KST	2018-04-26	16:18:50	+0900	1180119570	fiza_farhan	Fiza Farhan		CEO @PepsiCo #Pakistan furthering his commitment towards #genderequality by becoming a part of the Male Champions of Change initiative leading the gender agenda from the top! Kicking off @malechampions #Pakistan chapter @LizBroderick @AusHCPak #MCC  https://t.co/yH1201YRCT	en	[{'screen_name': 'pepsico', 'name': 'pepsico', 'id': '21346619'}, {'screen_name': 'malechampions', 'name': 'champions of change coalition', 'id': '1328166565074780161'}, {'screen_name': 'lizbroderick', 'name': 'elizabeth broderick', 'id': '36840692'}, {'screen_name': 'aushcpak', 'name': 'dr geoffrey shaw', 'id': '2408515489'}]	[]	['https://pbs.twimg.com/media/DbsRHG1XkAAYVE-.jpg']	1	2	19	['pakistan', 'genderequality', 'pakistan', 'mcc']	[]	https://twitter.com/Fiza_Farhan/status/989403414793777152	False		1	https://pbs.twimg.com/media/DbsRHG1XkAAYVE-.jpg							[]				
988071205449052162	988071205449052162	2018-04-23 00:05:07 KST	2018-04-23	00:05:07	+0900	1919231	cabel	Cabel		So @rogerclark and I discovered there’s an entire WORLD of health-engineered snack foods for schools. This includes Doritos RF (reduced fat) and the extremely rare baked, not fried, Funyuns.  You can learn more at PepsiCo Away From Home™  https://t.co/7LdGSKw2nY  https://t.co/RK9D2zqZO9	en	[{'screen_name': 'rogerclark', 'name': '@rogerclark', 'id': '14220415'}]	['https://www.pepsicoschoolsource.com/']	['https://pbs.twimg.com/media/DbZVhXXV0AEhz3z.jpg', 'https://pbs.twimg.com/media/DbZVhXrVwAAU80W.jpg', 'https://pbs.twimg.com/media/DbZVhXYV0AATD5R.jpg', 'https://pbs.twimg.com/media/DbZVhXdUQAArHRL.jpg']	13	12	70	[]	[]	https://twitter.com/cabel/status/988071205449052162	False		1	https://pbs.twimg.com/media/DbZVhXXV0AEhz3z.jpg							[]				
988042626346684417	988042626346684417	2018-04-22 22:11:33 KST	2018-04-22	22:11:33	+0900	2652536876	indranooyi	Indra Nooyi		Corporations have a key role to play in protecting our planet. @PepsiCo is striving to minimize the water, energy, emissions and waste we use and produce. I’m so proud of how our company has risen to the occasion, on #EarthDay and every day. Learn more:  https://t.co/HBRrzrfqZo	en	[{'screen_name': 'pepsico', 'name': 'pepsico', 'id': '21346619'}]	['http://www.pepsico.com/sustainability/Performance-with-Purpose/Planet']	[]	14	25	124	['earthday']	[]	https://twitter.com/IndraNooyi/status/988042626346684417	False		0								[]				
987365288189579265	987362383134896129	2018-04-21 01:20:03 KST	2018-04-21	01:20:03	+0900	1332630685	briebriejoy	Briahna Joy Gray		Just spitballing: another metric by which you could assess whether women/pocs are, in fact, marginalized, is to assess how many stakeholders at Google, PepsiCo, AT&amp;T, NBCUniversal, Facebook, UBS, JPMorgan Chase and Deloitte are women/people of color other than Pepsi's CEO.  https://t.co/9fBrOl9Wwz	en	[]	[]	['https://pbs.twimg.com/media/DbPTFYyU0AAFW1z.jpg']	2	7	63	[]	[]	https://twitter.com/briebriejoy/status/987365288189579265	False		1	https://pbs.twimg.com/media/DbPTFYyU0AAFW1z.jpg							[]				
987321636994142209	987321636994142209	2018-04-20 22:26:36 KST	2018-04-20	22:26:36	+0900	4898091	financialtimes	Financial Times		With Warren Buffett off the board it could be easier for Kraft Heinz to bid for other companies — like rival Mondelez or PepsiCo.  https://t.co/3MElluId80	en	[]	['https://on.ft.com/2K2ZtcW']	[]	0	8	17	[]	[]	https://twitter.com/FinancialTimes/status/987321636994142209	False		0								[]				
986633926549622784	986633926549622784	2018-04-19 00:53:53 KST	2018-04-19	00:53:53	+0900	2905258265	seedsandchips	Seeds&Chips		"Thanks to @PepsiCo for supporting last year ""Best disruptive startup Award ""  Who's going to be the next? STAY TUNED!  #SaC18 #FoodInnovation #FoodTech #FutureOfFood  https://t.co/JKP8zuHIcI"	en	[{'screen_name': 'pepsico', 'name': 'pepsico', 'id': '21346619'}]	[]	['https://pbs.twimg.com/media/DbE54p5XcAE37IY.jpg']	0	12	13	['sac18', 'foodinnovation', 'foodtech', 'futureoffood']	[]	https://twitter.com/SEEDSandCHIPS/status/986633926549622784	False		1	https://pbs.twimg.com/media/DbE54p5XcAE37IY.jpg							[]				
986601755550146560	986601755550146560	2018-04-18 22:46:03 KST	2018-04-18	22:46:03	+0900	24579796	shannonelizab	Shannon Elizabeth		PepsiCo exposed: 10,000 hectares of rainforests destroyed for #PalmOil  https://t.co/ohO8Of5dx0	en	[]	['http://sumof.us/405317980t?referring_akid=41553.9580237.6UPEc0']	[]	2	13	43	['palmoil']	[]	https://twitter.com/ShannonElizab/status/986601755550146560	False		0								[]				
986280813133225986	986280813133225986	2018-04-18 01:30:44 KST	2018-04-18	01:30:44	+0900	978497886089605120	pepsicoarabia	@PepsiCoArabia		We’re delighted to meet HE Omar Bin Sultan Al Olama, First Minister of State for Artificial Intelligence, and HE @MaythaAlHabsi CEO of Emirates Foundation, when stopping by the @PepsiCo booth at #ThinkScience today  https://t.co/U4PRv25li0	en	[{'screen_name': 'maythaalhabsi', 'name': 'ميثاء حمد الحبسي', 'id': '413875411'}, {'screen_name': 'pepsico', 'name': 'pepsico', 'id': '21346619'}]	[]	['https://pbs.twimg.com/media/Da_5APlXUAAZzkF.jpg']	0	12	28	['thinkscience']	[]	https://twitter.com/PepsiCoArabia/status/986280813133225986	False		1	https://pbs.twimg.com/media/Da_5APlXUAAZzkF.jpg							[]				
986257137620934657	986257137620934657	2018-04-17 23:56:40 KST	2018-04-17	23:56:40	+0900	978497886089605120	pepsicoarabia	@PepsiCoArabia		“PepsiCo is proud to support the Emirates Foundation with initiatives such as Think Science, which prove invaluable in sparking inspiration in the minds of talented young people.”- Omar Farid, PepsiCo President for the Middle East and North Africa @EFYouth #Think_Science  https://t.co/gcBMmNPAfy	en	[{'screen_name': 'efyouth', 'name': 'emirates foundation', 'id': '428852733'}]	[]	['https://pbs.twimg.com/media/Da_jm1KXUAApdsa.jpg']	0	6	18	['think_science']	[]	https://twitter.com/PepsiCoArabia/status/986257137620934657	False		1	https://pbs.twimg.com/media/Da_jm1KXUAApdsa.jpg							[]				
986109220893396992	986109220893396992	2018-04-17 14:08:53 KST	2018-04-17	14:08:53	+0900	504236742	hhahmedbinsaeed	HH Sheikh Ahmed bin Saeed Al Maktoum		We have announced @PepsiCo as Official Beverage and Snack Partner of @Expo2020Dubai. Our partnership will show millions of people what sustainable F&amp;B will look like in the future and inspire more ideas, while educating visitors on our shared values towards a better world.  https://t.co/xjOI5B9lt3	en	[{'screen_name': 'pepsico', 'name': 'pepsico', 'id': '21346619'}, {'screen_name': 'expo2020dubai', 'name': 'expo 2020 dubai', 'id': '408338751'}]	[]	['https://pbs.twimg.com/media/Da9cyJPXcAAdLy6.jpg', 'https://pbs.twimg.com/media/Da9cztpXcAI8tK4.jpg']	8	36	142	[]	[]	https://twitter.com/HHAhmedBinSaeed/status/986109220893396992	False		1	https://pbs.twimg.com/media/Da9cyJPXcAAdLy6.jpg							[]				
986108120962347008	986108120962347008	2018-04-17 14:04:31 KST	2018-04-17	14:04:31	+0900	37599685	dxbmediaoffice	Dubai Media Office		.@expo2020dubai partners with PepsiCo to bring a new vision for beverages and snacks to millions of global visitors  https://t.co/twyS9n0SSt  https://t.co/PzTaSilq83	en	[{'screen_name': 'expo2020dubai', 'name': 'expo 2020 dubai', 'id': '408338751'}]	['http://tinyurl.com/y9fhun5x']	['https://pbs.twimg.com/media/Da9cC02XcAAAig3.jpg', 'https://pbs.twimg.com/media/Da9cDfoW0AEM9QT.jpg']	2	9	51	[]	[]	https://twitter.com/DXBMediaOffice/status/986108120962347008	False		1	https://pbs.twimg.com/media/Da9cC02XcAAAig3.jpg							[]				
985938869983109121	985938869983109121	2018-04-17 02:51:59 KST	2018-04-17	02:51:59	+0900	408338751	expo2020dubai	Expo 2020 Dubai		Welcome to the #Expo2020 family @IndraNooyi and @PepsiCo team, we’re truly excited to have you on board.  https://t.co/mSOUohaydH	en	[{'screen_name': 'indranooyi', 'name': 'indra nooyi', 'id': '2652536876'}, {'screen_name': 'pepsico', 'name': 'pepsico', 'id': '21346619'}]	['https://twitter.com/indranooyi/status/985893246902636545']	[]	2	7	34	['expo2020']	[]	https://twitter.com/expo2020dubai/status/985938869983109121	False	https://twitter.com/indranooyi/status/985893246902636545	0								[]				
985907322592559105	985907322592559105	2018-04-17 00:46:37 KST	2018-04-17	00:46:37	+0900	408338751	expo2020dubai	Expo 2020 Dubai		Your favourite nutritious oats @Quaker have just joined the #Expo2020 family! Welcome on board, @PepsiCo.  https://t.co/83tvpSLdzi	en	[{'screen_name': 'quaker', 'name': 'quakeroats', 'id': '18940252'}, {'screen_name': 'pepsico', 'name': 'pepsico', 'id': '21346619'}]	[]	[]	0	14	31	['expo2020']	[]	https://twitter.com/expo2020dubai/status/985907322592559105	False		1	https://pbs.twimg.com/ext_tw_video_thumb/985907145710428160/pu/img/F448RXRluR0uyoXi.jpg							[]				
985906823520768000	985906823520768000	2018-04-17 00:44:38 KST	2018-04-17	00:44:38	+0900	408338751	expo2020dubai	Expo 2020 Dubai		Get excited! @Lays is bringing all your favourite flavours to the Expo site. Welcome to the #Expo2020 family, @PepsiCo.  https://t.co/BlljRrRxcB	en	"[{'screen_name': 'lays', 'name': ""lay's"", 'id': '92793164'}, {'screen_name': 'pepsico', 'name': 'pepsico', 'id': '21346619'}]"	[]	[]	0	7	28	['expo2020']	[]	https://twitter.com/expo2020dubai/status/985906823520768000	False		1	https://pbs.twimg.com/ext_tw_video_thumb/985906575297662978/pu/img/JlcrElGZF1CTqmBT.jpg							[]				
985905707932319745	985905707932319745	2018-04-17 00:40:12 KST	2018-04-17	00:40:12	+0900	408338751	expo2020dubai	Expo 2020 Dubai		.@Pepsi is going to quench your thirst while you explore the exceptional #Expo2020. Welcome to the family, @PepsiCo.  https://t.co/7nCerpRSA3	en	[{'screen_name': 'pepsi', 'name': 'pepsi', 'id': '18139619'}, {'screen_name': 'pepsico', 'name': 'pepsico', 'id': '21346619'}]	[]	[]	0	9	23	['expo2020']	[]	https://twitter.com/expo2020dubai/status/985905707932319745	False		1	https://pbs.twimg.com/ext_tw_video_thumb/985905255887106048/pu/img/uqYE9tB63lBJWCf9.jpg							[]				
985893246902636545	985893246902636545	2018-04-16 23:50:41 KST	2018-04-16	23:50:41	+0900	2652536876	indranooyi	Indra Nooyi		Thrilled to announce @PepsiCo partnership with @expo2020dubai. The team will debut our next generation of beverages, snacks, &amp; nutritious foods, as well as host #PerformanceWithPurpose educational engagements on water stewardship, sustainable packaging, agriculture, &amp; nutrition.  https://t.co/1SYzX7sqZ2	en	[{'screen_name': 'pepsico', 'name': 'pepsico', 'id': '21346619'}, {'screen_name': 'expo2020dubai', 'name': 'expo 2020 dubai', 'id': '408338751'}]	[]	['https://pbs.twimg.com/media/Da6Yq1hVQAA8KYE.jpg']	7	22	151	['performancewithpurpose']	[]	https://twitter.com/IndraNooyi/status/985893246902636545	False		1	https://pbs.twimg.com/media/Da6Yq1hVQAA8KYE.jpg							[]				
985885626909282306	985885626909282306	2018-04-16 23:20:24 KST	2018-04-16	23:20:24	+0900	978497886089605120	pepsicoarabia	@PepsiCoArabia		“Our partnership brings together @PepsiCo and @Expo2020Dubai with a shared vision for a more sustainable future in the lead-up to, during, and beyond Expo 2020 in Dubai” Said Indra Nooyi, Chairman and CEO of @PepsiCo  https://t.co/KOgWMtq4ju	en	[{'screen_name': 'pepsico', 'name': 'pepsico', 'id': '21346619'}, {'screen_name': 'expo2020dubai', 'name': 'expo 2020 dubai', 'id': '408338751'}, {'screen_name': 'pepsico', 'name': 'pepsico', 'id': '21346619'}]	[]	['https://pbs.twimg.com/media/Da6RrBpX0AAxSgC.jpg']	0	9	35	[]	[]	https://twitter.com/PepsiCoArabia/status/985885626909282306	False		1	https://pbs.twimg.com/media/Da6RrBpX0AAxSgC.jpg							[]				
985879622041636864	985879615616012294	2018-04-16 22:56:33 KST	2018-04-16	22:56:33	+0900	408338751	expo2020dubai	Expo 2020 Dubai		We will work closely with our new Official Beverage and Snack Partner @PepsiCo to inspire and educate millions in areas of critical importance, including water conservation, sustainable packaging, agriculture and nutrition. To learn more, click here  https://t.co/s4KFrqpE8w  https://t.co/KRwhnpAqLL	en	[{'screen_name': 'pepsico', 'name': 'pepsico', 'id': '21346619'}]	['https://www.expo2020dubai.com/Whats-New/Expo-News/20180416-pepsico']	['https://pbs.twimg.com/media/Da6MKxKXUAAZh0k.jpg']	1	11	25	[]	[]	https://twitter.com/expo2020dubai/status/985879622041636864	False		1	https://pbs.twimg.com/media/Da6MKxKXUAAZh0k.jpg							[]				
985879615616012294	985879615616012294	2018-04-16 22:56:31 KST	2018-04-16	22:56:31	+0900	408338751	expo2020dubai	Expo 2020 Dubai		We’re proud to announce @PepsiCo as our Official Beverage and Snack Partner, a premier partnership based on shared values and a belief in a more sustainable future in the lead-up to, during, and beyond #Expo2020.  https://t.co/D6wSQjTm5U	en	[{'screen_name': 'pepsico', 'name': 'pepsico', 'id': '21346619'}]	[]	['https://pbs.twimg.com/media/Da6L6u3XkAAfR1m.jpg']	3	12	39	['expo2020']	[]	https://twitter.com/expo2020dubai/status/985879615616012294	False		1	https://pbs.twimg.com/media/Da6L6u3XkAAfR1m.jpg							[]				
985623415896748032	985623415896748032	2018-04-16 05:58:29 KST	2018-04-16	05:58:29	+0900	119837523	e_fleischman	EDDIE FLEISCHMAN		¿Debería? ¿Por qué? Si un gran profesional hace carrera y triunfa en Pepsico y es contratado luego y triunfa en CocaCola, ¿debería probar en NN Cola para satisfacer a otros? Los mejores son requeridos por los mejores y cuestan lo q cuestan por ser los mejores. Punto.  https://t.co/zBRtlbL6QN	es	[]	['https://twitter.com/alternativo707/status/985613729684389893']	[]	11	5	67	[]	[]	https://twitter.com/E_FLEISCHMAN/status/985623415896748032	False	https://twitter.com/alternativo707/status/985613729684389893	0								[]				
984915675335610370	984915675335610370	2018-04-14 07:06:10 KST	2018-04-14	07:06:10	+0900	132595055	gobiernodanilo	Gobierno Danilo Medina		PepsiCo quiere ampliar sus negocios en la República Dominicana.  Presidente @DaniloMedina se reúne con el director ejecutivo de PepsiCo Latinoamérica, Laxman Narasimhan. 🇩🇴 #DaniloEnCumbrePerú 🇵🇪  https://t.co/4hf1hmcdby	es	[{'screen_name': 'danilomedina', 'name': 'danilo medina', 'id': '35485571'}]	[]	['https://pbs.twimg.com/media/Dasfkd5X0AA2JPv.jpg', 'https://pbs.twimg.com/media/DasfkdsWsAAbdnZ.jpg', 'https://pbs.twimg.com/media/DasfkdqW4AA0_aO.jpg']	0	32	37	['daniloencumbreperú']	[]	https://twitter.com/GobiernoDanilo/status/984915675335610370	False		1	https://pbs.twimg.com/media/Dasfkd5X0AA2JPv.jpg							[]				
984914734662201349	984914734662201349	2018-04-14 07:02:26 KST	2018-04-14	07:02:26	+0900	132595055	gobiernodanilo	Gobierno Danilo Medina		#DaniloEnCumbrePerú: encuentro del presidente @DaniloMedina con Laxman Narasimha, CEO PepsiCo Latinoamérica, Europa y África Subsahariana.   Acompañan al presidente de la República Dominicana el ministro @MinHaciendard, Donald Guerrero y el consultor jurídico PE, @fdespinal.  https://t.co/PrXIOKnbWM	es	[{'screen_name': 'danilomedina', 'name': 'danilo medina', 'id': '35485571'}, {'screen_name': 'minhaciendard', 'name': 'ministerio de hacienda', 'id': '822470957956812801'}, {'screen_name': 'fdespinal', 'name': 'flavio darío espinal', 'id': '333743518'}]	[]	[]	2	37	40	['daniloencumbreperú']	[]	https://twitter.com/GobiernoDanilo/status/984914734662201349	False		1	https://pbs.twimg.com/ext_tw_video_thumb/984913062212681728/pu/img/JndbTrvoZ9KXqp_Y.jpg							[]				
984884223222976512	984884223222976512	2018-04-14 05:01:11 KST	2018-04-14	05:01:11	+0900	34139306	devinenews	Christine Devine		ASU-ing in DC. Board of trustees for my alma mater, Arizona State University visiting our DC building. Blessed to be part of the voices furthering education. W/ trustee Craig Weatherup– former CEO PepsiCo, ASU President Michael Crow, ASU VP Christine Wilkinson @ASU @Cronkite_ASU  https://t.co/jHZIxCPnEU	en	[{'screen_name': 'asu', 'name': 'arizona state university', 'id': '18783501'}, {'screen_name': 'cronkite_asu', 'name': 'cronkite school', 'id': '28657533'}]	[]	['https://pbs.twimg.com/media/DasC-ulXcAcC6UA.jpg']	1	3	21	[]	[]	https://twitter.com/DevineNews/status/984884223222976512	False		1	https://pbs.twimg.com/media/DasC-ulXcAcC6UA.jpg							[]				
984757520957927424	984757520957927424	2018-04-13 20:37:43 KST	2018-04-13	20:37:43	+0900	338960856	rt_russian	RT на русском		В Госдуме выступили с призывом по поводу товаров PepsiCo и McDonald’s в России  https://t.co/Sq1Cj06VPh  https://t.co/U9w1c9yvwx	ru	[]	['https://ru.rt.com/as1u']	['https://pbs.twimg.com/media/DaqPvs9X4AIYRRL.jpg']	19	51	100	[]	[]	https://twitter.com/RT_russian/status/984757520957927424	False		1	https://pbs.twimg.com/media/DaqPvs9X4AIYRRL.jpg							[]				
984702845952954368	984702845952954368	2018-04-13 17:00:28 KST	2018-04-13	17:00:28	+0900	14855279	jeffreyhayzlett	Jeffrey Hayzlett		"""Mobile is the front door to the internet of things,"" says PepsiCo's Frank Cooper to Jeffrey Hayzlett. Learn more:  https://t.co/ong6bKnf7g"	en	[]	['http://bit.ly/MYOB-PepsiCo']	[]	1	7	21	[]	[]	https://twitter.com/JeffreyHayzlett/status/984702845952954368	False		0								[]				
984191360331845634	984191360331845634	2018-04-12 07:08:00 KST	2018-04-12	07:08:00	+0900	45013575	telesurtv	teleSUR TV		Argentinos marchan nuevamente contra ajuste y despidos  https://t.co/MKcOyU1F4q  La jornada de movilización reclama por los despidos del Inti, la situación de los mineros de Río Turbio, los despedidos del Hospital Posadas, los de la Casa de la Moneda y la empresa Pepsico.  https://t.co/IIt3eBhVrp	es	[]	['http://bit.ly/2GTojd6']	['https://pbs.twimg.com/media/DahXWbYWkAAGDgE.jpg']	1	32	20	[]	[]	https://twitter.com/teleSURtv/status/984191360331845634	False		1	https://pbs.twimg.com/media/DahXWbYWkAAGDgE.jpg							[]				
984132527098130435	984132527098130435	2018-04-12 03:14:13 KST	2018-04-12	03:14:13	+0900	45013575	telesurtv	teleSUR TV		Argentinos marchan nuevamente contra ajuste y despidos  https://t.co/MKcOyU1F4q  La jornada de movilización reclama por los despidos del Inti, la situación de los mineros de Río Turbio, los despedidos del Hospital Posadas, los de la Casa de la Moneda y la empresa Pepsico.  https://t.co/4Qba8ICji3	es	[]	['http://bit.ly/2GTojd6']	['https://pbs.twimg.com/media/DahXTpaWkAAIxBl.jpg']	1	46	21	[]	[]	https://twitter.com/teleSURtv/status/984132527098130435	False		1	https://pbs.twimg.com/media/DahXTpaWkAAIxBl.jpg							[]				
984130285641101315	984130285641101315	2018-04-12 03:05:19 KST	2018-04-12	03:05:19	+0900	74846005	yabts	YABT		#JovenesEnLaCumbre  Temas a debatir hoy en el V Foro de Jóvenes de las Américas Gobernabilidad democrática Desarrollo sostenible Cooperación y alianzas público privadas   @OEA_oficial  @PepsiCo @BancoMundialLAC @somoscbc @postobonoficial @WeWork @CancilleriaPeru  https://t.co/mUAq3XanWF	es	[{'screen_name': 'oea_oficial', 'name': 'oea', 'id': '242448965'}, {'screen_name': 'pepsico', 'name': 'pepsico', 'id': '21346619'}, {'screen_name': 'bancomundiallac', 'name': 'banco mundial | américa latina y el caribe', 'id': '174361486'}, {'screen_name': 'somoscbc', 'name': 'somos cbc', 'id': '1250615264'}, {'screen_name': 'postobonoficial', 'name': 'postobón empresa', 'id': '2842676404'}, {'screen_name': 'wework', 'name': 'wework', 'id': '111092283'}, {'screen_name': 'cancilleriaperu', 'name': 'cancillería perú🇵🇪', 'id': '87808060'}]	[]	['https://pbs.twimg.com/media/DahVP5_X0AAIYnb.jpg']	1	14	16	['jovenesenlacumbre']	[]	https://twitter.com/YABTs/status/984130285641101315	False		1	https://pbs.twimg.com/media/DahVP5_X0AAIYnb.jpg							[]				
984114258597343235	984114258597343235	2018-04-12 02:01:37 KST	2018-04-12	02:01:37	+0900	1593295976	londoneconomic	The London Economic		PepsiCo, Nestle and First Pacific linked to one of the largest  illegal clearance of tropical rainforests in Borneo  https://t.co/qtv3RbW9d6 #Rainforest	en	[]	['https://www.thelondoneconomic.com/news/major-international-brands-connected-to-one-of-the-largest-cases-of-illegal-rainforest-clearance-ever/11/04/']	[]	1	35	16	['rainforest']	[]	https://twitter.com/LondonEconomic/status/984114258597343235	False		0								[]				
984086832873959427	984086832873959427	2018-04-12 00:12:39 KST	2018-04-12	00:12:39	+0900	74846005	yabts	YABT		#JovenesEnLaCumbre  Los jóvenes de América y el Caribe se encuentran recopilando planes de acción para la gobernabilidad democrática frente a la corrupción @YABTs @OEA_oficial  @OAS_official  @PepsiCo @BancoMundialLAC  @somoscbc @postobonoficial @WeWork @CancilleriaPeru  https://t.co/h4EXakaLcq	es	[{'screen_name': 'yabts', 'name': 'yabt', 'id': '74846005'}, {'screen_name': 'oea_oficial', 'name': 'oea', 'id': '242448965'}, {'screen_name': 'oas_official', 'name': 'oas', 'id': '60685572'}, {'screen_name': 'pepsico', 'name': 'pepsico', 'id': '21346619'}, {'screen_name': 'bancomundiallac', 'name': 'banco mundial | américa latina y el caribe', 'id': '174361486'}, {'screen_name': 'somoscbc', 'name': 'somos cbc', 'id': '1250615264'}, {'screen_name': 'postobonoficial', 'name': 'postobón empresa', 'id': '2842676404'}, {'screen_name': 'wework', 'name': 'wework', 'id': '111092283'}, {'screen_name': 'cancilleriaperu', 'name': 'cancillería perú🇵🇪', 'id': '87808060'}]	[]	['https://pbs.twimg.com/media/DagtutiWAAEIfyo.jpg']	3	22	42	['jovenesenlacumbre']	[]	https://twitter.com/YABTs/status/984086832873959427	False		1	https://pbs.twimg.com/media/DagtutiWAAEIfyo.jpg							[]				
984083590332940288	984083590332940288	2018-04-11 23:59:45 KST	2018-04-11	23:59:45	+0900	1372040107	ub40official	UB40		PepsiCo’s palm oil policy is a death sentence for endangered species. Tell PepsiCo to cut conflict palm oil for good.  https://t.co/2oywJkhsdf	en	[]	['http://sumof.us/402593056t?referring_akid=41299.2484016.NPpKrk']	[]	6	11	31	[]	[]	https://twitter.com/UB40OFFICIAL/status/984083590332940288	False		0								[]				
984072910691291138	984072910691291138	2018-04-11 23:17:19 KST	2018-04-11	23:17:19	+0900	2795307903	monimacha	Mónica Macha		Trabajadorxs despedidxs del #HospitalPosadas, de #Pepsico, de #RíoTurbio, de #CrestaRoja y de #Ferrobaires se manifestaban en paz y como única respuesta reciben represión. #BastaDeDespidos #BastaDeRepresión   https://t.co/v84O11CwhB	es	[]	['https://www.pagina12.com.ar/107410-gases-y-palos-en-la-9-de-julio']	[]	0	27	33	['hospitalposadas', 'pepsico', 'ríoturbio', 'crestaroja', 'ferrobaires', 'bastadedespidos', 'bastaderepresión']	[]	https://twitter.com/MoniMacha/status/984072910691291138	False		0								[]				
984059470039760896	984059470039760896	2018-04-11 22:23:55 KST	2018-04-11	22:23:55	+0900	74846005	yabts	YABT		#JovenesEnLaCumbre Con mucho orgullo anunciamos el inicio del V Foro de Jóvenes de las Américas ¡Exitos! A todos sus participantes.  @OEA_oficial @OAS_official @PepsiCo @BancoMundialLAC @somoscbc @postobonoficial @WeWork @Cancill  https://t.co/VmqGJKGLBb	es	[{'screen_name': 'oea_oficial', 'name': 'oea', 'id': '242448965'}, {'screen_name': 'oas_official', 'name': 'oas', 'id': '60685572'}, {'screen_name': 'pepsico', 'name': 'pepsico', 'id': '21346619'}, {'screen_name': 'bancomundiallac', 'name': 'banco mundial | américa latina y el caribe', 'id': '174361486'}, {'screen_name': 'somoscbc', 'name': 'somos cbc', 'id': '1250615264'}, {'screen_name': 'postobonoficial', 'name': 'postobón empresa', 'id': '2842676404'}, {'screen_name': 'wework', 'name': 'wework', 'id': '111092283'}, {'screen_name': 'cancill', 'name': 'indah', 'id': '114437999'}]	[]	['https://pbs.twimg.com/media/DagU15qUMAAqnjb.jpg']	1	10	18	['jovenesenlacumbre']	[]	https://twitter.com/YABTs/status/984059470039760896	False		1	https://pbs.twimg.com/media/DagU15qUMAAqnjb.jpg							[]				
983022997765156864	983022997765156864	2018-04-09 01:45:21 KST	2018-04-09	01:45:21	+0900	948683648	forbes_mexico	Forbes México		#DeLaSemana Pepsico tiene otra preocupación: que el TLCAN siga vivo, pues este país es plataforma de exportación de sus galletas a EU.   https://t.co/h02sLEZujU	es	[]	['https://www.forbes.com.mx/pepsico-dice-adios-al-aceite-y-a-la-sal-en-mexico']	[]	0	5	24	['delasemana']	[]	https://twitter.com/Forbes_Mexico/status/983022997765156864	False		0								[]				
982446286338048000	982446286338048000	2018-04-07 11:33:42 KST	2018-04-07	11:33:42	+0900	18205527	beastoftraal	Karthik 🇮🇳		ITC’s B Natural puts up billboards and releases full-page ads to challenge Pepsico’s Tropicana and Dabur’s Real.  https://t.co/4w7agxjRwm	en	[]	[]	['https://pbs.twimg.com/media/DaJYSBxU0AAx-rp.jpg', 'https://pbs.twimg.com/media/DaJYSBuU8AAfCBU.jpg']	6	28	55	[]	[]	https://twitter.com/beastoftraal/status/982446286338048000	False		1	https://pbs.twimg.com/media/DaJYSBxU0AAx-rp.jpg							[]				
982242717915742209	982242717915742209	2018-04-06 22:04:47 KST	2018-04-06	22:04:47	+0900	2652536876	indranooyi	Indra Nooyi		I'm thrilled to announce @PepsiCo’s partnership with @gatehousegpvine, which will provide 200 women with tools to turn their career goals into reality. It's an honor to work with @lrosehandup and an organization that is helping women and children reach their full potential.  https://t.co/QUrAwNkncm	en	[{'screen_name': 'pepsico', 'name': 'pepsico', 'id': '21346619'}, {'screen_name': 'lrosehandup', 'name': 'lisa rose', 'id': '351145168'}]	[]	['https://pbs.twimg.com/media/DaGgi48V4AAJFLW.jpg']	10	26	173	[]	[]	https://twitter.com/IndraNooyi/status/982242717915742209	False		1	https://pbs.twimg.com/media/DaGgi48V4AAJFLW.jpg							[]				
981845136895303680	981845136895303680	2018-04-05 19:44:57 KST	2018-04-05	19:44:57	+0900	263090427	capt_amarinder	Capt.Amarinder Singh		Happy to inaugurate India's 1st integrated dairy, juice &amp; carbonated soft drinks plant to be set up by PEPSICO at Pathankot. This plant will attract an investment of about 800 Cr &amp; provide employment to about 2000 people in the state.  https://t.co/Mqf94w86kj	en	[]	[]	['https://pbs.twimg.com/media/DaA26ltX0AAZQ8G.jpg', 'https://pbs.twimg.com/media/DaA26l3W4AAUp8a.jpg', 'https://pbs.twimg.com/media/DaA26l0W0AAxKUM.jpg', 'https://pbs.twimg.com/media/DaA26l_XkAA9AhM.jpg']	34	153	592	[]	[]	https://twitter.com/capt_amarinder/status/981845136895303680	False		1	https://pbs.twimg.com/media/DaA26ltX0AAZQ8G.jpg							[]				
981555078359269376	981555078359269376	2018-04-05 00:32:21 KST	2018-04-05	00:32:21	+0900	36327407	httweets	Hindustan Times		Salt content in Kurkure to be cut: PepsiCo India official  https://t.co/X2ObpzAvVC  https://t.co/DBMRbMXlo0	en	[]	['http://read.ht/BkNM']	['https://pbs.twimg.com/media/DZ8vIdGUQAAuW-5.jpg']	0	8	31	[]	[]	https://twitter.com/htTweets/status/981555078359269376	False		1	https://pbs.twimg.com/media/DZ8vIdGUQAAuW-5.jpg							[]				
981164713156341760	981164713156341760	2018-04-03 22:41:11 KST	2018-04-03	22:41:11	+0900	1590436014	nsuigoa	NSUI Goa		"""Ants in this cold drink"" NSUI Goa unit receives a complain from a student of an engineering college in South Goa where he found ants in the cold drink sold in the college canteen. We will be referring this case to the health dpt n food n drugs dept @PepsiCo @visrane @JPNadda  https://t.co/Zd67HbP2h3"	en	[{'screen_name': 'pepsico', 'name': 'pepsico', 'id': '21346619'}, {'screen_name': 'visrane', 'name': 'vishwajitrane', 'id': '748509166533230595'}, {'screen_name': 'jpnadda', 'name': 'jagat prakash nadda', 'id': '2990611686'}]	[]	[]	5	25	38	[]	[]	https://twitter.com/NSUIGoa/status/981164713156341760	False		1	https://pbs.twimg.com/ext_tw_video_thumb/981164592624631808/pu/img/j0Q2iK6Bh_KcU5zy.jpg							[]				
980897961642221569	980897961642221569	2018-04-03 05:01:12 KST	2018-04-03	05:01:12	+0900	10212922	harry_jerry	Harpreet Singh		PepsiCo, owner of Lay’s, stock is down almost 2% after news of Apple making its own chips from 2020. #sorry #okbye	en	[]	[]	[]	2	5	24	['sorry', 'okbye']	[]	https://twitter.com/Harry_Jerry/status/980897961642221569	False		0								[]				
980832925238349825	980832925238349825	2018-04-03 00:42:47 KST	2018-04-03	00:42:47	+0900	59180074	shesthefirst	She's the First		With the support of the PepsiCo Foundation, we’ll be launching our Community Impact Fellowship in Guatemala this week! 🙌 Learn more about our 11 Fellows and the gamechanging projects they’re leading:  https://t.co/aAxqh9EnY9	en	[]	['http://shesthefirst.org/fellowship']	[]	0	2	14	[]	[]	https://twitter.com/shesthefirst/status/980832925238349825	False		0								[]				
