id	conversation_id	created_at	date	time	timezone	user_id	username	name	place	tweet	language	mentions	urls	photos	replies_count	retweets_count	likes_count	hashtags	cashtags	link	retweet	quote_url	video	thumbnail	near	geo	source	user_rt_id	user_rt	retweet_id	reply_to	retweet_date	translate	trans_src	trans_dest
925069103206928385	925069103206928385	2017-10-31 03:37:15 KST	2017-10-31	03:37:15	+0900	59241059	dtdingle	Derek T. Dingle		Uber Hires PepsiCo Exec and Former DOJ Official Tony West -   https://t.co/JEM7tzFdmr	en	[]	['http://www.blackenterprise.com/technology/uber-pepsico-exec-doj-tony-west/']	[]	1	24	63	[]	[]	https://twitter.com/DTDingle/status/925069103206928385	False		0								[]				
925062599825350658	925062599825350658	2017-10-31 03:11:25 KST	2017-10-31	03:11:25	+0900	15612015	blackenterprise	Black Enterprise		.@Uber Hires @PepsiCo Exec and Former DOJ Official Tony West  https://t.co/3974nsVRR5  https://t.co/Y0mKUtqwcS	en	[{'screen_name': 'uber', 'name': 'uber', 'id': '19103481'}, {'screen_name': 'pepsico', 'name': 'pepsico', 'id': '21346619'}]	['https://buff.ly/2yg6UuT']	['https://pbs.twimg.com/media/DNZ7iBjUMAE9-9s.jpg']	0	11	19	[]	[]	https://twitter.com/blackenterprise/status/925062599825350658	False		1	https://pbs.twimg.com/media/DNZ7iBjUMAE9-9s.jpg							[]				
924168880972550144	924168880972550144	2017-10-28 16:00:06 KST	2017-10-28	16:00:06	+0900	439154852	kailashonline	Kailash Vijayvargiya		वर्तमान में @PepsiCo कंपनी की मुख्य कार्यकारी अधिकारी, दुनिया की प्रभावशाली महिलाओं में से एक @IndraNooyi जी को जन्मदिन की शुभकामनाएँ।  https://t.co/7V2OM86OhN	hi	[{'screen_name': 'pepsico', 'name': 'pepsico', 'id': '21346619'}, {'screen_name': 'indranooyi', 'name': 'indra nooyi', 'id': '2652536876'}]	[]	['https://pbs.twimg.com/media/DNNOsbJVQAAvWaV.jpg']	12	27	195	[]	[]	https://twitter.com/KailashOnline/status/924168880972550144	False		1	https://pbs.twimg.com/media/DNNOsbJVQAAvWaV.jpg							[]				
924082398823723008	924082398823723008	2017-10-28 10:16:27 KST	2017-10-28	10:16:27	+0900	451215777	mohanstatsman	Mohandas Menon		Born today in 1955... Microsoft's Bill Gates in Seattle, Washington, USA  PepsiCo's Indra Nooyi in Chennai, Tamil Nadu, India  https://t.co/yvhU6FTwKc	en	[]	[]	['https://pbs.twimg.com/media/DNMACLcUMAEEAE5.jpg', 'https://pbs.twimg.com/media/DNMACZiVwAASkM6.jpg']	11	126	355	[]	[]	https://twitter.com/mohanstatsman/status/924082398823723008	False		1	https://pbs.twimg.com/media/DNMACLcUMAEEAE5.jpg							[]				
923688478977687553	923688478977687553	2017-10-27 08:11:09 KST	2017-10-27	08:11:09	+0900	66441732	fritolay	Frito-Lay		Another @PepsiCo @UnitedWay Day of Caring is in the books! Thx to our volunteers who totaled more than 7k hours at 22 UW sites! #LetsDoGreat  https://t.co/Exa0IKv1ah	en	[{'screen_name': 'pepsico', 'name': 'pepsico', 'id': '21346619'}, {'screen_name': 'unitedway', 'name': 'united way', 'id': '16506355'}]	[]	['https://pbs.twimg.com/media/DNGZww8WAAAvdTA.jpg', 'https://pbs.twimg.com/media/DNGZxC3W0AU4zyy.jpg', 'https://pbs.twimg.com/media/DNGZxRzX0AIZqvz.jpg', 'https://pbs.twimg.com/media/DNGZxlCWsAAQBGh.jpg']	1	4	25	['letsdogreat']	[]	https://twitter.com/Fritolay/status/923688478977687553	False		1	https://pbs.twimg.com/media/DNGZww8WAAAvdTA.jpg							[]				
922915941880446976	922914595857055744	2017-10-25 05:01:22 KST	2017-10-25	05:01:22	+0900	14140913	marriottintl	Marriott International		@PepsiCo @HormelFoods After much deliberation, they crowned our 2017 #MICooksmartChallenge winner, Roberto Negron, from @MHMarquisNYC!  https://t.co/zegC833HJz	en	[{'screen_name': 'mhmarquisnyc', 'name': 'new york marriott marquis', 'id': '1279341464'}]	[]	['https://pbs.twimg.com/media/DM7a_UdXcAAVZLn.jpg', 'https://pbs.twimg.com/media/DM7bBNJXcAAfnnU.jpg']	1	6	23	['micooksmartchallenge']	[]	https://twitter.com/MarriottIntl/status/922915941880446976	False		1	https://pbs.twimg.com/media/DM7a_UdXcAAVZLn.jpg							[{'screen_name': 'PepsiCo', 'name': 'PepsiCo', 'id': '21346619'}, {'screen_name': 'HormelFoods', 'name': 'Hormel Foods', 'id': '12494562'}]				
922914595857055744	922914595857055744	2017-10-25 04:56:01 KST	2017-10-25	04:56:01	+0900	14140913	marriottintl	Marriott International		Thank you 2 today’s #MICooksmartChallenge judges! @Pepsico’s Dan Hennessy, @HormelFoods’ Patty Riedl, &amp; Marriott’s Paul Gotzman &amp; Tom O’Gara  https://t.co/PGfs418A9P	en	[{'screen_name': 'pepsico', 'name': 'pepsico', 'id': '21346619'}, {'screen_name': 'hormelfoods', 'name': 'hormel foods', 'id': '12494562'}]	[]	['https://pbs.twimg.com/media/DM7Zvz4WsAAqtJ7.jpg', 'https://pbs.twimg.com/media/DM7Zw2MXkAAtQiR.jpg', 'https://pbs.twimg.com/media/DM7ZyOwWkAAZ0qs.jpg']	1	7	17	['micooksmartchallenge']	[]	https://twitter.com/MarriottIntl/status/922914595857055744	False		1	https://pbs.twimg.com/media/DM7Zvz4WsAAqtJ7.jpg							[]				
922890828602839042	922890828602839042	2017-10-25 03:21:34 KST	2017-10-25	03:21:34	+0900	369349145	imehreensyed	Mehreen Syed		#PerformancewithPurpose It was great to meet and interact with Krista Pilot from PepsiCo AMENA &amp; PepsiCo Pakistan team. #icare  https://t.co/yy9EP0ayDK	en	[]	[]	['https://pbs.twimg.com/media/DM7ETA1X0AUzTWN.jpg']	4	653	86	['performancewithpurpose', 'icare']	[]	https://twitter.com/iMehreenSyed/status/922890828602839042	False		1	https://pbs.twimg.com/media/DM7ETA1X0AUzTWN.jpg							[]				
922832557388980224	922832557388980224	2017-10-24 23:30:01 KST	2017-10-24	23:30:01	+0900	24802340	jornalextra	Jornal Extra		Twitter, iFood, PepsiCo e Piraquê têm vagas para diversos níveis: estagiários a líderes  https://t.co/Jkm8kdTO2a  https://t.co/cenq8ltjhN	pt	[]	['https://glo.bo/2yMySh7']	['https://pbs.twimg.com/media/DM5lhhcVoAAkhlQ.jpg']	0	13	34	[]	[]	https://twitter.com/jornalextra/status/922832557388980224	False		1	https://pbs.twimg.com/media/DM5lhhcVoAAkhlQ.jpg							[]				
922480028918669317	922480028918669317	2017-10-24 00:09:12 KST	2017-10-24	00:09:12	+0900	374115730	nicolasdelcano	Nicolas del Caño		Anoche con las compañeras y compañeros de Pepsico. Un orgullo compartir su lucha y las listas del @Fte_Izquierda junto miles de luchadores.  https://t.co/bskFLXb53J	es	[{'screen_name': 'fte_izquierda', 'name': 'frente de izquierda', 'id': '301464513'}]	[]	['https://pbs.twimg.com/media/DM1OpLUW4AAVwim.jpg', 'https://pbs.twimg.com/media/DM1Oq57X4AAPSKx.jpg']	11	29	116	[]	[]	https://twitter.com/NicolasdelCano/status/922480028918669317	False		1	https://pbs.twimg.com/media/DM1OpLUW4AAVwim.jpg							[]				
922296880117239814	922296880117239814	2017-10-23 12:01:26 KST	2017-10-23	12:01:26	+0900	155304314	valeriafgl	Valeria Fgl		"Leo esto: ""Los únicos que estuvieron todo el tiempo con nosotros, los trabajadores de Pepsico en lucha. ¡Otros fueron para la foto nomás!""."	es	[]	[]	[]	1	7	18	[]	[]	https://twitter.com/valeriafgl/status/922296880117239814	False		0								[]				
921401902482579457	921401902482579457	2017-10-21 00:45:07 KST	2017-10-21	00:45:07	+0900	255766976	pepsicomex	PepsiCo México		Hacia 2025 PepsiCo trabaja para empoderar a las mujeres y niñas de todo el mundo en las comunidades donde operamos @MBauerM #WomenAtWork2017  https://t.co/drs4a2CQMh	es	[{'screen_name': 'mbauerm', 'name': 'monica bauer', 'id': '220079037'}]	[]	['https://pbs.twimg.com/media/DMl6JXdXUAAtOmB.jpg']	2	7	28	['womenatwork2017']	[]	https://twitter.com/PepsiCoMex/status/921401902482579457	False		1	https://pbs.twimg.com/media/DMl6JXdXUAAtOmB.jpg							[]				
921035840226283520	921035840226283520	2017-10-20 00:30:30 KST	2017-10-20	00:30:30	+0900	22036417	karolpinheiro	Karol Pinheiro		Klassificados: gente, cês já viram o vídeo que foi ao ar essa semana lá no canal, sobre os programas de estágio e trainee da Pepsico?	pt	[]	[]	[]	2	1	38	[]	[]	https://twitter.com/karolpinheiro/status/921035840226283520	False		0								[]				
921016085314498560	921016085314498560	2017-10-19 23:12:01 KST	2017-10-19	23:12:01	+0900	35941034	gasbuddyguy	Patrick De Haan ⛽️📊		Three terrific and highly trafficked booths from Day 1 at #NACSShow 2017! My awards:🥇@krispykrunchy 🥈@hbpizza 🥉@PepsiCo. Well done! Great interaction, great and delish products. @NACSonline  https://t.co/4dnMQtyPab	en	[{'screen_name': 'krispykrunchy', 'name': 'krispy krunchy chicken®', 'id': '247436650'}, {'screen_name': 'hbpizza', 'name': 'hunt brothers pizza', 'id': '113663474'}, {'screen_name': 'pepsico', 'name': 'pepsico', 'id': '21346619'}, {'screen_name': 'nacsonline', 'name': 'nacs', 'id': '31404932'}]	[]	['https://pbs.twimg.com/media/DMgbPVdXUAAWtrQ.jpg', 'https://pbs.twimg.com/media/DMgbPVZW4AAFjcq.jpg', 'https://pbs.twimg.com/media/DMgbPVdW0AAvLZA.jpg']	3	7	28	['nacsshow']	[]	https://twitter.com/GasBuddyGuy/status/921016085314498560	False		1	https://pbs.twimg.com/media/DMgbPVdXUAAWtrQ.jpg							[]				
920715919030128640	920715919030128640	2017-10-19 03:19:15 KST	2017-10-19	03:19:15	+0900	16727805	bradjakeman	BradJakeman		Super excited to start this next chapter, even more excited that @PepsiCo will continue to be a part of it. #blessed. #livefornow  https://t.co/4WrbUtljrj	en	[{'screen_name': 'pepsico', 'name': 'pepsico', 'id': '21346619'}]	['https://twitter.com/adage/status/920714467918385152']	[]	18	7	86	['blessed', 'livefornow']	[]	https://twitter.com/BradJakeman/status/920715919030128640	False	https://twitter.com/adage/status/920714467918385152	0								[]				
920714467918385152	920714467918385152	2017-10-19 03:13:29 KST	2017-10-19	03:13:29	+0900	12480582	adage	Ad Age		.@BradJakeman is leaving PepsiCo to start a consultancy  https://t.co/fnsKzqULuL  https://t.co/eMywCq5GB9	en	[{'screen_name': 'bradjakeman', 'name': 'bradjakeman', 'id': '16727805'}]	['http://bit.ly/2kYi9SD']	['https://pbs.twimg.com/media/DMcI7X4XkAUt3Re.jpg']	3	9	15	[]	[]	https://twitter.com/adage/status/920714467918385152	False		1	https://pbs.twimg.com/media/DMcI7X4XkAUt3Re.jpg							[]				
920460818331742208	920460818331742208	2017-10-18 10:25:35 KST	2017-10-18	10:25:35	+0900	51241418	taradublinrocks	Tara Dublin, Unsigned Writing Goldmine #SignTara		Watching @maddow’s coverage of #PuertoRico &amp; they desperately need clean, safe water @Nestle @CocaColaCo @PepsiCo #PuertoRico #Maddow	en	[{'screen_name': 'maddow', 'name': 'rachel maddow msnbc', 'id': '16129920'}, {'screen_name': 'nestle', 'name': 'nestlé', 'id': '23085995'}, {'screen_name': 'cocacolaco', 'name': 'the coca-cola co.', 'id': '23482357'}, {'screen_name': 'pepsico', 'name': 'pepsico', 'id': '21346619'}]	[]	[]	2	19	20	['puertorico', 'puertorico', 'maddow']	[]	https://twitter.com/taradublinrocks/status/920460818331742208	False		0								[]				
919029871988432896	919029871988432896	2017-10-14 11:39:30 KST	2017-10-14	11:39:30	+0900	33989170	lanacion	LA NACION		"Pablo García, de Pepsico: ""En la planta de Mar del plata se incorporó gente y se está invirtiendo muchísimo""  https://t.co/oVb2TxqEPc  https://t.co/vimIrFhKIL"	es	[]	['http://bit.ly/2ghDAwD']	['https://pbs.twimg.com/media/DMEMy-PX4AAMRZ2.jpg']	2	173	235	[]	[]	https://twitter.com/LANACION/status/919029871988432896	False		1	https://pbs.twimg.com/media/DMEMy-PX4AAMRZ2.jpg							[]				
918050041260134400	918050041260134400	2017-10-11 18:46:01 KST	2017-10-11	18:46:01	+0900	2573916020	izquierdadiario	La Izquierda Diario		PepsiCo dice “apostar al país”, pero incumple sentencias judiciales y deja 600 familias en la calle  https://t.co/HMgZIjyFco	es	[]	['http://bit.ly/2guiCqS']	[]	1	16	13	[]	[]	https://twitter.com/izquierdadiario/status/918050041260134400	False		0								[]				
917741609437024256	917741609437024256	2017-10-10 22:20:25 KST	2017-10-10	22:20:25	+0900	346603302	fortunempw	Fortune MPW		.@PepsiCo CEO @IndraNooyi LIVE NOW:  https://t.co/dY4GpYcHTE	en	[{'screen_name': 'pepsico', 'name': 'pepsico', 'id': '21346619'}, {'screen_name': 'indranooyi', 'name': 'indra nooyi', 'id': '2652536876'}]	['http://fortune.com/2017/09/05/mpw-summit-livestream/']	[]	0	10	15	[]	[]	https://twitter.com/FortuneMPW/status/917741609437024256	False		0								[]				
917585477267472390	917585477267472390	2017-10-10 12:00:00 KST	2017-10-10	12:00:00	+0900	6509832	cnnnews18	News18		Pepsico India Chairman and CEO D Shivakumar has resigned from the company  https://t.co/NIYybhSnxC	en	[]	['http://www.news18.com/news/business/pepsico-india-ceo-shivakumar-quits-to-join-aditya-birla-group-1541435.html']	[]	1	6	21	[]	[]	https://twitter.com/CNNnews18/status/917585477267472390	False		0								[]				
917462969117790209	917462969117790209	2017-10-10 03:53:12 KST	2017-10-10	03:53:12	+0900	223539098	nw_nicholas	Mr Ethical		PepsiCo is in the top 30 companies avoiding US tax. Director Baroness Fairhead, of HSBC, BBC and International Trade Minister. Good luck UK	en	[]	[]	[]	2	61	42	[]	[]	https://twitter.com/nw_nicholas/status/917462969117790209	False		0								[]				
917454112270147584	917454112270147584	2017-10-10 03:18:00 KST	2017-10-10	03:18:00	+0900	36327407	httweets	Hindustan Times		PepsiCo India CEO Shivakumar quits, to join Aditya Birla Group  https://t.co/GTwLl4fuGh  https://t.co/ntHl8Uo1Hv	en	[]	['http://read.ht/B8ec']	['https://pbs.twimg.com/media/DLtvNSWUIAEDksD.jpg']	1	12	33	[]	[]	https://twitter.com/htTweets/status/917454112270147584	False		1	https://pbs.twimg.com/media/DLtvNSWUIAEDksD.jpg							[]				
917407957117149184	917407957117149184	2017-10-10 00:14:36 KST	2017-10-10	00:14:36	+0900	44839509	cnbctv18live	CNBC-TV18		PepsiCo India Chairman D Shivakumar quits, to join Aditya Birla Group  https://t.co/tqkvvu3VAu	en	[]	[]	['https://pbs.twimg.com/media/DLtJYAHVwAAxJqO.jpg']	1	15	30	[]	[]	https://twitter.com/CNBCTV18Live/status/917407957117149184	False		1	https://pbs.twimg.com/media/DLtJYAHVwAAxJqO.jpg							[]				
917402747690934272	917402747690934272	2017-10-09 23:53:54 KST	2017-10-09	23:53:54	+0900	39743812	economictimes	Economic Times		PepsiCo chairman D Shivakumar quits, to join Aditya Birla group   https://t.co/DuIIydrCir	en	[]	['http://economictimes.indiatimes.com/articleshow/61009077.cms?utm_source=twitter.com&utm_medium=Social&utm_campaign=ETTWMain']	[]	3	16	39	[]	[]	https://twitter.com/EconomicTimes/status/917402747690934272	False		0								[]				
916392318944526336	916392318944526336	2017-10-07 04:58:49 KST	2017-10-07	04:58:49	+0900	21323268	nyse	NYSE 🏛		Watch Live as @PepsiCo celebrates @MfgDay by ringing the Closing Bell  https://t.co/31IcRM3iMY	en	[{'screen_name': 'pepsico', 'name': 'pepsico', 'id': '21346619'}, {'screen_name': 'mfgday', 'name': 'manufacturing day', 'id': '1205200364'}]	['https://www.pscp.tv/w/bKaGeTIyODE3NHwxQlJKanl3dkJEakd3HFvHoOgwkhEAXSIQigo7-Tj98DhxHhbyKS32CxRM0zE=']	[]	3	15	34	[]	[]	https://twitter.com/NYSE/status/916392318944526336	False		0								[]				
916375597701586948	916375597701586948	2017-10-07 03:52:22 KST	2017-10-07	03:52:22	+0900	26777550	shopfloornam	The NAM		Looks like @PepsiCo is pretty excited to ring the closing bell at the NYSE today in honor of #MFGDay17!  https://t.co/rjVxsRU0oN	en	[{'screen_name': 'pepsico', 'name': 'pepsico', 'id': '21346619'}]	[]	['https://pbs.twimg.com/media/DLeepT1XcAAwJqE.jpg']	1	6	14	['mfgday17']	[]	https://twitter.com/ShopFloorNAM/status/916375597701586948	False		1	https://pbs.twimg.com/media/DLeepT1XcAAwJqE.jpg							[]				
916371417096163328	916371417096163328	2017-10-07 03:35:45 KST	2017-10-07	03:35:45	+0900	8105922	clarincom	Clarín		PepsiCo aseguró que Argentina fue el país de la región donde más invirtió  https://t.co/kLOSTiBLQz  https://t.co/RyYDfTngYJ	es	[]	['http://clar.in/2xns5pJ']	['https://pbs.twimg.com/media/DLea8iMXkAAsIUs.jpg']	4	22	51	[]	[]	https://twitter.com/clarincom/status/916371417096163328	False		1	https://pbs.twimg.com/media/DLea8iMXkAAsIUs.jpg							[]				
916311924228395013	916311924228395013	2017-10-06 23:39:21 KST	2017-10-06	23:39:21	+0900	374115730	nicolasdelcano	Nicolas del Caño		Junto a las trabajadoras y trabajadores de @Pepsico_Enlucha. Continúa la pelea por los puestos de trabajo  https://t.co/CH8YMFyyeE	es	[{'screen_name': 'pepsico_enlucha', 'name': 'pepsicoenlucha', 'id': '882647776605155332'}]	[]	['https://pbs.twimg.com/media/DLdk0S1WAAA7YwI.jpg']	11	16	40	[]	[]	https://twitter.com/NicolasdelCano/status/916311924228395013	False		1	https://pbs.twimg.com/media/DLdk0S1WAAA7YwI.jpg							[]				
916107239152390144	916107239152390144	2017-10-06 10:06:00 KST	2017-10-06	10:06:00	+0900	9317502	estadao	Estadão		Trainees e estágios: confira vagas abertas na PepsiCo, Odebrecht e outras empresas  https://t.co/BbN11J0fdU  https://t.co/17qSyCLMqZ	pt	[]	['http://bit.ly/2xWN0Sh']	['https://pbs.twimg.com/media/DLaYsjAWsAEWfi5.jpg']	2	11	42	[]	[]	https://twitter.com/Estadao/status/916107239152390144	False		1	https://pbs.twimg.com/media/DLaYsjAWsAEWfi5.jpg							[]				
915993341543763969	915993341543763969	2017-10-06 02:33:25 KST	2017-10-06	02:33:25	+0900	257432060	nestorpitrola	Néstor Pitrola		Con los trabajadores de Pepsico en el Plenario Sindical de Lanús, en el debate de la Comisión Movimiento Obrero  https://t.co/5MjuyyFFgZ	es	[]	[]	['https://pbs.twimg.com/media/DLZCxYjWAAAeeOO.jpg']	3	16	15	[]	[]	https://twitter.com/nestorpitrola/status/915993341543763969	False		1	https://pbs.twimg.com/media/DLZCxYjWAAAeeOO.jpg							[]				
915827153996062721	915827153996062721	2017-10-05 15:33:03 KST	2017-10-05	15:33:03	+0900	3108351	wsj	The Wall Street Journal		PepsiCo, pushing healthier drinks, loses market share in sodas  https://t.co/2JVPJqUz9P	en	[]	['http://on.wsj.com/2xVqzwQ']	[]	9	40	55	[]	[]	https://twitter.com/WSJ/status/915827153996062721	False		0								[]				
915574272915116033	915574272915116033	2017-10-04 22:48:11 KST	2017-10-04	22:48:11	+0900	24277551	darrenrovell	Darren Rovell		PepsiCo shares drop, partly due to report of lower Gatorade sales. Company attributes it to mild summer, slower convenience store traffic.  https://t.co/r1A2VXnClv	en	[]	[]	['https://pbs.twimg.com/media/DLTF7KmWkAI1AtC.jpg']	113	51	158	[]	[]	https://twitter.com/darrenrovell/status/915574272915116033	False		1	https://pbs.twimg.com/media/DLTF7KmWkAI1AtC.jpg							[]				
914949685852409856	914949685852409856	2017-10-03 05:26:18 KST	2017-10-03	05:26:18	+0900	47903099	corkchamber	Cork Chamber		Recognising continued investment and innovation today @PepsiCo nutrition R&amp;D centre in #cork. @simoncoveney @IDAIRELAND @UCC @CIT_ie  https://t.co/zPTFg3uhPX	en	[{'screen_name': 'pepsico', 'name': 'pepsico', 'id': '21346619'}, {'screen_name': 'simoncoveney', 'name': 'simon coveney', 'id': '118999126'}, {'screen_name': 'idaireland', 'name': 'ida ireland', 'id': '44889752'}, {'screen_name': 'ucc', 'name': 'ucc ireland', 'id': '19705196'}, {'screen_name': 'cit_ie', 'name': 'cit is now mtu - munster technological university', 'id': '1344792071090155520'}]	[]	['https://pbs.twimg.com/media/DLKN4XRX0AEQaGY.jpg', 'https://pbs.twimg.com/media/DLKN4XXXUAAo6Od.jpg', 'https://pbs.twimg.com/media/DLKN4XVXkAUJDch.jpg', 'https://pbs.twimg.com/media/DLKN4XgXcAULwim.jpg']	0	21	36	['cork']	[]	https://twitter.com/CorkChamber/status/914949685852409856	False		1	https://pbs.twimg.com/media/DLKN4XRX0AEQaGY.jpg							[]				
914802761941823488	914802761941823488	2017-10-02 19:42:29 KST	2017-10-02	19:42:29	+0900	374115730	nicolasdelcano	Nicolas del Caño		Los trabajadores de #PepsiCo en la planta de Mar del Plata exigiendo su reincorporación  https://t.co/6H6wsR2yUV	es	[]	[]	[]	5	34	44	['pepsico']	[]	https://twitter.com/NicolasdelCano/status/914802761941823488	False		1	https://pbs.twimg.com/ext_tw_video_thumb/914802428565970944/pu/img/vNgRZkmzn5SpBZpY.jpg							[]				
914799067733127168	914799067733127168	2017-10-02 19:27:48 KST	2017-10-02	19:27:48	+0900	2573916020	izquierdadiario	La Izquierda Diario		[AHORA] Mar del Plata: nuevo reclamo de los trabajadores de PepsiCo contra despidos ilegales  https://t.co/nJ0w034faf	es	[]	['http://bit.ly/2g3Rhvw']	[]	1	18	20	[]	[]	https://twitter.com/izquierdadiario/status/914799067733127168	False		0								[]				
914788452025208832	914788452025208832	2017-10-02 18:45:37 KST	2017-10-02	18:45:37	+0900	43620417	andreadatri	Andrea D'Atri 😷✊🏽		Trabajadores de @Pepsico_Enlucha frente a la planta de Mar del Plata #EnPepsicoTodosAdentro  https://t.co/Z115LdUhMg	es	[{'screen_name': 'pepsico_enlucha', 'name': 'pepsicoenlucha', 'id': '882647776605155332'}]	[]	['https://pbs.twimg.com/media/DLH7On1WsAEg9R_.jpg']	1	11	15	['enpepsicotodosadentro']	[]	https://twitter.com/andreadatri/status/914788452025208832	False		1	https://pbs.twimg.com/media/DLH7On1WsAEg9R_.jpg							[]				
914761923803172864	914761923803172864	2017-10-02 17:00:12 KST	2017-10-02	17:00:12	+0900	151902586	pepsicojobs	PepsiCo Jobs		HR Business Partner Hend Al Nofal's focus for change comes to life at PepsiCo Saudi Snack Foods:  https://t.co/OxGepHhu9j.  https://t.co/S7HYuxKhSY	en	[]	['http://pepsi.co/2fJfdHx']	[]	0	6	32	[]	[]	https://twitter.com/PepsiCoJOBS/status/914761923803172864	False		1	https://pbs.twimg.com/ext_tw_video_thumb/914761897773293568/pu/img/cHLDyyQMEPbLfmdK.jpg							[]				
914318202817171456	914318202817171456	2017-10-01 11:37:01 KST	2017-10-01	11:37:01	+0900	48505632	merca20	Merca2.0		La industria de bebidas y refrescos podría tener una nueva problemática: Femsa y Pepsico principales afectados.  https://t.co/Jv37HzEvXx	es	[]	['http://bit.ly/2fDssJN']	[]	0	12	12	[]	[]	https://twitter.com/Merca20/status/914318202817171456	False		0								[]				
