id	conversation_id	created_at	date	time	timezone	user_id	username	name	place	tweet	language	mentions	urls	photos	replies_count	retweets_count	likes_count	hashtags	cashtags	link	retweet	quote_url	video	thumbnail	near	geo	source	user_rt_id	user_rt	retweet_id	reply_to	retweet_date	translate	trans_src	trans_dest
946034264486875142	946034264486875142	2017-12-28 00:05:19 KST	2017-12-28	00:05:19	+0900	29449278	inta	International Trademark Association (INTA)		Thank you to our 2017 INTA President, Joseph Ferretti (PepsiCo, Inc.) for his help in leading our Association throughout the year!  https://t.co/u4YivO27O2	en	[]	[]	['https://pbs.twimg.com/media/DSD9JexVoAAKZ9n.jpg']	0	7	29	[]	[]	https://twitter.com/INTA/status/946034264486875142	False		1	https://pbs.twimg.com/media/DSD9JexVoAAKZ9n.jpg							[]				
944948215283113984	944948215283113984	2017-12-25 00:09:45 KST	2017-12-25	00:09:45	+0900	720843893441306624	womenfortrump	Women for Trump		Political statements are just fine for PepsiCo, Patagonia, Merck CEOs - as long as they are anti-Trump. But let a conservative stand up and he is out the door.  #PapaJohns  https://t.co/ubAY0pinEd	en	[]	['https://twitter.com/marklevinshow/status/944011955530027008']	[]	2	12	16	['papajohns']	[]	https://twitter.com/WomenforTrump/status/944948215283113984	False	https://twitter.com/marklevinshow/status/944011955530027008	0								[]				
944934485832949760	944934485832949760	2017-12-24 23:15:12 KST	2017-12-24	23:15:12	+0900	2573916020	izquierdadiario	La Izquierda Diario		TV Pública: trabajadores de prensa entregaron cajas navideñas a Pepsico en lucha  https://t.co/bLsix6vcle	es	[]	['http://bit.ly/2BXfWvo']	[]	1	13	15	[]	[]	https://twitter.com/izquierdadiario/status/944934485832949760	False		0								[]				
944617601442951173	944617601442951173	2017-12-24 02:16:00 KST	2017-12-24	02:16:00	+0900	2573916020	izquierdadiario	La Izquierda Diario		TV Pública: trabajadores de prensa entregaron cajas navideñas a Pepsico en lucha  https://t.co/lUKZzuOXMf	es	[]	['http://bit.ly/2l0layp']	[]	3	37	70	[]	[]	https://twitter.com/izquierdadiario/status/944617601442951173	False		0								[]				
944560724952494080	944560724952494080	2017-12-23 22:30:00 KST	2017-12-23	22:30:00	+0900	41085467	todayonline	TODAY		In Asia's fattest country, nutritionists take money from food giants: He is Malaysia's leading nutrition expert. And he is also funded by F&amp;B giants like Nestle, Kellogg's and PepsiCo, among others.  https://t.co/K48imhIM2k  https://t.co/gxNt0laswT	en	[]	['https://www.todayonline.com/world/asias-fattest-country-nutritionists-take-money-food-giants']	['https://pbs.twimg.com/media/DRuZewnUEAAEZB_.jpg']	0	25	16	[]	[]	https://twitter.com/TODAYonline/status/944560724952494080	False		1	https://pbs.twimg.com/media/DRuZewnUEAAEZB_.jpg							[]				
944369044009967616	944369044009967616	2017-12-23 09:48:20 KST	2017-12-23	09:48:20	+0900	25339865	nickmangold	Nick Mangold		Want to go to the Super Bowl? Well now’s your chance 🏈 Enter to win @PepsiCo’s #GameDayGrubMatch #contest here  https://t.co/x5sMX3cMMS #ad #PartyTime  https://t.co/JAyPGEG9nd	en	[{'screen_name': 'pepsico', 'name': 'pepsico', 'id': '21346619'}]	['https://pepsicogamedaygrubmatch.com/']	[]	1	10	44	['gamedaygrubmatch', 'contest', 'ad', 'partytime']	[]	https://twitter.com/nickmangold/status/944369044009967616	False		1	https://pbs.twimg.com/ext_tw_video_thumb/944368996626915334/pu/img/ZZagiHSiPzJyDtGQ.jpg							[]				
944332784629436416	944332784629436416	2017-12-23 07:24:15 KST	2017-12-23	07:24:15	+0900	18929773	tcs	Tata Consultancy Services		CEOs at Pepsico and Airbnb have propelled stellar #CX initiatives. Read on to know more about driving #custexp from the top  https://t.co/WV7SW2nf0D  https://t.co/uP1vnJ4QDx	en	[]	['http://on.tcs.com/2zMJR7L']	['https://pbs.twimg.com/media/DRrxqaPXcAEBw74.jpg']	0	10	23	['cx', 'custexp']	[]	https://twitter.com/TCS/status/944332784629436416	False		1	https://pbs.twimg.com/media/DRrxqaPXcAEBw74.jpg							[]				
944297420254572545	944297420254572545	2017-12-23 05:03:43 KST	2017-12-23	05:03:43	+0900	17373706	rashadjennings	Rashad Jennings		They say if you can’t stand the heat, get out of the kitchen. Ay, we bringing the heat! So we aint going nowhere! #GameDayGrubMatch with @PepsiCo, coming in January. #ad  https://t.co/UkfzA7PpZu	en	[{'screen_name': 'pepsico', 'name': 'pepsico', 'id': '21346619'}]	[]	[]	7	14	139	['gamedaygrubmatch', 'ad']	[]	https://twitter.com/RashadJennings/status/944297420254572545	False		1	https://pbs.twimg.com/ext_tw_video_thumb/944297187802058752/pu/img/jn0TGBKZjOnR82Fo.jpg							[]				
943880680945090560	943880680945090560	2017-12-22 01:27:45 KST	2017-12-22	01:27:45	+0900	471044530	juggunkazim	Juggun Kazim		Hosting #pepsico #lays event at #hazoribagh with the hilarious @shafaatsyed An event by #rightangleevents #juggunkazim #shafaatali  https://t.co/TMpDHVilFl	en	[{'screen_name': 'shafaatsyed', 'name': 'syedzada shafaat ', 'id': '1064624634'}]	[]	['https://pbs.twimg.com/media/DRlWayXX0AAl3y-.jpg', 'https://pbs.twimg.com/media/DRlWcEzWsAA15hU.jpg', 'https://pbs.twimg.com/media/DRlWdXrX4AIRLuE.jpg']	9	1	99	['pepsico', 'lays', 'hazoribagh', 'rightangleevents', 'juggunkazim', 'shafaatali']	[]	https://twitter.com/JuggunKazim/status/943880680945090560	False		1	https://pbs.twimg.com/media/DRlWayXX0AAl3y-.jpg							[]				
943754087769632768	943754087769632768	2017-12-21 17:04:43 KST	2017-12-21	17:04:43	+0900	6509832	cnnnews18	News18		The story of how a homegrown organisation beat a global giant - PepsiCo - at their own game. Kudos, Haldiram  https://t.co/SzpsEl4woy	en	[]	[]	['https://pbs.twimg.com/media/DRji_PpUMAA2aj6.jpg']	1	9	20	[]	[]	https://twitter.com/CNNnews18/status/943754087769632768	False		1	https://pbs.twimg.com/media/DRji_PpUMAA2aj6.jpg							[]				
943690820443545601	943690820443545601	2017-12-21 12:53:19 KST	2017-12-21	12:53:19	+0900	39743812	economictimes	Economic Times		Haldiram topples PepsiCo to become India's top snack firm after two decades  https://t.co/k74f0nzoqn	en	[]	['https://goo.gl/N3ohpA']	[]	3	63	93	[]	[]	https://twitter.com/EconomicTimes/status/943690820443545601	False		0								[]				
943677025734316033	943677025734316033	2017-12-21 11:58:30 KST	2017-12-21	11:58:30	+0900	3198991	nextbigwhat	NextBigWhat		Haldiram beats Pepsico to become India's largest snack maker. Took 20 years  https://t.co/isWgu7HL0q  https://t.co/fpChy6knvs	en	[]	['http://bit.ly/2oY8IVj']	['https://pbs.twimg.com/media/DRidQKdWAAAhJp9.jpg']	5	86	128	[]	[]	https://twitter.com/nextbigwhat/status/943677025734316033	False		1	https://pbs.twimg.com/media/DRidQKdWAAAhJp9.jpg							[]				
943626773593456640	943626773593456640	2017-12-21 08:38:49 KST	2017-12-21	08:38:49	+0900	2810270363	adenatfriedman	Adena Friedman		🎉 Today we are honored to officially welcome @PepsiCo to the Nasdaq family of innovative companies. @PepsiCo stock is now trading on the Nasdaq stock market $PEP #rewritetomorrow  https://t.co/JjfElorWu8	en	[{'screen_name': 'pepsico', 'name': 'pepsico', 'id': '21346619'}, {'screen_name': 'pepsico', 'name': 'pepsico', 'id': '21346619'}]	[]	[]	1	16	42	['rewritetomorrow']	['pep']	https://twitter.com/adenatfriedman/status/943626773593456640	False		1	https://pbs.twimg.com/amplify_video_thumb/943626695076016128/img/ik4GEZSatfCpDMlk.jpg							[]				
943541571483525125	943541571483525125	2017-12-21 03:00:15 KST	2017-12-21	03:00:15	+0900	2557446343	futurism	Futurism		The order manages to beat PepsiCo's order of 100 trucks!  https://t.co/rJkSf9QVRH	en	[]	['https://futurism.com/ups-placed-order-125-tesla-semis/']	[]	4	53	97	[]	[]	https://twitter.com/futurism/status/943541571483525125	False		0								[]				
943292811222441984	943292811222441984	2017-12-20 10:31:46 KST	2017-12-20	10:31:46	+0900	246055470	gregjennings	Greg Jennings		Want to come to Super Bowl LII? Well now’s your chance 🏈 Enter to win @Pepsico #GameDayGrubMatch #contest here  https://t.co/2JFxTg5ijT #ad  https://t.co/P1YGbiD4Hd	en	[{'screen_name': 'pepsico', 'name': 'pepsico', 'id': '21346619'}]	['https://pepsicogamedaygrubmatch.com/']	[]	2	2	20	['gamedaygrubmatch', 'contest', 'ad']	[]	https://twitter.com/GregJennings/status/943292811222441984	False		1	https://pbs.twimg.com/ext_tw_video_thumb/943292728690950144/pu/img/uvwMqVGUutNSqwmX.jpg							[]				
943242079571972102	943242079571972102	2017-12-20 07:10:11 KST	2017-12-20	07:10:11	+0900	16664681	latimes	Los Angeles Times		Can the Tesla Semi perform? UPS, PepsiCo and other truck fleet owners want to find out  https://t.co/KMcYB36Xxx  https://t.co/S3olITrEsI	en	[]	['http://lat.ms/2BgpODx']	['https://pbs.twimg.com/media/DRcRq9pX0AE5rPH.jpg']	3	7	37	[]	[]	https://twitter.com/latimes/status/943242079571972102	False		1	https://pbs.twimg.com/media/DRcRq9pX0AE5rPH.jpg							[]				
943169803291947009	943169803291947009	2017-12-20 02:22:59 KST	2017-12-20	02:22:59	+0900	164425558	jonerlichman	Jon Erlichman		More than 400 Tesla semi trucks have collectively been ordered by this group of companies:  UPS PepsiCo Wal-Mart DHL Anheuser-Busch Sysco Ryder System J.B. Hunt Loblaw Meijer Bison Transport NFI Industries Titanic Transportation Fercam (MAO) Girteka Logistics JK Moving Services	en	[]	[]	[]	4	56	153	[]	[]	https://twitter.com/JonErlichman/status/943169803291947009	False		0								[]				
943168108512018432	943168108512018432	2017-12-20 02:16:14 KST	2017-12-20	02:16:14	+0900	21346619	pepsico	PepsiCo		.@Fritolay and Pepsi-Cola merged in 1965 to become PepsiCo. Today, we’re proud to continue to create innovative products. What’s your favorite?  https://t.co/5GcZUNKBlL	en	[{'screen_name': 'fritolay', 'name': 'frito-lay', 'id': '66441732'}]	[]	[]	19	28	60	[]	[]	https://twitter.com/PepsiCo/status/943168108512018432	False		1	https://pbs.twimg.com/ext_tw_video_thumb/943168061695250432/pu/img/6lXSi3tECZhpz_rS.jpg							[]				
942989828093825024	942989828093825024	2017-12-19 14:27:49 KST	2017-12-19	14:27:49	+0900	20751449	the_hindu	The Hindu		Indra K. Nooyi, chairperson &amp; CEO of PepsiCo did her B.Sc. in Chemistry (1971 to 1974) from Madras Christian College.     https://t.co/gdyN5x9buz	en	[]	['https://trib.al/OPYUKeF']	[]	0	12	54	[]	[]	https://twitter.com/the_hindu/status/942989828093825024	False		0								[]				
942862052577759245	942862052577759245	2017-12-19 06:00:05 KST	2017-12-19	06:00:05	+0900	3187616987	juli_strada	Julia Strada		Reclaman la liberación de Carlos Artacho, dirigente del PTS y miembro de la directiva del gremio FOETRA, y también de Claudio Gonzales, trabajador de PepsiCo 👇  https://t.co/Ui8cMFhwfJ	es	[]	['http://www.laizquierdadiario.com/Libertad-ya-a-Carlos-Artacho-y-a-todos-los-detenidos']	[]	1	79	49	[]	[]	https://twitter.com/Juli_Strada/status/942862052577759245	False		0								[]				
942310153105403904	942310153105403904	2017-12-17 17:27:02 KST	2017-12-17	17:27:02	+0900	275686563	verge	The Verge		PepsiCo orders 100 Tesla Semi trucks in largest preorder to date  https://t.co/mVa2NnpFIM  https://t.co/sMAhUdULKx	it	[]	['https://www.theverge.com/2017/12/12/16767422/tesla-semi-truck-pepsi-preorder?utm_campaign=theverge&utm_content=chorus&utm_medium=social&utm_source=twitter']	['https://pbs.twimg.com/media/DRPCFuBUIAAaLAM.jpg']	4	164	668	[]	[]	https://twitter.com/verge/status/942310153105403904	False		1	https://pbs.twimg.com/media/DRPCFuBUIAAaLAM.jpg							[]				
941491316164317184	941491316164317184	2017-12-15 11:13:16 KST	2017-12-15	11:13:16	+0900	885485323	drjackiewalters	Dr. Jackie Walters	{'type': 'Point', 'coordinates': [33.924186, -84.311047]}	GRATITUDE DAY #5.  When PepsiCo/Atlanta site 1012 shows up with donation to…  https://t.co/4KYFvHR7B4	en	[]	['https://www.instagram.com/p/BctKblEBm8P/']	[]	4	1	21	[]	[]	https://twitter.com/DrJackieWalters/status/941491316164317184	False		0								[]				
941408924061794304	941408924061794304	2017-12-15 05:45:52 KST	2017-12-15	05:45:52	+0900	15737712	camilogarcia	camilogarcia		"Muy esquizofrénico el mensaje oficialista. Ahora repiten ""No queremos violencia"" PERO ejecutan brutales represiones como en Cresta Roja, Pepsico, docentes,  Maldonado, Rafael.. piden paz pero ofrecen violencia. En fin"	es	[]	[]	[]	8	32	68	[]	[]	https://twitter.com/camilogarcia/status/941408924061794304	False		0								[]				
941231296797274113	941231296797274113	2017-12-14 18:00:03 KST	2017-12-14	18:00:03	+0900	992633006	webtekno	Webtekno		PepsiCo, Daha Üretimine 2 Yıl Varken 100 Adet Tesla Semi Ön Siparişi Verdi!  ➤ https://t.co/dHY1HcvOfw  https://t.co/LmhFYCHOxG	tr	[]	['https://goo.gl/K8eeBj']	['https://pbs.twimg.com/media/DQ_pG7XXkAAOfOS.jpg']	0	2	18	[]	[]	https://twitter.com/webtekno/status/941231296797274113	False		1	https://pbs.twimg.com/media/DQ_pG7XXkAAOfOS.jpg							[]				
941125593785085953	941125593785085953	2017-12-14 11:00:01 KST	2017-12-14	11:00:01	+0900	17833557	johnupton	John Upton		PepsiCo reserved 100 of Tesla's new electric semis. It wants to reduce fuel costs and pollution.  https://t.co/xfqeJihXNg	en	[]	['https://www.reuters.com/article/us-pepsico-tesla-orders/pepsico-makes-biggest-public-pre-order-of-tesla-semis-100-trucks-idUSKBN1E61FB']	[]	2	16	22	[]	[]	https://twitter.com/johnupton/status/941125593785085953	False		0								[]				
941067732300255233	941067732300255233	2017-12-14 07:10:06 KST	2017-12-14	07:10:06	+0900	155304314	valeriafgl	Valeria Fgl		Estado policial: al diputado Godoy le disparan por la espalda, al diputado Grosso le lanzan perro de Gendarmería y lo muerde, a Donda la golpean, a Del Caño lo gasean y balean en Pepsico. Si ese es el trato con ellos, imaginate con nosotros, que no tenemos fueros. ¡REPUDIÁ!	es	[]	[]	[]	6	91	131	[]	[]	https://twitter.com/valeriafgl/status/941067732300255233	False		0								[]				
941061671723913216	941061671723913216	2017-12-14 06:46:01 KST	2017-12-14	06:46:01	+0900	819800	cnetnews	CNET News		PepsiCo orders 100 Tesla Semis, the largest reservation yet  https://t.co/w2u8icLZ6i  https://t.co/lUNr5zVZ0a	en	[]	['http://cnet.co/2j00B4B']	['https://pbs.twimg.com/media/DQ9SmjfWAAIcf5B.jpg']	3	10	23	[]	[]	https://twitter.com/CNETNews/status/941061671723913216	False		1	https://pbs.twimg.com/media/DQ9SmjfWAAIcf5B.jpg							[]				
941046682837495808	941046682837495808	2017-12-14 05:46:27 KST	2017-12-14	05:46:27	+0900	14372486	engadget	Engadget		PepsiCo pre-orders 100 Tesla electric semi trucks  https://t.co/78q6WpNXUo	es	[]	['http://engt.co/2C2eQxB']	[]	3	71	164	[]	[]	https://twitter.com/engadget/status/941046682837495808	False		0								[]				
941022455963029510	941022455963029510	2017-12-14 04:10:11 KST	2017-12-14	04:10:11	+0900	89504079	unocero	unocero.com		A PepsiCo le interesan los camiones de Tesla  https://t.co/QhDY6pVJNm	es	[]	['http://ow.ly/eMpH30hcHAv']	[]	0	5	25	[]	[]	https://twitter.com/unocero/status/941022455963029510	False		0								[]				
940997307771875328	940997307771875328	2017-12-14 02:30:15 KST	2017-12-14	02:30:15	+0900	17781673	mindbodygreen	mindbodygreen		In 2018, health foods are no longer going to be strictly luxury. Big businesses like @KelloggsUS, @Target, @Nestle &amp; @PepsiCo are getting involved to allow sustainable, nourishing products to become more mainstream 🙌  https://t.co/qOSdrAyaBi cc: @PeterRahal @SethAKaufman	en	"[{'screen_name': 'kelloggsus', 'name': ""kellogg's"", 'id': '534249758'}, {'screen_name': 'target', 'name': 'target', 'id': '89084561'}, {'screen_name': 'nestle', 'name': 'nestlé', 'id': '23085995'}, {'screen_name': 'pepsico', 'name': 'pepsico', 'id': '21346619'}, {'screen_name': 'peterrahal', 'name': 'peter daniel rahal', 'id': '365168527'}, {'screen_name': 'sethakaufman', 'name': 'seth kaufman', 'id': '17260662'}]"	['http://ow.ly/6yZT30hcFox']	[]	0	9	19	[]	[]	https://twitter.com/mindbodygreen/status/940997307771875328	False		0								[]				
940984845794185217	940984845794185217	2017-12-14 01:40:44 KST	2017-12-14	01:40:44	+0900	5920162	jmatuk	Javier Matuk		PepsiCo se encuentra interesado en los camiones de Tesla  https://t.co/9r4bL9WrmG vía unocero	es	[]	['http://ift.tt/2C1ULax']	[]	6	7	33	[]	[]	https://twitter.com/jmatuk/status/940984845794185217	False		0								[]				
940984711861686272	940984711861686272	2017-12-14 01:40:12 KST	2017-12-14	01:40:12	+0900	20068053	envdefensefund	EDF		Major corporations like PepsiCo and Anheuser-Busch are rushing to pre-order fleets of Tesla’s new electric semi-trucks.  https://t.co/Hd8xAKmFIj	en	[]	['http://bit.ly/2C33x89']	[]	0	15	31	[]	[]	https://twitter.com/EnvDefenseFund/status/940984711861686272	False		0								[]				
940967244955254794	940967244955254794	2017-12-14 00:30:48 KST	2017-12-14	00:30:48	+0900	21286325	gq_france	GQ France		PepsiCo a commandé 100 camions électriques à pilotage automatique Tesla Semi (2 millions de dollars). A quand du soda dans l'espace ?  https://t.co/1HAcCZhYTU	fr	[]	[]	['https://pbs.twimg.com/media/DQ78uOGU8AE2HEF.jpg']	0	8	23	[]	[]	https://twitter.com/GQ_France/status/940967244955254794	False		1	https://pbs.twimg.com/media/DQ78uOGU8AE2HEF.jpg							[]				
940938586672779264	940938586672779264	2017-12-13 22:36:55 KST	2017-12-13	22:36:55	+0900	739119366	robertwolf32	Robert Wolf		Honored to CoChair Incredible @sandyhook Remembrance Benefit thank you honorees @JoeBiden @IndraNooyi @PepsiCo special performance @SherylCrow &amp; host @GayleKing &amp; SHP friends @SophiaBush @ValerieJarrett @JustinTuck @JoeMontana @TeamVic @garyvee @jheil @LdeRothschild #RobertKraft  https://t.co/5hQKgNeELF	en	[{'screen_name': 'sandyhook', 'name': 'sandy hook promise', 'id': '1032290077'}, {'screen_name': 'joebiden', 'name': 'joe biden', 'id': '939091'}, {'screen_name': 'indranooyi', 'name': 'indra nooyi', 'id': '2652536876'}, {'screen_name': 'pepsico', 'name': 'pepsico', 'id': '21346619'}, {'screen_name': 'sherylcrow', 'name': 'sheryl crow', 'id': '68330395'}, {'screen_name': 'gayleking', 'name': 'gayle king', 'id': '29546945'}, {'screen_name': 'sophiabush', 'name': 'sophia bush', 'id': '97082147'}, {'screen_name': 'valeriejarrett', 'name': 'valerie jarrett', 'id': '806862084277407744'}, {'screen_name': 'justintuck', 'name': 'justin tuck', 'id': '342819198'}, {'screen_name': 'joemontana', 'name': 'joseph montana', 'id': '1131739027'}, {'screen_name': 'teamvic', 'name': 'victor cruz', 'id': '19548850'}, {'screen_name': 'garyvee', 'name': 'gary vaynerchuk', 'id': '5768872'}, {'screen_name': 'jheil', 'name': 'john heilemann', 'id': '14251225'}, {'screen_name': 'lderothschild', 'name': 'lderothschild', 'id': '1019131242447548416'}]	[]	['https://pbs.twimg.com/media/DQ7ipVNU8AADl6r.jpg', 'https://pbs.twimg.com/media/DQ7ipWFVQAIj2Yi.jpg', 'https://pbs.twimg.com/media/DQ7ipV8VoAEQ6pB.jpg', 'https://pbs.twimg.com/media/DQ7ipVPUIAEehYc.jpg']	5	11	55	['robertkraft']	[]	https://twitter.com/robertwolf32/status/940938586672779264	False		1	https://pbs.twimg.com/media/DQ7ipVNU8AADl6r.jpg							[]				
940931325678309377	940931325678309377	2017-12-13 22:08:04 KST	2017-12-13	22:08:04	+0900	19537303	orlandomagic	Orlando Magic		Local youth enjoyed a @PepsiCo holiday shopping spree with @elfrid, @NikolaVucevic and @Mospeights16 👜  https://t.co/Bp5rTlPc4A	en	[{'screen_name': 'pepsico', 'name': 'pepsico', 'id': '21346619'}, {'screen_name': 'elfrid', 'name': 'elfrid payton', 'id': '253527338'}, {'screen_name': 'nikolavucevic', 'name': 'nikola vucevic', 'id': '2423100775'}, {'screen_name': 'mospeights16', 'name': 'marreese speights', 'id': '231550159'}]	['http://www.nba.com/magic/news/elfrid-payton-nikola-vucevic-and-marreese-speights-team-pepsico-holiday-shopping-spree-local-20171212']	[]	1	5	29	[]	[]	https://twitter.com/OrlandoMagic/status/940931325678309377	False		0								[]				
940888159239442434	940888159239442434	2017-12-13 19:16:32 KST	2017-12-13	19:16:32	+0900	16981026	journaldugeek	Le Journal du Geek		Les précommandes pour le camion électrique de Tesla vont bon train, le record est pour PepsiCo  https://t.co/Ir7I27rgFt  https://t.co/vK6kSiu5t4	fr	[]	['http://bit.ly/2ylEzP0']	['https://pbs.twimg.com/media/DQ60yu-W4AA9mJE.jpg']	1	15	23	[]	[]	https://twitter.com/JournalDuGeek/status/940888159239442434	False		1	https://pbs.twimg.com/media/DQ60yu-W4AA9mJE.jpg							[]				
940853819352780801	940853819352780801	2017-12-13 17:00:05 KST	2017-12-13	17:00:05	+0900	151902586	pepsicojobs	PepsiCo Jobs		"""PepsiCo's growth is driven by Performance with Purpose – delivering sustainable long-term growth while leaving a positive imprint on society and the environment."" #PepsiCo4India  https://t.co/z1GKHOAFE0"	en	[]	['http://pepsi.co/2z6Voku']	[]	2	12	88	['pepsico4india']	[]	https://twitter.com/PepsiCoJOBS/status/940853819352780801	False		0								[]				
940853817003954176	940853817003954176	2017-12-13 17:00:04 KST	2017-12-13	17:00:04	+0900	151902586	pepsicojobs	PepsiCo Jobs		We're proud of Sandhya and hundreds of others just like her who have empowered themselves by taking part in the vocational training program offered by SmileFoundation and the PepsiCo Foundation.  https://t.co/wYolkSJxFL	en	[]	['http://pepsi.co/2z6CCtH']	[]	2	5	71	[]	[]	https://twitter.com/PepsiCoJOBS/status/940853817003954176	False		0								[]				
940853815993077761	940853815993077761	2017-12-13 17:00:04 KST	2017-12-13	17:00:04	+0900	151902586	pepsicojobs	PepsiCo Jobs		Partnering with PepsiCo India, thousands of farmers have received our support, including the supply of high quality planting material, assured buy-back of produce, advanced plant protection programs and soft loans.#PepsiCo4India  https://t.co/vkPDjwA6yy	en	[]	['http://pepsi.co/2z6HgHR']	[]	1	8	105	['pepsico4india']	[]	https://twitter.com/PepsiCoJOBS/status/940853815993077761	False		0								[]				
940827687228239872	940827687228239872	2017-12-13 15:16:15 KST	2017-12-13	15:16:15	+0900	2803786405	meduzaproject	Meduza		PepsiCo заказала 100 электрических грузовиков Tesla   https://t.co/W913TK5n56	ru	[]	['https://meduza.io/news/2017/12/13/pepsico-zakazala-100-elektricheskih-gruzovikov-tesla']	[]	2	15	107	[]	[]	https://twitter.com/meduzaproject/status/940827687228239872	False		0								[]				
940821082533191680	940821082533191680	2017-12-13 14:50:00 KST	2017-12-13	14:50:00	+0900	56413858	foxbusiness	FOX Business		PepsiCo makes biggest public pre-order of Tesla Semis: 100 trucks  https://t.co/Nq3jvgrDzz	en	[]	['http://fxn.ws/2nV1fFS']	[]	2	15	32	[]	[]	https://twitter.com/FoxBusiness/status/940821082533191680	False		0								[]				
940778413987631104	940778413987631104	2017-12-13 12:00:27 KST	2017-12-13	12:00:27	+0900	6433472	cbcnews	CBC News		PepsiCo makes biggest public pre-order of Tesla Semis: 100 trucks  https://t.co/3xGhTWQoF0  https://t.co/Jyl1EGpVzB	en	[]	['http://www.cbc.ca/1.4444760']	['https://pbs.twimg.com/media/DQ5Q-xyX0AA80L1.jpg']	11	50	151	[]	[]	https://twitter.com/CBCNews/status/940778413987631104	False		1	https://pbs.twimg.com/media/DQ5Q-xyX0AA80L1.jpg							[]				
940764034789445632	940764034789445632	2017-12-13 11:03:19 KST	2017-12-13	11:03:19	+0900	17060015	cleantechnica	CleanTechnica		PepsiCo Orders 100 All-Electric Tesla Semi Trucks, Largest Pre-Order To Date  https://t.co/qXL6IrcGqp  https://t.co/HCqPMDvj6I	en	[]	['http://cleantechnica.com/2017/12/12/pepsico-orders-100-electric-tesla-semi-trucks-largest-pre-order-date/']	['https://pbs.twimg.com/media/DQ5D50wVwAAAuiF.jpg']	2	19	52	[]	[]	https://twitter.com/cleantechnica/status/940764034789445632	False		1	https://pbs.twimg.com/media/DQ5D50wVwAAAuiF.jpg							[]				
940762147369439233	940762147369439233	2017-12-13 10:55:49 KST	2017-12-13	10:55:49	+0900	19038934	cbcalerts	CBC News Alerts		PepsiCo makes biggest public pre-order of Tesla Semis: 100 trucks.  https://t.co/Bu7HYrzwtK	en	[]	['http://cbc.ca/1.4444760']	[]	4	35	100	[]	[]	https://twitter.com/CBCAlerts/status/940762147369439233	False		0								[]				
940738552056418304	940738552056418304	2017-12-13 09:22:03 KST	2017-12-13	09:22:03	+0900	3308240727	magic_pr	Orlando Magic PR		Magic players @elfrid, @NikolaVucevic and @Mospeights16 joined @PepsiCo for a holiday shopping spree w/Boys &amp; Girls Club youth. #PureMagic  https://t.co/45Ea9Jw5Pv	en	[{'screen_name': 'elfrid', 'name': 'elfrid payton', 'id': '253527338'}, {'screen_name': 'nikolavucevic', 'name': 'nikola vucevic', 'id': '2423100775'}, {'screen_name': 'mospeights16', 'name': 'marreese speights', 'id': '231550159'}, {'screen_name': 'pepsico', 'name': 'pepsico', 'id': '21346619'}]	[]	['https://pbs.twimg.com/media/DQ4suBKX0AAKZYH.jpg', 'https://pbs.twimg.com/media/DQ4suBIW0AA-B_e.jpg', 'https://pbs.twimg.com/media/DQ4suBBXcAE_glo.jpg', 'https://pbs.twimg.com/media/DQ4suBJX4AcPZGA.jpg']	1	12	29	['puremagic']	[]	https://twitter.com/Magic_PR/status/940738552056418304	False		1	https://pbs.twimg.com/media/DQ4suBKX0AAKZYH.jpg							[]				
940696372516241408	940696372516241408	2017-12-13 06:34:27 KST	2017-12-13	06:34:27	+0900	269770723	ru_rbc	РБК		PepsiCo сделала крупнейший предзаказ на электрогрузовики Tesla   https://t.co/MGNxFDuDJM	ru	[]	['https://goo.gl/eG49nA']	[]	2	9	23	[]	[]	https://twitter.com/ru_rbc/status/940696372516241408	False		0								[]				
940694848704827392	940694848704827392	2017-12-13 06:28:23 KST	2017-12-13	06:28:23	+0900	108740292	expansionmx	Expansión		PepsiCo comprará 100 camiones eléctricos de Tesla  https://t.co/6ekbUtkpmy  https://t.co/Z27d8UZQdL	es	[]	['http://exp.mx/2jT0x7D']	['https://pbs.twimg.com/media/DQ4E-o1X0AAbc4u.jpg']	0	16	43	[]	[]	https://twitter.com/ExpansionMx/status/940694848704827392	False		1	https://pbs.twimg.com/media/DQ4E-o1X0AAbc4u.jpg							[]				
940690337701474304	940690337701474304	2017-12-13 06:10:28 KST	2017-12-13	06:10:28	+0900	1652541	reuters	Reuters		PepsiCo makes biggest public pre-order of Tesla Semis: 100 trucks  https://t.co/Rj4LOU9pTj  https://t.co/Y5Px1qhOO4	en	[]	['http://reut.rs/2C6QW4M']	['https://pbs.twimg.com/media/DQ4A4FzXkAEtZ-D.jpg']	16	151	259	[]	[]	https://twitter.com/Reuters/status/940690337701474304	False		1	https://pbs.twimg.com/media/DQ4A4FzXkAEtZ-D.jpg							[]				
940686590216568832	940686590216568832	2017-12-13 05:55:34 KST	2017-12-13	05:55:34	+0900	70987052	lebeaucarnews	Phil LeBeau		Tesla shares pop after PepsiCo orders biggest fleet of Semi trucks so far  https://t.co/SHsUmB6gGn  https://t.co/TbwSNNkK7J	en	[]	['http://dlvr.it/Q5f6Kx']	['https://pbs.twimg.com/media/DQ39d6TV4AEP_Nh.jpg']	1	10	22	[]	[]	https://twitter.com/Lebeaucarnews/status/940686590216568832	False		1	https://pbs.twimg.com/media/DQ39d6TV4AEP_Nh.jpg							[]				
940681877588979714	940681877588979714	2017-12-13 05:36:51 KST	2017-12-13	05:36:51	+0900	8105922	clarincom	Clarín		PepsiCo incorporará 100 camiones eléctricos a su flota  https://t.co/yAewFNFi7U  https://t.co/TRgUXgngzZ	es	[]	['http://clar.in/2AfmFiG']	['https://pbs.twimg.com/media/DQ35LeIW4AAWx4g.jpg']	1	25	53	[]	[]	https://twitter.com/clarincom/status/940681877588979714	False		1	https://pbs.twimg.com/media/DQ35LeIW4AAWx4g.jpg							[]				
940681667991293952	940681667991293952	2017-12-13 05:36:01 KST	2017-12-13	05:36:01	+0900	819800	cnetnews	CNET News		PepsiCo orders 100 Tesla Semis, the largest reservation yet  https://t.co/blh9fJRkSA  https://t.co/Dx39hJA7Hk	en	[]	['http://cnet.co/2BXpwgH']	['https://pbs.twimg.com/media/DQ34_b3W4AAnUKL.jpg']	0	10	23	[]	[]	https://twitter.com/CNETNews/status/940681667991293952	False		1	https://pbs.twimg.com/media/DQ34_b3W4AAnUKL.jpg							[]				
940675413797416960	940675413797416960	2017-12-13 05:11:10 KST	2017-12-13	05:11:10	+0900	624413	marketwatch	MarketWatch		PepsiCo has placed reservations for 100 Tesla Semi trucks, the largest publicly known order to date:  https://t.co/HnCDLC5sfQ	en	[]	['http://on.mktw.net/2z3KawV']	[]	4	44	96	[]	[]	https://twitter.com/MarketWatch/status/940675413797416960	False		0								[]				
940672983386992640	940672983386992640	2017-12-13 05:01:30 KST	2017-12-13	05:01:30	+0900	19546277	yahoofinance	Yahoo Finance		PepsiCo makes biggest public pre-order of Tesla Semis: 100 trucks  https://t.co/LQMhe6AXpX  https://t.co/3KfrgG2etZ	en	[]	['https://yhoo.it/2BaIfIp']	['https://pbs.twimg.com/media/DQ3xF35WkAEEXyL.jpg']	1	14	28	[]	[]	https://twitter.com/YahooFinance/status/940672983386992640	False		1	https://pbs.twimg.com/media/DQ3xF35WkAEEXyL.jpg							[]				
940670842471682048	940670842471682048	2017-12-13 04:53:00 KST	2017-12-13	04:53:00	+0900	80628196	aarp	AARP		How can employers best implement smart policies to support family caregivers in the workforce? Livestream the discussion with representatives from @PepsiCo, @JNJCares and @EY_us:  https://t.co/GH4Aq7ffop #FutureOfCaregiving	en	[{'screen_name': 'pepsico', 'name': 'pepsico', 'id': '21346619'}, {'screen_name': 'jnjcares', 'name': 'johnson & johnson', 'id': '138845026'}, {'screen_name': 'ey_us', 'name': 'ey us', 'id': '869918579927523328'}]	['http://spr.ly/6015DGu9d']	[]	0	8	22	['futureofcaregiving']	[]	https://twitter.com/AARP/status/940670842471682048	False		0								[]				
940670579413315585	940670579413315585	2017-12-13 04:51:57 KST	2017-12-13	04:51:57	+0900	20402945	cnbc	CNBC		Tesla shares pop after PepsiCo orders biggest fleet of Semi trucks so far  https://t.co/54QIZg9TH4	en	[]	['http://cnb.cx/2C7s7p5']	[]	11	35	79	[]	[]	https://twitter.com/CNBC/status/940670579413315585	False		0								[]				
940665062703767552	940665062703767552	2017-12-13 04:30:02 KST	2017-12-13	04:30:02	+0900	56413858	foxbusiness	FOX Business		PepsiCo makes biggest public pre-order of Tesla Semis: 100 trucks    https://t.co/Nq3jvgJer7	en	[]	['http://fxn.ws/2nV1fFS']	[]	3	9	21	[]	[]	https://twitter.com/FoxBusiness/status/940665062703767552	False		0								[]				
940657909368750080	940657909368750080	2017-12-13 04:01:36 KST	2017-12-13	04:01:36	+0900	19546277	yahoofinance	Yahoo Finance		PepsiCo makes biggest public pre-order of Tesla Semis: 100 trucks  https://t.co/wYkr02qJjd  https://t.co/u1uyGhq8nv	en	[]	['https://yhoo.it/2B9GJ9q']	['https://pbs.twimg.com/media/DQ3jYdRU8AAt6iE.jpg']	2	21	45	[]	[]	https://twitter.com/YahooFinance/status/940657909368750080	False		1	https://pbs.twimg.com/media/DQ3jYdRU8AAt6iE.jpg							[]				
940656256733274112	940656256733274112	2017-12-13 03:55:02 KST	2017-12-13	03:55:02	+0900	838419253	claudiaassismw	Claudia Assis		PepsiCo places largest publicly known order for Tesla Semis to date, the latest sign of interest in the electric big rig.  https://t.co/43cTVnJm4C  https://t.co/YrOMd3K5MT	en	[]	['https://www.marketwatch.com/story/pepsico-orders-100-tesla-semi-trucks-in-biggest-deal-since-launch-2017-12-12?link=MW_latest_news']	['https://pbs.twimg.com/tweet_video_thumb/DQ3hzf1XkAA5MqC.jpg']	2	17	58	[]	[]	https://twitter.com/ClaudiaAssisMW/status/940656256733274112	False		1	https://pbs.twimg.com/tweet_video_thumb/DQ3hzf1XkAA5MqC.jpg							[]				
940649995988094976	940649995988094976	2017-12-13 03:30:10 KST	2017-12-13	03:30:10	+0900	15110431	reutersscience	Reuters Science News		PepsiCo makes biggest public pre-order of Tesla Semis: 100 trucks  https://t.co/U3qgK4RfJM	en	[]	['http://reut.rs/2AdgwU9']	[]	0	2	17	[]	[]	https://twitter.com/ReutersScience/status/940649995988094976	False		0								[]				
940648400307019778	940648400307019778	2017-12-13 03:23:49 KST	2017-12-13	03:23:49	+0900	275686563	verge	The Verge		PepsiCo orders 100 Tesla Semi trucks in largest preorder to date  https://t.co/mVa2NnpFIM  https://t.co/o1UzM613ny	it	[]	['https://www.theverge.com/2017/12/12/16767422/tesla-semi-truck-pepsi-preorder?utm_campaign=theverge&utm_content=chorus&utm_medium=social&utm_source=twitter']	['https://pbs.twimg.com/media/DQ3au_-W0AEaAMC.jpg']	11	232	737	[]	[]	https://twitter.com/verge/status/940648400307019778	False		1	https://pbs.twimg.com/media/DQ3au_-W0AEaAMC.jpg							[]				
940634613541691392	940634613541691392	2017-12-13 02:29:02 KST	2017-12-13	02:29:02	+0900	14594813	folha	Folha de S.Paulo		PepsiCo faz encomenda antecipada de cem caminhões elétricos da Tesla  https://t.co/akC13LsAKr	pt	[]	['http://www1.folha.uol.com.br/mercado/2017/12/1942650-pepsico-faz-encomenda-antecipada-de-cem-caminhoes-eletricos-da-tesla.shtml?utm_source=twitter&utm_medium=social&utm_campaign=twfolha']	[]	2	5	34	[]	[]	https://twitter.com/folha/status/940634613541691392	False		0								[]				
940627361271345157	940627361271345157	2017-12-13 02:00:13 KST	2017-12-13	02:00:13	+0900	1652541	reuters	Reuters		PepsiCo makes biggest public pre-order of Tesla Semis: 100 trucks  https://t.co/hnxXKy1Xnc	en	[]	['http://reut.rs/2AfBdiz']	[]	7	99	215	[]	[]	https://twitter.com/Reuters/status/940627361271345157	False		0								[]				
940623390486024193	940623390486024193	2017-12-13 01:44:26 KST	2017-12-13	01:44:26	+0900	30070288	exame	exame		PepsiCo reserva 100 caminhões elétricos da Tesla para sua frota  https://t.co/WOPfKf64Pz	pt	[]	['http://abr.ai/2BHlmNO']	[]	0	3	23	[]	[]	https://twitter.com/exame/status/940623390486024193	False		0								[]				
940618036226256902	940618036226256902	2017-12-13 01:23:10 KST	2017-12-13	01:23:10	+0900	717313	arstechnica	Ars Technica		PepsiCo reserves 100 Tesla Semis, likely at $20,000 a pop  https://t.co/9XIy19dhXG by @MeganGeuss	en	[{'screen_name': 'megangeuss', 'name': 'megan geuss', 'id': '101915429'}]	['http://arstechnica.com/cars/2017/12/so-far-it-appears-pepsico-had-placed-the-most-tesla-semi-reservations/']	[]	3	21	34	[]	[]	https://twitter.com/arstechnica/status/940618036226256902	False		0								[]				
940618005398114305	940618005398114305	2017-12-13 01:23:02 KST	2017-12-13	01:23:02	+0900	15110357	reutersbiz	Reuters Business		PepsiCo orders 100 of Tesla's new electric Semi trucks in effort to reduce fuel costs and fleet emissions:  https://t.co/BhV31by7tz  https://t.co/9UUdmuYer3	en	[]	['http://reut.rs/2yhzSWD']	['https://pbs.twimg.com/media/DQ2_FuUWsAE3uhS.jpg']	3	50	65	[]	[]	https://twitter.com/ReutersBiz/status/940618005398114305	False		1	https://pbs.twimg.com/media/DQ2_FuUWsAE3uhS.jpg							[]				
940586195968581632	940586195968581632	2017-12-12 23:16:39 KST	2017-12-12	23:16:39	+0900	8736882	globeandmail	The Globe and Mail		PepsiCo orders 100 Tesla Semis, the largest public pre-order of the big-rig trucks  https://t.co/ERZU2HVfbF From @globetechnology	en	[{'screen_name': 'globetechnology', 'name': 'globe technology', 'id': '17455910'}]	['https://trib.al/SAjO4dt']	[]	4	18	27	[]	[]	https://twitter.com/globeandmail/status/940586195968581632	False		0								[]				
940579760652017664	940579760652017664	2017-12-12 22:51:04 KST	2017-12-12	22:51:04	+0900	70987052	lebeaucarnews	Phil LeBeau		PepsiCo makes the biggest public pre-order of Tesla Semis to date: 100 trucks  https://t.co/cyqykXKfcH  https://t.co/0P6Q3aP9eV	en	[]	['http://dlvr.it/Q5Zvry']	['https://pbs.twimg.com/media/DQ2cTooUQAArZul.jpg']	4	21	40	[]	[]	https://twitter.com/Lebeaucarnews/status/940579760652017664	False		1	https://pbs.twimg.com/media/DQ2cTooUQAArZul.jpg							[]				
940574496884477953	940574496884477953	2017-12-12 22:30:09 KST	2017-12-12	22:30:09	+0900	15110431	reutersscience	Reuters Science News		PepsiCo makes biggest public pre-order of Tesla Semis: 100 trucks  https://t.co/GZibeogXTp	en	[]	['http://reut.rs/2z3cZd3']	[]	0	9	26	[]	[]	https://twitter.com/ReutersScience/status/940574496884477953	False		0								[]				
940574453393604608	940574453393604608	2017-12-12 22:29:59 KST	2017-12-12	22:29:59	+0900	349249475	gerberkawasaki	Ross Gerber		More trucks being sold. A lot more. Pepsi has 10k trucks total... #PepsiCo makes biggest public pre-order of #Tesla Semis: 100 trucks - Reuters $tsla   https://t.co/mXG2GygiVz	en	[]	['https://apple.news/AINICQsqsRgy8QXiPs3DAmw']	[]	0	4	14	['pepsico', 'tesla']	['tsla']	https://twitter.com/GerberKawasaki/status/940574453393604608	False		0								[]				
940569476680110085	940569476680110085	2017-12-12 22:10:12 KST	2017-12-12	22:10:12	+0900	739119366	robertwolf32	Robert Wolf		Proud to CoChair tonight’s  @sandyhook 5th Year Remembrance Event honoring @JoeBiden @PepsiCo @IndraNooyi w @GayleKing @SherylCrow - please watch &amp; RT  #TomorrowsNews we can change the ending🙏   https://t.co/x12yqHK2Jp	en	[{'screen_name': 'sandyhook', 'name': 'sandy hook promise', 'id': '1032290077'}, {'screen_name': 'joebiden', 'name': 'joe biden', 'id': '939091'}, {'screen_name': 'pepsico', 'name': 'pepsico', 'id': '21346619'}, {'screen_name': 'indranooyi', 'name': 'indra nooyi', 'id': '2652536876'}, {'screen_name': 'gayleking', 'name': 'gayle king', 'id': '29546945'}, {'screen_name': 'sherylcrow', 'name': 'sheryl crow', 'id': '68330395'}]	['http://youtu.be/ZvRQ1StsYGw']	[]	2	22	48	['tomorrowsnews']	[]	https://twitter.com/robertwolf32/status/940569476680110085	False		0								[]				
940566401647071232	940566401647071232	2017-12-12 21:57:59 KST	2017-12-12	21:57:59	+0900	15110357	reutersbiz	Reuters Business		PepsiCo makes biggest public pre-order of Tesla Semis: 100 trucks  https://t.co/TPcczyXf7y	en	[]	['http://reut.rs/2kqNKbV']	[]	4	45	54	[]	[]	https://twitter.com/ReutersBiz/status/940566401647071232	False		0								[]				
940565927967576065	940565927967576065	2017-12-12 21:56:06 KST	2017-12-12	21:56:06	+0900	1652541	reuters	Reuters		PepsiCo makes biggest public pre-order of Tesla Semis: 100 trucks  https://t.co/qm0Zwrktxz	en	[]	['http://reut.rs/2AdkVGI']	[]	17	173	341	[]	[]	https://twitter.com/Reuters/status/940565927967576065	False		0								[]				
940561886944350208	940561886944350208	2017-12-12 21:40:03 KST	2017-12-12	21:40:03	+0900	15110357	reutersbiz	Reuters Business		PepsiCo makes biggest public pre-order of Tesla Semis: 100 trucks  https://t.co/HQnn9MrG0L	en	[]	['http://reut.rs/2AcI2RS']	[]	2	33	34	[]	[]	https://twitter.com/ReutersBiz/status/940561886944350208	False		0								[]				
940558874129633280	940558874129633280	2017-12-12 21:28:04 KST	2017-12-12	21:28:04	+0900	25562270	reuterstech	Reuters Tech News		PepsiCo makes biggest public pre-order of Tesla Semis: 100 trucks  https://t.co/Bcl4H2b3Gx	en	[]	['http://reut.rs/2kq1YtR']	[]	2	25	23	[]	[]	https://twitter.com/ReutersTech/status/940558874129633280	False		0								[]				
940558865287938048	940558865287938048	2017-12-12 21:28:02 KST	2017-12-12	21:28:02	+0900	14628959	automotive_news	Automotive News		100 Tesla Semi trucks preordered by PepsiCo  https://t.co/LX8WlauPHH  https://t.co/UrZiAG8cl8	sl	[]	['http://dlvr.it/Q5ZL7K']	['https://pbs.twimg.com/media/DQ2JTW3U8AEY-np.jpg']	2	9	19	[]	[]	https://twitter.com/Automotive_News/status/940558865287938048	False		1	https://pbs.twimg.com/media/DQ2JTW3U8AEY-np.jpg							[]				
940219603892035584	940219603892035584	2017-12-11 22:59:56 KST	2017-12-11	22:59:56	+0900	739119366	robertwolf32	Robert Wolf		Thank you @SherylCrow &amp; @GMA for special segment &amp; Tomorrow is 5th Yr #Newtown @sandyhook Remembrance Event in NYC honoring @JoeBiden &amp; @PepsiCo CEO @IndraNooyi w many close friends showing support  @ValerieJarrett @TeamVic @jheil @garyvee @NBA @Giants @Yankees  https://t.co/GVbFmqPwMP	en	[{'screen_name': 'sherylcrow', 'name': 'sheryl crow', 'id': '68330395'}, {'screen_name': 'gma', 'name': 'good morning america', 'id': '22650211'}, {'screen_name': 'sandyhook', 'name': 'sandy hook promise', 'id': '1032290077'}, {'screen_name': 'joebiden', 'name': 'joe biden', 'id': '939091'}, {'screen_name': 'pepsico', 'name': 'pepsico', 'id': '21346619'}, {'screen_name': 'indranooyi', 'name': 'indra nooyi', 'id': '2652536876'}, {'screen_name': 'valeriejarrett', 'name': 'valerie jarrett', 'id': '806862084277407744'}, {'screen_name': 'teamvic', 'name': 'victor cruz', 'id': '19548850'}, {'screen_name': 'jheil', 'name': 'john heilemann', 'id': '14251225'}, {'screen_name': 'garyvee', 'name': 'gary vaynerchuk', 'id': '5768872'}, {'screen_name': 'nba', 'name': 'nba', 'id': '19923144'}, {'screen_name': 'giants', 'name': 'new york giants', 'id': '240734425'}, {'screen_name': 'yankees', 'name': 'new york yankees', 'id': '40927173'}]	['https://twitter.com/gma/status/940212335137796096']	[]	0	19	65	['newtown']	[]	https://twitter.com/robertwolf32/status/940219603892035584	False	https://twitter.com/gma/status/940212335137796096	0								[]				
939593768629690368	939593768629690368	2017-12-10 05:33:05 KST	2017-12-10	05:33:05	+0900	18639734	nasdaq	Nasdaq		⭐️ We are overcome by the Joy of @PepsiCo moving their listing to Nasdaq under $PEP  https://t.co/PNTjFCSgvW	en	[{'screen_name': 'pepsico', 'name': 'pepsico', 'id': '21346619'}]	[]	['https://pbs.twimg.com/tweet_video_thumb/DQobivOVoAAXx9b.jpg']	1	7	18	[]	['pep']	https://twitter.com/Nasdaq/status/939593768629690368	False		1	https://pbs.twimg.com/tweet_video_thumb/DQobivOVoAAXx9b.jpg							[]				
939453361979576321	939453361979576321	2017-12-09 20:15:10 KST	2017-12-09	20:15:10	+0900	19546277	yahoofinance	Yahoo Finance		PepsiCo to move to Nasdaq after nearly a century with NYSE  https://t.co/2vtZ2gxJH7  https://t.co/f9pISP73uV	en	[]	['https://yhoo.it/2kJSPzV']	['https://pbs.twimg.com/media/DQmb2lvW4AUbuZP.jpg']	1	15	24	[]	[]	https://twitter.com/YahooFinance/status/939453361979576321	False		1	https://pbs.twimg.com/media/DQmb2lvW4AUbuZP.jpg							[]				
939271559373615104	939271559373615104	2017-12-09 08:12:45 KST	2017-12-09	08:12:45	+0900	15110357	reutersbiz	Reuters Business		PepsiCo to move to Nasdaq after nearly a century with NYSE  https://t.co/TdK9CMCSz1	en	[]	['http://reut.rs/2BiZKHo']	[]	1	10	18	[]	[]	https://twitter.com/ReutersBiz/status/939271559373615104	False		0								[]				
939261954178285568	939261954178285568	2017-12-09 07:34:35 KST	2017-12-09	07:34:35	+0900	246444102	jillmalandrino	Jill Malandrino		$166,000,000,000 in market cap has just switched to @Nasdaq !!! Welcome, @PepsiCo! $PEP #rewritetomorrow 🍾  https://t.co/AAuWsI5JDz	en	[{'screen_name': 'nasdaq', 'name': 'nasdaq', 'id': '18639734'}, {'screen_name': 'pepsico', 'name': 'pepsico', 'id': '21346619'}]	[]	['https://pbs.twimg.com/media/DQjtgSsX0AEfyCY.jpg']	0	2	10	['rewritetomorrow']	['pep']	https://twitter.com/JillMalandrino/status/939261954178285568	False		1	https://pbs.twimg.com/media/DQjtgSsX0AEfyCY.jpg							[]				
939260731823984640	939260731823984640	2017-12-09 07:29:43 KST	2017-12-09	07:29:43	+0900	18639734	nasdaq	Nasdaq		⚡ BREAKING NEWS ⚡ @PepsiCo stock will start trading on the Nasdaq stock market on Dec. 20. We’re thrilled to welcome them to our family of the world’s most innovative companies! $PEP #rewritetomorrow  https://t.co/4IEV6OTyN4	en	[{'screen_name': 'pepsico', 'name': 'pepsico', 'id': '21346619'}]	[]	[]	10	75	111	['rewritetomorrow']	['pep']	https://twitter.com/Nasdaq/status/939260731823984640	False		1	https://pbs.twimg.com/amplify_video_thumb/939260653658718208/img/6WDtDhkpuYY9PY_-.jpg							[]				
939259457384714240	939259457384714240	2017-12-09 07:24:39 KST	2017-12-09	07:24:39	+0900	2810270363	adenatfriedman	Adena Friedman		We are thrilled to welcome @PepsiCo to our @Nasdaq family of the world’s most innovative companies.   Congratulations to @IndraNooyi and everyone at PepsiCo. We look forward to a refreshing new year with you! $PEP #RewriteTomorrow ✍️  https://t.co/ryV2rc8ZtU	en	[{'screen_name': 'pepsico', 'name': 'pepsico', 'id': '21346619'}, {'screen_name': 'nasdaq', 'name': 'nasdaq', 'id': '18639734'}, {'screen_name': 'indranooyi', 'name': 'indra nooyi', 'id': '2652536876'}]	[]	[]	8	36	93	['rewritetomorrow']	['pep']	https://twitter.com/adenatfriedman/status/939259457384714240	False		1	https://pbs.twimg.com/ext_tw_video_thumb/939259388950331393/pu/img/nGwjm7TUJE6RrhGS.jpg							[]				
939247836218167297	939247836218167297	2017-12-09 06:38:29 KST	2017-12-09	06:38:29	+0900	56413858	foxbusiness	FOX Business		#BreakingNews: PepsiCo to move stock exchange listing to the Nasdaq $PEP  https://t.co/TmCwCihZYO	en	[]	[]	[]	0	8	26	['breakingnews']	['pep']	https://twitter.com/FoxBusiness/status/939247836218167297	False		1	https://pbs.twimg.com/media/DQjgwJ1X0AAXPh1.jpg							[]				
939246529080123392	939246529080123392	2017-12-09 06:33:17 KST	2017-12-09	06:33:17	+0900	20402945	cnbc	CNBC		"JUST IN: Pepsico to move its stock listing from the NYSE to the Nasdaq effective December 19; company says change ""will provide us with greater cost- effectiveness""  https://t.co/SEOa7zkSU1"	en	[]	['http://cnbc.com/id/104789370']	[]	0	25	28	[]	[]	https://twitter.com/CNBC/status/939246529080123392	False		0								[]				
939246529063374849	939246529063374849	2017-12-09 06:33:17 KST	2017-12-09	06:33:17	+0900	26574283	cnbcnow	CNBC Now		"JUST IN: Pepsico to move its stock listing from the NYSE to the Nasdaq effective December 19; company says change ""will provide us with greater cost- effectiveness""  https://t.co/3F8ZNFqpE1"	en	[]	['http://cnbc.com/id/104789370']	[]	2	30	21	[]	[]	https://twitter.com/CNBCnow/status/939246529063374849	False		0								[]				
939041880318214144	939041880318214144	2017-12-08 17:00:05 KST	2017-12-08	17:00:05	+0900	151902586	pepsicojobs	PepsiCo Jobs		PepsiCo India has won the “Best Community Project in Water” award in ASSOCHAM’s National Conference-cum-Awards on “WATER MANAGEMENT: Technology I Innovation I Sustainability.”  https://t.co/iZyTE3uCoC	en	[]	[]	['https://pbs.twimg.com/media/DQglnKNVoAEvRqU.jpg']	8	43	328	[]	[]	https://twitter.com/PepsiCoJOBS/status/939041880318214144	False		1	https://pbs.twimg.com/media/DQglnKNVoAEvRqU.jpg							[]				
938755504427470848	938737733324951554	2017-12-07 22:02:08 KST	2017-12-07	22:02:08	+0900	155304314	valeriafgl	Valeria Fgl		@memepowered @coroneltrauma @carolinalaurame @myriambregman Seguramente lo de Pepsico, Lear, etc., lo debo haber soñado.	es	[]	[]	[]	3	0	20	[]	[]	https://twitter.com/valeriafgl/status/938755504427470848	False		0								[{'screen_name': 'memepowered', 'name': 'infeliz', 'id': '84184873'}, {'screen_name': 'coroneltrauma', 'name': '#Manuel💛', 'id': '726563296351019009'}, {'screen_name': 'carolinalaurame', 'name': 'clau', 'id': '3152635313'}, {'screen_name': 'myriambregman', 'name': 'Myriam Bregman', 'id': '332993154'}]				
938679491299282945	938679491299282945	2017-12-07 17:00:05 KST	2017-12-07	17:00:05	+0900	151902586	pepsicojobs	PepsiCo Jobs		Suchitra Rajendra, Human Resources VP for PepsiCo India, shares why it's important to invest in people to fuel innovation. Find out when to buy, borrow and build talent to support business growth.  https://t.co/cDJMyWP6EW	en	[]	['http://pepsi.co/2ADUlaE']	[]	0	19	110	[]	[]	https://twitter.com/PepsiCoJOBS/status/938679491299282945	False		0								[]				
938602784806535168	938602784806535168	2017-12-07 11:55:16 KST	2017-12-07	11:55:16	+0900	246575950	genyouthnow	GENYOUthNow		And that’s a wrap! Thanks for following along... and most importantly THANK YOU to our supporters for making this #GENYOUthGala possible! 🙏🏼 @BHEnergyCo @UHC @LandOLakesInc @PepsiCo @CoBank @Microsoft @fairlife @dominos @InmarInc @ToysRUs @NRFnews @TDAmeritrade @Schreiber_Foods  https://t.co/91fa7XfCjg	en	"[{'screen_name': 'bhenergyco', 'name': 'bh energy', 'id': '2470810100'}, {'screen_name': 'uhc', 'name': 'unitedhealthcare', 'id': '397462571'}, {'screen_name': 'landolakesinc', 'name': ""land o'lakes, inc."", 'id': '26647809'}, {'screen_name': 'pepsico', 'name': 'pepsico', 'id': '21346619'}, {'screen_name': 'cobank', 'name': 'cobank', 'id': '325141447'}, {'screen_name': 'microsoft', 'name': 'microsoft', 'id': '74286565'}, {'screen_name': 'fairlife', 'name': 'fairlife', 'id': '501355017'}, {'screen_name': 'dominos', 'name': ""domino's pizza"", 'id': '31444922'}, {'screen_name': 'inmarinc', 'name': 'inmar intelligence', 'id': '593702390'}, {'screen_name': 'toysrus', 'name': 'toysrus', 'id': '17308994'}, {'screen_name': 'nrfnews', 'name': 'national retail federation', 'id': '63787812'}, {'screen_name': 'tdameritrade', 'name': 'td ameritrade', 'id': '16816021'}, {'screen_name': 'schreiber_foods', 'name': 'schreiber foods', 'id': '38250328'}]"	[]	['https://pbs.twimg.com/media/DQaWQCSVQAATnwl.jpg', 'https://pbs.twimg.com/media/DQaWQCOV4AAAt-u.jpg', 'https://pbs.twimg.com/media/DQaWQCOVwAAROrb.jpg', 'https://pbs.twimg.com/media/DQaWQCQUQAAAMWa.jpg']	0	2	13	['genyouthgala']	[]	https://twitter.com/GENYOUthNow/status/938602784806535168	False		1	https://pbs.twimg.com/media/DQaWQCSVQAATnwl.jpg							[]				
938438419801427969	938438419801427969	2017-12-07 01:02:09 KST	2017-12-07	01:02:09	+0900	374115730	nicolasdelcano	Nicolas del Caño		Hoy me acompañaron los trabajadores de @Pepsico_Enlucha y @Claubonara  en mi jura como diputado. Orgullo!!  https://t.co/sZs1Opyk6H	es	[{'screen_name': 'pepsico_enlucha', 'name': 'pepsicoenlucha', 'id': '882647776605155332'}, {'screen_name': 'claubonara', 'name': 'c. dellecarbonara', 'id': '145367597'}]	[]	['https://pbs.twimg.com/media/DQYAmkLXcAAdBye.jpg']	12	27	80	[]	[]	https://twitter.com/NicolasdelCano/status/938438419801427969	False		1	https://pbs.twimg.com/media/DQYAmkLXcAAdBye.jpg							[]				
938430824168476672	938430824168476672	2017-12-07 00:31:58 KST	2017-12-07	00:31:58	+0900	198579422	ptsarg	PTS		Tras la jura, @NicolasdelCano con @NathiGonzalezS, @myriambregman, @chipicastillo, @claubonara, @LaNegraVerdu, @andreadatri, @patriciodc, @barbeito_noelia, @Pepsico_Enlucha, @LuanaSimioni, el equipo de prensa y más... #NicoDiputado #SesiónPreparatoria  https://t.co/TbPz0EnXP2	es	"[{'screen_name': 'nicolasdelcano', 'name': 'nicolas del caño', 'id': '374115730'}, {'screen_name': 'nathigonzalezs', 'name': 'nathalia gonzalez', 'id': '2706389082'}, {'screen_name': 'myriambregman', 'name': 'myriam bregman', 'id': '332993154'}, {'screen_name': 'chipicastillo', 'name': 'christian castillo', 'id': '200638297'}, {'screen_name': 'claubonara', 'name': 'c. dellecarbonara', 'id': '145367597'}, {'screen_name': 'lanegraverdu', 'name': 'm. del carmen verdú', 'id': '4858820483'}, {'screen_name': 'andreadatri', 'name': ""andrea d'atri 😷✊🏽"", 'id': '43620417'}, {'screen_name': 'patriciodc', 'name': 'patricio del corro', 'id': '163875218'}, {'screen_name': 'pepsico_enlucha', 'name': 'pepsicoenlucha', 'id': '882647776605155332'}, {'screen_name': 'luanasimioni', 'name': 'luana simioni', 'id': '811380428'}]"	[]	['https://pbs.twimg.com/media/DQX53DyWsAEJ1RS.jpg']	1	18	73	['nicodiputado', 'sesiónpreparatoria']	[]	https://twitter.com/PTSarg/status/938430824168476672	False		1	https://pbs.twimg.com/media/DQX53DyWsAEJ1RS.jpg							[]				
938317102913638404	938317102913638404	2017-12-06 17:00:05 KST	2017-12-06	17:00:05	+0900	151902586	pepsicojobs	PepsiCo Jobs		Anshul has had a fantastic career growth journey at PepsiCo India, from a fresh graduate in our Management Trainee program to today where he is one of our most successful brand directors. #MeetOurLeaders  https://t.co/zajIC6XtEp	en	[]	[]	['https://pbs.twimg.com/media/DQWSblyXkAAlEHy.jpg']	4	27	111	['meetourleaders']	[]	https://twitter.com/PepsiCoJOBS/status/938317102913638404	False		1	https://pbs.twimg.com/media/DQWSblyXkAAlEHy.jpg							[]				
938262281082867712	938262281082867712	2017-12-06 13:22:14 KST	2017-12-06	13:22:14	+0900	100731315	actualidadrt	RT en Español		Rusia sospecha de la transnacional PepsiCo por espionaje  https://t.co/t2f9vasX2J  https://t.co/Mpip80UQPH	es	[]	['https://es.rt.com/5i6s']	['https://pbs.twimg.com/media/DQVgkEbXcAAAMTa.jpg']	0	40	34	[]	[]	https://twitter.com/ActualidadRT/status/938262281082867712	False		1	https://pbs.twimg.com/media/DQVgkEbXcAAAMTa.jpg							[]				
938193066095149056	938189001344811008	2017-12-06 08:47:12 KST	2017-12-06	08:47:12	+0900	155304314	valeriafgl	Valeria Fgl		@cokiramirez @rialjorge @myriambregman Sí, te pongo algunos: abogada de Julio López y querellante en el juicio contra Etchecolatz donde fue condenado por genocidio; denuncia de espionaje ilegal con Proyecto X; abogada de Zanon y Madygraf sin patrones; referente feminista. Puso el cuerpo en Pepsico. ¿Y vos qué hiciste?  https://t.co/47Agf0Ab3W	es	[]	[]	['https://pbs.twimg.com/media/DQUhJLrWAAESkMz.jpg', 'https://pbs.twimg.com/media/DQUhLn8XUAIS1hi.jpg', 'https://pbs.twimg.com/media/DQUhaDUW0AEAYGx.jpg', 'https://pbs.twimg.com/media/DQUhdh9W0AAwCxx.jpg']	12	20	179	[]	[]	https://twitter.com/valeriafgl/status/938193066095149056	False		1	https://pbs.twimg.com/media/DQUhJLrWAAESkMz.jpg							[{'screen_name': 'cokiramirez', 'name': 'Coki Ramírez', 'id': '174734513'}, {'screen_name': 'rialjorge', 'name': 'JORGE RIAL', 'id': '124779370'}, {'screen_name': 'myriambregman', 'name': 'Myriam Bregman', 'id': '332993154'}]				
938086317757485056	938086317757485056	2017-12-06 01:43:01 KST	2017-12-06	01:43:01	+0900	64643056	rt_com	RT		'Taste of espionage?': Russia’s agricultural watchdog launches internal check into PepsiCo  https://t.co/RZ2wlkyyYH  https://t.co/C2HZovu4yf	en	[]	['https://on.rt.com/8twk']	['https://pbs.twimg.com/tweet_video_thumb/DQSwffKWsAA4qJE.jpg']	4	15	25	[]	[]	https://twitter.com/RT_com/status/938086317757485056	False		1	https://pbs.twimg.com/tweet_video_thumb/DQSwffKWsAA4qJE.jpg							[]				
937895089589846016	937895089589846016	2017-12-05 13:03:09 KST	2017-12-05	13:03:09	+0900	317291424	ramyinocencio	Ramy Inocencio 英若明		Bitcoin is now worth more than New Zealand. The cryptocurrency's $190 billion value beats the Asia Pacific nation's GDP, PepsiCo's market cap and the combined worth of the world's two richest men - Jeff Bezos and Bill Gates. More details in @TheTerminal.  https://t.co/cvYUbdLbjT  https://t.co/8Y9EFgwwM6	en	[{'screen_name': 'theterminal', 'name': 'bloomberg terminal', 'id': '3236381990'}]	['https://www.bloomberg.com/news/videos/2017-12-05/3-charts-to-know-bitcoin-even-beats-bezos-video']	['https://pbs.twimg.com/media/DQQSVCrWsAAE1bM.jpg']	14	88	105	[]	[]	https://twitter.com/RamyInocencio/status/937895089589846016	False		1	https://pbs.twimg.com/media/DQQSVCrWsAAE1bM.jpg							[]				
936975790746624000	936975790746624000	2017-12-03 00:10:11 KST	2017-12-03	00:10:11	+0900	335969426	leonardo_grosso	Leonardo Grosso		"Como en Pepsico, si protestas ante el avance del ajuste y la quita de derechos, Cambiemos te reprime.  Ese es su ""diálogo"" con los que sufren.  https://t.co/jkoBENOyyp"	es	[]	['https://twitter.com/myriambregman/status/936925171595857920']	[]	2	13	45	[]	[]	https://twitter.com/Leonardo_Grosso/status/936975790746624000	False	https://twitter.com/myriambregman/status/936925171595857920	0								[]				
936925171595857920	936925171595857920	2017-12-02 20:49:02 KST	2017-12-02	20:49:02	+0900	332993154	myriambregman	Myriam Bregman		Lo vimos también en la feroz represión a trabajadores de Pepsico. La culpa no era de la multinacional sino de los trabajadores y quienes apoyábamos @VillarruelDario @Leonardo_Grosso #SecretoDeSumario  https://t.co/a71WDgFLbR	es	[{'screen_name': 'villarrueldario', 'name': 'dario villarruel', 'id': '1532852965'}, {'screen_name': 'leonardo_grosso', 'name': 'leonardo grosso', 'id': '335969426'}]	['https://twitter.com/Radio10/status/936923704306601984']	[]	6	14	32	['secretodesumario']	[]	https://twitter.com/myriambregman/status/936925171595857920	False	https://twitter.com/Radio10/status/936923704306601984	0								[]				
936522388438691840	936520503333937152	2017-12-01 18:08:31 KST	2017-12-01	18:08:31	+0900	338985020	afpfr	Agence France-Presse		"""Nous condamnons avec force toutes les tentatives de brouillage de cette initiative, en particulier la position de grandes multinationales (Nestlé, Coca-Cola, PepsiCo, Mars, Mondelez et Unilever) qui refusent le Nutri-Score"" dénonce la pétition."	fr	[]	[]	[]	1	29	20	[]	[]	https://twitter.com/afpfr/status/936522388438691840	False		0								[]				
