id	conversation_id	created_at	date	time	timezone	user_id	username	name	place	tweet	language	mentions	urls	photos	replies_count	retweets_count	likes_count	hashtags	cashtags	link	retweet	quote_url	video	thumbnail	near	geo	source	user_rt_id	user_rt	retweet_id	reply_to	retweet_date	translate	trans_src	trans_dest
903011089063055361	903011089063055361	2017-08-31 06:46:35 KST	2017-08-31	06:46:35	+0900	175422899	solanopo	Gabriel Solano		CFK hace demagogia con los obreros y obreras de Pepsico pero su gobierno se cansó de reprimir a los trabajadores de Lear y Gestamp.	es	[]	[]	[]	3	22	62	[]	[]	https://twitter.com/Solanopo/status/903011089063055361	False		0								[]				
902863694765359106	902863694765359106	2017-08-30 21:00:53 KST	2017-08-30	21:00:53	+0900	161318053	bt_india	Business Today		Ramdev's Patanjali plans to launch drinking water Divya Jal; to compete with Pepsico, Coca-Cola and Bisleri  https://t.co/TFD5Affm4z  https://t.co/KC1lc9qhde	en	[]	['http://ow.ly/qMmp30eMwrS']	['https://pbs.twimg.com/media/DIedvq_UIAACvfd.jpg']	17	26	76	[]	[]	https://twitter.com/BT_India/status/902863694765359106	False		1	https://pbs.twimg.com/media/DIedvq_UIAACvfd.jpg							[]				
902614052685406210	902614052685406210	2017-08-30 04:28:54 KST	2017-08-30	04:28:54	+0900	2573916020	izquierdadiario	La Izquierda Diario		Son obreros de @Pepsico_Enlucha por sus puestos de trabajo, están en su carpa del Congreso y preguntan: ¿dónde está Santiago Maldonado?  https://t.co/A2NGzmAhm4	es	[{'screen_name': 'pepsico_enlucha', 'name': 'pepsicoenlucha', 'id': '882647776605155332'}]	[]	[]	0	48	62	[]	[]	https://twitter.com/izquierdadiario/status/902614052685406210	False		1	https://pbs.twimg.com/ext_tw_video_thumb/902613991666499584/pu/img/K0K4xuMVNleaRxTw.jpg							[]				
902542685793345536	902542685793345536	2017-08-29 23:45:19 KST	2017-08-29	23:45:19	+0900	66441732	fritolay	Frito-Lay		Learn how drivers and data play key roles in fuel efficiency for @PepsiCo.  https://t.co/ZF13xNjWP6 #RunOnLess  https://t.co/9stSSL0GE5	en	[{'screen_name': 'pepsico', 'name': 'pepsico', 'id': '21346619'}]	['http://bit.ly/2wFXBTG']	['https://pbs.twimg.com/media/DIZ5VQnUEAAhTlw.jpg']	16	13	33	['runonless']	[]	https://twitter.com/Fritolay/status/902542685793345536	False		1	https://pbs.twimg.com/media/DIZ5VQnUEAAhTlw.jpg							[]				
902493563107373056	902493563107373056	2017-08-29 20:30:07 KST	2017-08-29	20:30:07	+0900	99904689	regiondemurcia	Gobierno de la Región de Murcia		La Comunidad consigue atraer una inversión industrial de 31 millones de la multinacional @PepsiCo  https://t.co/UH1uhiRWbQ  https://t.co/hAnkxvC4cL	es	[{'screen_name': 'pepsico', 'name': 'pepsico', 'id': '21346619'}]	['http://www.carm.es/web/pagina?IDCONTENIDO=92934&IDTIPO=10&RASTRO=c$m122,70']	['https://pbs.twimg.com/media/DIZNA_5W4AAGTwU.jpg']	1	24	24	[]	[]	https://twitter.com/regiondemurcia/status/902493563107373056	False		1	https://pbs.twimg.com/media/DIZNA_5W4AAGTwU.jpg							[]				
902456050997223424	902456050997223424	2017-08-29 18:01:04 KST	2017-08-29	18:01:04	+0900	14942445	expansioncom	expansioncom		PepsiCo invertirá 31 millones de euros en una nueva planta de Alvalle en Murcia  https://t.co/Kqq3TvS7iV informa @JoseOrihuel  https://t.co/Pm02pkXkBD	es	[{'screen_name': 'joseorihuel', 'name': 'josé orihuel iranzo', 'id': '326931900'}]	['http://bit.ly/2wZQKE2']	['https://pbs.twimg.com/media/DIYq_rLVoAEocpB.jpg']	2	24	22	[]	[]	https://twitter.com/expansioncom/status/902456050997223424	False		1	https://pbs.twimg.com/media/DIYq_rLVoAEocpB.jpg							[]				
901916925864927234	901916925864927234	2017-08-28 06:18:46 KST	2017-08-28	06:18:46	+0900	2511399482	jon_banner1	Jon Banner		Thinking of all those impacted by #Harvey. The PepsiCo Foundation is supporting relief efforts by the @RedCross  https://t.co/xFTCYiK4em	en	[{'screen_name': 'redcross', 'name': 'american red cross', 'id': '6519522'}]	['http://www.pepsico.com/live/pressrelease/pepsico-and-the-pepsico-foundation-commit-more-than-1-million-to-support-disaste08272017']	[]	2	9	17	['harvey']	[]	https://twitter.com/jon_banner1/status/901916925864927234	False		0								[]				
901901977088602113	901901977088602113	2017-08-28 05:19:22 KST	2017-08-28	05:19:22	+0900	21346619	pepsico	PepsiCo		We are thinking of those affected by #HurricaneHarvey. Through the PepsiCo Foundation, we are committed to helping:  https://t.co/UPRrDlj6Rp	en	[]	['http://pepsi.co/2wAB2zy']	[]	14	55	90	['hurricaneharvey']	[]	https://twitter.com/PepsiCo/status/901901977088602113	False		0								[]				
901878591784456195	901878591784456195	2017-08-28 03:46:27 KST	2017-08-28	03:46:27	+0900	257432060	nestorpitrola	Néstor Pitrola		Ritondo en Clarín, hoy, asimila la ocupación de Pepsico a dudosos y no esclarecidos atentados de los últimos días: plan represivo en marcha	es	[]	[]	[]	9	23	36	[]	[]	https://twitter.com/nestorpitrola/status/901878591784456195	False		0								[]				
901597854355030017	901597490457317377	2017-08-27 09:10:54 KST	2017-08-27	09:10:54	+0900	2652536876	indranooyi	Indra Nooyi		I’m fighting for gender parity because women make @PepsiCo and our society stronger. #WomensEqualityDay	en	[{'screen_name': 'pepsico', 'name': 'pepsico', 'id': '21346619'}]	[]	[]	10	27	125	['womensequalityday']	[]	https://twitter.com/IndraNooyi/status/901597854355030017	False		0								[]				
901597603288272896	901597490457317377	2017-08-27 09:09:54 KST	2017-08-27	09:09:54	+0900	2652536876	indranooyi	Indra Nooyi		@PepsiCo We need to empower women by providing them with the support they need to do their jobs and care for their families. #WomensEqualityDay	en	[]	[]	[]	4	22	68	['womensequalityday']	[]	https://twitter.com/IndraNooyi/status/901597603288272896	False		0								[{'screen_name': 'PepsiCo', 'name': 'PepsiCo', 'id': '21346619'}]				
901597490457317377	901597490457317377	2017-08-27 09:09:27 KST	2017-08-27	09:09:27	+0900	2652536876	indranooyi	Indra Nooyi		Women have fought long and hard for a seat at the table. My role at @PepsiCo is a testament to the strides we’ve made. #WomensEqualityDay	en	[{'screen_name': 'pepsico', 'name': 'pepsico', 'id': '21346619'}]	[]	[]	8	51	169	['womensequalityday']	[]	https://twitter.com/IndraNooyi/status/901597490457317377	False		0								[]				
901499431090106368	901499431090106368	2017-08-27 02:39:48 KST	2017-08-27	02:39:48	+0900	2652536876	indranooyi	Indra Nooyi		Thinking of our @PepsiCo family and all those affected by #Harvey. Stay safe.	en	[{'screen_name': 'pepsico', 'name': 'pepsico', 'id': '21346619'}]	[]	[]	4	6	72	['harvey']	[]	https://twitter.com/IndraNooyi/status/901499431090106368	False		0								[]				
901154189983838209	901154189983838209	2017-08-26 03:47:56 KST	2017-08-26	03:47:56	+0900	263774154	mogaza	Mo ALMOGHAYER د. محمد المغير		Excellent fundraising #partnership model for a better world: @Google @PepsiCo @Visa @Twitter &amp; all great 8 INGOs ⬇️  https://t.co/ZiEeihtWPo  https://t.co/Yc1CztpSi2	en	[{'screen_name': 'google', 'name': 'google', 'id': '20536157'}, {'screen_name': 'pepsico', 'name': 'pepsico', 'id': '21346619'}, {'screen_name': 'visa', 'name': 'visa', 'id': '551373363'}, {'screen_name': 'twitter', 'name': 'twitter', 'id': '783214'}]	['http://ti.me/2wDAUzP']	['https://pbs.twimg.com/media/DIGK8_dXkAISybL.jpg']	0	5	14	['partnership']	[]	https://twitter.com/Mogaza/status/901154189983838209	False		1	https://pbs.twimg.com/media/DIGK8_dXkAISybL.jpg							[]				
901060959086800898	901060959086800898	2017-08-25 21:37:28 KST	2017-08-25	21:37:28	+0900	257432060	nestorpitrola	Néstor Pitrola		Cristina a pura demagogia con las obreras de Pepsico, Berni atacaba las luchas obreras con la gendarmería y el Proyecto X, igual que Macri	es	[]	[]	[]	15	66	118	[]	[]	https://twitter.com/nestorpitrola/status/901060959086800898	False		0								[]				
900839851507015682	900839851507015682	2017-08-25 06:58:52 KST	2017-08-25	06:58:52	+0900	20816312	infonews	Infonews		"""Cristina se comprometió a apoyar la expropiación de Pepsico""  https://t.co/qYQ2m9Aqy3  https://t.co/ZaHnegrZaP"	es	[]	['http://bit.ly/2xwMyJ9']	['https://pbs.twimg.com/media/DIBtDXoXkAUtDnU.jpg']	4	27	37	[]	[]	https://twitter.com/infonews/status/900839851507015682	False		1	https://pbs.twimg.com/media/DIBtDXoXkAUtDnU.jpg							[]				
900691262017286146	900691262017286146	2017-08-24 21:08:25 KST	2017-08-24	21:08:25	+0900	54578941	iprofesional	iProfesional		Cristina Kirchner y trabajadoras de Pepsico analizaron un proyecto para expropiar la planta  https://t.co/Lewr1Ribfy  https://t.co/DIwPCpBLYK	es	[]	['http://bit.ly/2v8NJBK']	['https://pbs.twimg.com/media/DH_l7ZCXgAIVKYe.jpg']	160	72	38	[]	[]	https://twitter.com/iProfesional/status/900691262017286146	False		1	https://pbs.twimg.com/media/DH_l7ZCXgAIVKYe.jpg							[]				
900675702814527488	900675702814527488	2017-08-24 20:06:35 KST	2017-08-24	20:06:35	+0900	16672021	radiodelplata	Del Plata AM1030		"[AHORA] Patricia Mora: ""Cristina nos escuchó sobre nuestro proyecto de ley"" #Pepsico #CaballeroDeDia @rcaballeroam  https://t.co/5JhLotU6hy"	es	[{'screen_name': 'rcaballeroam', 'name': 'roberto caballero', 'id': '1656265298'}]	[]	['https://pbs.twimg.com/media/DH_XwVDWsAQs4xE.jpg']	1	14	16	['pepsico', 'caballerodedia']	[]	https://twitter.com/RadioDelPlata/status/900675702814527488	False		1	https://pbs.twimg.com/media/DH_XwVDWsAQs4xE.jpg							[]				
900675328657555457	900675328657555457	2017-08-24 20:05:06 KST	2017-08-24	20:05:06	+0900	142802581	tiempoarg	Tiempo Argentino		En campaña, @CFKArgentina se reunió con trabajadoras despedidas de PepsiCo.  https://t.co/bnLG7xiQIK  https://t.co/497nm2Xnnx	es	[{'screen_name': 'cfkargentina', 'name': 'cristina kirchner', 'id': '138814032'}]	['http://bit.ly/2wGeiOh']	['https://pbs.twimg.com/media/DH_Xb_pUQAAqGEs.jpg']	3	13	24	[]	[]	https://twitter.com/tiempoarg/status/900675328657555457	False		1	https://pbs.twimg.com/media/DH_Xb_pUQAAqGEs.jpg							[]				
900659458946326528	900659458946326528	2017-08-24 19:02:03 KST	2017-08-24	19:02:03	+0900	2573916020	izquierdadiario	La Izquierda Diario		#Pride: lucharon contra Thatcher y hoy apoyaron a los trabajadores de PepsiCo  https://t.co/wUMqfRklPJ  https://t.co/fXu1EJuQKx	es	[]	['http://bit.ly/2g7fFiI']	['https://pbs.twimg.com/media/DH_JAMQXUAA_wm0.jpg']	0	9	18	['pride']	[]	https://twitter.com/izquierdadiario/status/900659458946326528	False		1	https://pbs.twimg.com/media/DH_JAMQXUAA_wm0.jpg							[]				
900550755769344000	900550755769344000	2017-08-24 11:50:06 KST	2017-08-24	11:50:06	+0900	208413101	agenciatelam	Agencia Télam		Cristina Kirchner y trabajadoras de Pepsico analizaron un proyecto para expropiar la planta  https://t.co/MGgX96MDGQ  https://t.co/PXS6idbAu2	es	[]	['http://bit.ly/2wGfMrI']	['https://pbs.twimg.com/media/DH9mI7AXsAUIb_t.jpg']	27	15	25	[]	[]	https://twitter.com/AgenciaTelam/status/900550755769344000	False		1	https://pbs.twimg.com/media/DH9mI7AXsAUIb_t.jpg							[]				
900544982599086081	900544982599086081	2017-08-24 11:27:09 KST	2017-08-24	11:27:09	+0900	8105922	clarincom	Clarín		Despedidas de PepsiCo le pidieron plata a Cristina Kirchner para el fondo de lucha  https://t.co/qGSwCcOvMB  https://t.co/oFqCLDOi5Y	es	[]	['http://clar.in/2isBM44']	['https://pbs.twimg.com/media/DH9g4yVUAAEK2qY.jpg']	140	65	91	[]	[]	https://twitter.com/clarincom/status/900544982599086081	False		1	https://pbs.twimg.com/media/DH9g4yVUAAEK2qY.jpg							[]				
900532542788575233	900532542788575233	2017-08-24 10:37:43 KST	2017-08-24	10:37:43	+0900	2573916020	izquierdadiario	La Izquierda Diario		Trabajadoras de #Pepsico se reunieron hoy con @CFKArgentina, la semana próxima lo harán con Massa  https://t.co/5UjFX7Li2e  https://t.co/si3QHeLHuj	es	[{'screen_name': 'cfkargentina', 'name': 'cristina kirchner', 'id': '138814032'}]	['http://bit.ly/2vhzIhl']	['https://pbs.twimg.com/media/DH9VkquXkAAT-fb.jpg']	2	6	9	['pepsico']	[]	https://twitter.com/izquierdadiario/status/900532542788575233	False		1	https://pbs.twimg.com/media/DH9VkquXkAAT-fb.jpg							[]				
900517234195529730	900517234195529730	2017-08-24 09:36:54 KST	2017-08-24	09:36:54	+0900	138814032	cfkargentina	Cristina Kirchner		#pepsico las trabajadoras me contaron el proyecto de ley que impulsan para declarar de utilidad publica el inmueble e instalaciones.  https://t.co/Etav4jRRPE	es	[]	[]	['https://pbs.twimg.com/media/DH9HpUGW0AQPuti.jpg']	207	1143	2045	['pepsico']	[]	https://twitter.com/CFKArgentina/status/900517234195529730	False		1	https://pbs.twimg.com/media/DH9HpUGW0AQPuti.jpg							[]				
900515936544935938	900515936544935938	2017-08-24 09:31:44 KST	2017-08-24	09:31:44	+0900	138814032	cfkargentina	Cristina Kirchner		Hoy estuvimos en el @inst_PATRIAar con trabajadoras de Pepsico que continúan en plan de lucha por sus puestos de trabajo.  https://t.co/PJgXhY2BCu	es	[{'screen_name': 'inst_patriaar', 'name': 'instituto patria', 'id': '4919962521'}]	[]	['https://pbs.twimg.com/media/DH9GdxjXUAIcayG.jpg']	237	1384	2789	[]	[]	https://twitter.com/CFKArgentina/status/900515936544935938	False		1	https://pbs.twimg.com/media/DH9GdxjXUAIcayG.jpg							[]				
900508764985466880	900508764985466880	2017-08-24 09:03:14 KST	2017-08-24	09:03:14	+0900	8105922	clarincom	Clarín		Cristina Kirchner pone al conflicto de Pepsico en su agenda de campaña  https://t.co/wDl5Ko9baF  https://t.co/EYS8MONq2C	es	[]	['http://clar.in/2g7fYKo']	['https://pbs.twimg.com/media/DH8_8poUIAA5rzg.jpg']	119	11	23	[]	[]	https://twitter.com/clarincom/status/900508764985466880	False		1	https://pbs.twimg.com/media/DH8_8poUIAA5rzg.jpg							[]				
900505428731326464	900505428731326464	2017-08-24 08:49:59 KST	2017-08-24	08:49:59	+0900	86219321	minutounocom	minutouno		Cristina Kirchner se reunió con trabajadoras de Pepsico  https://t.co/PEuXiJMKC2  https://t.co/2D1y8pkQdv	es	[]	['https://www.minutouno.com/c3038830']	['https://pbs.twimg.com/media/DH883iJXcAAUoKc.jpg']	12	23	68	[]	[]	https://twitter.com/minutounocom/status/900505428731326464	False		1	https://pbs.twimg.com/media/DH883iJXcAAUoKc.jpg							[]				
900490700105633792	900490700105633792	2017-08-24 07:51:27 KST	2017-08-24	07:51:27	+0900	117660336	juan_amorin	Juan Amorín		A la espera del resultado del escrutinio definitivo para encarar la segunda parte de la campaña,CFK se reunió con trabajadores de Pepsico 👇🏼  https://t.co/VYfpdlyJtx	es	[]	[]	['https://pbs.twimg.com/media/DH8vg3eXYAEx4Bi.jpg']	11	161	243	[]	[]	https://twitter.com/juan_amorin/status/900490700105633792	False		1	https://pbs.twimg.com/media/DH8vg3eXYAEx4Bi.jpg							[]				
900453948129255425	900453948129255425	2017-08-24 05:25:25 KST	2017-08-24	05:25:25	+0900	2966570782	reprubengallego	Ruben Gallego		Toured the @PepsiCo plant in our district this morning. Their plant distributes to the entire southwest!  https://t.co/AwdMdOlMKb	en	[{'screen_name': 'pepsico', 'name': 'pepsico', 'id': '21346619'}]	[]	['https://pbs.twimg.com/media/DH8OFhuXoAE4Khk.jpg']	1	4	16	[]	[]	https://twitter.com/RepRubenGallego/status/900453948129255425	False		1	https://pbs.twimg.com/media/DH8OFhuXoAE4Khk.jpg							[]				
900451410629861376	900451410629861376	2017-08-24 05:15:20 KST	2017-08-24	05:15:20	+0900	2573916020	izquierdadiario	La Izquierda Diario		🌈✊🏻 #Pride: lucharon contra Thatcher y hoy apoyaron a los trabajadores de PepsiCo  https://t.co/XCcNhoW6oi  https://t.co/HehaKxHwYK	es	[]	['http://bit.ly/2wzduLY']	['https://pbs.twimg.com/media/DH8LyPJXgAAD7wZ.jpg']	0	15	27	['pride']	[]	https://twitter.com/izquierdadiario/status/900451410629861376	False		1	https://pbs.twimg.com/media/DH8LyPJXgAAD7wZ.jpg							[]				
900186250958843904	900186250958843904	2017-08-23 11:41:41 KST	2017-08-23	11:41:41	+0900	18949452	ft	Financial Times		Coca-Cola, PepsiCo and Nestlé to limit sugar in Singapore drinks  https://t.co/R9EcL2iL8i	es	[]	['http://on.ft.com/2g3KjcR']	[]	2	23	21	[]	[]	https://twitter.com/FT/status/900186250958843904	False		0								[]				
900107845009625088	900107845009625088	2017-08-23 06:30:08 KST	2017-08-23	06:30:08	+0900	18949452	ft	Financial Times		Seven soft-drink makers – including Coca-Cola and PepsiCo – agreed to limit the sugar beverages sold in Singapore  https://t.co/F3KSnbWld6	en	[]	['http://on.ft.com/2x9qHIl']	[]	3	27	34	[]	[]	https://twitter.com/FT/status/900107845009625088	False		0								[]				
900092733704085505	900092733704085505	2017-08-23 05:30:05 KST	2017-08-23	05:30:05	+0900	2573916020	izquierdadiario	La Izquierda Diario		Nora Cortiñas, Chicha Mariani y Elia Espen, solidarias con obreros de PepsiCo  https://t.co/dg5eEUjdTW  https://t.co/CUDKfLsrMp	es	[]	['http://bit.ly/2x9babE']	['https://pbs.twimg.com/media/DH3FkcTVYAAlJe6.jpg']	0	7	19	[]	[]	https://twitter.com/izquierdadiario/status/900092733704085505	False		1	https://pbs.twimg.com/media/DH3FkcTVYAAlJe6.jpg							[]				
900057963238477824	900057963238477824	2017-08-23 03:11:55 KST	2017-08-23	03:11:55	+0900	175422899	solanopo	Gabriel Solano		Atrás de Schmid está Daer, verdugo de los trabajadores de Pepsico. Con dirigentes así Macri duerme destapado.  https://t.co/Yq9op7bM68	es	[]	[]	['https://pbs.twimg.com/media/DH2lgvbXUAABVsB.jpg']	1	33	34	[]	[]	https://twitter.com/Solanopo/status/900057963238477824	False		1	https://pbs.twimg.com/media/DH2lgvbXUAABVsB.jpg							[]				
900046812886781953	900046812886781953	2017-08-23 02:27:36 KST	2017-08-23	02:27:36	+0900	332993154	myriambregman	Myriam Bregman		En la columna de PepsiCo  https://t.co/qal5gCKJfH	es	[]	[]	['https://pbs.twimg.com/media/DH2bx7CXsAAFLFI.jpg']	66	65	392	[]	[]	https://twitter.com/myriambregman/status/900046812886781953	False		1	https://pbs.twimg.com/media/DH2bx7CXsAAFLFI.jpg							[]				
900044786413039620	900044786413039620	2017-08-23 02:19:33 KST	2017-08-23	02:19:33	+0900	4898091	financialtimes	Financial Times		Coca-Cola, PepsiCo and Nestlé to limit sugar in Singapore drinks  https://t.co/2cwKaS0Ibp	es	[]	['http://on.ft.com/2g2uvXZ']	[]	1	21	21	[]	[]	https://twitter.com/FinancialTimes/status/900044786413039620	False		0								[]				
900023830898507776	900023830898507776	2017-08-23 00:56:17 KST	2017-08-23	00:56:17	+0900	175422899	solanopo	Gabriel Solano		Estamos en la carpa de Pepsico preparando la columna independiente para marchar a Plaza de Mayo.	es	[]	[]	[]	10	13	35	[]	[]	https://twitter.com/Solanopo/status/900023830898507776	False		0								[]				
900015110047059968	900015110047059968	2017-08-23 00:21:38 KST	2017-08-23	00:21:38	+0900	198579422	ptsarg	PTS		Hoy con obreros de Pepsico desde su carpa en Congreso a Plaza de Mayo. Basta de tregua. ¡Vamos contra los despidos y el ajuste! #MarchaCGT  https://t.co/Za9Ya2lgSD	es	[]	[]	['https://pbs.twimg.com/media/DH1--JhXkAANFSt.jpg']	3	30	33	['marchacgt']	[]	https://twitter.com/PTSarg/status/900015110047059968	False		1	https://pbs.twimg.com/media/DH1--JhXkAANFSt.jpg							[]				
900008456752582658	900008456752582658	2017-08-22 23:55:12 KST	2017-08-22	23:55:12	+0900	374115730	nicolasdelcano	Nicolas del Caño		Hoy en la #MarchaCGT junto a los trabajadores de #Pepsico también decimos #AparicionConVidaDeSantiagoMaldonado.	es	[]	[]	[]	23	38	104	['marchacgt', 'pepsico', 'aparicionconvidadesantiagomaldonado']	[]	https://twitter.com/NicolasdelCano/status/900008456752582658	False		0								[]				
900007800172158976	900007800172158976	2017-08-22 23:52:35 KST	2017-08-22	23:52:35	+0900	155304314	valeriafgl	Valeria Fgl		Piel de gallina por esta juventud sin miedo. Foto de @enfoquerojoph hoy en el corte por #Pepsico en #Obelisco. #ApariciónConVidaDeSantiago  https://t.co/LhGmKVf361	es	[{'screen_name': 'enfoquerojoph', 'name': 'enfoque rojo', 'id': '2399028686'}]	[]	['https://pbs.twimg.com/media/DH14CZzWAAAQMlI.jpg']	1	21	23	['pepsico', 'obelisco', 'apariciónconvidadesantiago']	[]	https://twitter.com/valeriafgl/status/900007800172158976	False		1	https://pbs.twimg.com/media/DH14CZzWAAAQMlI.jpg							[]				
899995926609231872	899995926609231872	2017-08-22 23:05:24 KST	2017-08-22	23:05:24	+0900	374115730	nicolasdelcano	Nicolas del Caño		Vamos a participar de la marcha de la CGT en la columna del sindicalismo combativo y la izquierda encabezada por los trabajadores de PepsiCo  https://t.co/jBDZUu9MO9	es	[]	[]	['https://pbs.twimg.com/media/DH1tgfGXgAAdOVU.jpg']	12	22	40	[]	[]	https://twitter.com/NicolasdelCano/status/899995926609231872	False		1	https://pbs.twimg.com/media/DH1tgfGXgAAdOVU.jpg							[]				
899974435611885568	899974435611885568	2017-08-22 21:40:00 KST	2017-08-22	21:40:00	+0900	775474080715767808	pagina12	Página|12		Trabajadores de #PepsiCo en el #Obelisco | Comenzó la jornada de protesta  https://t.co/zCsY7tnKSk	es	[]	['https://www.pagina12.com.ar/58170-trabajadores-de-pepsi-co-en-el-obelisco']	[]	3	46	32	['pepsico', 'obelisco']	[]	https://twitter.com/pagina12/status/899974435611885568	False		0								[]				
899971450312024065	899971450312024065	2017-08-22 21:28:09 KST	2017-08-22	21:28:09	+0900	3873965293	momentses	Twitter Moments en Español		⚡️ El 'martes de protestas' inició con una manifestación de trabajadores de Pepsico en inmediaciones del Obelisco. 🇦🇷 https://t.co/wi1FZ14kOL	es	[]	['https://twitter.com/i/moments/899968693769297920']	[]	3	20	24	[]	[]	https://twitter.com/MomentsES/status/899971450312024065	False		0								[]				
899968585854054400	899968585854054400	2017-08-22 21:16:46 KST	2017-08-22	21:16:46	+0900	2573916020	izquierdadiario	La Izquierda Diario		"Trabajadores de PepsiCo se movilizan hacia el Congreso: ""No queremos más despidos, no queremos represión..."".  https://t.co/NiWe4oWlye  https://t.co/9sFh9MTyMu"	es	[]	['http://bit.ly/2wu74hg']	[]	3	33	47	[]	[]	https://twitter.com/izquierdadiario/status/899968585854054400	False		1	https://pbs.twimg.com/ext_tw_video_thumb/899968540454924288/pu/img/eQ8_5Fe7EjFuLjtL.jpg							[]				
899967395380572161	899967395380572161	2017-08-22 21:12:02 KST	2017-08-22	21:12:02	+0900	2792557771	eldestapeweb	El Destape		Trabajadores de Pepsico protestan en el Obelisco  https://t.co/wZOH0FZ4lL	es	[]	['http://bit.ly/2vawmwd']	[]	2	56	73	[]	[]	https://twitter.com/eldestapeweb/status/899967395380572161	False		0								[]				
899966305041829888	899966305041829888	2017-08-22 21:07:42 KST	2017-08-22	21:07:42	+0900	25992212	todonoticias	TN - Todo Noticias		[EN VIVO] Piquete de Trabajadores de PepsiCo frente al Obelisco  https://t.co/85dDYJEuJA  https://t.co/ZiznSGAhQf	es	[]	['http://bit.ly/2vUWDBP']	['https://pbs.twimg.com/media/DH1Sk1IW0AA7J9o.jpg']	25	18	21	[]	[]	https://twitter.com/todonoticias/status/899966305041829888	False		1	https://pbs.twimg.com/media/DH1Sk1IW0AA7J9o.jpg							[]				
899965664470999040	899965664470999040	2017-08-22 21:05:09 KST	2017-08-22	21:05:09	+0900	155304314	valeriafgl	Valeria Fgl		Obreros y obreras de Pepsico, que por luchar también fueron reprimidos por fuerzas de seguridad, reclaman #ApariciónConVidaDeSantiago.  https://t.co/24FKxlvtQq	es	[]	[]	['https://pbs.twimg.com/media/DH1Rsw9W0AAFvM_.jpg', 'https://pbs.twimg.com/media/DH1RtqZXsAMGwRc.jpg', 'https://pbs.twimg.com/media/DH1RyFpW0AAPMI0.jpg', 'https://pbs.twimg.com/media/DH1R-rxXoAAJMo_.jpg']	0	16	12	['apariciónconvidadesantiago']	[]	https://twitter.com/valeriafgl/status/899965664470999040	False		1	https://pbs.twimg.com/media/DH1Rsw9W0AAFvM_.jpg							[]				
899964764838916096	899964764838916096	2017-08-22 21:01:35 KST	2017-08-22	21:01:35	+0900	2573916020	izquierdadiario	La Izquierda Diario		[En vivo] Trabajadores de PepsiCo marchan hacia el Congreso: desde allí participarán en la #MarchaCGT esta tarde.  https://t.co/T7AQko5Qyx  https://t.co/DNqYMA4ME3	es	[]	['http://bit.ly/2xok1p4']	['https://pbs.twimg.com/media/DH1RLuMWAAEuAGY.jpg']	1	12	13	['marchacgt']	[]	https://twitter.com/izquierdadiario/status/899964764838916096	False		1	https://pbs.twimg.com/media/DH1RLuMWAAEuAGY.jpg							[]				
899963624575430657	899963624575430657	2017-08-22 20:57:03 KST	2017-08-22	20:57:03	+0900	50126679	telefenoticias	Telefe Noticias		"#Centro @MaxiReal1: ""Los ex trabajadores de #PepsiCo marchan hacia Av. de Mayo"". Gritan ""¡Paro, paro, paro!""  https://t.co/0BKdd3ftGU"	es	[{'screen_name': 'maxireal1', 'name': 'mr', 'id': '308516194'}]	[]	['https://pbs.twimg.com/media/DH1P2NBXUAAkFdk.jpg']	13	9	24	['centro', 'pepsico']	[]	https://twitter.com/telefenoticias/status/899963624575430657	False		1	https://pbs.twimg.com/media/DH1P2NBXUAAkFdk.jpg							[]				
899962980145692672	899962980145692672	2017-08-22 20:54:29 KST	2017-08-22	20:54:29	+0900	2573916020	izquierdadiario	La Izquierda Diario		Otra vez en marcha por Pepsico: Policía viola ley del Sistema Integral de Seguridad Pública y porta armas de fuego.  https://t.co/hEXlYlCrv6  https://t.co/IeQ3h8ByGc	es	[]	['http://bit.ly/2xovBAH']	[]	15	230	131	[]	[]	https://twitter.com/izquierdadiario/status/899962980145692672	False		1	https://pbs.twimg.com/ext_tw_video_thumb/899962918883557376/pu/img/qKFfMtte7IUmydLP.jpg							[]				
899960915809927169	899960915809927169	2017-08-22 20:46:17 KST	2017-08-22	20:46:17	+0900	2573916020	izquierdadiario	La Izquierda Diario		Nuevamente policías portan armas de fuego en manifestación de trabajadores de #PepsiCo en el Obelisco.  https://t.co/QzuYCoUlqi  https://t.co/BoS9dEoFha	es	[]	['http://bit.ly/2xo8gif']	['https://pbs.twimg.com/media/DH1Nrp6XoAAZA_-.jpg', 'https://pbs.twimg.com/media/DH1NrqFWAAEwZXF.jpg']	6	26	20	['pepsico']	[]	https://twitter.com/izquierdadiario/status/899960915809927169	False		1	https://pbs.twimg.com/media/DH1Nrp6XoAAZA_-.jpg							[]				
899960735261917184	899960735261917184	2017-08-22 20:45:34 KST	2017-08-22	20:45:34	+0900	155304314	valeriafgl	Valeria Fgl		Diputada @NathiGonzalezS denuncia con abogados y @dipmiguelfunes la presencia de policías con armas de fuego en concentración Pepsico.  https://t.co/tGv06MfxuM	es	[{'screen_name': 'nathigonzalezs', 'name': 'nathalia gonzalez', 'id': '2706389082'}]	[]	['https://pbs.twimg.com/media/DH1NX9TWAAA6WmB.jpg', 'https://pbs.twimg.com/media/DH1NZ2nW0AEbo4c.jpg']	2	19	14	[]	[]	https://twitter.com/valeriafgl/status/899960735261917184	False		1	https://pbs.twimg.com/media/DH1NX9TWAAA6WmB.jpg							[]				
899960698343743488	899960698343743488	2017-08-22 20:45:25 KST	2017-08-22	20:45:25	+0900	24200281	qtf	Fernanda Familiar		#Singapur Para combatir diabetes, siete grandes compañías como Coca-Cola y PepsiCo limitarán contenido de azúcar en sus bebidas. FernandaF  https://t.co/Xb9ZUg1yFk	es	[]	[]	['https://pbs.twimg.com/media/DH1Ne17UwAQ1q6O.jpg']	11	12	59	['singapur']	[]	https://twitter.com/qtf/status/899960698343743488	False		1	https://pbs.twimg.com/media/DH1Ne17UwAQ1q6O.jpg							[]				
899959332502196224	899959332502196224	2017-08-22 20:39:59 KST	2017-08-22	20:39:59	+0900	374115730	nicolasdelcano	Nicolas del Caño		El planteo de los trabajadores de @Pepsico_Enlucha y el sindicalismo combativo #ParoGeneralYa. Ahora en el #Obelisco  https://t.co/1Upj5Eu88v	es	[{'screen_name': 'pepsico_enlucha', 'name': 'pepsicoenlucha', 'id': '882647776605155332'}]	[]	['https://pbs.twimg.com/media/DH1MO3_W0AA46y3.jpg']	118	82	137	['parogeneralya', 'obelisco']	[]	https://twitter.com/NicolasdelCano/status/899959332502196224	False		1	https://pbs.twimg.com/media/DH1MO3_W0AA46y3.jpg							[]				
899957434621583360	899957434621583360	2017-08-22 20:32:27 KST	2017-08-22	20:32:27	+0900	374115730	nicolasdelcano	Nicolas del Caño		En el Obelisco el reclamo de los trabajadores de @Pepsico_Enlucha por sus puestos de trabajo.	es	[{'screen_name': 'pepsico_enlucha', 'name': 'pepsicoenlucha', 'id': '882647776605155332'}]	[]	[]	6	18	44	[]	[]	https://twitter.com/NicolasdelCano/status/899957434621583360	False		0								[]				
899955556856758272	899955556856758272	2017-08-22 20:24:59 KST	2017-08-22	20:24:59	+0900	2573916020	izquierdadiario	La Izquierda Diario		[En vivo] Trabajadores de PepsiCo se manifiestan en el Obelisco  https://t.co/g48UtDnuPP  https://t.co/5nJu3GUYsJ	es	[]	['http://bit.ly/2vZpi78']	['https://pbs.twimg.com/media/DH1IzuHWsAA4WmC.jpg', 'https://pbs.twimg.com/media/DH1IzvCWAAAyRc8.jpg', 'https://pbs.twimg.com/media/DH1Izt_XkAA6Fde.jpg']	0	5	11	[]	[]	https://twitter.com/izquierdadiario/status/899955556856758272	False		1	https://pbs.twimg.com/media/DH1IzuHWsAA4WmC.jpg							[]				
899949773607849984	899949773607849984	2017-08-22 20:02:00 KST	2017-08-22	20:02:00	+0900	18898168	radio10	Radio 10 - AM 710		#MañanaSylvestre | @CardosoClaudio9, móvil desde el Obelisco. Protesta de trabajadores de #Pepsico y de izquierda reclaman paro nacional.  https://t.co/HhlIpY95D5	es	[{'screen_name': 'cardosoclaudio9', 'name': 'claudio cardoso', 'id': '177768583'}]	[]	['https://pbs.twimg.com/media/DH1DioNXgAE5VcT.jpg']	5	52	43	['mañanasylvestre', 'pepsico']	[]	https://twitter.com/Radio10/status/899949773607849984	False		1	https://pbs.twimg.com/media/DH1DioNXgAE5VcT.jpg							[]				
899920568442654720	899920568442654720	2017-08-22 18:05:57 KST	2017-08-22	18:05:57	+0900	2573916020	izquierdadiario	La Izquierda Diario		Desde las 7.30 trabajadores de PepsiCo harán un corte en el Obelisco y luego marcharán con columna independiente  https://t.co/vYyYiHuTSy  https://t.co/uBE4oHtT9l	es	[]	['http://bit.ly/2vTEHr8']	['https://pbs.twimg.com/media/DH0o_LCUwAADrr3.jpg']	0	11	13	[]	[]	https://twitter.com/izquierdadiario/status/899920568442654720	False		1	https://pbs.twimg.com/media/DH0o_LCUwAADrr3.jpg							[]				
899768381318062080	899768381318062080	2017-08-22 08:01:13 KST	2017-08-22	08:01:13	+0900	2573916020	izquierdadiario	La Izquierda Diario		Martes 22: trabajadores de PepsiCo harán un corte y marcharán con columna independiente  https://t.co/tLrAB95AK6  https://t.co/0D4CBAHTVS	es	[]	['http://bit.ly/2vSxZBK']	['https://pbs.twimg.com/media/DHyekmfXkAEqHYD.jpg']	0	16	17	[]	[]	https://twitter.com/izquierdadiario/status/899768381318062080	False		1	https://pbs.twimg.com/media/DHyekmfXkAEqHYD.jpg							[]				
899763301973970944	899763301973970944	2017-08-22 07:41:02 KST	2017-08-22	07:41:02	+0900	65360466	partidoobrero	Partido Obrero		Paro nacional y plan de lucha. El martes 22 nos movilizamos junto a los trabajadores de Pepsico en una columna independiente.  https://t.co/0gttclk1JI	es	[]	[]	['https://pbs.twimg.com/media/DHyZ9AOVoAEAT5A.jpg']	4	16	20	[]	[]	https://twitter.com/PartidoObrero/status/899763301973970944	False		1	https://pbs.twimg.com/media/DHyZ9AOVoAEAT5A.jpg							[]				
899750743636410368	899750743636410368	2017-08-22 06:51:08 KST	2017-08-22	06:51:08	+0900	155304314	valeriafgl	Valeria Fgl		.@Pepsico_Enlucha cortará este martes a las 7.30 en el Obelisco. A las 12.30 volverá a Congreso para columna independiente en #MarchaCGT.  https://t.co/zgoMJistnz	es	[{'screen_name': 'pepsico_enlucha', 'name': 'pepsicoenlucha', 'id': '882647776605155332'}]	[]	['https://pbs.twimg.com/media/DHyOgeCXoAAemeq.jpg', 'https://pbs.twimg.com/media/DHyOhdnXUAYXjRw.jpg']	2	10	10	['marchacgt']	[]	https://twitter.com/valeriafgl/status/899750743636410368	False		1	https://pbs.twimg.com/media/DHyOgeCXoAAemeq.jpg							[]				
899676689118228481	899676689118228481	2017-08-22 01:56:52 KST	2017-08-22	01:56:52	+0900	257432060	nestorpitrola	Néstor Pitrola		Ante el vaciamiento de la marcha por parte de la burocracia, mañana, más que nunca con la columna independiente desde la carpa de Pepsico	es	[]	[]	[]	15	33	65	[]	[]	https://twitter.com/nestorpitrola/status/899676689118228481	False		0								[]				
899345311893729281	899345311893729281	2017-08-21 04:00:06 KST	2017-08-21	04:00:06	+0900	19539716	foe_us	Friends of the Earth (Action)		Tell @PepsiCo to cut ties with conflict #PalmOil and stop fueling rain forest destruction!   https://t.co/Ema0n4foRU  https://t.co/vfVZjHjfeb	en	[{'screen_name': 'pepsico', 'name': 'pepsico', 'id': '21346619'}]	['http://action.foe.org/p/dia/action4/common/public/?action_KEY=22245']	['https://pbs.twimg.com/media/DHsdyylU0AAzGqr.jpg']	0	17	19	['palmoil']	[]	https://twitter.com/foe_us/status/899345311893729281	False		1	https://pbs.twimg.com/media/DHsdyylU0AAzGqr.jpg							[]				
898967839805235200	898967839805235200	2017-08-20 03:00:09 KST	2017-08-20	03:00:09	+0900	19539716	foe_us	Friends of the Earth (Action)		Tell @PepsiCo to cut ties with conflict #PalmOil and stop fueling rain forest destruction!   https://t.co/Ema0n4foRU  https://t.co/Id2pYX8Lqf	en	[{'screen_name': 'pepsico', 'name': 'pepsico', 'id': '21346619'}]	['http://action.foe.org/p/dia/action4/common/public/?action_KEY=22245']	['https://pbs.twimg.com/media/DHnGfECUMAAi4vq.jpg']	0	38	24	['palmoil']	[]	https://twitter.com/foe_us/status/898967839805235200	False		1	https://pbs.twimg.com/media/DHnGfECUMAAi4vq.jpg							[]				
898620865126031360	898620865126031360	2017-08-19 04:01:24 KST	2017-08-19	04:01:24	+0900	2573916020	izquierdadiario	La Izquierda Diario		CABA: estudiantes del Raggio organizan festival solidario con la lucha de PepsiCo  https://t.co/DBgUo48hgL  https://t.co/JxjPokfelZ	es	[]	['http://bit.ly/2wYg8Yq']	['https://pbs.twimg.com/media/DHiK6evXoAAf2s2.jpg', 'https://pbs.twimg.com/media/DHiK6fEXkAcyeJR.jpg']	0	9	13	[]	[]	https://twitter.com/izquierdadiario/status/898620865126031360	False		1	https://pbs.twimg.com/media/DHiK6evXoAAf2s2.jpg							[]				
898588631811604481	898588631811604481	2017-08-19 01:53:19 KST	2017-08-19	01:53:19	+0900	369835697	dolorescatania	Dolores Catania		PURRFECT #macandcheese with @celebritymagnet @chefanneburrell #TheSpottedCheetah #NYC popup restaurant @PageSix @usweekly @Fritolay @PepsiCo  https://t.co/Wd1CK6DsgM	en	[{'screen_name': 'celebritymagnet', 'name': 'tom murro', 'id': '92879764'}, {'screen_name': 'chefanneburrell', 'name': 'anne burrell', 'id': '128263500'}, {'screen_name': 'pagesix', 'name': 'page six', 'id': '182107650'}, {'screen_name': 'usweekly', 'name': 'us weekly', 'id': '20012204'}, {'screen_name': 'fritolay', 'name': 'frito-lay', 'id': '66441732'}, {'screen_name': 'pepsico', 'name': 'pepsico', 'id': '21346619'}]	[]	['https://pbs.twimg.com/media/DHhtmHpW0AAYg6V.jpg']	3	4	21	['macandcheese', 'thespottedcheetah', 'nyc']	[]	https://twitter.com/DoloresCatania/status/898588631811604481	False		1	https://pbs.twimg.com/media/DHhtmHpW0AAYg6V.jpg							[]				
898579005485441024	898579005485441024	2017-08-19 01:15:04 KST	2017-08-19	01:15:04	+0900	19539716	foe_us	Friends of the Earth (Action)		Tell @PepsiCo to cut ties with conflict #PalmOil and stop fueling rain forest destruction!   https://t.co/Ema0n3XNtk  https://t.co/k2ZJOAOuYR	en	[{'screen_name': 'pepsico', 'name': 'pepsico', 'id': '21346619'}]	['http://action.foe.org/p/dia/action4/common/public/?action_KEY=22245']	['https://pbs.twimg.com/media/DHhk168VYAE6-xh.jpg']	0	16	17	['palmoil']	[]	https://twitter.com/foe_us/status/898579005485441024	False		1	https://pbs.twimg.com/media/DHhk168VYAE6-xh.jpg							[]				
898288829886414848	898288829886414848	2017-08-18 06:02:01 KST	2017-08-18	06:02:01	+0900	2573916020	izquierdadiario	La Izquierda Diario		Los trabajadores de PepsiCo marcharán el 22 y exigirán un paro nacional  https://t.co/Tn7pzUY8Iq	es	[]	['http://bit.ly/2wT7SJj']	[]	0	14	15	[]	[]	https://twitter.com/izquierdadiario/status/898288829886414848	False		0								[]				
898287979482959872	898287979482959872	2017-08-18 05:58:38 KST	2017-08-18	05:58:38	+0900	34713362	business	Bloomberg		Coca-Cola edged out PepsiCo to wins the Arby's contract  https://t.co/SLz3ZxWs1k  https://t.co/KrA4JLTrKp	en	[]	['https://bloom.bg/2wkjS8H']	['https://pbs.twimg.com/media/DHdcJ9SXsAQKUCf.jpg']	6	23	29	[]	[]	https://twitter.com/business/status/898287979482959872	False		1	https://pbs.twimg.com/media/DHdcJ9SXsAQKUCf.jpg							[]				
898197808028766208	898197808028766208	2017-08-18 00:00:19 KST	2017-08-18	00:00:19	+0900	19539716	foe_us	Friends of the Earth (Action)		Tell @PepsiCo to cut ties with conflict #PalmOil and stop fueling rain forest destruction!   https://t.co/Ema0n4foRU  https://t.co/L3bHf6wOQK	en	[{'screen_name': 'pepsico', 'name': 'pepsico', 'id': '21346619'}]	['http://action.foe.org/p/dia/action4/common/public/?action_KEY=22245']	['https://pbs.twimg.com/media/DHcKJNEVoAAAkFK.jpg']	0	9	13	['palmoil']	[]	https://twitter.com/foe_us/status/898197808028766208	False		1	https://pbs.twimg.com/media/DHcKJNEVoAAAkFK.jpg							[]				
898196713386725378	898196713386725378	2017-08-17 23:55:58 KST	2017-08-17	23:55:58	+0900	374115730	nicolasdelcano	Nicolas del Caño		PepsiCo, Vilca, Godoy y los nuevos pasos por una izquierda de los trabajadores   https://t.co/sL2UFldzpx vía @izquierdadiario	es	[{'screen_name': 'izquierdadiario', 'name': 'la izquierda diario', 'id': '2573916020'}]	['http://www.laizquierdadiario.com/PepsiCo-Vilca-Godoy-y-los-nuevos-pasos-por-una-izquierda-de-los-trabajadores']	[]	11	10	17	[]	[]	https://twitter.com/NicolasdelCano/status/898196713386725378	False		0								[]				
898167932727021570	898167932727021570	2017-08-17 22:01:36 KST	2017-08-17	22:01:36	+0900	2573916020	izquierdadiario	La Izquierda Diario		PepsiCo, Vilca, Godoy y los nuevos pasos por una izquierda de los trabajadores  https://t.co/tITZY5j9ov	es	[]	['http://bit.ly/2i8aS1j']	[]	0	8	21	[]	[]	https://twitter.com/izquierdadiario/status/898167932727021570	False		0								[]				
897873218035437575	897873218035437575	2017-08-17 02:30:31 KST	2017-08-17	02:30:31	+0900	563927881	samsungbizusa	Samsung Business USA		Is #mixedreality the new reality? @PepsiCo shares their successes with #AR at the point of sale. #KCurtinDay #retail  https://t.co/Hi3Z2C2t9Y	en	[{'screen_name': 'pepsico', 'name': 'pepsico', 'id': '21346619'}]	[]	[]	1	5	11	['mixedreality', 'ar', 'kcurtinday', 'retail']	[]	https://twitter.com/SamsungBizUSA/status/897873218035437575	False		1	https://pbs.twimg.com/amplify_video_thumb/897873092994711552/img/VTMOref2FK0NqHGY.jpg							[]				
897776260847415297	897776260847415297	2017-08-16 20:05:15 KST	2017-08-16	20:05:15	+0900	2573916020	izquierdadiario	La Izquierda Diario		PepsiCo: los trabajadores convocan a movilizarse el 22 de agosto  https://t.co/xuRIKNlt4Q	es	[]	['http://bit.ly/2w0cPT2']	[]	0	22	21	[]	[]	https://twitter.com/izquierdadiario/status/897776260847415297	False		0								[]				
897620431519322113	897620431519322113	2017-08-16 09:46:02 KST	2017-08-16	09:46:02	+0900	2573916020	izquierdadiario	La Izquierda Diario		#PepsiCo: los trabajadores convocan a movilizarse el 22 de agosto  https://t.co/i4DALPgF7Z  https://t.co/scnyZDwfrN	es	[]	['http://bit.ly/2uZCdnn']	['https://pbs.twimg.com/media/DHT9BdVXsAArtiL.jpg']	1	12	16	['pepsico']	[]	https://twitter.com/izquierdadiario/status/897620431519322113	False		1	https://pbs.twimg.com/media/DHT9BdVXsAArtiL.jpg							[]				
897580930558197760	897580930558197760	2017-08-16 07:09:04 KST	2017-08-16	07:09:04	+0900	332993154	myriambregman	Myriam Bregman		CEO de #PepsiCo organizó cóctel con el vice de EEUU para hablar de empleo. Lluvia de inversiones o de palazos y despidos #ThatIsTheQuestion	es	[]	[]	[]	33	335	698	['pepsico', 'thatisthequestion']	[]	https://twitter.com/myriambregman/status/897580930558197760	False		0								[]				
897577771244945410	897577771244945410	2017-08-16 06:56:31 KST	2017-08-16	06:56:31	+0900	2573916020	izquierdadiario	La Izquierda Diario		Cinismo: el ex-CEO de PepsiCo organizó un cóctel con el vice de EE. UU. para hablar de “empleo”    https://t.co/GAo418pSCt	es	[]	['http://www.laizquierdadiario.com/Cinismo-el-ex-CEO-de-PepsiCo-organizo-un-coctel-con-el-vice-de-EE-UU-para-hablar-de-empleo']	[]	0	26	19	[]	[]	https://twitter.com/izquierdadiario/status/897577771244945410	False		0								[]				
897560164324265984	897560164324265984	2017-08-16 05:46:33 KST	2017-08-16	05:46:33	+0900	34713362	business	Bloomberg		PepsiCo CEO Indra Nooyi faces pressure to step down from Trump's business-advisory council  https://t.co/6yEtA8CqwY  https://t.co/nztqrco2dT	en	[]	['https://bloom.bg/2uMvn5s']	['https://pbs.twimg.com/media/DHTGNdSXUAE2jzB.jpg']	24	76	117	[]	[]	https://twitter.com/business/status/897560164324265984	False		1	https://pbs.twimg.com/media/DHTGNdSXUAE2jzB.jpg							[]				
897541193311035392	897541193311035392	2017-08-16 04:31:10 KST	2017-08-16	04:31:10	+0900	564111558	bpolitics	Bloomberg Politics		Group pressures PepsiCo CEO Indra Nooyi to step down from Trump’s business-advisory council  https://t.co/Ry9aWr5qJM  https://t.co/GjCUVKcdCJ	en	[]	['https://bloom.bg/2wbJ2GC']	['https://pbs.twimg.com/media/DHS09NnXYAA5lgU.jpg']	9	43	69	[]	[]	https://twitter.com/bpolitics/status/897541193311035392	False		1	https://pbs.twimg.com/media/DHS09NnXYAA5lgU.jpg							[]				
897535474432180224	897535474432180224	2017-08-16 04:08:27 KST	2017-08-16	04:08:27	+0900	147681084	jennymkaplan	Jenny Kaplan		PepsiCo CEO Indra Nooyi, Campbell Soup's Denise Morrison pressured to #QuitTheCouncil by @ColorOfChange  https://t.co/jxdelX9VWh @JeffAGreen	en	[{'screen_name': 'colorofchange', 'name': 'colorofchange', 'id': '27793335'}, {'screen_name': 'jeffagreen', 'name': 'jeff green', 'id': '30450996'}]	['https://www.bloomberg.com/news/articles/2017-08-15/pepsico-ceo-comes-under-fire-as-trump-advisory-council-splinters']	[]	48	448	675	['quitthecouncil']	[]	https://twitter.com/jennymkaplan/status/897535474432180224	False		0								[]				
897462728159264769	897449075548672000	2017-08-15 23:19:23 KST	2017-08-15	23:19:23	+0900	545630206	aditijuneja3	Aditi Juneja		@ColorOfChange @PepsiCo @IndraNooyi Indra, people in the Indian American community (like me) are proud of you being CEO. Be an example not just of success, but of conviction.	en	[]	[]	[]	0	20	43	[]	[]	https://twitter.com/AditiJuneja3/status/897462728159264769	False		0								[{'screen_name': 'ColorOfChange', 'name': 'ColorOfChange', 'id': '27793335'}, {'screen_name': 'PepsiCo', 'name': 'PepsiCo', 'id': '21346619'}, {'screen_name': 'IndraNooyi', 'name': 'Indra Nooyi', 'id': '2652536876'}]				
897451535461777408	897449075548672000	2017-08-15 22:34:54 KST	2017-08-15	22:34:54	+0900	27793335	colorofchange	ColorOfChange		"@PepsiCo @IndraNooyi Any cooperation with Donald Trump on ""business"" matters, is an endorsement of his hate-filled and racist rhetoric. @PepsiCo @IndraNooyi"	en	[{'screen_name': 'pepsico', 'name': 'pepsico', 'id': '21346619'}, {'screen_name': 'indranooyi', 'name': 'indra nooyi', 'id': '2652536876'}]	[]	[]	3	31	54	[]	[]	https://twitter.com/ColorOfChange/status/897451535461777408	False		0								[{'screen_name': 'PepsiCo', 'name': 'PepsiCo', 'id': '21346619'}, {'screen_name': 'IndraNooyi', 'name': 'Indra Nooyi', 'id': '2652536876'}]				
897450820685279233	897449075548672000	2017-08-15 22:32:04 KST	2017-08-15	22:32:04	+0900	27793335	colorofchange	ColorOfChange		@PepsiCo @IndraNooyi White nationalists are celebrating Trump's response to Charlottesville, 3 CEOs have quit, and @PepsiCo and @indranooyi are trying to lay low  https://t.co/EFLWdrh6v2	en	[{'screen_name': 'pepsico', 'name': 'pepsico', 'id': '21346619'}, {'screen_name': 'indranooyi', 'name': 'indra nooyi', 'id': '2652536876'}]	[]	['https://pbs.twimg.com/media/DHRitzmXYAAWSAL.jpg']	4	28	37	[]	[]	https://twitter.com/ColorOfChange/status/897450820685279233	False		1	https://pbs.twimg.com/media/DHRitzmXYAAWSAL.jpg							[{'screen_name': 'PepsiCo', 'name': 'PepsiCo', 'id': '21346619'}, {'screen_name': 'IndraNooyi', 'name': 'Indra Nooyi', 'id': '2652536876'}]				
897449075548672000	897449075548672000	2017-08-15 22:25:08 KST	2017-08-15	22:25:08	+0900	27793335	colorofchange	ColorOfChange		What will it take for @PepsiCo's CEO, @IndraNooyi to finally quit Trump's Business Council?  https://t.co/9N31ddkX5n  https://t.co/VBs1hwkyYq	en	[{'screen_name': 'pepsico', 'name': 'pepsico', 'id': '21346619'}, {'screen_name': 'indranooyi', 'name': 'indra nooyi', 'id': '2652536876'}]	['http://bit.ly/quitthecouncil']	['https://pbs.twimg.com/media/DHRhAyYVYAMRQdw.jpg']	92	500	774	[]	[]	https://twitter.com/ColorOfChange/status/897449075548672000	False		1	https://pbs.twimg.com/media/DHRhAyYVYAMRQdw.jpg							[]				
897175792978845696	897175792978845696	2017-08-15 04:19:12 KST	2017-08-15	04:19:12	+0900	151198065	iamrobertdobbs	Robert Dobbs		Win @Albertsons &amp; @Safeway $500 gift card when you show how you #FuelURAdventure w/ select PepsiCo items  https://t.co/kzGHuLoD9I #sweeps #ad	en	[{'screen_name': 'albertsons', 'name': 'albertsons', 'id': '135932373'}, {'screen_name': 'safeway', 'name': 'safeway', 'id': '29286254'}]	['http://bit.ly/2fG8Fcq']	[]	11	28	205	['fueluradventure', 'sweeps', 'ad']	[]	https://twitter.com/iamrobertdobbs/status/897175792978845696	False		0								[]				
897125994737393666	897125994737393666	2017-08-15 01:01:19 KST	2017-08-15	01:01:19	+0900	535633686	rossi_delfina	Delfi Rossi		Milagro Sala, Maldonado, PepsiCo, escrutinio manipulado... ¿hasta cuándo está democracia de baja intensidad?	es	[]	[]	[]	23	60	153	[]	[]	https://twitter.com/rossi_delfina/status/897125994737393666	False		0								[]				
897107453963358208	897107453963358208	2017-08-14 23:47:39 KST	2017-08-14	23:47:39	+0900	33923443	6billionpeople	MarQuis Trill | iTweet for ↖️Tips 💵		Win @Albertsons &amp; @Safeway $500 gift card when you show how you #FuelURAdventure w/ select PepsiCo items  https://t.co/eaSQGJyyUj #sweeps #ad  https://t.co/97FJmMxE5v	en	[{'screen_name': 'albertsons', 'name': 'albertsons', 'id': '135932373'}, {'screen_name': 'safeway', 'name': 'safeway', 'id': '29286254'}]	['https://goo.gl/APDKbd']	['https://pbs.twimg.com/media/DHMqNuHVYAA2Qu0.jpg', 'https://pbs.twimg.com/media/DHMqVHNV0AA70Q3.jpg', 'https://pbs.twimg.com/media/DHMqUycUQAMgCQn.jpg']	2	2158	60	['fueluradventure', 'sweeps', 'ad']	[]	https://twitter.com/6BillionPeople/status/897107453963358208	False		1	https://pbs.twimg.com/media/DHMqNuHVYAA2Qu0.jpg							[]				
897105120621715456	896582278637170688	2017-08-14 23:38:22 KST	2017-08-14	23:38:22	+0900	586749256	piperperabo	Piper Perabo she/her		@IndraNooyi You can stand up for your beliefs &amp; resign from the President's advisory council. What does @pepsi stand for? #Charlottesville @PepsiCo 🇺🇸	en	[{'screen_name': 'pepsi', 'name': 'pepsi', 'id': '18139619'}, {'screen_name': 'pepsico', 'name': 'pepsico', 'id': '21346619'}]	[]	[]	11	141	786	['charlottesville']	[]	https://twitter.com/PiperPerabo/status/897105120621715456	False		0								[{'screen_name': 'IndraNooyi', 'name': 'Indra Nooyi', 'id': '2652536876'}]				
897080883987066885	897080883987066885	2017-08-14 22:02:04 KST	2017-08-14	22:02:04	+0900	151902586	pepsicojobs	PepsiCo Jobs		PepsiCo Chairman &amp; CEO @IndraNooyi shares 7 lessons she's learned as a PepsiCo business leader:  https://t.co/EdBNjhTbGh.	en	[{'screen_name': 'indranooyi', 'name': 'indra nooyi', 'id': '2652536876'}]	['http://pepsi.co/2w3r3D8']	[]	8	53	276	[]	[]	https://twitter.com/PepsiCoJOBS/status/897080883987066885	False		0								[]				
896197045320531968	896197045320531968	2017-08-12 11:30:00 KST	2017-08-12	11:30:00	+0900	18851248	alternet	AlterNet		How Companies Like PepsiCo and McDonald’s Are Pushing Indonesia's Endangered Elephants to Extinction  https://t.co/9fWq9vrth0	en	[]	['http://www.alternet.org/environment/how-pepsico-mcdonalds-nestle-unilever-kelloggs-mars-and-procter-gamble-are-pushing']	[]	1	40	16	[]	[]	https://twitter.com/AlterNet/status/896197045320531968	False		0								[]				
896031260358979587	896031260358979587	2017-08-12 00:31:14 KST	2017-08-12	00:31:14	+0900	161439194	prensamadres	Prensa Madres		[AHORA] Hebe acompaña a los trabajadorxs de Pepsico en la carpa del Congreso.  #NoMásDespidos #MacriParáLaMano  #Madres40AñosDeLucha  https://t.co/vvoAT8Mziz	es	[]	[]	['https://pbs.twimg.com/media/DG9XqffXkAE25GL.jpg']	4	80	106	['nomásdespidos', 'macriparálamano', 'madres40añosdelucha']	[]	https://twitter.com/PrensaMadres/status/896031260358979587	False		1	https://pbs.twimg.com/media/DG9XqffXkAE25GL.jpg							[]				
895827305809006593	895827305809006593	2017-08-11 11:00:48 KST	2017-08-11	11:00:48	+0900	200638297	chipicastillo	Christian Castillo		En el acto de cierre del @Fte_Izquierda en Congreso, frente a la carpa de @Pepsico_Enlucha  https://t.co/dqLd462mD2	es	[{'screen_name': 'fte_izquierda', 'name': 'frente de izquierda', 'id': '301464513'}, {'screen_name': 'pepsico_enlucha', 'name': 'pepsicoenlucha', 'id': '882647776605155332'}]	[]	['https://pbs.twimg.com/media/DG6eKkAXYAAq0z7.jpg']	1	7	22	[]	[]	https://twitter.com/chipicastillo/status/895827305809006593	False		1	https://pbs.twimg.com/media/DG6eKkAXYAAq0z7.jpg							[]				
895764447196831746	895764447196831746	2017-08-11 06:51:01 KST	2017-08-11	06:51:01	+0900	175422899	solanopo	Gabriel Solano		Los candidatos del Frente de Izquierda en el cierre de campaña en la carpa de los trabajadores de Pepsico.  https://t.co/1dfxYH3Rdw	es	[]	[]	['https://pbs.twimg.com/media/DG5k-x7XsAUpQjj.jpg']	1	21	38	[]	[]	https://twitter.com/Solanopo/status/895764447196831746	False		1	https://pbs.twimg.com/media/DG5k-x7XsAUpQjj.jpg							[]				
895754279000080385	895754279000080385	2017-08-11 06:10:37 KST	2017-08-11	06:10:37	+0900	373409323	abc_canarias	ABC Canarias		Munchitos cumple 50 años @aperitivossnack @Munchitos_Tweet  https://t.co/XECDYU6gqp … @Ahembo @AsincaCanarias @PepsiCo @LaysESP  https://t.co/0eVlgGk8kP	es	[{'screen_name': 'aperitivossnack', 'name': 'aperitivos snack 🇮🇨', 'id': '731150423936126976'}, {'screen_name': 'munchitos_tweet', 'name': 'munchitos 🇮🇨', 'id': '1016014489'}, {'screen_name': 'ahembo', 'name': 'ahembo', 'id': '4806986261'}, {'screen_name': 'asincacanarias', 'name': 'asinca canarias', 'id': '589277214'}, {'screen_name': 'pepsico', 'name': 'pepsico', 'id': '21346619'}, {'screen_name': 'laysesp', 'name': 'laysesp', 'id': '268197990'}]	['http://www.abc.es/espana/canarias/abci-dueno-munchitos-vendera-panrico-islas-canarias-201704271011_noticia.html']	['https://pbs.twimg.com/media/DG5bCq_W0AAP2OS.jpg']	2	7	14	[]	[]	https://twitter.com/ABC_Canarias/status/895754279000080385	False		1	https://pbs.twimg.com/media/DG5bCq_W0AAP2OS.jpg							[]				
895748329107271682	895748329107271682	2017-08-11 05:46:58 KST	2017-08-11	05:46:58	+0900	175422899	solanopo	Gabriel Solano		Cerramos la campaña del Frente de Izquierda en la carpa de Pepsico. Porque estamos dónde tenemos que estar y con quién debemos estar.	es	[]	[]	[]	3	14	35	[]	[]	https://twitter.com/Solanopo/status/895748329107271682	False		0								[]				
895679893043765249	895679893043765249	2017-08-11 01:15:02 KST	2017-08-11	01:15:02	+0900	18851248	alternet	AlterNet		How Companies Like PepsiCo and McDonald’s Are Pushing Indonesia's Endangered Elephants to Extinction  https://t.co/9fWq9vrth0	en	[]	['http://www.alternet.org/environment/how-pepsico-mcdonalds-nestle-unilever-kelloggs-mars-and-procter-gamble-are-pushing']	[]	3	69	39	[]	[]	https://twitter.com/AlterNet/status/895679893043765249	False		0								[]				
895637877773799424	895637877773799424	2017-08-10 22:28:04 KST	2017-08-10	22:28:04	+0900	65360466	partidoobrero	Partido Obrero		Comenzamos la campaña apoyando a Pepsico contra los despidos y la represión, hoy no podía ser de otra forma #CierreFITConPepsico  https://t.co/an7EWIZLdN	es	[]	[]	['https://pbs.twimg.com/media/DG3x4mjXgAAmxYh.jpg']	2	15	27	['cierrefitconpepsico']	[]	https://twitter.com/PartidoObrero/status/895637877773799424	False		1	https://pbs.twimg.com/media/DG3x4mjXgAAmxYh.jpg							[]				
895604427431837696	895604427431837696	2017-08-10 20:15:09 KST	2017-08-10	20:15:09	+0900	2573916020	izquierdadiario	La Izquierda Diario		[A LAS 18] El Frente de Izquierda hará su cierre con @Pepsico_Enlucha en #Congreso. #CierreFITConPepsico  https://t.co/2usw7Jqjet  https://t.co/Q0wFVFZmsc	es	[{'screen_name': 'pepsico_enlucha', 'name': 'pepsicoenlucha', 'id': '882647776605155332'}]	['http://bit.ly/2vGw6IY']	['https://pbs.twimg.com/media/DG3Tep4XoAAIyDI.jpg']	2	18	23	['congreso', 'cierrefitconpepsico']	[]	https://twitter.com/izquierdadiario/status/895604427431837696	False		1	https://pbs.twimg.com/media/DG3Tep4XoAAIyDI.jpg							[]				
895559174037192704	895559174037192704	2017-08-10 17:15:20 KST	2017-08-10	17:15:20	+0900	793367508883501056	unwomen_pak	UN Women Pakistan		See what Furqan Ahmad (Vice President &amp; GM, PepsiCo Pakistan) has to say in making #SDG5 in the workplace a reality   https://t.co/xKDkra7z1M  https://t.co/yUG2tVCgYe	en	[]	['http://bit.ly/2vRyRYE']	['https://pbs.twimg.com/media/DG2psBgXYAABgjW.jpg']	0	8	11	['sdg5']	[]	https://twitter.com/unwomen_pak/status/895559174037192704	False		1	https://pbs.twimg.com/media/DG2psBgXYAABgjW.jpg							[]				
895405024615976960	895405024615976960	2017-08-10 07:02:48 KST	2017-08-10	07:02:48	+0900	327524667	facundo_moyano	Facundo Moyano	{'type': 'Point', 'coordinates': [-34.6097344, -58.39155698]}	Con los trabajadores despedidos de PEPSICO llevando solidaridad y acompañamiento 💪🏽 @ Plaza del…  https://t.co/4KWT74dF7K	es	[]	['https://www.instagram.com/p/BXls6mlFhYQ/']	[]	35	31	81	[]	[]	https://twitter.com/Facundo_Moyano/status/895405024615976960	False		0								[]				
895404591319314436	895404591319314436	2017-08-10 07:01:05 KST	2017-08-10	07:01:05	+0900	2573916020	izquierdadiario	La Izquierda Diario		Estela de Carlotto a los obreros de PepsiCo: “No abandonen nunca la lucha, no están solos”  https://t.co/1JhBONFDFI  https://t.co/l3ZbN1H5Eb	es	[]	['http://bit.ly/2wv3j80']	['https://pbs.twimg.com/media/DG0dup0UIAAI447.jpg']	1	5	13	[]	[]	https://twitter.com/izquierdadiario/status/895404591319314436	False		1	https://pbs.twimg.com/media/DG0dup0UIAAI447.jpg							[]				
895396976799383553	895396976799383553	2017-08-10 06:30:49 KST	2017-08-10	06:30:49	+0900	175422899	solanopo	Gabriel Solano		Como corresponde a un frente de lucha el Frente de Izquierda cierra su campaña en la carpa de Pepsico en el Congreso.	es	[]	[]	[]	6	14	47	[]	[]	https://twitter.com/Solanopo/status/895396976799383553	False		0								[]				
895358104166178817	895358104166178817	2017-08-10 03:56:21 KST	2017-08-10	03:56:21	+0900	246575950	genyouthnow	GENYOUthNow		.@PepsiCo #FoodForGood is developing models 2 improve access 2 healthy foods in underserved communities! @FUTP60 @FloridaFUTP60 @FLIPANY  https://t.co/fP3ysqxznY	en	[{'screen_name': 'pepsico', 'name': 'pepsico', 'id': '21346619'}, {'screen_name': 'futp60', 'name': 'fuel up to play 60', 'id': '574587488'}, {'screen_name': 'floridafutp60', 'name': 'floridafutp60', 'id': '2504286017'}, {'screen_name': 'flipany', 'name': 'flipany', 'id': '35939212'}]	[]	['https://pbs.twimg.com/media/DGzzcV0VYAAC1Cs.jpg', 'https://pbs.twimg.com/media/DGzzcVyU0AA80W_.jpg']	0	7	13	['foodforgood']	[]	https://twitter.com/GENYOUthNow/status/895358104166178817	False		1	https://pbs.twimg.com/media/DGzzcV0VYAAC1Cs.jpg							[]				
895357161362120704	895357161362120704	2017-08-10 03:52:36 KST	2017-08-10	03:52:36	+0900	155304314	valeriafgl	Valeria Fgl		.@Facundo_Moyano expresó su solidaridad ahora en la carpa de @Pepsico_Enlucha junto a @myriambregman y la diputada @NathiGonzalezS.  https://t.co/cva810mAD5	es	[{'screen_name': 'facundo_moyano', 'name': 'facundo moyano', 'id': '327524667'}, {'screen_name': 'pepsico_enlucha', 'name': 'pepsicoenlucha', 'id': '882647776605155332'}, {'screen_name': 'myriambregman', 'name': 'myriam bregman', 'id': '332993154'}, {'screen_name': 'nathigonzalezs', 'name': 'nathalia gonzalez', 'id': '2706389082'}]	[]	['https://pbs.twimg.com/media/DGzyj4BXgAAr5t_.jpg']	4	13	32	[]	[]	https://twitter.com/valeriafgl/status/895357161362120704	False		1	https://pbs.twimg.com/media/DGzyj4BXgAAr5t_.jpg							[]				
895353601824100359	895353601824100359	2017-08-10 03:38:28 KST	2017-08-10	03:38:28	+0900	374115730	nicolasdelcano	Nicolas del Caño		El Cierre de Campaña del @Fte_Izquierda será mañana a las 18hs. frente a la carpa de los trabajadores de Pepsico en lucha.	es	[{'screen_name': 'fte_izquierda', 'name': 'frente de izquierda', 'id': '301464513'}]	[]	[]	11	63	118	[]	[]	https://twitter.com/NicolasdelCano/status/895353601824100359	False		0								[]				
895346264820170752	895346264820170752	2017-08-10 03:09:18 KST	2017-08-10	03:09:18	+0900	1653650822	mythicalchef	Josh Scherer		Woah, this is a crazy smart piece. Turns out a bunch of TJ's products are made by ConAgra and PepsiCo.  https://t.co/s5TLCOE7m1	en	[]	['https://twitter.com/eater/status/895332865860222976']	[]	1	3	10	[]	[]	https://twitter.com/MythicalChef/status/895346264820170752	False	https://twitter.com/eater/status/895332865860222976	0								[]				
895292367363821569	895292367363821569	2017-08-09 23:35:08 KST	2017-08-09	23:35:08	+0900	21346619	pepsico	PepsiCo		We're proud to partner w/@GlobalResponse &amp; when you donate to #FightFamine, the PepsiCo Foundation matches it.  https://t.co/GfMEyvjbqX  https://t.co/ipyxkNGUmn	en	[{'screen_name': 'globalresponse', 'name': 'global emergency response coalition', 'id': '879769205582712832'}]	['http://pepsi.co/2vk59Yr']	[]	0	9	41	['fightfamine']	[]	https://twitter.com/PepsiCo/status/895292367363821569	False		1	https://pbs.twimg.com/ext_tw_video_thumb/895292351412805632/pu/img/3HzBiq5kuIKmN8ih.jpg							[]				
895268946592616450	895268946592616450	2017-08-09 22:02:04 KST	2017-08-09	22:02:04	+0900	2573916020	izquierdadiario	La Izquierda Diario		Estela de Carlotto a los obreros de PepsiCo: “No abandonen nunca la lucha, no están solos”  https://t.co/o708Cwtpyl  https://t.co/WgCIQ9VmUu	es	[]	['http://bit.ly/2wrZ116']	['https://pbs.twimg.com/media/DGyiXFfU0AIgK6_.jpg']	0	10	17	[]	[]	https://twitter.com/izquierdadiario/status/895268946592616450	False		1	https://pbs.twimg.com/media/DGyiXFfU0AIgK6_.jpg							[]				
895239453391953921	895239453391953921	2017-08-09 20:04:53 KST	2017-08-09	20:04:53	+0900	332993154	myriambregman	Myriam Bregman		Estela de Carlotto a los obreros de PepsiCo: “No abandonen nunca la lucha, no están solos”   https://t.co/fXZqReJ9SA vía @izquierdadiario	es	[{'screen_name': 'izquierdadiario', 'name': 'la izquierda diario', 'id': '2573916020'}]	['http://www.laizquierdadiario.com/Estela-de-Carlotto-a-los-obreros-de-PepsiCo-No-abandonen-nunca-la-lucha-no-estan-solos']	[]	6	48	166	[]	[]	https://twitter.com/myriambregman/status/895239453391953921	False		0								[]				
895219612903759872	895219612903759872	2017-08-09 18:46:02 KST	2017-08-09	18:46:02	+0900	2573916020	izquierdadiario	La Izquierda Diario		El diseño del artista Rocambole en cientos de remeras en apoyo a los trabajadores de Pepsico  https://t.co/SNRELrB2q9  https://t.co/1zwJ7kcvDp	es	[]	['http://bit.ly/2unHSIg']	['https://pbs.twimg.com/media/DGx1fhXXoAAXDn0.jpg', 'https://pbs.twimg.com/media/DGx1fgzWsAAolQH.jpg']	4	7	24	[]	[]	https://twitter.com/izquierdadiario/status/895219612903759872	False		1	https://pbs.twimg.com/media/DGx1fhXXoAAXDn0.jpg							[]				
895058070602207233	895058070602207233	2017-08-09 08:04:08 KST	2017-08-09	08:04:08	+0900	2573916020	izquierdadiario	La Izquierda Diario		El diseño del artista Rocambole en cientos de remeras en apoyo a los trabajadores de Pepsico  https://t.co/5CvbV5i53m  https://t.co/aqXN6jRMNu	es	[]	['http://bit.ly/2vgCTs2']	['https://pbs.twimg.com/media/DGvikdKXkAAbU-T.jpg', 'https://pbs.twimg.com/media/DGvikc9XsAArqXQ.jpg']	1	10	14	[]	[]	https://twitter.com/izquierdadiario/status/895058070602207233	False		1	https://pbs.twimg.com/media/DGvikdKXkAAbU-T.jpg							[]				
895036425531514880	895036425531514880	2017-08-09 06:38:07 KST	2017-08-09	06:38:07	+0900	16383448	kourtneelynne	CourtneyLynne		Win @Albertsons &amp; @Safeway $500 gift card when you show how you #FuelURAdventure w/ select PepsiCo items  https://t.co/ZVZ4cYe9bJ #sweeps #ad  https://t.co/Oi2ORmWJrU	en	[{'screen_name': 'albertsons', 'name': 'albertsons', 'id': '135932373'}, {'screen_name': 'safeway', 'name': 'safeway', 'id': '29286254'}]	['https://goo.gl/cCrBkz']	['https://pbs.twimg.com/media/DGvO4bkW0AEz8V_.jpg']	1	138	48	['fueluradventure', 'sweeps', 'ad']	[]	https://twitter.com/kourtneelynne/status/895036425531514880	False		1	https://pbs.twimg.com/media/DGvO4bkW0AEz8V_.jpg							[]				
894992254041030656	894992254041030656	2017-08-09 03:42:36 KST	2017-08-09	03:42:36	+0900	2573916020	izquierdadiario	La Izquierda Diario		Trabajadores de @Pepsico_Enlucha llevaron su solidaridad a conferencia por #ApariciónConVidaDeSantiago: convocan a movilizar el viernes.  https://t.co/cGqZw2cU7e	es	[{'screen_name': 'pepsico_enlucha', 'name': 'pepsicoenlucha', 'id': '882647776605155332'}]	[]	[]	1	35	52	['apariciónconvidadesantiago']	[]	https://twitter.com/izquierdadiario/status/894992254041030656	False		1	https://pbs.twimg.com/ext_tw_video_thumb/894992102702166017/pu/img/ter0mIzQV9o3eO4j.jpg							[]				
894706776393867266	894706776393867266	2017-08-08 08:48:12 KST	2017-08-08	08:48:12	+0900	257432060	nestorpitrola	Néstor Pitrola		Macri empezó la campaña reprimiendo a los trabajadores de PepsiCo y la termina con un nuevo desaparecido en democracia.	es	[]	[]	[]	53	99	108	[]	[]	https://twitter.com/nestorpitrola/status/894706776393867266	False		0								[]				
894593553690746880	894593553690746880	2017-08-08 01:18:18 KST	2017-08-08	01:18:18	+0900	374115730	nicolasdelcano	Nicolas del Caño		La solidaridad y el apoyo a los trabajadores de @Pepsico_Enlucha es masivo. Son un ejemplo para el pueblo que quiere enfrentar el ajuste!!  https://t.co/Zu1hTuKFWR	es	[{'screen_name': 'pepsico_enlucha', 'name': 'pepsicoenlucha', 'id': '882647776605155332'}]	['https://twitter.com/izquierdadiario/status/894592983772909568']	[]	2	14	28	[]	[]	https://twitter.com/NicolasdelCano/status/894593553690746880	False	https://twitter.com/izquierdadiario/status/894592983772909568	0								[]				
894579243589304320	894579243589304320	2017-08-08 00:21:26 KST	2017-08-08	00:21:26	+0900	155304314	valeriafgl	Valeria Fgl		"""Se construyó imagen de sensible, pero Vidal no se ha preocupado por qué sucedió con las trabajadoras de @Pepsico_Enlucha"".  https://t.co/PAOikxPsll"	es	[{'screen_name': 'pepsico_enlucha', 'name': 'pepsicoenlucha', 'id': '882647776605155332'}]	[]	['https://pbs.twimg.com/media/DGou69OXoAAFLZ_.jpg']	1	13	43	[]	[]	https://twitter.com/valeriafgl/status/894579243589304320	False		1	https://pbs.twimg.com/media/DGou69OXoAAFLZ_.jpg							[]				
894374180627599360	894374180627599360	2017-08-07 10:46:35 KST	2017-08-07	10:46:35	+0900	43620417	andreadatri	Andrea D'Atri 😷✊🏽		"Si una marcha con Soc Rural y la otra critica a diputados de izq q estuvieron en la represion a Pepsico, serás ""frente"" pero no de izquierda"	es	[]	[]	[]	1	19	37	[]	[]	https://twitter.com/andreadatri/status/894374180627599360	False		0								[]				
894369142551314432	894369142551314432	2017-08-07 10:26:34 KST	2017-08-07	10:26:34	+0900	155304314	valeriafgl	Valeria Fgl		Manuela Castañeira NO ESTUVO en la asamblea #NiUnaMenos que se hizo en la carpa de Pepsico. ¿Qué le dice a Nicolás? ¿Con qué lo corre?	es	[]	[]	[]	4	18	36	['niunamenos']	[]	https://twitter.com/valeriafgl/status/894369142551314432	False		0								[]				
894368777072250880	894368777072250880	2017-08-07 10:25:07 KST	2017-08-07	10:25:07	+0900	155304314	valeriafgl	Valeria Fgl		Manuela Castañeira estuvo AUSENTE en la lucha de Pepsico. No estuvo vigilias ni represiones. ¿Qué le dice a Nicolás? #Debate2017	es	[]	[]	[]	10	18	50	['debate2017']	[]	https://twitter.com/valeriafgl/status/894368777072250880	False		0								[]				
894329906372464640	894329906372464640	2017-08-07 07:50:40 KST	2017-08-07	07:50:40	+0900	257432060	nestorpitrola	Néstor Pitrola		Con Camilo de Pepsico que se entera por mí en ese momento con alegría, que el FIT cierra su campaña con una caminata que culmina en la carpa  https://t.co/BKjvWtKls4	es	[]	[]	['https://pbs.twimg.com/media/DGlMTcKWAAAv7g2.jpg']	6	19	38	[]	[]	https://twitter.com/nestorpitrola/status/894329906372464640	False		1	https://pbs.twimg.com/media/DGlMTcKWAAAv7g2.jpg							[]				
894326550082068480	894326550082068480	2017-08-07 07:37:19 KST	2017-08-07	07:37:19	+0900	374115730	nicolasdelcano	Nicolas del Caño		Gran festival en apoyo a los trabajadores de @Pepsico_Enlucha. Gracias @goykaramelo y a todos los artistas que se comprometen.  https://t.co/S4wHdPfRLZ	es	[{'screen_name': 'pepsico_enlucha', 'name': 'pepsicoenlucha', 'id': '882647776605155332'}, {'screen_name': 'goykaramelo', 'name': 'goy', 'id': '38239319'}]	[]	['https://pbs.twimg.com/media/DGlJOsXXoAER63J.jpg']	11	40	84	[]	[]	https://twitter.com/NicolasdelCano/status/894326550082068480	False		1	https://pbs.twimg.com/media/DGlJOsXXoAER63J.jpg							[]				
894285100900388864	894285100900388864	2017-08-07 04:52:37 KST	2017-08-07	04:52:37	+0900	257432060	nestorpitrola	Néstor Pitrola		Desde Pepsico, en la recta final, hacia un gran voto al FIT.  https://t.co/RLHRwdzm8e	es	[]	[]	[]	7	30	66	[]	[]	https://twitter.com/nestorpitrola/status/894285100900388864	False		1	https://pbs.twimg.com/ext_tw_video_thumb/894284190476382208/pu/img/1YG1T7fO3HSDKrCq.jpg							[]				
894262778898382848	894262778898382848	2017-08-07 03:23:55 KST	2017-08-07	03:23:55	+0900	71963937	_maitena_	Maitena Aboitiz 💚🎶		Ahora #MusicaPorPepsico Festival solidario en el Congreso @javiermalosetti @Lisandroaristi @karamelosantoOK @Pepsico_Enlucha  https://t.co/YdkbAxFODu	es	[{'screen_name': 'javiermalosetti', 'name': 'javier malosetti', 'id': '86222468'}, {'screen_name': 'karamelosantook', 'name': 'karamelo santo', 'id': '336056562'}, {'screen_name': 'pepsico_enlucha', 'name': 'pepsicoenlucha', 'id': '882647776605155332'}]	[]	['https://pbs.twimg.com/media/DGkPPdZXoAA8su7.jpg', 'https://pbs.twimg.com/media/DGkPPdXWsAA5wkF.jpg']	0	8	19	['musicaporpepsico']	[]	https://twitter.com/_Maitena_/status/894262778898382848	False		1	https://pbs.twimg.com/media/DGkPPdZXoAA8su7.jpg							[]				
893942209560629250	893942209560629250	2017-08-06 06:10:06 KST	2017-08-06	06:10:06	+0900	150884948	cyngarciaradio	Cynthia García		📆 Domingo 6 de agosto desde las 13hs en Av Callao y Rivadavia (Frente al Congreso)  Festival solidario por los trabajadores de Pepsico  https://t.co/ToyLeEn4zF	es	[]	[]	['https://pbs.twimg.com/media/DGfrsrIXgAAo-Il.jpg']	3	55	30	[]	[]	https://twitter.com/cyngarciaradio/status/893942209560629250	False		1	https://pbs.twimg.com/media/DGfrsrIXgAAo-Il.jpg							[]				
893921876837367808	893921876837367808	2017-08-06 04:49:18 KST	2017-08-06	04:49:18	+0900	163875218	patriciodc	Patricio del Corro		Enormes los trabajadores de Pepsico también diciendo bien fuerte #NiUnaMenos ✊  https://t.co/S3GWWXc8Yl	es	[]	[]	['https://pbs.twimg.com/media/DGfZIIHXoAAw_dw.jpg']	9	59	128	['niunamenos']	[]	https://twitter.com/Patriciodc/status/893921876837367808	False		1	https://pbs.twimg.com/media/DGfZIIHXoAAw_dw.jpg							[]				
893921086726950913	893921086726950913	2017-08-06 04:46:09 KST	2017-08-06	04:46:09	+0900	155304314	valeriafgl	Valeria Fgl		Aplausos para los trabajadores de @Pepsico_Enlucha que desde su carpa en el Congreso exigen #JusticiaParaAnahí. #NiUnaMenos  https://t.co/7rJhcLFLoR	es	[{'screen_name': 'pepsico_enlucha', 'name': 'pepsicoenlucha', 'id': '882647776605155332'}]	[]	['https://pbs.twimg.com/media/DGfYMB9XsAEEOWS.jpg', 'https://pbs.twimg.com/media/DGfYclbXYAAf8c-.jpg']	0	8	15	['justiciaparaanahí', 'niunamenos']	[]	https://twitter.com/valeriafgl/status/893921086726950913	False		1	https://pbs.twimg.com/media/DGfYMB9XsAEEOWS.jpg							[]				
893818098201055232	893818098201055232	2017-08-05 21:56:55 KST	2017-08-05	21:56:55	+0900	20816312	infonews	Infonews		Tras un mes de lucha, los trabajadores de Pepsico realizan un festival solidario  https://t.co/njzsPD97Zk  https://t.co/3ut2ZGi471	es	[]	['http://bit.ly/2utRi03']	['https://pbs.twimg.com/media/DGd6zsfXsAAFaba.jpg']	0	14	15	[]	[]	https://twitter.com/infonews/status/893818098201055232	False		1	https://pbs.twimg.com/media/DGd6zsfXsAAFaba.jpg							[]				
893580410411778048	893580410411778048	2017-08-05 06:12:26 KST	2017-08-05	06:12:26	+0900	1299984960	americanunity	American Unity Fund		Uber, PepsiCo, PayPal and JPMorgan Chase are latest businesses to oppose Texas #bathroombill. #txlege  https://t.co/cShHLDyVEm	en	[]	['https://www.dallasnews.com/news/texas-legislature/2017/08/03/uber-pepsico-paypal-jpmorgan-chase-latest-businesses-oppose-texas-bathroom-bill']	[]	51	124	180	['bathroombill', 'txlege']	[]	https://twitter.com/AmericanUnity/status/893580410411778048	False		0								[]				
893523446642159616	893523446642159616	2017-08-05 02:26:05 KST	2017-08-05	02:26:05	+0900	44513878	texastribune	Texas Tribune		Uber, PepsiCo &amp; PayPal have asked @GregAbbott_TX to drop his support of the #bathroombill.  https://t.co/5les56vcv7 via @dallasnews #txlege	en	[{'screen_name': 'gregabbott_tx', 'name': 'greg abbott', 'id': '90651198'}, {'screen_name': 'dallasnews', 'name': 'dallas morning news', 'id': '15679641'}]	['http://bit.ly/2ff63SH']	[]	3	56	64	['bathroombill', 'txlege']	[]	https://twitter.com/TexasTribune/status/893523446642159616	False		0								[]				
893495378518999040	893495378518999040	2017-08-05 00:34:33 KST	2017-08-05	00:34:33	+0900	331593583	jonheguier	Jon Heguier		El artista Rocambole (exRedondos) realizó esta imagen y la donó para los trabajadores de Pepsico y Cresta Roja.  https://t.co/HsreQeBS9C	es	[]	[]	['https://pbs.twimg.com/media/DGZVOELXsAAUlEx.jpg']	0	71	158	[]	[]	https://twitter.com/JonHeguier/status/893495378518999040	False		1	https://pbs.twimg.com/media/DGZVOELXsAAUlEx.jpg							[]				
893470802728898564	893470802728898564	2017-08-04 22:56:53 KST	2017-08-04	22:56:53	+0900	332993154	myriambregman	Myriam Bregman		Ilustradores solidarios donaron dibujos originales en apoyo a la lucha de Pepsico   https://t.co/AbFcOOHsQG vía @izquierdadiario	es	[{'screen_name': 'izquierdadiario', 'name': 'la izquierda diario', 'id': '2573916020'}]	['http://www.laizquierdadiario.com/Ilustradores-solidarios-donaron-dibujos-originales-en-apoyo-a-la-lucha-de-Pepsico']	[]	0	22	47	[]	[]	https://twitter.com/myriambregman/status/893470802728898564	False		0								[]				
893441902913171458	893441902913171458	2017-08-04 21:02:03 KST	2017-08-04	21:02:03	+0900	2573916020	izquierdadiario	La Izquierda Diario		La Policía de Larreta mostró armas de fuego frente a una movilización de PepsiCo  https://t.co/iCwe58gOQ4  https://t.co/Gn0biOWGnf	es	[]	['http://bit.ly/2wc3RiF']	[]	0	27	21	[]	[]	https://twitter.com/izquierdadiario/status/893441902913171458	False		1	https://pbs.twimg.com/ext_tw_video_thumb/893441806368731136/pu/img/HDoXlnkCPHnlRzYQ.jpg							[]				
893246491237724160	893246491237724160	2017-08-04 08:05:33 KST	2017-08-04	08:05:33	+0900	277113936	pulpoviera	ALEXIS VIERA		Acá estamos en Uruguay por unos días gracias a Pepsico que me dio la oportunidad de venir a dar una charla a todos sus empleados...  https://t.co/QOWeLZPiQI	es	[]	[]	['https://pbs.twimg.com/media/DGVy8NaUQAEZzlh.jpg']	36	55	626	[]	[]	https://twitter.com/pulpoviera/status/893246491237724160	False		1	https://pbs.twimg.com/media/DGVy8NaUQAEZzlh.jpg							[]				
893197120492142594	893197120492142594	2017-08-04 04:49:22 KST	2017-08-04	04:49:22	+0900	52754791	lmcgaughy	Lauren McGaughy 🌟		With the addition of PepsiCo, PayPal &amp; JPMorgan Chase, 34 Fortune 500 companies now oppose the bathroom bill  https://t.co/4e8z3T2AyM #txlege  https://t.co/KBOjW7xtgI	en	[]	['https://www.dallasnews.com/news/texas-legislature/2017/08/03/uber-pepsico-paypal-jpmorgan-chase-latest-businesses-oppose-texas-bathroom-bill']	['https://pbs.twimg.com/media/DGVGCUYUMAEZ-_X.jpg']	0	52	47	['txlege']	[]	https://twitter.com/lmcgaughy/status/893197120492142594	False		1	https://pbs.twimg.com/media/DGVGCUYUMAEZ-_X.jpg							[]				
893173172081758209	893173172081758209	2017-08-04 03:14:13 KST	2017-08-04	03:14:13	+0900	332993154	myriambregman	Myriam Bregman		Reclamado por los puestos de trabajo junto a trabajadores y trabajadoras de Pepsico  https://t.co/ble48TEfDm	es	[]	[]	['https://pbs.twimg.com/media/DGUwP-TVoAIEwNA.jpg']	21	21	79	[]	[]	https://twitter.com/myriambregman/status/893173172081758209	False		1	https://pbs.twimg.com/media/DGUwP-TVoAIEwNA.jpg							[]				
893172726533324800	893172726533324800	2017-08-04 03:12:27 KST	2017-08-04	03:12:27	+0900	332993154	myriambregman	Myriam Bregman		Estuvimos acompañando trabajadores y trabajadoras de Pepsico. Ni una familia más en la calle!  https://t.co/4c6eUESBzz	es	[]	[]	['https://pbs.twimg.com/media/DGUv15RU0AEjQ3n.jpg']	0	16	46	[]	[]	https://twitter.com/myriambregman/status/893172726533324800	False		1	https://pbs.twimg.com/media/DGUv15RU0AEjQ3n.jpg							[]				
893144471222845441	893144471222845441	2017-08-04 01:20:10 KST	2017-08-04	01:20:10	+0900	257432060	nestorpitrola	Néstor Pitrola		Pepsico lucha por la reapertura!!  https://t.co/acnWNJfUlk	es	[]	[]	['https://pbs.twimg.com/media/DGUWJSGUwAA4Erj.jpg']	3	9	17	[]	[]	https://twitter.com/nestorpitrola/status/893144471222845441	False		1	https://pbs.twimg.com/media/DGUWJSGUwAA4Erj.jpg							[]				
893137599191273473	893137599191273473	2017-08-04 00:52:51 KST	2017-08-04	00:52:51	+0900	176979194	cronica	Diario Crónica		Empleados de #Pepsico marchan por la reapertura de la fábrica  https://t.co/24lo2S8F2E #QuierenTrabajar #Escúchenlos #NoSeanPapafritas  https://t.co/cXnALFN0O3	es	[]	['http://bit.ly/2v2E7p5']	['https://pbs.twimg.com/media/DGUPrCUVwAAO5Va.jpg']	2	9	19	['pepsico', 'quierentrabajar', 'escúchenlos', 'noseanpapafritas']	[]	https://twitter.com/cronica/status/893137599191273473	False		1	https://pbs.twimg.com/media/DGUPrCUVwAAO5Va.jpg							[]				
893121445710221312	893121445710221312	2017-08-03 23:48:40 KST	2017-08-03	23:48:40	+0900	2573916020	izquierdadiario	La Izquierda Diario		"Marchan al Congreso en la #CaravanaPorPepsico: ""Si Pepsico no la quiere, que la utilicemos los trabajadores"".  https://t.co/pG7AqfLSew  https://t.co/5PC6pH2Vd2"	es	[]	['http://bit.ly/2fcdzhg']	[]	2	19	20	['caravanaporpepsico']	[]	https://twitter.com/izquierdadiario/status/893121445710221312	False		1	https://pbs.twimg.com/ext_tw_video_thumb/893121403167297540/pu/img/P--1129-jD6o54WC.jpg							[]				
893121104138653697	893121104138653697	2017-08-03 23:47:19 KST	2017-08-03	23:47:19	+0900	537300529	678elprograma	6-7-8		Ultimo Momento #Ahora trabajadores de #Pepsico en e Ministerio de Trabajo. Aquí la info  https://t.co/x3N7AV9Wfh	es	[]	['http://www.diarioregistrado.com/politica/trabajadores-de-pepsico-protestan-en-la-puerta-del-ministerio-de-trabajo_a59832634a9b2d97288404108']	[]	0	24	18	['ahora', 'pepsico']	[]	https://twitter.com/678elprograma/status/893121104138653697	False		0								[]				
893107190499876864	893107190499876864	2017-08-03 22:52:02 KST	2017-08-03	22:52:02	+0900	142802581	tiempoarg	Tiempo Argentino		Despedidos de #Pepsico reclaman la expropiación en el Congreso.  https://t.co/2iFoFO9vti  https://t.co/ztpg8W9E8K	es	[]	['http://bit.ly/2w9ZCEe']	['https://pbs.twimg.com/media/DGT0QRtUAAETpti.jpg']	4	24	22	['pepsico']	[]	https://twitter.com/tiempoarg/status/893107190499876864	False		1	https://pbs.twimg.com/media/DGT0QRtUAAETpti.jpg							[]				
893101868225884160	893101868225884160	2017-08-03 22:30:53 KST	2017-08-03	22:30:53	+0900	414215278	sutebaprovincia	SUTEBA Provincia		Junto a la @CTAok acompañamos a lxs Trabajadorxs de Pepsico en su lucha #CaravanaPorPepsico  https://t.co/nVD7SVHbEH	es	[{'screen_name': 'ctaok', 'name': 'cta', 'id': '293680137'}]	[]	['https://pbs.twimg.com/media/DGTupuwUIAANigq.jpg', 'https://pbs.twimg.com/media/DGTusasUAAASBHm.jpg', 'https://pbs.twimg.com/media/DGTusbUVwAAq0IQ.jpg', 'https://pbs.twimg.com/media/DGTusbuUAAImEOy.jpg']	0	28	28	['caravanaporpepsico']	[]	https://twitter.com/SUTEBAProvincia/status/893101868225884160	False		1	https://pbs.twimg.com/media/DGTupuwUIAANigq.jpg							[]				
893094105286365184	893094105286365184	2017-08-03 22:00:02 KST	2017-08-03	22:00:02	+0900	3873965293	momentses	Twitter Moments en Español		"⚡️ Trabajadores de PepsiCo marchan hacia el Congreso para pedir que la fábrica sea declarada de ""utilidad pública"" 🇦🇷 https://t.co/clvddrqaX0"	es	[]	['https://twitter.com/i/moments/893089283619397632']	[]	14	144	126	[]	[]	https://twitter.com/MomentsES/status/893094105286365184	False		0								[]				
893074093351858176	893074093351858176	2017-08-03 20:40:31 KST	2017-08-03	20:40:31	+0900	3170981873	bonelliok	Marcelo Bonelli		#CiudadSitiada Trabajadores de PepsiCo cortaron la Panamericana y van a Trabajo y al Congreso  https://t.co/w3s51Zk9p5  https://t.co/wQ3JPFljKt	es	[]	['http://ow.ly/pHMA30e8pMM']	['https://pbs.twimg.com/media/DGTWJ2iUQAA0HiZ.jpg', 'https://pbs.twimg.com/media/DGTWJ03UQAEA7Pn.jpg', 'https://pbs.twimg.com/media/DGTWJzxUQAQ_Tpm.jpg', 'https://pbs.twimg.com/media/DGTWJ0VUMAAJQBf.jpg']	14	4	13	['ciudadsitiada']	[]	https://twitter.com/BonelliOK/status/893074093351858176	False		1	https://pbs.twimg.com/media/DGTWJ2iUQAA0HiZ.jpg							[]				
893064250247217152	893064250247217152	2017-08-03 20:01:24 KST	2017-08-03	20:01:24	+0900	155304314	valeriafgl	Valeria Fgl		También cortan en #PuentePueyrredon: obreras y obreros de Pepsico exigen respuestas y defienden sus puestos. #CaravanaPorPepsico  https://t.co/RjkLT92z3g	es	[]	[]	['https://pbs.twimg.com/media/DGTM5baUIAE0STz.jpg']	1	11	15	['puentepueyrredon', 'caravanaporpepsico']	[]	https://twitter.com/valeriafgl/status/893064250247217152	False		1	https://pbs.twimg.com/media/DGTM5baUIAE0STz.jpg							[]				
893057210569437184	893057210569437184	2017-08-03 19:33:25 KST	2017-08-03	19:33:25	+0900	155304314	valeriafgl	Valeria Fgl		[AHORA] Nuevo corte sorpresa en #Panamericana y #SanMartín: son los despedidos de Pepsico. Desde las 9, #CaravanaPorPepsico al Congreso.  https://t.co/ZRAgSYBMN8	es	[]	[]	['https://pbs.twimg.com/media/DGTGrrPUMAAbZkA.jpg']	1	14	20	['panamericana', 'sanmartín', 'caravanaporpepsico']	[]	https://twitter.com/valeriafgl/status/893057210569437184	False		1	https://pbs.twimg.com/media/DGTGrrPUMAAbZkA.jpg							[]				
893056307279921153	893056307279921153	2017-08-03 19:29:50 KST	2017-08-03	19:29:50	+0900	2573916020	izquierdadiario	La Izquierda Diario		PepsiCo: nueva jornada de protestas en contra de los despidos arranca con corte sorpresa en #Panamericana  https://t.co/3bMJ5DbfRi  https://t.co/xZrLTER5cV	es	[]	['http://bit.ly/2u3Ks2f']	[]	1	32	26	['panamericana']	[]	https://twitter.com/izquierdadiario/status/893056307279921153	False		1	https://pbs.twimg.com/ext_tw_video_thumb/893056157073383424/pu/img/uCphEddil4W920KW.jpg							[]				
892865367265214464	892865367265214464	2017-08-03 06:51:06 KST	2017-08-03	06:51:06	+0900	166112948	droggiano	Daniel Roggiano		#Pepsico. RT @ptsprensa: Mañana 9:00 marcha desde el #MinisterioDeTrabajo al #Congreso.  https://t.co/YiwlY8vunA	es	[{'screen_name': 'ptsprensa', 'name': 'marcela soler', 'id': '604018650'}]	[]	['https://pbs.twimg.com/media/DGQCJrlXsAEq0Nf.jpg']	0	5	11	['pepsico', 'ministeriodetrabajo', 'congreso']	[]	https://twitter.com/droggiano/status/892865367265214464	False		1	https://pbs.twimg.com/media/DGQCJrlXsAEq0Nf.jpg							[]				
892832090282184705	892832090282184705	2017-08-03 04:38:52 KST	2017-08-03	04:38:52	+0900	150884948	cyngarciaradio	Cynthia García		"🎬 ""Nos vamos a quedar frente al Congreso hasta que recuperemos nuestros puestos de trabajo"" Mones, Delegado Pepsico  https://t.co/nFXUFrVPaP"	es	[]	['http://bit.ly/2wmrdl4']	[]	10	67	50	[]	[]	https://twitter.com/cyngarciaradio/status/892832090282184705	False		0								[]				
892800024702324738	892800024702324738	2017-08-03 02:31:27 KST	2017-08-03	02:31:27	+0900	257432060	nestorpitrola	Néstor Pitrola		Impulsemos un Encuentro nacional de fábricas en lucha, Pepsico, Gotelli, Tecpetrol, Cresta Roja y muchas más  https://t.co/5aj2jRbIiH	es	[]	[]	['https://pbs.twimg.com/media/DGPc4M1WsAAe6jr.jpg']	2	28	39	[]	[]	https://twitter.com/nestorpitrola/status/892800024702324738	False		1	https://pbs.twimg.com/media/DGPc4M1WsAAe6jr.jpg							[]				
892733839017201664	892733839017201664	2017-08-02 22:08:28 KST	2017-08-02	22:08:28	+0900	3170981873	bonelliok	Marcelo Bonelli		"Filmus, RECONTRA POLÉMICO: ""Las imágenes de Venezuela me hacen acordar a lo que pasó con la represión en Pepsico""  https://t.co/13ElMi8ute"	es	[]	[]	['https://pbs.twimg.com/media/DGOgsTeXsAELuWD.jpg', 'https://pbs.twimg.com/media/DGOgsVZXUAA3rIP.jpg', 'https://pbs.twimg.com/media/DGOgsT4WAAEbDq7.jpg', 'https://pbs.twimg.com/media/DGOgsTrW0AAf1s4.jpg']	165	28	24	[]	[]	https://twitter.com/BonelliOK/status/892733839017201664	False		1	https://pbs.twimg.com/media/DGOgsTeXsAELuWD.jpg							[]				
892728816866443264	892728816866443264	2017-08-02 21:48:30 KST	2017-08-02	21:48:30	+0900	152325528	c5n	C5N		Trabajadores despedidos de PepsiCo se reunieron con organizaciones sociales y anunciaron plan de lucha. Informa @rafagpalavecino  https://t.co/5un94h1nhA	es	[{'screen_name': 'rafagpalavecino', 'name': 'rafael g. palavecino', 'id': '43551922'}]	[]	[]	2	34	66	[]	[]	https://twitter.com/C5N/status/892728816866443264	False		1	https://pbs.twimg.com/media/DGOcH0sUQAEX_IP.jpg							[]				
892715741652410368	892715741652410368	2017-08-02 20:56:33 KST	2017-08-02	20:56:33	+0900	175422899	solanopo	Gabriel Solano		"Carrió dice que Cambiemos hizo ""una revolución en paz"". Los obreros de Pepsico, AGR-Clarín, Cresta Roja y sigue la lista no se enteraron.  https://t.co/rtrUOotJ3g"	es	[]	[]	['https://pbs.twimg.com/media/DGOQOb2XsAA8sy6.jpg']	22	60	100	[]	[]	https://twitter.com/Solanopo/status/892715741652410368	False		1	https://pbs.twimg.com/media/DGOQOb2XsAA8sy6.jpg							[]				
892687420440928256	892687420440928256	2017-08-02 19:04:01 KST	2017-08-02	19:04:01	+0900	2573916020	izquierdadiario	La Izquierda Diario		[Solidario] Darío Sztajnszrajber habló de filosofía en la carpa de PepsiCo.  https://t.co/GO2eIh24ss	ro	[]	['http://bit.ly/2f6a2B1']	[]	0	8	17	[]	[]	https://twitter.com/izquierdadiario/status/892687420440928256	False		0								[]				
892531043412180992	892531043412180992	2017-08-02 08:42:37 KST	2017-08-02	08:42:37	+0900	2573916020	izquierdadiario	La Izquierda Diario		[Solidario] Darío Sztajnszrajber habló de filosofía en la carpa de PepsiCo  https://t.co/VagXSqzDN0  https://t.co/MRhDrdm23n	ro	[]	['http://bit.ly/2w3WGcv']	['https://pbs.twimg.com/media/DGLoQJuW0AQgvar.jpg']	0	13	20	[]	[]	https://twitter.com/izquierdadiario/status/892531043412180992	False		1	https://pbs.twimg.com/media/DGLoQJuW0AQgvar.jpg							[]				
892519811019886597	892519811019886597	2017-08-02 07:57:59 KST	2017-08-02	07:57:59	+0900	181271527	pablolanusse	Pablo Lanusse		Ahora el relato K iguala al régimen dictatorial y asesino de Maduro con el desalojo de Pepsico. Realmente pueden votar eso? #YoVotoCAMBIEMOS	es	[]	[]	[]	31	704	944	['yovotocambiemos']	[]	https://twitter.com/PabloLanusse/status/892519811019886597	False		0								[]				
892514385729658881	892514385729658881	2017-08-02 07:36:26 KST	2017-08-02	07:36:26	+0900	2573916020	izquierdadiario	La Izquierda Diario		[SOLIDARIO] Darío @sztajnszrajber pasó por la carpa de @Pepsico_Enlucha en el Congreso y habló del poder desde la filosofía.  https://t.co/b3zzNCYEvA	es	[{'screen_name': 'sztajnszrajber', 'name': 'dario sztajnszrajber', 'id': '103629069'}, {'screen_name': 'pepsico_enlucha', 'name': 'pepsicoenlucha', 'id': '882647776605155332'}]	[]	[]	10	177	483	[]	[]	https://twitter.com/izquierdadiario/status/892514385729658881	False		1	https://pbs.twimg.com/ext_tw_video_thumb/892514337860067328/pu/img/NLllGtnEqCXiDp2B.jpg							[]				
892499404405575680	892499404405575680	2017-08-02 06:36:54 KST	2017-08-02	06:36:54	+0900	155304314	valeriafgl	Valeria Fgl		Hoy la carpa de @Pepsico_Enlucha se llenó de arte y pensamiento con las visitas del grupo de teatro La Estatua y @sztajnszrajber. 😍🙏💪  https://t.co/NQN6iTKN1U	es	[{'screen_name': 'pepsico_enlucha', 'name': 'pepsicoenlucha', 'id': '882647776605155332'}, {'screen_name': 'sztajnszrajber', 'name': 'dario sztajnszrajber', 'id': '103629069'}]	[]	['https://pbs.twimg.com/media/DGLLMmpXUAE78OE.jpg', 'https://pbs.twimg.com/media/DGLLN2oW0AACxA-.jpg', 'https://pbs.twimg.com/media/DGLLPAZXsAIYoQ7.jpg', 'https://pbs.twimg.com/media/DGLLQFLXcAAV76E.jpg']	1	114	282	[]	[]	https://twitter.com/valeriafgl/status/892499404405575680	False		1	https://pbs.twimg.com/media/DGLLMmpXUAE78OE.jpg							[]				
892431561206923264	892431561206923264	2017-08-02 02:07:19 KST	2017-08-02	02:07:19	+0900	2792557771	eldestapeweb	El Destape		.@javiermalosetti anunció que tocará contra los despidos en un festival organizado por los trabajadores echados de @PepsiCo.  https://t.co/EzNbRyZe3Y	es	[{'screen_name': 'javiermalosetti', 'name': 'javier malosetti', 'id': '86222468'}, {'screen_name': 'pepsico', 'name': 'pepsico', 'id': '21346619'}]	[]	[]	8	264	432	[]	[]	https://twitter.com/eldestapeweb/status/892431561206923264	False		1	https://pbs.twimg.com/ext_tw_video_thumb/892430769590865921/pu/img/EDjg_QygaP-KEQOJ.jpg							[]				
892415097506856962	892415097506856962	2017-08-02 01:01:54 KST	2017-08-02	01:01:54	+0900	2573916020	izquierdadiario	La Izquierda Diario		Javier Malosetti tocará el domingo junto a las obreras y los obreros de PepsiCo  https://t.co/kJuGUpVfqS	es	[]	['http://bit.ly/2f3NJf7']	[]	0	8	16	[]	[]	https://twitter.com/izquierdadiario/status/892415097506856962	False		0								[]				
892386168838533122	892386168838533122	2017-08-01 23:06:57 KST	2017-08-01	23:06:57	+0900	257432060	nestorpitrola	Néstor Pitrola		Los despidos en Cresta Roja, en Carboclor y Adidas demuestran que la sangría no para en Pepsico, se profundiza. Apoyemos a los trabajadores  https://t.co/tolcbRKTzA	es	[]	[]	['https://pbs.twimg.com/media/DGJkdVJXcAA0833.jpg']	1	15	19	[]	[]	https://twitter.com/nestorpitrola/status/892386168838533122	False		1	https://pbs.twimg.com/media/DGJkdVJXcAA0833.jpg							[]				
892385081968472064	892385081968472064	2017-08-01 23:02:37 KST	2017-08-01	23:02:37	+0900	257432060	nestorpitrola	Néstor Pitrola		En la carpa de Pepsico el clima es de lucha, de planificación de lis próximos pasos que se debatirán en un plenario esta tarde, no faltes  https://t.co/AhwxsIf5P3	es	[]	[]	['https://pbs.twimg.com/media/DGJjd8PXYAA3E4t.jpg']	3	5	14	[]	[]	https://twitter.com/nestorpitrola/status/892385081968472064	False		1	https://pbs.twimg.com/media/DGJjd8PXYAA3E4t.jpg							[]				
892384606812614656	892384606812614656	2017-08-01 23:00:44 KST	2017-08-01	23:00:44	+0900	257432060	nestorpitrola	Néstor Pitrola		Confraternizando en la carpa de Pepsico, apoyar su lucha es apoyar a toda la clase obrera  https://t.co/m7ZmzorAXS	es	[]	[]	['https://pbs.twimg.com/media/DGJjC7cXkAAzCbW.jpg']	11	11	31	[]	[]	https://twitter.com/nestorpitrola/status/892384606812614656	False		1	https://pbs.twimg.com/media/DGJjC7cXkAAzCbW.jpg							[]				
892327941115457536	892327941115457536	2017-08-01 19:15:34 KST	2017-08-01	19:15:34	+0900	2573916020	izquierdadiario	La Izquierda Diario		👏🏻 @javiermalosetti tocará el domingo junto a las obreras y los obreros de @Pepsico_Enlucha  https://t.co/TeuEy8Voda  https://t.co/wlVCpsE9d0	es	[{'screen_name': 'javiermalosetti', 'name': 'javier malosetti', 'id': '86222468'}, {'screen_name': 'pepsico_enlucha', 'name': 'pepsicoenlucha', 'id': '882647776605155332'}]	['http://bit.ly/2wfNHEc']	[]	1	31	73	[]	[]	https://twitter.com/izquierdadiario/status/892327941115457536	False		1	https://pbs.twimg.com/ext_tw_video_thumb/892327878225833984/pu/img/GUxDxLEoe7j7WHTW.jpg							[]				
892177074278019074	892177074278019074	2017-08-01 09:16:05 KST	2017-08-01	09:16:05	+0900	2573916020	izquierdadiario	La Izquierda Diario		[SOLIDARIO] Javier Malosetti tocará el domingo junto a las obreras y los obreros de PepsiCo  https://t.co/sinR0wlME7  https://t.co/JkesOt1Gke	es	[]	['http://bit.ly/2vZyYxS']	['https://pbs.twimg.com/media/DGGmUcqXcAAWdd1.jpg']	1	5	19	[]	[]	https://twitter.com/izquierdadiario/status/892177074278019074	False		1	https://pbs.twimg.com/media/DGGmUcqXcAAWdd1.jpg							[]				
