id	conversation_id	created_at	date	time	timezone	user_id	username	name	place	tweet	language	mentions	urls	photos	replies_count	retweets_count	likes_count	hashtags	cashtags	link	retweet	quote_url	video	thumbnail	near	geo	source	user_rt_id	user_rt	retweet_id	reply_to	retweet_date	translate	trans_src	trans_dest
880564762366574592	880564762366574592	2017-06-30 08:12:54 KST	2017-06-30	08:12:54	+0900	155304314	valeriafgl	Valeria Fgl		Estos productos no traen felicidad: Pepsico dejó a 600 familias en la calle.👎 #NoCompresLaysYPepsico en solidaridad con los obreros.  https://t.co/6v403ZqLoT	es	[]	[]	['https://pbs.twimg.com/media/DDhk-QmXkAAUYrg.jpg']	0	16	17	['nocompreslaysypepsico']	[]	https://twitter.com/valeriafgl/status/880564762366574592	False		1	https://pbs.twimg.com/media/DDhk-QmXkAAUYrg.jpg							[]				
880561645340282880	880561645340282880	2017-06-30 08:00:30 KST	2017-06-30	08:00:30	+0900	2573916020	izquierdadiario	La Izquierda Diario		Trabajadores de Coca-Cola dicen no al cierre de PepsiCo. #NoCompresLaysYPepsico    https://t.co/BtAYmuTInX	es	[]	['http://www.laizquierdadiario.com/Trabajadores-de-Coca-Cola-dicen-no-al-cierre-de-PepsiCo']	[]	0	22	19	['nocompreslaysypepsico']	[]	https://twitter.com/izquierdadiario/status/880561645340282880	False		0								[]				
880529250943619073	880529250943619073	2017-06-30 05:51:47 KST	2017-06-30	05:51:47	+0900	155304314	valeriafgl	Valeria Fgl		Mirta Baravalle (92): con frío, lluvia, en condiciones difíciles, no hay lucha que no apoye. Obreros y obreras de Pepsico la rodean de amor.  https://t.co/nZ4YVkN5kT	es	[]	[]	['https://pbs.twimg.com/media/DDhEIboUAAUmWTj.jpg']	0	13	17	[]	[]	https://twitter.com/valeriafgl/status/880529250943619073	False		1	https://pbs.twimg.com/media/DDhEIboUAAUmWTj.jpg							[]				
880486318316376068	880486318316376068	2017-06-30 03:01:11 KST	2017-06-30	03:01:11	+0900	332993154	myriambregman	Myriam Bregman		Gran apoyo para las y los trabajadores de Pepsico!!!  https://t.co/aXbto0wyeG	es	[]	['https://twitter.com/alebarryceprodh/status/880482219151765508']	[]	1	24	51	[]	[]	https://twitter.com/myriambregman/status/880486318316376068	False	https://twitter.com/alebarryceprodh/status/880482219151765508	0								[]				
880471590072352769	880471590072352769	2017-06-30 02:02:40 KST	2017-06-30	02:02:40	+0900	2573916020	izquierdadiario	La Izquierda Diario		"Sumate a la campaña: ""No al cierre. No compre productos Lay's y PepsiCo"". #NoCompresLaysYPepsico  https://t.co/WgS7ZuYkq5  https://t.co/6ha3eaLML3"	es	[]	['http://bit.ly/2ttS7Ky']	[]	4	80	55	['nocompreslaysypepsico']	[]	https://twitter.com/izquierdadiario/status/880471590072352769	False		1	https://pbs.twimg.com/ext_tw_video_thumb/880471463156961281/pu/img/Gbf_jW6R6fO7sS-e.jpg							[]				
880451908011479040	880451908011479040	2017-06-30 00:44:27 KST	2017-06-30	00:44:27	+0900	36117822	bishopjakes	T.D. Jakes		"""@PepsiCo is transforming their food portfolio to include healthier nutrition."" #MegaFest17  https://t.co/POu0aH4MHr"	en	[{'screen_name': 'pepsico', 'name': 'pepsico', 'id': '21346619'}]	[]	['https://pbs.twimg.com/media/DDf-VwIUQAA_bHe.jpg']	0	8	23	['megafest17']	[]	https://twitter.com/BishopJakes/status/880451908011479040	False		1	https://pbs.twimg.com/media/DDf-VwIUQAA_bHe.jpg							[]				
880443272602234883	880443272602234883	2017-06-30 00:10:08 KST	2017-06-30	00:10:08	+0900	257432060	nestorpitrola	Néstor Pitrola		Ingredion, Carboclor, Atanor, Hutchinson, Pepsico, Brandmix, Gotelli, Pepsico, Germaíz, Dak Americas, algunos nombres del despido en Pcia	es	[]	[]	[]	3	12	11	[]	[]	https://twitter.com/nestorpitrola/status/880443272602234883	False		0								[]				
880412406513577984	880412406513577984	2017-06-29 22:07:29 KST	2017-06-29	22:07:29	+0900	176979194	cronica	Diario Crónica		"#Macri ""No defiendo a las empresas, defiendo a los trabajadores"". #Pepsico #Sancor #YLasDrogas???"	es	[]	[]	[]	31	59	107	['macri', 'pepsico', 'sancor', 'ylasdrogas']	[]	https://twitter.com/cronica/status/880412406513577984	False		0								[]				
880402723027517440	880402723027517440	2017-06-29 21:29:00 KST	2017-06-29	21:29:00	+0900	257432060	nestorpitrola	Néstor Pitrola		Cerró Hutchinson luego de Pepsico, ahora avisan del cierre Dak Americas y Lanxes, químicas de Zárate, lluvia de cierres y despidos	es	[]	[]	[]	9	69	41	[]	[]	https://twitter.com/nestorpitrola/status/880402723027517440	False		0								[]				
880392266195644416	880392266195644416	2017-06-29 20:47:27 KST	2017-06-29	20:47:27	+0900	175422899	solanopo	Gabriel Solano		En una semana cerraron Pepsico y Hutchinson. Prometían lluvia de inversiones y tenemos un temporal de cierre de fábricas.	es	[]	[]	[]	5	112	94	[]	[]	https://twitter.com/Solanopo/status/880392266195644416	False		0								[]				
880380599487410178	880380599487410178	2017-06-29 20:01:06 KST	2017-06-29	20:01:06	+0900	332993154	myriambregman	Myriam Bregman		Ahora! Trabajadores de PespsiCo y delegados del gremio de Camioneros reclaman en depósito de Pepsico contra los despidos #NoALosDespidos	es	[]	[]	[]	0	31	47	['noalosdespidos']	[]	https://twitter.com/myriambregman/status/880380599487410178	False		0								[]				
880379425660993536	880379425660993536	2017-06-29 19:56:26 KST	2017-06-29	19:56:26	+0900	332993154	myriambregman	Myriam Bregman		Tenes que estar! Viernes 30: reunión de solidaridad con trabajadores y trabajadoras de PepsiCo Snacks     https://t.co/FALts3dPhJ	es	[]	['http://www.laizquierdadiario.com/Viernes-30-reunion-de-solidaridad-con-trabajadores-y-trabajadoras-de-PepsiCo-Snacks']	[]	0	31	40	[]	[]	https://twitter.com/myriambregman/status/880379425660993536	False		0								[]				
880325133990322176	880325133990322176	2017-06-29 16:20:42 KST	2017-06-29	16:20:42	+0900	3306969352	idiarioes	IzquierdaDiario.es		@LasKellysBCN y trabajadoras del SAD (Servicio Asistencia Domiciliaria) mandan mensaje de solidaridad con la lucha de #PepsiCo en Argentina  https://t.co/3JNQtVNplT	es	[]	[]	[]	1	16	15	['pepsico']	[]	https://twitter.com/iDiarioES/status/880325133990322176	False		1	https://pbs.twimg.com/ext_tw_video_thumb/880324790678106113/pu/img/3qLJwNbtp_6gAXoe.jpg							[]				
880229982190088192	880229982190088192	2017-06-29 10:02:36 KST	2017-06-29	10:02:36	+0900	200638297	chipicastillo	Christian Castillo		Se lanzó la campaña “No al cierre. No compre productos Lays y PepsiCo”   https://t.co/VVzrGiqq59 vía @izquierdadiario	es	[{'screen_name': 'izquierdadiario', 'name': 'la izquierda diario', 'id': '2573916020'}]	['http://www.laizquierdadiario.com/Se-lanzo-la-campana-No-al-cierre-No-compre-productos-Lays-y-PepsiCo']	[]	0	8	16	[]	[]	https://twitter.com/chipicastillo/status/880229982190088192	False		0								[]				
880228366678405121	880228366678405121	2017-06-29 09:56:11 KST	2017-06-29	09:56:11	+0900	148752676	juanabalmedina	Juan Abal Medina		Hoy en su informe le cuestionamos muchas cosas al JGM entre ellas los despidos en #PepsiCo y la #DeudaA100Años  https://t.co/4kI3mKuY0P	es	[]	['http://www.infobae.com/politica/2017/06/28/el-bono-a-100-anos-genero-tension-en-la-visita-de-marcos-pena-al-senado/']	[]	23	8	21	['pepsico', 'deudaa100años']	[]	https://twitter.com/juanabalmedina/status/880228366678405121	False		0								[]				
880200255098294273	880200255098294273	2017-06-29 08:04:28 KST	2017-06-29	08:04:28	+0900	65360466	partidoobrero	Partido Obrero		Importante solidaridad con los trabajadores de Pepsico  https://t.co/wjeGt9xkEG #NoALosDespidosEnPepsico  https://t.co/AOnQnEdGbS	es	[]	['http://bit.ly/2tfQPmh']	[]	1	17	17	['noalosdespidosenpepsico']	[]	https://twitter.com/PartidoObrero/status/880200255098294273	False		1	https://pbs.twimg.com/ext_tw_video_thumb/880200143479332864/pu/img/LkvykfSWnDPd15mI.jpg							[]				
880184793266257920	880184793266257920	2017-06-29 07:03:02 KST	2017-06-29	07:03:02	+0900	2573916020	izquierdadiario	La Izquierda Diario		Se lanzó la campaña “No al cierre. No compre productos Lays y PepsiCo”  https://t.co/wT77piZpIk  https://t.co/EiX5fpCyjG	es	[]	['http://bit.ly/2tYUMIZ']	['https://pbs.twimg.com/media/DDcLZ1sXkAAOesD.jpg']	1	50	30	[]	[]	https://twitter.com/izquierdadiario/status/880184793266257920	False		1	https://pbs.twimg.com/media/DDcLZ1sXkAAOesD.jpg							[]				
880181575463337986	880181575463337986	2017-06-29 06:50:15 KST	2017-06-29	06:50:15	+0900	43620417	andreadatri	Andrea D'Atri 😷✊🏽		#NiUnaMenos sin trabajo, dicen obreras Pepsico @martadillon @florencialcaraz @lucianapeker @shklovski_ @Ailinmaia   https://t.co/IAAFrg6CHZ	es	[{'screen_name': 'martadillon', 'name': 'marta dillon', 'id': '58524111'}, {'screen_name': 'florencialcaraz', 'name': 'flor alcaraz 💚', 'id': '126377982'}, {'screen_name': 'lucianapeker', 'name': 'luciana peker', 'id': '147791121'}, {'screen_name': 'ailinmaia', 'name': 'maia ailin paredes', 'id': '1357016604773650432'}]	['http://www.laizquierdadiario.com/Carta-abierta-de-las-trabajadoras-de-PepsiCo-en-lucha']	[]	0	11	15	['niunamenos']	[]	https://twitter.com/andreadatri/status/880181575463337986	False		0								[]				
880102243227316225	880102243227316225	2017-06-29 01:35:00 KST	2017-06-29	01:35:00	+0900	155304314	valeriafgl	Valeria Fgl		"""El caso de Pepsico es una vergüenza porque aducen una crisis que no existe, es una multinacional que tiene ganancias millonarias"".  https://t.co/Id8CN6Vwdi"	es	[]	[]	['https://pbs.twimg.com/media/DDbAOVyXsAI74vk.jpg']	2	23	32	[]	[]	https://twitter.com/valeriafgl/status/880102243227316225	False		1	https://pbs.twimg.com/media/DDbAOVyXsAI74vk.jpg							[]				
880089418752823296	880089418752823296	2017-06-29 00:44:03 KST	2017-06-29	00:44:03	+0900	36117822	bishopjakes	T.D. Jakes		"""#MegaFest17 is important to the community. There's no better way to be engaged than to be here with the people we serve."" EVP @PepsiCo  https://t.co/2V7YVwsLH0"	en	[{'screen_name': 'pepsico', 'name': 'pepsico', 'id': '21346619'}]	[]	['https://pbs.twimg.com/media/DDa0qC0VYAAeel2.jpg']	0	6	31	['megafest17']	[]	https://twitter.com/BishopJakes/status/880089418752823296	False		1	https://pbs.twimg.com/media/DDa0qC0VYAAeel2.jpg							[]				
880070101621514240	880070101621514240	2017-06-28 23:27:17 KST	2017-06-28	23:27:17	+0900	2714771804	jorgetaiana	Jorge Taiana		Sigue la ola de despidos: La semana pasada 600 trabajadores despedidos en PepsiCo y hoy 51 en Walmart #AsiNoSePuedeSeguir	es	[]	[]	[]	29	476	431	['asinosepuedeseguir']	[]	https://twitter.com/JorgeTaiana/status/880070101621514240	False		0								[]				
880040085152034816	880040085152034816	2017-06-28 21:28:01 KST	2017-06-28	21:28:01	+0900	257432060	nestorpitrola	Néstor Pitrola		Decenas de carros de gendarmería en Panamericana por los obreros de Pepsico. Para eso usan la fuerza encargada del narcotráfico	es	[]	[]	[]	11	78	74	[]	[]	https://twitter.com/nestorpitrola/status/880040085152034816	False		0								[]				
880029786164391938	880029786164391938	2017-06-28 20:47:05 KST	2017-06-28	20:47:05	+0900	2573916020	izquierdadiario	La Izquierda Diario		Los trabajadores de Página/12 se solidarizan con la lucha de PepsiCo  https://t.co/SaMv9ZBo6O	es	[]	['http://bit.ly/2tmjFBl']	[]	0	15	15	[]	[]	https://twitter.com/izquierdadiario/status/880029786164391938	False		0								[]				
879891431598501890	879891431598501890	2017-06-28 11:37:19 KST	2017-06-28	11:37:19	+0900	65360466	partidoobrero	Partido Obrero		El Polo Obrero bancando a los trabajadores de Pepsico que están luchando por sus puestos de trabajo  https://t.co/wo8ko3CbH5	es	[]	[]	[]	1	28	42	[]	[]	https://twitter.com/PartidoObrero/status/879891431598501890	False		1	https://pbs.twimg.com/ext_tw_video_thumb/879890683795996672/pu/img/hO_1ukFVaC7rDa-j.jpg							[]				
879878849697382400	879878849697382400	2017-06-28 10:47:19 KST	2017-06-28	10:47:19	+0900	257432060	nestorpitrola	Néstor Pitrola		Walmart de Avellaneda, Pepsico, el Ingenio San Isidro ¿Todas estas luchas son maniobras electorales de obreros revoltosos?  https://t.co/vjM6doYFEb	es	[]	['https://twitter.com/fernandocliment/status/879849881283829760']	[]	3	33	30	[]	[]	https://twitter.com/nestorpitrola/status/879878849697382400	False	https://twitter.com/fernandocliment/status/879849881283829760	0								[]				
879808262299955200	879808262299955200	2017-06-28 06:06:50 KST	2017-06-28	06:06:50	+0900	65360466	partidoobrero	Partido Obrero		[AHORA] @altamirajorge junto a los trabajadores de PEPSICO  https://t.co/tmIQo6exLs	es	[{'screen_name': 'altamirajorge', 'name': 'jorge altamira', 'id': '170843906'}]	[]	['https://pbs.twimg.com/media/DDW08tUUIAARu7Y.jpg', 'https://pbs.twimg.com/media/DDW083aUQAANVzM.jpg']	1	16	16	[]	[]	https://twitter.com/PartidoObrero/status/879808262299955200	False		1	https://pbs.twimg.com/media/DDW08tUUIAARu7Y.jpg							[]				
879795247378821120	879795247378821120	2017-06-28 05:15:07 KST	2017-06-28	05:15:07	+0900	2573916020	izquierdadiario	La Izquierda Diario		Trabajadores de Coca-Cola en el Estado español se solidarizan con la lucha de PepsiCo en Argentina  https://t.co/9gRssU9KP8  https://t.co/NumKKqC0Y4	es	[]	['http://bit.ly/2sX18J0']	['https://pbs.twimg.com/media/DDWpHS2XUAACFzt.jpg']	0	9	19	[]	[]	https://twitter.com/izquierdadiario/status/879795247378821120	False		1	https://pbs.twimg.com/media/DDWpHS2XUAACFzt.jpg							[]				
879788855632834561	879788855632834561	2017-06-28 04:49:43 KST	2017-06-28	04:49:43	+0900	1961403428	lucasgaldos	Lucas Martinez		"""SI NO HAY PAN PARA NUESTROS HIJOS QUE NO HAYA PAZ PARA LOS EMPRESARIOS"", grita la bandera d los trabajadores en la planta cerrada x PepsiCo  https://t.co/7gcrdmJZou"	es	[]	[]	['https://pbs.twimg.com/media/DDWjS1IXoAEnIaS.jpg']	1	27	22	[]	[]	https://twitter.com/lucasgaldos/status/879788855632834561	False		1	https://pbs.twimg.com/media/DDWjS1IXoAEnIaS.jpg							[]				
879782486498099200	879782486498099200	2017-06-28 04:24:25 KST	2017-06-28	04:24:25	+0900	335462063	dzapatillas	Derecho enZapatillas		¿Pepsico ofreció pagar las indemnizaciones legales? ¿Si es así estas tomas hacen que empresarios prefieran ir a otro lado? #EsPregunta  https://t.co/oB7OC9bUjV	es	[]	[]	['https://pbs.twimg.com/media/DDWdf-xW0AAnsoB.jpg']	35	27	77	['espregunta']	[]	https://twitter.com/dzapatillas/status/879782486498099200	False		1	https://pbs.twimg.com/media/DDWdf-xW0AAnsoB.jpg							[]				
879781853447815168	879781853447815168	2017-06-28 04:21:54 KST	2017-06-28	04:21:54	+0900	331593583	jonheguier	Jon Heguier		"""Si no hay pan para nuestros hijos que no haya paz para los empresarios"". Tremenda bandera en la toma de PepsiCo. 600 despedidos  https://t.co/DiUVjEHeCo"	es	[]	[]	['https://pbs.twimg.com/media/DDWc53ZW0AAM3gr.jpg']	17	1020	1359	[]	[]	https://twitter.com/JonHeguier/status/879781853447815168	False		1	https://pbs.twimg.com/media/DDWc53ZW0AAM3gr.jpg							[]				
879721501955694594	879721501955694594	2017-06-28 00:22:05 KST	2017-06-28	00:22:05	+0900	2573916020	izquierdadiario	La Izquierda Diario		Pepsico: lluvia de papas y de despidos  https://t.co/348A98xj1y  https://t.co/YDNURx3reN	es	[]	['http://bit.ly/2ubuKli']	['https://pbs.twimg.com/media/DDVmCwCXsAEJutT.jpg']	1	19	18	[]	[]	https://twitter.com/izquierdadiario/status/879721501955694594	False		1	https://pbs.twimg.com/media/DDVmCwCXsAEJutT.jpg							[]				
879715950437646336	879715950437646336	2017-06-28 00:00:01 KST	2017-06-28	00:00:01	+0900	775474080715767808	pagina12	Página|12		Los despedidos de #Pepsico quieren impedir el traslado de los equipos Por @adrianameyerok  https://t.co/200PH5AExZ	es	[{'screen_name': 'adrianameyerok', 'name': 'adriana meyer', 'id': '1332130316'}]	['https://www.pagina12.com.ar/46567-una-planta-ocupada-por-los-trabajadores']	[]	1	34	24	['pepsico']	[]	https://twitter.com/pagina12/status/879715950437646336	False		0								[]				
879712433320984576	879712433320984576	2017-06-27 23:46:03 KST	2017-06-27	23:46:03	+0900	2573916020	izquierdadiario	La Izquierda Diario		Obreros y obreras de Pepsico se mantienen en la planta resguardando su fuente de trabajo  https://t.co/WSZr7PrfGA  https://t.co/c0Vxh7xMQk	es	[]	['http://bit.ly/2tgoyvP']	['https://pbs.twimg.com/media/DDVdy0wXcAEAgS7.jpg']	3	30	35	[]	[]	https://twitter.com/izquierdadiario/status/879712433320984576	False		1	https://pbs.twimg.com/media/DDVdy0wXcAEAgS7.jpg							[]				
879688856689401856	879688856689401856	2017-06-27 22:12:21 KST	2017-06-27	22:12:21	+0900	3306969352	idiarioes	IzquierdaDiario.es		Trabajadores/as de @cocacolaenlucha en el Estado español se solidarizan con la lucha de #PepsiCo en Argentina :.  https://t.co/PYUXhDF95g  https://t.co/IHnyjLBPTE	es	[{'screen_name': 'cocacolaenlucha', 'name': 'cocacola en lucha', 'id': '2320604426'}]	['http://www.izquierdadiario.es/Trabajadores-de-Coca-Cola-en-el-Estado-espanol-se-solidarizan-con-la-lucha-de-PepsiCo-en-Argentina?id_rubrique=2653']	['https://pbs.twimg.com/media/DDVIFhcXgAA4qXK.jpg']	0	27	30	['pepsico']	[]	https://twitter.com/iDiarioES/status/879688856689401856	False		1	https://pbs.twimg.com/media/DDVIFhcXgAA4qXK.jpg							[]				
879674647616376832	879674647616376832	2017-06-27 21:15:54 KST	2017-06-27	21:15:54	+0900	2573916020	izquierdadiario	La Izquierda Diario		".@EdgardoMoyano1: ""La que está en la ilegalidad es la empresa PepsiCo""  https://t.co/bnO4vJtLei  https://t.co/cmzGSSOjvO"	es	[{'screen_name': 'edgardomoyano1', 'name': 'edgardo moyano', 'id': '3353348537'}]	['http://bit.ly/2sVEXTi']	[]	1	11	15	[]	[]	https://twitter.com/izquierdadiario/status/879674647616376832	False		1	https://pbs.twimg.com/ext_tw_video_thumb/879674505496494080/pu/img/t5LS7ARULiM7i0en.jpg							[]				
879656067080302592	879656067080302592	2017-06-27 20:02:04 KST	2017-06-27	20:02:04	+0900	2573916020	izquierdadiario	La Izquierda Diario		PepsiCo: trabajadores se mantienen en la planta resguardando su fuente de trabajo  https://t.co/X1Pxmz5TnN  https://t.co/w1NjEMFHDz	es	[]	['http://bit.ly/2ubrExv']	['https://pbs.twimg.com/media/DDUqh6sW0AAcRhA.jpg']	0	18	16	[]	[]	https://twitter.com/izquierdadiario/status/879656067080302592	False		1	https://pbs.twimg.com/media/DDUqh6sW0AAcRhA.jpg							[]				
879499472891514880	879499472891514880	2017-06-27 09:39:49 KST	2017-06-27	09:39:49	+0900	155304314	valeriafgl	Valeria Fgl		"""Pepsico no tiene pérdidas: están haciendo negocios"", sigue @myriambregman en @C5N. #LaConfesión #NoALosDespidosEnPepsico  https://t.co/WbBLulwZet"	es	[{'screen_name': 'myriambregman', 'name': 'myriam bregman', 'id': '332993154'}, {'screen_name': 'c5n', 'name': 'c5n', 'id': '152325528'}]	[]	['https://pbs.twimg.com/media/DDSb9GBXcAIZTx2.jpg']	0	9	16	['laconfesión', 'noalosdespidosenpepsico']	[]	https://twitter.com/valeriafgl/status/879499472891514880	False		1	https://pbs.twimg.com/media/DDSb9GBXcAIZTx2.jpg							[]				
879498174397911041	879498174397911041	2017-06-27 09:34:39 KST	2017-06-27	09:34:39	+0900	155304314	valeriafgl	Valeria Fgl		"""Patricia Bullrich y sus fuerzas de seguridad se convirtieron en un escuadrón antiobrero"", dice @myriambregman sobre #Pepsico. #LaConfesión  https://t.co/DWybjEXld6"	es	[{'screen_name': 'myriambregman', 'name': 'myriam bregman', 'id': '332993154'}]	[]	['https://pbs.twimg.com/media/DDSa4K0XkAAJl2K.jpg']	1	18	25	['pepsico', 'laconfesión']	[]	https://twitter.com/valeriafgl/status/879498174397911041	False		1	https://pbs.twimg.com/media/DDSa4K0XkAAJl2K.jpg							[]				
879434165481066496	879434165481066496	2017-06-27 05:20:18 KST	2017-06-27	05:20:18	+0900	65360466	partidoobrero	Partido Obrero		"""Todos somos Pepsico"", @nestorpitrola estuvo hoy junto a los trabajadores despedidos.  https://t.co/rDMJdIM1nW"	es	[{'screen_name': 'nestorpitrola', 'name': 'néstor pitrola', 'id': '257432060'}]	[]	['https://pbs.twimg.com/media/DDRgnDfWsAEsVej.jpg']	2	30	43	[]	[]	https://twitter.com/PartidoObrero/status/879434165481066496	False		1	https://pbs.twimg.com/media/DDRgnDfWsAEsVej.jpg							[]				
879430348668641280	879430348668641280	2017-06-27 05:05:08 KST	2017-06-27	05:05:08	+0900	2573916020	izquierdadiario	La Izquierda Diario		Cientos de apoyos y muestras de solidaridad a los trabajadores de PepsiCo. #NoALosDespidosEnPepsico  https://t.co/yZIiLBLiVg  https://t.co/YfvJQRbbBI	es	[]	['http://bit.ly/2sU110w']	['https://pbs.twimg.com/media/DDRdPX7XsAIGBez.jpg', 'https://pbs.twimg.com/media/DDRdPYFXkAAv8t_.jpg']	1	12	21	['noalosdespidosenpepsico']	[]	https://twitter.com/izquierdadiario/status/879430348668641280	False		1	https://pbs.twimg.com/media/DDRdPX7XsAIGBez.jpg							[]				
879429805091028993	879429805091028993	2017-06-27 05:02:59 KST	2017-06-27	05:02:59	+0900	200638297	chipicastillo	Christian Castillo		Con @NicolasdelCano dando el apoyo a los trabajadores de Pepsico que están en permanencia defendiendo los puestos de trabajo  https://t.co/zCBdkexWOZ	es	[{'screen_name': 'nicolasdelcano', 'name': 'nicolas del caño', 'id': '374115730'}]	[]	['https://pbs.twimg.com/media/DDRcvQJXUAEP9Q5.jpg']	3	10	22	[]	[]	https://twitter.com/chipicastillo/status/879429805091028993	False		1	https://pbs.twimg.com/media/DDRcvQJXUAEP9Q5.jpg							[]				
879414012538224641	879414012538224641	2017-06-27 04:00:13 KST	2017-06-27	04:00:13	+0900	257432060	nestorpitrola	Néstor Pitrola		"Desde Pepsico: ""Nuestro apoyo incondicional a la ocupación de fábrica por la inmediata reapertura"".  https://t.co/LOI9ZZgipm"	es	[]	[]	[]	1	46	48	[]	[]	https://twitter.com/nestorpitrola/status/879414012538224641	False		1	https://pbs.twimg.com/ext_tw_video_thumb/879412565109084160/pu/img/YRKabEXCGpwuBG2g.jpg							[]				
879401686288265216	879401686288265216	2017-06-27 03:11:15 KST	2017-06-27	03:11:15	+0900	175422899	solanopo	Gabriel Solano		Los trabajadores de Pepsico ocupan la planta  https://t.co/VQ8v08cyuO	es	[]	['http://www.po.org.ar/prensaObrera/online/sindicales/los-trabajadores-de-pepsico-ocupan-la-planta#.WVFOOHgjLjA.twitter']	[]	0	10	21	[]	[]	https://twitter.com/Solanopo/status/879401686288265216	False		0								[]				
879396945252536321	879396945252536321	2017-06-27 02:52:24 KST	2017-06-27	02:52:24	+0900	43620417	andreadatri	Andrea D'Atri 😷✊🏽		No dejes de escuchar a Nancy, obrera de PepsiCo #NoALosDespidosEnPepsico  https://t.co/lS38z45rep	es	[]	[]	[]	1	26	38	['noalosdespidosenpepsico']	[]	https://twitter.com/andreadatri/status/879396945252536321	False		1	https://pbs.twimg.com/ext_tw_video_thumb/879394804127469568/pu/img/3v8KWbTB0u7JymrE.jpg							[]				
879385275679617024	879385275679617024	2017-06-27 02:06:02 KST	2017-06-27	02:06:02	+0900	2792557771	eldestapeweb	El Destape		Los 600 despedidos de Pepsico tomaron la planta de Vicente López  https://t.co/WB9l1tVqsY	es	[]	['http://bit.ly/2sew5WX']	[]	10	243	187	[]	[]	https://twitter.com/eldestapeweb/status/879385275679617024	False		0								[]				
879352522321928193	879352522321928193	2017-06-26 23:55:53 KST	2017-06-26	23:55:53	+0900	176979194	cronica	Diario Crónica		Despedidos de PepsiCo tomaron la planta en protesta  https://t.co/cO4MMfpwjj #QuierenSusTrabajosDeVuelta #TheyHaveThePlantButWeHaveThePower  https://t.co/Qb6s5uQg06	es	[]	['http://bit.ly/2u8A5Kb']	['https://pbs.twimg.com/media/DDQVpI0XcAIZSql.jpg', 'https://pbs.twimg.com/media/DDQWZnsXkAA6E0u.jpg']	4	38	80	['quierensustrabajosdevuelta', 'theyhavetheplantbutwehavethepower']	[]	https://twitter.com/cronica/status/879352522321928193	False		1	https://pbs.twimg.com/media/DDQVpI0XcAIZSql.jpg							[]				
879350058503872512	879350058503872512	2017-06-26 23:46:06 KST	2017-06-26	23:46:06	+0900	176442061	arilijalad	ari lijalad		el @ctroCEPA también muestra cómo las grandes empresas son las que más despiden #Pepsico  https://t.co/rNF8IFRwAl	es	[{'screen_name': 'ctrocepa', 'name': 'centro cepa', 'id': '429492301'}]	[]	['https://pbs.twimg.com/media/DDQUNdtWsAkqfSV.jpg']	0	62	28	['pepsico']	[]	https://twitter.com/arilijalad/status/879350058503872512	False		1	https://pbs.twimg.com/media/DDQUNdtWsAkqfSV.jpg							[]				
879341198187479041	879341198187479041	2017-06-26 23:10:53 KST	2017-06-26	23:10:53	+0900	3873965293	momentses	Twitter Moments en Español		⚡️ La planta de Pepsico de Florida, Argentina, está tomada en protesta por despidos 👷🏼   https://t.co/fshB88a47q	es	[]	['https://twitter.com/i/moments/879337222469591041']	[]	1	34	25	[]	[]	https://twitter.com/MomentsES/status/879341198187479041	False		0								[]				
879340826433916928	879340826433916928	2017-06-26 23:09:25 KST	2017-06-26	23:09:25	+0900	176442061	arilijalad	ari lijalad		"""Durante el primer trimestre, hemos logrado un sólido crecimiento de los ingresos"" dicen en Pepsico  Esto le dicen a sus inversores  https://t.co/gnnpcf0uKA"	es	[]	[]	['https://pbs.twimg.com/media/DDQLx_oXYAEca0t.jpg']	7	92	49	[]	[]	https://twitter.com/arilijalad/status/879340826433916928	False		1	https://pbs.twimg.com/media/DDQLx_oXYAEca0t.jpg							[]				
879339251086893057	879339251086893057	2017-06-26 23:03:09 KST	2017-06-26	23:03:09	+0900	176442061	arilijalad	ari lijalad		sedes de Pepsico en las guaridas fiscales de Delaware Luxemburgo Bermuda entre otros.....  https://t.co/Qaccw7Tvmd	es	[]	[]	['https://pbs.twimg.com/media/DDQJs9pXoAAgu8N.jpg', 'https://pbs.twimg.com/media/DDQKNQ0WAAAnDo3.jpg', 'https://pbs.twimg.com/media/DDQKSMSXUAEGoqk.jpg']	0	52	29	[]	[]	https://twitter.com/arilijalad/status/879339251086893057	False		1	https://pbs.twimg.com/media/DDQJs9pXoAAgu8N.jpg							[]				
879335922814394369	879335922814394369	2017-06-26 22:49:55 KST	2017-06-26	22:49:55	+0900	176442061	arilijalad	ari lijalad		Las más grandes empresas explican la caída de empleo registrado, según estudio de CIFRA #Pepsico  https://t.co/24yzFCNFHA	es	[]	[]	['https://pbs.twimg.com/media/DDQHRSlXsAA6VUj.jpg']	0	27	16	['pepsico']	[]	https://twitter.com/arilijalad/status/879335922814394369	False		1	https://pbs.twimg.com/media/DDQHRSlXsAA6VUj.jpg							[]				
879335668249493504	879335668249493504	2017-06-26 22:48:55 KST	2017-06-26	22:48:55	+0900	152325528	c5n	C5N		Los empleados de Pepsico tomaron la planta de Florida  https://t.co/scWcCuXW5D  https://t.co/6qqnWyGYJF	es	[]	['https://goo.gl/QXHLd6']	['https://pbs.twimg.com/media/DDQHHCeXgAAE7JG.jpg']	20	144	242	[]	[]	https://twitter.com/C5N/status/879335668249493504	False		1	https://pbs.twimg.com/media/DDQHHCeXgAAE7JG.jpg							[]				
879328395104059392	879328395104059392	2017-06-26 22:20:01 KST	2017-06-26	22:20:01	+0900	775474080715767808	pagina12	Página|12		Los trabajadores tomaron la planta de #Pepsico | Quieren impedir que la empresa se lleve los equipos de producción  https://t.co/7nhtf9UqAt	es	[]	['https://www.pagina12.com.ar/46466-los-trabajadores-tomaron-la-planta-de-pepsico']	[]	4	107	88	['pepsico']	[]	https://twitter.com/pagina12/status/879328395104059392	False		0								[]				
879328181156708354	879328181156708354	2017-06-26 22:19:10 KST	2017-06-26	22:19:10	+0900	332993154	myriambregman	Myriam Bregman		A trabajadoras d Pepsico nada les fue fácil:conseguir categorías, condiciones laborales,enfrentar el acoso; lucharon siempre #NoALosDespidos	es	[]	[]	[]	2	35	58	['noalosdespidos']	[]	https://twitter.com/myriambregman/status/879328181156708354	False		0								[]				
879327727987425280	879327727987425280	2017-06-26 22:17:22 KST	2017-06-26	22:17:22	+0900	2573916020	izquierdadiario	La Izquierda Diario		#NoALosDespidosEnPepsico: trabajadores de PepsiCo reiteraron defensa de sus puestos de trabajo  https://t.co/2S5Zz4iWFs  https://t.co/cPZRJCk0vH	es	[]	['http://bit.ly/2sSNNBr']	[]	0	13	18	['noalosdespidosenpepsico']	[]	https://twitter.com/izquierdadiario/status/879327727987425280	False		1	https://pbs.twimg.com/ext_tw_video_thumb/879327547712040960/pu/img/bZIr6FRV1uE6uk5P.jpg							[]				
879326760168566784	879326760168566784	2017-06-26 22:13:31 KST	2017-06-26	22:13:31	+0900	332993154	myriambregman	Myriam Bregman		Trabajador@s de Pepsico pararon en los paros internacionales de mujeres x #NiUnaMenos, x eso más que nunca: #NoALosDespidosEnPepsico	es	[]	[]	[]	1	54	78	['niunamenos', 'noalosdespidosenpepsico']	[]	https://twitter.com/myriambregman/status/879326760168566784	False		0								[]				
879322649444462592	879322649444462592	2017-06-26 21:57:11 KST	2017-06-26	21:57:11	+0900	277052622	hernanletcher	Hernán Letcher		Solidaridad y apoyo a los trabajadores de PepsiCo #NoALosDespidosEnPepsico  https://t.co/ILmIizXEnQ	es	[]	[]	['https://pbs.twimg.com/media/DDP7HfGWAAAMiWg.jpg']	3	23	25	['noalosdespidosenpepsico']	[]	https://twitter.com/hernanletcher/status/879322649444462592	False		1	https://pbs.twimg.com/media/DDP7HfGWAAAMiWg.jpg							[]				
879322098153512960	879322098153512960	2017-06-26 21:54:59 KST	2017-06-26	21:54:59	+0900	3306969352	idiarioes	IzquierdaDiario.es		Argentina: trabajadores de #Pepsico entran a la fábrica para luchar contra el cierre. Solidaridad Internacional  https://t.co/hYf4BcihP9	es	[]	['http://bit.ly/2rT2NxT']	[]	0	34	17	['pepsico']	[]	https://twitter.com/iDiarioES/status/879322098153512960	False		0								[]				
879317047624294400	879317047624294400	2017-06-26 21:34:55 KST	2017-06-26	21:34:55	+0900	257432060	nestorpitrola	Néstor Pitrola		Pepsico: la burocracia de Daer entrega el conflicto  https://t.co/hB3FnhJhJ8	es	[]	['http://www.po.org.ar/prensaObrera/online/sindicales/pepsico-la-burocracia-de-daer-entrega-el-conflicto#.WVD_bHr9nmV.twitter']	[]	0	16	13	[]	[]	https://twitter.com/nestorpitrola/status/879317047624294400	False		0								[]				
879315960754311168	879315960754311168	2017-06-26 21:30:36 KST	2017-06-26	21:30:36	+0900	69416519	infobae	infobae		"Los empleados suspendidos de Pepsico tomaron la planta cerrada: ""No queremos plata, queremos trabajar""  https://t.co/WPLA5ZCB1B  https://t.co/5LT0QEy1h4"	es	[]	['http://infob.ae/2tMlZhQ']	['https://pbs.twimg.com/media/DDP1MYqWAAUuDAn.jpg']	11	37	49	[]	[]	https://twitter.com/infobae/status/879315960754311168	False		1	https://pbs.twimg.com/media/DDP1MYqWAAUuDAn.jpg							[]				
879312094633570304	879312094633570304	2017-06-26 21:15:14 KST	2017-06-26	21:15:14	+0900	257432060	nestorpitrola	Néstor Pitrola		El Partido Obrero está apoyando la lucha de los obreros de Pepsico por la continuidad laboral, ahora con ocupación de la planta  https://t.co/YNSi3JE1wj	es	[]	['https://twitter.com/norte_don/status/879291359106129920']	[]	5	53	47	[]	[]	https://twitter.com/nestorpitrola/status/879312094633570304	False	https://twitter.com/norte_don/status/879291359106129920	0								[]				
879311584962772993	879311584962772993	2017-06-26 21:13:13 KST	2017-06-26	21:13:13	+0900	257432060	nestorpitrola	Néstor Pitrola		Pepsico ha sido ocupada por sus trabajadores, apoyemos con todo su lucha, inmediato paro general de la Alimentación!!	es	[]	[]	[]	4	108	119	[]	[]	https://twitter.com/nestorpitrola/status/879311584962772993	False		0								[]				
879309759203160065	879309759203160065	2017-06-26 21:05:58 KST	2017-06-26	21:05:58	+0900	175422899	solanopo	Gabriel Solano		Triaca, el ministro de los despidos, en vez de apoyar a los trabajadores de Pepsico respalda a la empresa. #NoALosDespidosEnPepsico	es	[]	[]	[]	3	38	34	['noalosdespidosenpepsico']	[]	https://twitter.com/Solanopo/status/879309759203160065	False		0								[]				
879306080563585025	879306080563585025	2017-06-26 20:51:20 KST	2017-06-26	20:51:20	+0900	67334466	tv_publica	Televisión Pública		"Trabajadores de PepsiCo ocupan la fábrica: ""No firmamos la indemnización. Queremos seguir trabajando."" #ElNotiDeLaMañana #TVPúblicaNoticias  https://t.co/hGBIzPPCSS"	es	[]	[]	[]	4	40	28	['elnotidelamañana', 'tvpúblicanoticias']	[]	https://twitter.com/TV_Publica/status/879306080563585025	False		1	https://pbs.twimg.com/media/DDPsNyQUQAAMmJl.jpg							[]				
879305283272495105	879305283272495105	2017-06-26 20:48:10 KST	2017-06-26	20:48:10	+0900	8105922	clarincom	Clarín		Fuerte operativo de Gendarmería por protesta de trabajadores de Pepsico  https://t.co/5xDRah0GaR  https://t.co/Wv8sLoIXaJ	es	[]	['http://clar.in/2tcgVGl']	['https://pbs.twimg.com/media/DDPrfT-UMAA_3yi.jpg']	10	11	17	[]	[]	https://twitter.com/clarincom/status/879305283272495105	False		1	https://pbs.twimg.com/media/DDPrfT-UMAA_3yi.jpg							[]				
879304303395172352	879304303395172352	2017-06-26 20:44:17 KST	2017-06-26	20:44:17	+0900	332993154	myriambregman	Myriam Bregman		Pepsico está cometiendo lock out, están en la ilegalidad. Trabajadores permanecerán en la planta en resguardo de sus puestos #NoALosDespidos	es	[]	[]	[]	3	110	176	['noalosdespidos']	[]	https://twitter.com/myriambregman/status/879304303395172352	False		0								[]				
879303210141454336	879303210141454336	2017-06-26 20:39:56 KST	2017-06-26	20:39:56	+0900	43620417	andreadatri	Andrea D'Atri 😷✊🏽		Rdo en tu velatorio a obrerxs de PepsiCo rechazando corona de la empresa y tirandola a la calle. Leo Presente! #NoALosDespidosEnPepsico  https://t.co/hb0PlimLO9	es	[]	[]	['https://pbs.twimg.com/media/DDPplU2XgAAoldV.jpg']	2	26	26	['noalosdespidosenpepsico']	[]	https://twitter.com/andreadatri/status/879303210141454336	False		1	https://pbs.twimg.com/media/DDPplU2XgAAoldV.jpg							[]				
879297100042862592	879297100042862592	2017-06-26 20:15:39 KST	2017-06-26	20:15:39	+0900	175422899	solanopo	Gabriel Solano		Todo el apoyo a los trabajadores de Pepsico que ingresan a la planta en defensa de sus puestos de trabajo.	es	[]	[]	[]	0	33	51	[]	[]	https://twitter.com/Solanopo/status/879297100042862592	False		0								[]				
879295909196070912	879295909196070912	2017-06-26 20:10:55 KST	2017-06-26	20:10:55	+0900	374115730	nicolasdelcano	Nicolas del Caño		Trabajadores de PepsiCo ingresan a la planta en defensa de sus puestos de trabajo   https://t.co/oqTQEM8pQm vía @izquierdadiario	es	[{'screen_name': 'izquierdadiario', 'name': 'la izquierda diario', 'id': '2573916020'}]	['http://www.laizquierdadiario.com/Trabajadores-de-PepsiCo-ingresan-a-la-planta-en-defensa-de-sus-puestos-de-trabajo']	[]	1	39	46	[]	[]	https://twitter.com/NicolasdelCano/status/879295909196070912	False		0								[]				
879295664416489472	879295664416489472	2017-06-26 20:09:57 KST	2017-06-26	20:09:57	+0900	2573916020	izquierdadiario	La Izquierda Diario		Trabajadores de PepsiCo ingresan a la planta por #NoALosDespidosEnPepsico.  https://t.co/ZFSUy5nXkV  https://t.co/c0oodJrPI8	es	[]	['http://bit.ly/2sSnET1']	['https://pbs.twimg.com/media/DDPivkJXcAAiUIH.jpg', 'https://pbs.twimg.com/media/DDPivvaXUAAaE_K.jpg']	0	19	16	['noalosdespidosenpepsico']	[]	https://twitter.com/izquierdadiario/status/879295664416489472	False		1	https://pbs.twimg.com/media/DDPivkJXcAAiUIH.jpg							[]				
879287872112742400	879287872112742400	2017-06-26 19:38:59 KST	2017-06-26	19:38:59	+0900	2573916020	izquierdadiario	La Izquierda Diario		[Video] Nathalia González Seligra entrega aporte de $ 30.000 a los trabajadores de PepsiCo. #NoALosDespidosEnPepsico  https://t.co/0iyqWJi8qS  https://t.co/dhHNoMPWyA	es	[]	['http://bit.ly/2tcxBh9']	['https://pbs.twimg.com/media/DDPbqJmXUAA_F3Y.jpg']	0	22	24	['noalosdespidosenpepsico']	[]	https://twitter.com/izquierdadiario/status/879287872112742400	False		1	https://pbs.twimg.com/media/DDPbqJmXUAA_F3Y.jpg							[]				
879286774392074241	879286774392074241	2017-06-26 19:34:38 KST	2017-06-26	19:34:38	+0900	155304314	valeriafgl	Valeria Fgl		"""Nuestra lucha se hará sentir"", dicen los obreros. Sin aviso, Pepsico dejó a cientos en la calle. #NoALosDespidosEnPepsico  https://t.co/McU3mupkub"	es	[]	[]	['https://pbs.twimg.com/media/DDPakZuXoAEfjjX.jpg']	2	45	44	['noalosdespidosenpepsico']	[]	https://twitter.com/valeriafgl/status/879286774392074241	False		1	https://pbs.twimg.com/media/DDPakZuXoAEfjjX.jpg							[]				
879277934053388288	879277934053388288	2017-06-26 18:59:30 KST	2017-06-26	18:59:30	+0900	155304314	valeriafgl	Valeria Fgl		.@NathiGonzalezS estrena su mandato en la calle junto a los trabajadores de Pepsico. Anunció el aporte de su banca al fondo de lucha. ✊💪  https://t.co/w1pxKNkAg0	es	[{'screen_name': 'nathigonzalezs', 'name': 'nathalia gonzalez', 'id': '2706389082'}]	[]	['https://pbs.twimg.com/media/DDPSJFQXUAAdMaD.jpg', 'https://pbs.twimg.com/media/DDPSKf-XkAEeR9-.jpg']	0	24	21	[]	[]	https://twitter.com/valeriafgl/status/879277934053388288	False		1	https://pbs.twimg.com/media/DDPSJFQXUAAdMaD.jpg							[]				
879274508930207744	879274508930207744	2017-06-26 18:45:53 KST	2017-06-26	18:45:53	+0900	18898168	radio10	Radio 10 - AM 710		#MañanaSylvestre | @CardosoClaudio9, móvil desde Vicente López. Despidos en PEPSICO, planta de la Florida.  https://t.co/6uJmZbJpcR	es	[{'screen_name': 'cardosoclaudio9', 'name': 'claudio cardoso', 'id': '177768583'}]	[]	['https://pbs.twimg.com/media/DDPO2y-XgAA2f8W.jpg']	12	45	44	['mañanasylvestre']	[]	https://twitter.com/Radio10/status/879274508930207744	False		1	https://pbs.twimg.com/media/DDPO2y-XgAA2f8W.jpg							[]				
879256123987120128	879256123987120128	2017-06-26 17:32:50 KST	2017-06-26	17:32:50	+0900	2573916020	izquierdadiario	La Izquierda Diario		Pepsico: jornada en las puertas de la fábrica junto a las familias  https://t.co/qEHT4Lpzti  https://t.co/0KJpk7IMlt	es	[]	['http://bit.ly/2tcvASo']	['https://pbs.twimg.com/media/DDO-yJUXUAIs1Hg.jpg']	8	21	18	[]	[]	https://twitter.com/izquierdadiario/status/879256123987120128	False		1	https://pbs.twimg.com/media/DDO-yJUXUAIs1Hg.jpg							[]				
879135073596997634	879135073596997634	2017-06-26 09:31:49 KST	2017-06-26	09:31:49	+0900	3187616987	juli_strada	Julia Strada		Apoyo incondicional a los trabajadores de #Pepsico  (la vida es aquello que pasa mientras estamos ocupados mirando la campaña)  https://t.co/rSCdzzqOXw	es	[]	[]	['https://pbs.twimg.com/media/DDNQS5FWsAAyfFD.jpg']	2	53	80	['pepsico']	[]	https://twitter.com/Juli_Strada/status/879135073596997634	False		1	https://pbs.twimg.com/media/DDNQS5FWsAAyfFD.jpg							[]				
879117480286924800	879117480286924800	2017-06-26 08:21:55 KST	2017-06-26	08:21:55	+0900	2573916020	izquierdadiario	La Izquierda Diario		[#360video] Trabajadores de PepsiCo en lucha por los puestos de trabajo.  https://t.co/7QAnLbA6wt  https://t.co/tF38g5KGuT	es	[]	['http://bit.ly/2s69PDv']	[]	1	11	11	['360video']	[]	https://twitter.com/izquierdadiario/status/879117480286924800	False		1	https://pbs.twimg.com/ext_tw_video_thumb/879117287760031744/pu/img/KegvL3vvod-qUeqM.jpg							[]				
879111990278594560	879111990278594560	2017-06-26 08:00:06 KST	2017-06-26	08:00:06	+0900	155304314	valeriafgl	Valeria Fgl		[IMPORTANTE] Obreros y obreras de Pepsico convocan a movilizar este lunes a las 6.30 a. m. desde la fábrica. Dicen #NoAlCierreDePepsico.  https://t.co/9AbSnsqL37	es	[]	[]	['https://pbs.twimg.com/media/DDM61I_W0AAP4PA.jpg']	0	30	21	['noalcierredepepsico']	[]	https://twitter.com/valeriafgl/status/879111990278594560	False		1	https://pbs.twimg.com/media/DDM61I_W0AAP4PA.jpg							[]				
879063148132790272	879063148132790272	2017-06-26 04:46:01 KST	2017-06-26	04:46:01	+0900	2573916020	izquierdadiario	La Izquierda Diario		PepsiCo: ilegalidad transnacional, despidos discriminatorios y antisindicales. Por @EdgardoMoyano1  https://t.co/bmy5OdgyRe  https://t.co/HfZkfKb9zx	es	[{'screen_name': 'edgardomoyano1', 'name': 'edgardo moyano', 'id': '3353348537'}]	['http://bit.ly/2tJAKCl']	['https://pbs.twimg.com/media/DDMPRhNXcAARM0a.jpg']	0	15	14	[]	[]	https://twitter.com/izquierdadiario/status/879063148132790272	False		1	https://pbs.twimg.com/media/DDMPRhNXcAARM0a.jpg							[]				
879038426925998080	879038426925998080	2017-06-26 03:07:47 KST	2017-06-26	03:07:47	+0900	155304314	valeriafgl	Valeria Fgl		"""¿Qué va a hacer el Ministerio de Trabajo con los despidos en Pepsico?"", le dice @myriambregman a Banfi. ""Siempre del lado de las empresas"".  https://t.co/gbnFTISEEy"	es	[{'screen_name': 'myriambregman', 'name': 'myriam bregman', 'id': '332993154'}]	[]	['https://pbs.twimg.com/media/DDL4w0PWsAA_ohO.jpg']	4	13	21	[]	[]	https://twitter.com/valeriafgl/status/879038426925998080	False		1	https://pbs.twimg.com/media/DDL4w0PWsAA_ohO.jpg							[]				
879015871800381441	879015871800381441	2017-06-26 01:38:09 KST	2017-06-26	01:38:09	+0900	332993154	myriambregman	Myriam Bregman		“Si pasa, pasa”… pues no pasarán (Madygraf y Pepsico)   https://t.co/8uJ57S6Eiq vía @izquierdadiario	es	[{'screen_name': 'izquierdadiario', 'name': 'la izquierda diario', 'id': '2573916020'}]	['http://www.laizquierdadiario.com/Si-pasa-pasa-pues-no-pasaran-Madygraf-y-Pepsico']	[]	1	26	38	[]	[]	https://twitter.com/myriambregman/status/879015871800381441	False		0								[]				
878934804565196800	878934804565196800	2017-06-25 20:16:01 KST	2017-06-25	20:16:01	+0900	2573916020	izquierdadiario	La Izquierda Diario		Adolfo Pérez Esquivel apoya la lucha de las trabajadoras y trabajadores de Pepsico  https://t.co/CFz10wsUjS  https://t.co/hC7TQjx0JL	es	[]	['http://bit.ly/2u1oBYH']	['https://pbs.twimg.com/media/DDKai52WAAAYLQ6.jpg']	2	23	36	[]	[]	https://twitter.com/izquierdadiario/status/878934804565196800	False		1	https://pbs.twimg.com/media/DDKai52WAAAYLQ6.jpg							[]				
878798623143841792	878798623143841792	2017-06-25 11:14:53 KST	2017-06-25	11:14:53	+0900	155304314	valeriafgl	Valeria Fgl		"""Para nosotros es fundamental la lucha contra los despidos"", sigue @NicolasdelCano, mencionando 600 trabajadores de Pepsico. #CierreDeListas  https://t.co/6qabOrFNk3"	es	[{'screen_name': 'nicolasdelcano', 'name': 'nicolas del caño', 'id': '374115730'}]	[]	['https://pbs.twimg.com/media/DDIeqM4XkAEmtGE.jpg']	1	21	42	['cierredelistas']	[]	https://twitter.com/valeriafgl/status/878798623143841792	False		1	https://pbs.twimg.com/media/DDIeqM4XkAEmtGE.jpg							[]				
878602296669679617	878602296669679617	2017-06-24 22:14:45 KST	2017-06-24	22:14:45	+0900	45112527	guygavrielkay	Guy Gavriel Kay		Some get harassed from the right, some from the left. Me? I get Canadaphobic types, with shares in PepsiCo!  https://t.co/DcTVtTjSPr	en	[]	['https://twitter.com/MrBasquill/status/878597219254972416']	[]	0	0	18	[]	[]	https://twitter.com/guygavrielkay/status/878602296669679617	False	https://twitter.com/MrBasquill/status/878597219254972416	0								[]				
878438105010896897	878438105010896897	2017-06-24 11:22:19 KST	2017-06-24	11:22:19	+0900	181757459	pollosobrero	Rubén Dario Sobrero		Los Ferroviarios nos solidarizamos y apoyamos a los trabajadores de Pepsico  https://t.co/FyjrHX3Ej4	es	[]	['http://fb.me/7QFvWrrkD']	[]	2	10	15	[]	[]	https://twitter.com/PolloSobrero/status/878438105010896897	False		0								[]				
878406186101616640	878406186101616640	2017-06-24 09:15:29 KST	2017-06-24	09:15:29	+0900	2573916020	izquierdadiario	La Izquierda Diario		#PepsiCo, las mentiras de la multinacional que quiere dejar a 600 familias en la calle.  https://t.co/LUeJJh5fXN  https://t.co/klY2RXTXfF	es	[]	['http://bit.ly/2tXijJG']	[]	0	44	41	['pepsico']	[]	https://twitter.com/izquierdadiario/status/878406186101616640	False		1	https://pbs.twimg.com/ext_tw_video_thumb/878406073518104576/pu/img/26nZlRlO4nggmgl4.jpg							[]				
878398765970935816	878398765970935816	2017-06-24 08:46:00 KST	2017-06-24	08:46:00	+0900	2573916020	izquierdadiario	La Izquierda Diario		PepsiCo: organismos de derechos humanos repudian los 600 despidos  https://t.co/9Aix0pEgiI	es	[]	['http://bit.ly/2sL5uCK']	[]	0	12	11	[]	[]	https://twitter.com/izquierdadiario/status/878398765970935816	False		0								[]				
878398130072555521	878398130072555521	2017-06-24 08:43:28 KST	2017-06-24	08:43:28	+0900	2573916020	izquierdadiario	La Izquierda Diario		La “crisis” de Pepsico: su CEO ganó $476 millones en 2016. #DaerTraidor  https://t.co/1d3zAva9GY  https://t.co/PxZ0dKsdvr	es	[]	['http://bit.ly/2tYtdP6']	['https://pbs.twimg.com/media/DDCycS1XoAEtiT_.jpg']	0	46	22	['daertraidor']	[]	https://twitter.com/izquierdadiario/status/878398130072555521	False		1	https://pbs.twimg.com/media/DDCycS1XoAEtiT_.jpg							[]				
878393886070243329	878393886070243329	2017-06-24 08:26:36 KST	2017-06-24	08:26:36	+0900	155304314	valeriafgl	Valeria Fgl		#DaerTraidor está en el selecto grupo de los jerarcas sindicales con sueldos de gerentes, pero no llama al paro por #Pepsico. Fuente: AFIP.  https://t.co/ljIlIlDDIw	es	[]	[]	['https://pbs.twimg.com/media/DDCuXHVXoAE2-vB.jpg']	1	116	96	['daertraidor', 'pepsico']	[]	https://twitter.com/valeriafgl/status/878393886070243329	False		1	https://pbs.twimg.com/media/DDCuXHVXoAE2-vB.jpg							[]				
878384770861944832	878384770861944832	2017-06-24 07:50:23 KST	2017-06-24	07:50:23	+0900	155304314	valeriafgl	Valeria Fgl		"Daer dice que él ""se bancó la dictadura"", pero no banca los trapos para que 600 familias no queden en la calle. #DaerTraidor #Pepsico"	es	[]	[]	[]	0	19	18	['daertraidor', 'pepsico']	[]	https://twitter.com/valeriafgl/status/878384770861944832	False		0								[]				
878384216811204608	878384216811204608	2017-06-24 07:48:11 KST	2017-06-24	07:48:11	+0900	155304314	valeriafgl	Valeria Fgl		"""Desahogate, si eso hace bien al estado de ánimo"", le dice Daer a trabajadora de Pepsico que le reclama que llame al paro. #DaerTraidor  https://t.co/GZfnS67vwQ"	es	[]	[]	[]	12	137	105	['daertraidor']	[]	https://twitter.com/valeriafgl/status/878384216811204608	False		1	https://pbs.twimg.com/ext_tw_video_thumb/878383827785220100/pu/img/khAM2D4jaOBc7DFk.jpg							[]				
878278139708923904	878278139708923904	2017-06-24 00:46:40 KST	2017-06-24	00:46:40	+0900	2573916020	izquierdadiario	La Izquierda Diario		#PepsiCo, las mentiras de la multinacional que quiere dejar a 600 familias en la calle  https://t.co/dz5zdSEOFa  https://t.co/dbyHbE1znF	es	[]	['http://bit.ly/2sHMpBD']	[]	3	52	41	['pepsico']	[]	https://twitter.com/izquierdadiario/status/878278139708923904	False		1	https://pbs.twimg.com/ext_tw_video_thumb/878278037934100481/pu/img/CQZRtCoXMkwcHKNn.jpg							[]				
878221709685293056	878221709685293056	2017-06-23 21:02:26 KST	2017-06-23	21:02:26	+0900	2573916020	izquierdadiario	La Izquierda Diario		#Pepsico Las mentiras y ganancias de la empresa estadounidense para atacar a los trabajadores. #NoAlCierreDePepsico  https://t.co/uIXvX9aLld	es	[]	[]	[]	1	51	39	['pepsico', 'noalcierredepepsico']	[]	https://twitter.com/izquierdadiario/status/878221709685293056	False		1	https://pbs.twimg.com/ext_tw_video_thumb/878221603280125952/pu/img/2pmMhTTpwKPb8j2Q.jpg							[]				
878168993349107712	878168993349107712	2017-06-23 17:32:58 KST	2017-06-23	17:32:58	+0900	16727805	bradjakeman	BradJakeman		#proud to see these flags flying at @PepsiCo Headquarters. #PrideMonth  https://t.co/9hUKo8SrlR	en	[{'screen_name': 'pepsico', 'name': 'pepsico', 'id': '21346619'}]	[]	['https://pbs.twimg.com/media/DC_iClQW0AAi0FT.jpg']	1	2	18	['proud', 'pridemonth']	[]	https://twitter.com/BradJakeman/status/878168993349107712	False		1	https://pbs.twimg.com/media/DC_iClQW0AAi0FT.jpg							[]				
878088987545444352	878088987545444352	2017-06-23 12:15:03 KST	2017-06-23	12:15:03	+0900	67334466	tv_publica	Televisión Pública		#ElNotiDeLaNoche | Se agrava el conflicto en Pepsico: 600 trabajadores sin solución  https://t.co/TYZRcb5Zkm	es	[]	[]	[]	1	40	25	['elnotidelanoche']	[]	https://twitter.com/TV_Publica/status/878088987545444352	False		1	https://pbs.twimg.com/media/DC-ZRjqVwAEmcLM.jpg							[]				
878085183634681856	878085183634681856	2017-06-23 11:59:56 KST	2017-06-23	11:59:56	+0900	2573916020	izquierdadiario	La Izquierda Diario		"Hablan obreras de Pepsico: ""Nosotras queremos trabajar"".  https://t.co/nbmLrHYov0  https://t.co/PWcDWQpONQ"	es	[]	['http://bit.ly/2tT7W9x']	[]	1	14	17	[]	[]	https://twitter.com/izquierdadiario/status/878085183634681856	False		1	https://pbs.twimg.com/ext_tw_video_thumb/878084982115315712/pu/img/PPICCyG89VfIYduc.jpg							[]				
878044265921691648	878044265921691648	2017-06-23 09:17:20 KST	2017-06-23	09:17:20	+0900	332993154	myriambregman	Myriam Bregman		“PepsiCo está haciendo algo violento, sobre todo con las mujeres”    https://t.co/16EC3TIoZ0 vía @izquierdadiario	es	[{'screen_name': 'izquierdadiario', 'name': 'la izquierda diario', 'id': '2573916020'}]	['http://www.laizquierdadiario.com/PepsiCo-esta-haciendo-algo-violento-sobre-todo-con-las-mujeres']	[]	1	30	27	[]	[]	https://twitter.com/myriambregman/status/878044265921691648	False		0								[]				
878028037656264704	878028037656264704	2017-06-23 08:12:51 KST	2017-06-23	08:12:51	+0900	151198642	revisbarcelona	Revista Barcelona		Contenido patrocinado | ¡Pepsico lanza una promo espectacular! ¡Destapá una Pepsi y ganate un despido!  https://t.co/0CxGoGCtpq	es	[]	['https://revisbarcelona.com/pepsico-promo-despido-pepsi/']	[]	2	28	42	[]	[]	https://twitter.com/revisbarcelona/status/878028037656264704	False		0								[]				
878017152464367622	878017152464367622	2017-06-23 07:29:36 KST	2017-06-23	07:29:36	+0900	277052622	hernanletcher	Hernán Letcher		El país de Macri: Entre ayer y hoy #Despidos  - 600 PepsiCo  - 160 Fabrica Puma Chamical - 180 Fábrica Unisol La Rioja - 170 Empresa Lanxess	es	[]	[]	[]	84	1029	557	['despidos']	[]	https://twitter.com/hernanletcher/status/878017152464367622	False		0								[]				
877924141323739136	877924141323739136	2017-06-23 01:20:00 KST	2017-06-23	01:20:00	+0900	775474080715767808	pagina12	Página|12		Del lado de la empresa | Los trabajadores advierten que el Gobierno busca favorecer a #PepsiCo   https://t.co/0ENoWsVB7e	es	[]	['https://www.pagina12.com.ar/45652-del-lado-de-la-empresa']	[]	1	23	17	['pepsico']	[]	https://twitter.com/pagina12/status/877924141323739136	False		0								[]				
877912575496916994	877912575496916994	2017-06-23 00:34:03 KST	2017-06-23	00:34:03	+0900	24277551	darrenrovell	Darren Rovell		Dak Prescott racking up endorsements this offseason, follows up PepsiCo/Frito-Lay deal with Campbell's Soup deal.  https://t.co/FfmnJWcy1w	en	[]	[]	['https://pbs.twimg.com/media/DC741CHXsAADObF.jpg']	19	102	230	[]	[]	https://twitter.com/darrenrovell/status/877912575496916994	False		1	https://pbs.twimg.com/media/DC741CHXsAADObF.jpg							[]				
877904778076073984	877904778076073984	2017-06-23 00:03:04 KST	2017-06-23	00:03:04	+0900	2573916020	izquierdadiario	La Izquierda Diario		"Hablan obreras de Pepsico: ""Nosotras queremos trabajar""  https://t.co/U3VIGmLFMu  https://t.co/vARKtr7E2x"	es	[]	['http://bit.ly/2sFuB9Z']	[]	0	25	21	[]	[]	https://twitter.com/izquierdadiario/status/877904778076073984	False		1	https://pbs.twimg.com/ext_tw_video_thumb/877904582688505857/pu/img/pOPEvnzBrSK8GaBz.jpg							[]				
877884758641975296	877884758641975296	2017-06-22 22:43:31 KST	2017-06-22	22:43:31	+0900	374115730	nicolasdelcano	Nicolas del Caño		Pepsico, una multinacional de ganancias millonarias que despide y discrimina   https://t.co/O0tfUShstm vía @izquierdadiario	es	[{'screen_name': 'izquierdadiario', 'name': 'la izquierda diario', 'id': '2573916020'}]	['http://www.laizquierdadiario.com/Pepsico-una-multinacional-de-ganancias-millonarias-que-despide-y-discrimina']	[]	31	43	38	[]	[]	https://twitter.com/NicolasdelCano/status/877884758641975296	False		0								[]				
877847325695029248	877847325695029248	2017-06-22 20:14:46 KST	2017-06-22	20:14:46	+0900	775474080715767808	pagina12	Página|12		#Pepsico anunció el cierre de su planta en Florida, con 600 empleados despedidos  https://t.co/N9JFzzFxaL	es	[]	['https://www.pagina12.com.ar/45555-a-los-trabajadores-los-hacen-papa-frita']	[]	3	39	14	['pepsico']	[]	https://twitter.com/pagina12/status/877847325695029248	False		0								[]				
877715688365764608	877715688365764608	2017-06-22 11:31:41 KST	2017-06-22	11:31:41	+0900	155304314	valeriafgl	Valeria Fgl		"El troll center milita Pepsico diciendo que la multinacional ""ya informó su operatoria de traslado"". ¿Y? No trasladan a los trabajadores. 🙄"	es	[]	[]	[]	1	4	25	[]	[]	https://twitter.com/valeriafgl/status/877715688365764608	False		0								[]				
877703424908947456	877703424908947456	2017-06-22 10:42:58 KST	2017-06-22	10:42:58	+0900	170431111	yamilsantoro	Yamil Santoro		Pepsico movió de lugar su fábrica y pasa de 500 a 1000 trabajadores empleados.   https://t.co/3YVAByTxx9	es	[]	['http://www.infocampo.com.ar/la-fabrica-pepsico-se-traslada-a-mar-del-plata-por-la-mayor-cercania-con-agricultores/']	[]	17	171	125	[]	[]	https://twitter.com/yamilsantoro/status/877703424908947456	False		0								[]				
877700658257735680	877700658257735680	2017-06-22 10:31:58 KST	2017-06-22	10:31:58	+0900	297784596	alciraargumedo	Alcira Argumedo		El Ministro que te endeudó por un siglo festeja y dice que vamos mejor. ¿Se enteró de los 600 despidos en Pepsico?  https://t.co/m1n6fHHiSr	es	[]	[]	['https://pbs.twimg.com/media/DC44FseXUAAtHWn.jpg']	13	37	49	[]	[]	https://twitter.com/AlciraArgumedo/status/877700658257735680	False		1	https://pbs.twimg.com/media/DC44FseXUAAtHWn.jpg							[]				
877695386911211521	877695386911211521	2017-06-22 10:11:01 KST	2017-06-22	10:11:01	+0900	45013575	telesurtv	teleSUR TV		#Argentina | Fábrica PepsiCo despide a 600 trabajadores  https://t.co/167BwGr9lH  https://t.co/f1MkccCrZE	es	[]	['http://bit.ly/2sVQxQP']	['https://pbs.twimg.com/media/DC2zRRXWAAAjiHa.jpg']	1	57	16	['argentina']	[]	https://twitter.com/teleSURtv/status/877695386911211521	False		1	https://pbs.twimg.com/media/DC2zRRXWAAAjiHa.jpg							[]				
877694673606803456	877694673606803456	2017-06-22 10:08:11 KST	2017-06-22	10:08:11	+0900	46733972	mc__	matías castañeda		Fuimos a despedir los restos del Momo pero al final despidieron a 500 trabajadores de Pepsico.	es	[]	[]	[]	7	98	312	[]	[]	https://twitter.com/mc__/status/877694673606803456	False		0								[]				
877685065400156162	877685065400156162	2017-06-22 09:30:00 KST	2017-06-22	09:30:00	+0900	775474080715767808	pagina12	Página|12		#PepsiCo La reunión en el Min. de Trabajo pasó a un cuarto intermedio hasta mañana sin que mediara ninguna propuesta  https://t.co/8Rh46Mjapt	es	[]	['https://www.pagina12.com.ar/45504-seiscientos-trabajadores-en-vigilia']	[]	3	52	21	['pepsico']	[]	https://twitter.com/pagina12/status/877685065400156162	False		0								[]				
877684185837690880	877617237011513344	2017-06-22 09:26:31 KST	2017-06-22	09:26:31	+0900	155304314	valeriafgl	Valeria Fgl		@Jofre_Matias @CFKArgentina La planta de Mar del Plata ya existe. Tiene dos plantas Pepsico: cierra una y deja a seiscientos en la calle.	es	[]	[]	[]	3	4	25	[]	[]	https://twitter.com/valeriafgl/status/877684185837690880	False		0								[{'screen_name': 'Jofre_Matias', 'name': 'Matías Jofré', 'id': '556519063'}, {'screen_name': 'CFKArgentina', 'name': 'Cristina Kirchner', 'id': '138814032'}]				
877682393003548673	877682393003548673	2017-06-22 09:19:23 KST	2017-06-22	09:19:23	+0900	257432060	nestorpitrola	Néstor Pitrola		"600 obreros a la calle en Pepsico, derrumbe de la Bolsa, fuga al dólar, la respuesta de los ""mercados"" a la deuda usuraria por 100 años"	es	[]	[]	[]	26	43	40	[]	[]	https://twitter.com/nestorpitrola/status/877682393003548673	False		0								[]				
877669003090685952	877669003090685952	2017-06-22 08:26:11 KST	2017-06-22	08:26:11	+0900	297784596	alciraargumedo	Alcira Argumedo		Cerró Pepsico en Vicente López y 600 familias en la calle. ¿En qué estan los candidatos de la Provincia de BA? ¿Dónde está la Gobernadora?	es	[]	[]	[]	8	40	56	[]	[]	https://twitter.com/AlciraArgumedo/status/877669003090685952	False		0								[]				
877645478074224640	877645478074224640	2017-06-22 06:52:42 KST	2017-06-22	06:52:42	+0900	2573916020	izquierdadiario	La Izquierda Diario		Pepsico, una multinacional de ganancias millonarias que despide y discrimina  https://t.co/e546CX6ztN  https://t.co/KF5q8uZCjR	es	[]	['http://bit.ly/2rSN3iw']	['https://pbs.twimg.com/media/DC4F6J6XcAAy6Mi.jpg']	0	26	16	[]	[]	https://twitter.com/izquierdadiario/status/877645478074224640	False		1	https://pbs.twimg.com/media/DC4F6J6XcAAy6Mi.jpg							[]				
877636472316190722	877636472316190722	2017-06-22 06:16:55 KST	2017-06-22	06:16:55	+0900	144801356	gatosylvestre	Gustavo Sylvestre		Hoy 21hs M1 en @C5N .Los trabajadores de Pepsico Alimentaria,despedidos ayer cuentan la forma que cerraron la empresa.#MiercolesNegro	es	[{'screen_name': 'c5n', 'name': 'c5n', 'id': '152325528'}]	[]	[]	30	258	291	['miercolesnegro']	[]	https://twitter.com/Gatosylvestre/status/877636472316190722	False		0								[]				
877619895462002689	877619895462002689	2017-06-22 05:11:03 KST	2017-06-22	05:11:03	+0900	151198642	revisbarcelona	Revista Barcelona		Contenido patrocinado | ¡Pepsico lanza una promo espectacular! ¡Destapá ya una Pepsi y ganate un despido!  https://t.co/0CxGoGCtpq	es	[]	['https://revisbarcelona.com/pepsico-promo-despido-pepsi/']	[]	0	52	66	[]	[]	https://twitter.com/revisbarcelona/status/877619895462002689	False		0								[]				
877617237011513344	877617237011513344	2017-06-22 05:00:29 KST	2017-06-22	05:00:29	+0900	138814032	cfkargentina	Cristina Kirchner		El cierre de la planta de PepsiCo se da en el marco de la caída del empleo y de la actividad industrial  https://t.co/yulRIrM9kR	es	[]	['https://www.pagina12.com.ar/45465-otra-fabrica-que-baja-su-persiana']	[]	178	1307	1414	[]	[]	https://twitter.com/CFKArgentina/status/877617237011513344	False		0								[]				
877616944429637632	877616944429637632	2017-06-22 04:59:19 KST	2017-06-22	04:59:19	+0900	138814032	cfkargentina	Cristina Kirchner		...se encontraron ayer a la noche con un cartel que les informaba el “cese de operaciones” de la fábrica #pepsico  https://t.co/yulRIs3KJr  https://t.co/uKVNYuj2eS	es	[]	['https://www.pagina12.com.ar/45465-otra-fabrica-que-baja-su-persiana']	['https://pbs.twimg.com/media/DC3r9A6XoAApkBa.jpg']	96	868	946	['pepsico']	[]	https://twitter.com/CFKArgentina/status/877616944429637632	False		1	https://pbs.twimg.com/media/DC3r9A6XoAApkBa.jpg							[]				
877613778006925312	877613778006925312	2017-06-22 04:46:44 KST	2017-06-22	04:46:44	+0900	138814032	cfkargentina	Cristina Kirchner		600 trabajadores de PepsiCo en Vicente López, donde se hacen los snacks más populares del mercado...  https://t.co/yulRIs3KJr	es	[]	['https://www.pagina12.com.ar/45465-otra-fabrica-que-baja-su-persiana']	[]	89	975	1077	[]	[]	https://twitter.com/CFKArgentina/status/877613778006925312	False		0								[]				
877613667264507904	877613667264507904	2017-06-22 04:46:18 KST	2017-06-22	04:46:18	+0900	2573916020	izquierdadiario	La Izquierda Diario		Camilo Mones de la Comisión Interna de Pepsico denunció el cierre de la planta llevado a cabo por la patronal.  https://t.co/3wlqi5FwMQ  https://t.co/rZLrfIhxoz	es	[]	['http://bit.ly/2sBUDLr']	[]	3	52	43	[]	[]	https://twitter.com/izquierdadiario/status/877613667264507904	False		1	https://pbs.twimg.com/ext_tw_video_thumb/877613473206849539/pu/img/ixl9QcLTK56bb9hF.jpg							[]				
877610247111692288	877610247111692288	2017-06-22 04:32:42 KST	2017-06-22	04:32:42	+0900	138814032	cfkargentina	Cristina Kirchner		"Pepsico: ""En este momento somos 600 familias que estamos en la calle""  https://t.co/yulRIrM9kR"	es	[]	['https://www.pagina12.com.ar/45465-otra-fabrica-que-baja-su-persiana']	[]	188	1700	1707	[]	[]	https://twitter.com/CFKArgentina/status/877610247111692288	False		0								[]				
877609104419635200	877609104419635200	2017-06-22 04:28:10 KST	2017-06-22	04:28:10	+0900	293682722	hugoyasky	Hugo Yasky		Nos solidarizamos con lxs 600 trabajadorxs que se quedaron sin trabajo, despedidos así por Pepsico, mientras el Estado mira para otro lado.  https://t.co/MFIstf01wy	es	[]	[]	['https://pbs.twimg.com/media/DC3kJnMXUAE82aI.jpg']	19	184	225	[]	[]	https://twitter.com/HugoYasky/status/877609104419635200	False		1	https://pbs.twimg.com/media/DC3kJnMXUAE82aI.jpg							[]				
877588686048604160	877588686048604160	2017-06-22 03:07:02 KST	2017-06-22	03:07:02	+0900	65360466	partidoobrero	Partido Obrero		Desde el @PartidoObrero nos ponemos a disposición, planteando que para impedir el traslado de Pepsico es necesaria la ocupación de la planta	es	[{'screen_name': 'partidoobrero', 'name': 'partido obrero', 'id': '65360466'}]	[]	[]	2	19	22	[]	[]	https://twitter.com/PartidoObrero/status/877588686048604160	False		0								[]				
877588182421962752	877588182421962752	2017-06-22 03:05:02 KST	2017-06-22	03:05:02	+0900	65360466	partidoobrero	Partido Obrero		Pepsico no tiene ninguna crisis de producción sino que apunta a relocalizar su planta para reducir costos y desarmar a los trabajadores.	es	[]	[]	[]	1	27	29	[]	[]	https://twitter.com/PartidoObrero/status/877588182421962752	False		0								[]				
877583275765661696	877583275765661696	2017-06-22 02:45:32 KST	2017-06-22	02:45:32	+0900	3763467682	drdanielgollan	Daniel Gollan		Cierra Lanxess,planta química d Zárate y PepsiCo d V. López.Cientos a la calle.La sangría no se detiene.Dde andará el triunvirato de la CGT?	es	[]	[]	[]	11	112	81	[]	[]	https://twitter.com/DrDanielGollan/status/877583275765661696	False		0								[]				
877580861360570368	877580861360570368	2017-06-22 02:35:56 KST	2017-06-22	02:35:56	+0900	277052622	hernanletcher	Hernán Letcher		Esto es la flexibilización que quiere Macri. Gente en la calle #Pepsico  https://t.co/V7InTWDSrm	es	[]	[]	['https://pbs.twimg.com/media/DC3KrmSXUAAiQfR.jpg']	12	163	106	['pepsico']	[]	https://twitter.com/hernanletcher/status/877580861360570368	False		1	https://pbs.twimg.com/media/DC3KrmSXUAAiQfR.jpg							[]				
877578906441834496	877578906441834496	2017-06-22 02:28:10 KST	2017-06-22	02:28:10	+0900	177342424	vhmok	Víctor Hugo		Ayer fue a ver el lanzamiento de @CFKArgentina en Arsenal  Hoy lo echaron de la planta de #Pepsico junto a 600 trabajadores  #Móvil @AM750  https://t.co/8l3nRYkXzN	es	[{'screen_name': 'cfkargentina', 'name': 'cristina kirchner', 'id': '138814032'}, {'screen_name': 'am750', 'name': 'radio am 750', 'id': '135371236'}]	['https://twitter.com/MauriElbueno/status/877574422571261954']	[]	32	224	225	['pepsico', 'móvil']	[]	https://twitter.com/VHMok/status/877578906441834496	False	https://twitter.com/MauriElbueno/status/877574422571261954	0								[]				
877567946297573376	877567946297573376	2017-06-22 01:44:37 KST	2017-06-22	01:44:37	+0900	2792557771	eldestapeweb	El Destape		Insólito: mientras echa a 600 trabajadores, Pepsico se suma a una feria de empleo.    https://t.co/pl1zD7oLgZ	es	[]	['http://bit.ly/2sqL0R7']	[]	25	261	115	[]	[]	https://twitter.com/eldestapeweb/status/877567946297573376	False		0								[]				
877553986513113088	877553986513113088	2017-06-22 00:49:09 KST	2017-06-22	00:49:09	+0900	2792557771	eldestapeweb	El Destape		Insólito: Pepsico echó a 600 trabajadores pero promociona una feria de empleo para contratar gente.  https://t.co/COmrGCaG9l	es	[]	[]	['https://pbs.twimg.com/media/DC2yE5DXsAA6TIR.jpg']	32	456	193	[]	[]	https://twitter.com/eldestapeweb/status/877553986513113088	False		1	https://pbs.twimg.com/media/DC2yE5DXsAA6TIR.jpg							[]				
877545629077172224	877545629077172224	2017-06-22 00:15:56 KST	2017-06-22	00:15:56	+0900	65360466	partidoobrero	Partido Obrero		No al cierre de Pepsico. 600 despidos en Alimentación  https://t.co/IvGq0kdbvp  https://t.co/2Jr5Rv3jU5	es	[]	['http://bit.ly/2sTgnVV']	['https://pbs.twimg.com/media/DC2rGL1UQAAW6rk.jpg']	28	67	43	[]	[]	https://twitter.com/PartidoObrero/status/877545629077172224	False		1	https://pbs.twimg.com/media/DC2rGL1UQAAW6rk.jpg							[]				
877542765730697216	877471798509654016	2017-06-22 00:04:33 KST	2017-06-22	00:04:33	+0900	148753334	angelalerena	Angela Lerena 🏟		@JonathanWidmann A esta altura, con la suba de tarifas y la caída del consumo, cuando llegan los caranchos no quedan ni los huesos (y Pepsico no es una pyme)	es	[]	[]	[]	1	5	43	[]	[]	https://twitter.com/Angelalerena/status/877542765730697216	False		0								[{'screen_name': 'JonathanWidmann', 'name': 'Jota W.🇦🇹🇪🇦🇦🇷', 'id': '500662139'}]				
877533538039590913	877533538039590913	2017-06-21 23:27:53 KST	2017-06-21	23:27:53	+0900	151198642	revisbarcelona	Revista Barcelona		Contenido patrocinado | ¡Pepsico lanza una promo espectacular! ¡Destapá una Pepsi y ganate un despido!  https://t.co/0CxGoGkSxS	es	[]	['https://revisbarcelona.com/pepsico-promo-despido-pepsi/']	[]	0	41	40	[]	[]	https://twitter.com/revisbarcelona/status/877533538039590913	False		0								[]				
877522768987791363	877522768987791363	2017-06-21 22:45:06 KST	2017-06-21	22:45:06	+0900	142802581	tiempoarg	Tiempo Argentino		Pepsico cerró su planta de Vicente López y dejó 600 personas en la calle. El aviso fue un cartel en el portón.  https://t.co/bVHtec5P9p  https://t.co/BYkPzy9QPz	es	[]	['http://bit.ly/2sTmPwi']	['https://pbs.twimg.com/media/DC2WTqKWAAE5lni.jpg']	4	77	32	[]	[]	https://twitter.com/tiempoarg/status/877522768987791363	False		1	https://pbs.twimg.com/media/DC2WTqKWAAE5lni.jpg							[]				
877517476908728320	877517476908728320	2017-06-21 22:24:04 KST	2017-06-21	22:24:04	+0900	3873965293	momentses	Twitter Moments en Español		⚡️ Más de 500 familias se quedan sin ingresos por el cierre de una planta de Pepsico en Vicente López   https://t.co/QxJkT5xAEK	es	[]	['https://twitter.com/i/moments/877515349100568576']	[]	19	98	36	[]	[]	https://twitter.com/MomentsES/status/877517476908728320	False		0								[]				
877516453808754688	877516453808754688	2017-06-21 22:20:00 KST	2017-06-21	22:20:00	+0900	775474080715767808	pagina12	Página|12		Otra fábrica que baja su persiana | #PepsiCo cerró un planta y dejó a 600 trabajadores en la calle  https://t.co/VpS41sRB0t	es	[]	['https://www.pagina12.com.ar/45465-otra-fabrica-que-baja-su-persiana']	[]	9	112	49	['pepsico']	[]	https://twitter.com/pagina12/status/877516453808754688	False		0								[]				
877514851874201600	877514851874201600	2017-06-21 22:13:38 KST	2017-06-21	22:13:38	+0900	148752676	juanabalmedina	Juan Abal Medina		El mismo día que Macri anuncia la recuperación de puestos de trabajo Pepsico despide 600 trabajadores, ahora desayunan frente a la planta  https://t.co/Q3ePE3eG1t	es	[]	[]	['https://pbs.twimg.com/media/DC2PGE5XsAE23--.jpg', 'https://pbs.twimg.com/media/DC2PGE6XgAAiBBo.jpg', 'https://pbs.twimg.com/media/DC2PGE4XgAAUFf6.jpg', 'https://pbs.twimg.com/media/DC2PGE3XoAAU3ff.jpg']	38	26	41	[]	[]	https://twitter.com/juanabalmedina/status/877514851874201600	False		1	https://pbs.twimg.com/media/DC2PGE5XsAE23--.jpg							[]				
877510304107819008	877510304107819008	2017-06-21 21:55:34 KST	2017-06-21	21:55:34	+0900	155304314	valeriafgl	Valeria Fgl		¿Ven por qué decimos Nuestras vidas valen más que sus ganancias? Obreros y obreras de Pepsico dejaron 25 años ahí. #NoAlCierreDePepsico	es	[]	[]	[]	1	13	10	['noalcierredepepsico']	[]	https://twitter.com/valeriafgl/status/877510304107819008	False		0								[]				
877509029781700609	877509029781700609	2017-06-21 21:50:30 KST	2017-06-21	21:50:30	+0900	69416519	infobae	infobae		PepsiCo cerró su fábrica en Vicente López y la medida afecta a más de 500 trabajadores  https://t.co/CvklhcOG0k  https://t.co/fSgGdXONG0	es	[]	['http://infob.ae/2sPRERv']	['https://pbs.twimg.com/media/DC2Jzk8WsAAEyzh.jpg']	32	79	38	[]	[]	https://twitter.com/infobae/status/877509029781700609	False		1	https://pbs.twimg.com/media/DC2Jzk8WsAAEyzh.jpg							[]				
877508424254320640	877508424254320640	2017-06-21 21:48:06 KST	2017-06-21	21:48:06	+0900	182925466	filmusdaniel	Daniel Filmus		Cerró otra planta de Pepsico y 600 trabajadores fueron despedidos  https://t.co/czp7ffFBuk	es	[]	['http://www.eldestapeweb.com/c30120']	[]	0	31	21	[]	[]	https://twitter.com/FilmusDaniel/status/877508424254320640	False		0								[]				
877508370080649216	877508370080649216	2017-06-21 21:47:53 KST	2017-06-21	21:47:53	+0900	25992212	todonoticias	TN - Todo Noticias		Pepsico cerró una fábrica en Vicente López y trabajadores denuncian 600 despidos  https://t.co/3LkAzSHVOd  https://t.co/aFvOcAPZCE	es	[]	['http://bit.ly/2tNhym9']	['https://pbs.twimg.com/media/DC2JNHHXcAAvkSY.jpg']	45	74	49	[]	[]	https://twitter.com/todonoticias/status/877508370080649216	False		1	https://pbs.twimg.com/media/DC2JNHHXcAAvkSY.jpg							[]				
877502049004474368	877502049004474368	2017-06-21 21:22:46 KST	2017-06-21	21:22:46	+0900	33989170	lanacion	LA NACION		PepsiCo cerró su fábrica en Vicente Lopez: la medida afecta a 500 trabajadores  https://t.co/MjdtrOeLE4  https://t.co/TahRO1Gbwu	es	[]	['http://bit.ly/2rUgFXG']	['https://pbs.twimg.com/media/DC2DdiUWAAER_Qy.jpg']	20	103	41	[]	[]	https://twitter.com/LANACION/status/877502049004474368	False		1	https://pbs.twimg.com/media/DC2DdiUWAAER_Qy.jpg							[]				
877498872553144320	877498872553144320	2017-06-21 21:10:09 KST	2017-06-21	21:10:09	+0900	2573916020	izquierdadiario	La Izquierda Diario		"Pepsico: ""Desde hace años la empresa presiona con cierre de líneas, desvío de la producción y retiros voluntarios""  https://t.co/qPBK4g85Kf  https://t.co/lc5cl4VyGA"	es	[]	['http://bit.ly/2rCrj64']	['https://pbs.twimg.com/media/DC2AkqaXYAAJ1tV.jpg']	2	25	20	[]	[]	https://twitter.com/izquierdadiario/status/877498872553144320	False		1	https://pbs.twimg.com/media/DC2AkqaXYAAJ1tV.jpg							[]				
877497087910432769	877497087910432769	2017-06-21 21:03:03 KST	2017-06-21	21:03:03	+0900	155304314	valeriafgl	Valeria Fgl		"Camilo Mones de Pepsico: ""Están haciendo una negociación en extremo. Cerró la fábrica para que los compañeros tengan miedo y arreglen"".  https://t.co/2euG5ObyEJ"	es	[]	[]	['https://pbs.twimg.com/media/DC1-3_JXoAEChTm.jpg']	1	44	44	[]	[]	https://twitter.com/valeriafgl/status/877497087910432769	False		1	https://pbs.twimg.com/media/DC1-3_JXoAEChTm.jpg							[]				
877494764387676160	877494764387676160	2017-06-21 20:53:49 KST	2017-06-21	20:53:49	+0900	155304314	valeriafgl	Valeria Fgl		"Camilo Mones, delegado de Pepsico: ""Las 600 familias nos enteramos por un cartelito en la puerta que nos quedábamos en la calle"".  https://t.co/0ze8YW1kiY"	es	[]	[]	['https://pbs.twimg.com/media/DC18uwxXsAAJgP-.jpg']	0	28	19	[]	[]	https://twitter.com/valeriafgl/status/877494764387676160	False		1	https://pbs.twimg.com/media/DC18uwxXsAAJgP-.jpg							[]				
877493382410645504	877493382410645504	2017-06-21 20:48:20 KST	2017-06-21	20:48:20	+0900	156242969	luisbremer	Luis Bremer		PepsiCo informó sobre el cierre de la planta de Florida (Vicente López) y el despido de sus empleados.	es	[]	[]	[]	11	29	25	[]	[]	https://twitter.com/luisbremer/status/877493382410645504	False		0								[]				
877490301090369538	877490301090369538	2017-06-21 20:36:05 KST	2017-06-21	20:36:05	+0900	2573916020	izquierdadiario	La Izquierda Diario		"Pepsico: ""Decidimos comenzar un plan de lucha en defensa de los 600 puestos de trabajo"".  https://t.co/WgG16CX8We  https://t.co/JoKlFUkOlF"	es	[]	['http://bit.ly/2sT40JJ']	['https://pbs.twimg.com/media/DC14xsjXcAAfrRO.jpg']	0	15	25	[]	[]	https://twitter.com/izquierdadiario/status/877490301090369538	False		1	https://pbs.twimg.com/media/DC14xsjXcAAfrRO.jpg							[]				
877487087569817600	877487087569817600	2017-06-21 20:23:19 KST	2017-06-21	20:23:19	+0900	155304314	valeriafgl	Valeria Fgl		"La interna de Pepsico, tras asamblea de anoche: ""Decidimos comenzar un plan de lucha en defensa de los 600 puestos de trabajo"". #Solidaridad"	es	[]	[]	[]	0	5	15	['solidaridad']	[]	https://twitter.com/valeriafgl/status/877487087569817600	False		0								[]				
877486595972227072	877486595972227072	2017-06-21 20:21:22 KST	2017-06-21	20:21:22	+0900	155304314	valeriafgl	Valeria Fgl		#NoAlCierreDePepsico Son seiscientas familias que no pueden quedar en la calle de un día para el otro por capricho empresarial. #Pepsico	es	[]	[]	[]	2	14	17	['noalcierredepepsico', 'pepsico']	[]	https://twitter.com/valeriafgl/status/877486595972227072	False		0								[]				
877485127131176960	877485127131176960	2017-06-21 20:15:31 KST	2017-06-21	20:15:31	+0900	374115730	nicolasdelcano	Nicolas del Caño		Comunicado d la comisión interna d los trabajadores de Pepsico. Todo nuestro apoyo a los trabajadores. Ni Un despido  https://t.co/Er7zsWsbi7	es	[]	['http://www.laizquierdadiario.com/PepsiCo-llaman-a-solidarizarse-en-defensa-de-los-puestos-de-trabajo-y-la-reapertura-de-la-planta']	[]	10	92	99	[]	[]	https://twitter.com/NicolasdelCano/status/877485127131176960	False		0								[]				
877483202365071360	877483202365071360	2017-06-21 20:07:52 KST	2017-06-21	20:07:52	+0900	2573916020	izquierdadiario	La Izquierda Diario		PepsiCo: llaman a solidarizarse en defensa de los puestos de trabajo y la reapertura de la planta   https://t.co/IjQM8oNaIL  https://t.co/mgdarcTCpE	es	[]	['http://www.laizquierdadiario.com/PepsiCo-llaman-a-solidarizarse-en-defensa-de-los-puestos-de-trabajo-y-la-reapertura-de-la-planta']	['https://pbs.twimg.com/media/DC1yTzXXoAAp-6Y.jpg']	0	43	27	[]	[]	https://twitter.com/izquierdadiario/status/877483202365071360	False		1	https://pbs.twimg.com/media/DC1yTzXXoAAp-6Y.jpg							[]				
877476325954473984	877476325954473984	2017-06-21 19:40:33 KST	2017-06-21	19:40:33	+0900	332993154	myriambregman	Myriam Bregman		Toda nuestra solidaridad con los trabajadores y trabajadoras de Pepsico. Ya son 10 mil menos en la alimentación en un año  https://t.co/nhihgSiays	es	[]	['https://twitter.com/izquierdadiario/status/877458661618176000']	[]	7	116	164	[]	[]	https://twitter.com/myriambregman/status/877476325954473984	False	https://twitter.com/izquierdadiario/status/877458661618176000	0								[]				
877465035659980805	877465035659980805	2017-06-21 18:55:41 KST	2017-06-21	18:55:41	+0900	18898168	radio10	Radio 10 - AM 710		#MañanaSylvestre | @CardosoClaudio9 desde Vicente López. PEPSICO cierra su planta de Florida.  https://t.co/RedcI60BTN	es	[{'screen_name': 'cardosoclaudio9', 'name': 'claudio cardoso', 'id': '177768583'}]	[]	['https://pbs.twimg.com/media/DC1hysRW0AIPUC3.jpg']	9	73	45	['mañanasylvestre']	[]	https://twitter.com/Radio10/status/877465035659980805	False		1	https://pbs.twimg.com/media/DC1hysRW0AIPUC3.jpg							[]				
877458661618176000	877458661618176000	2017-06-21 18:30:21 KST	2017-06-21	18:30:21	+0900	2573916020	izquierdadiario	La Izquierda Diario		PepsiCo: llaman a solidarizarse en defensa de los puestos de trabajo y la reapertura de la planta   https://t.co/IjQM8oNaIL	es	[]	['http://www.laizquierdadiario.com/PepsiCo-llaman-a-solidarizarse-en-defensa-de-los-puestos-de-trabajo-y-la-reapertura-de-la-planta']	[]	1	27	25	[]	[]	https://twitter.com/izquierdadiario/status/877458661618176000	False		0								[]				
877374009414787072	877374009414787072	2017-06-21 12:53:59 KST	2017-06-21	12:53:59	+0900	20816312	infonews	Infonews		Cerró una planta de Pepsico: 600 personas quedarían en la calle  https://t.co/K9eb3TjHaG  https://t.co/vaIjK62Lpk	es	[]	['http://bit.ly/2tMgX4n']	['https://pbs.twimg.com/media/DC0O3LHW0AEv3uh.jpg']	2	79	26	[]	[]	https://twitter.com/infonews/status/877374009414787072	False		1	https://pbs.twimg.com/media/DC0O3LHW0AEv3uh.jpg							[]				
877366181505748993	877366181505748993	2017-06-21 12:22:53 KST	2017-06-21	12:22:53	+0900	176979194	cronica	Diario Crónica		Pepsico dejó a más de 600 trabajadores en la calle  https://t.co/HUkDhJkFVq #SigueElCambio #LaRevoluciónDelDesempleo #ATomarloConAlegría  https://t.co/pYmAeiMhaP	es	[]	['http://bit.ly/2trdOHA']	['https://pbs.twimg.com/media/DC0Hd6RXkAAa8Cx.jpg']	10	164	94	['sigueelcambio', 'larevolucióndeldesempleo', 'atomarloconalegría']	[]	https://twitter.com/cronica/status/877366181505748993	False		1	https://pbs.twimg.com/media/DC0Hd6RXkAAa8Cx.jpg							[]				
877182785164914688	877182785164914688	2017-06-21 00:14:07 KST	2017-06-21	00:14:07	+0900	24277551	darrenrovell	Darren Rovell		FTC suing to block FanDuel-DraftKings merger reminds me of when PepsiCo had to sell All Sport when it bought Gatorade  https://t.co/3gMBL59ZQM	en	[]	[]	['https://pbs.twimg.com/media/DCxhF7gXoAAjH0_.jpg']	13	7	54	[]	[]	https://twitter.com/darrenrovell/status/877182785164914688	False		1	https://pbs.twimg.com/media/DCxhF7gXoAAjH0_.jpg							[]				
877132300449873920	877132300449873920	2017-06-20 20:53:31 KST	2017-06-20	20:53:31	+0900	16116288	rolandsmartin	rolandsmartin		Dan Gasby launches a petition asking PepsiCo to replace Aunt Jemima with B Smith. @tvonetv  #NewsOneNow	en	[{'screen_name': 'tvonetv', 'name': 'tv one', 'id': '23585395'}]	[]	[]	3	23	33	['newsonenow']	[]	https://twitter.com/rolandsmartin/status/877132300449873920	False		0								[]				
877103810174492672	877103810174492672	2017-06-20 19:00:18 KST	2017-06-20	19:00:18	+0900	16116288	rolandsmartin	rolandsmartin		B Smith’s Husband Dan Gasby launch a Juneteenth petition asking PepsiCo to replace Aunt Jemima with B. Smith. 7AM ET on #NewsOneNow	en	[]	[]	[]	1	11	21	['newsonenow']	[]	https://twitter.com/rolandsmartin/status/877103810174492672	False		0								[]				
876579872675553281	876579872675553281	2017-06-19 08:18:22 KST	2017-06-19	08:18:22	+0900	74846005	yabts	YABT		"Secretario General de la @OEA_oficial reconoce a @PepsiCo @el_BID y @BanreservasRD. ""Sigamos caminando juntos"" #TICAmericas #AsambleaOEA  https://t.co/QkVZzOGVia"	es	[{'screen_name': 'oea_oficial', 'name': 'oea', 'id': '242448965'}, {'screen_name': 'pepsico', 'name': 'pepsico', 'id': '21346619'}, {'screen_name': 'el_bid', 'name': 'banco interamericano de desarrollo', 'id': '18510558'}, {'screen_name': 'banreservasrd', 'name': 'banreservas', 'id': '593767870'}]	[]	['https://pbs.twimg.com/media/DCo8u4fUwAAxf0W.jpg']	4	11	23	['ticamericas', 'asambleaoea']	[]	https://twitter.com/YABTs/status/876579872675553281	False		1	https://pbs.twimg.com/media/DCo8u4fUwAAxf0W.jpg							[]				
876367916933029888	876367916933029888	2017-06-18 18:16:08 KST	2017-06-18	18:16:08	+0900	16391453	ncilla	Ancilla		Kunstmatige zoetstoffen zijn geen probleem zegt het Voedingscentrum. Met dank aan Pepsico, Danone &amp; Nestlé  https://t.co/J7cwnFvSmX	nl	[]	['http://www.foodwatch.org/nl/onze-campagnes/onderwerpen/suiker-vet-co/actuele-nieuwsberichten/pepsi-co-achter-nederlands-voedingsadvies-kunstmatige-zoetstoffen/']	[]	20	54	73	[]	[]	https://twitter.com/ncilla/status/876367916933029888	False		0								[]				
876117875815219202	876117875815219202	2017-06-18 01:42:33 KST	2017-06-18	01:42:33	+0900	2624596030	kathleenforgood	Kathleen McLaughlin		Walmart, IBM, Pepsico and 172 Other U.S. Companies Pledge to Promote Diversity - Inc.   https://t.co/HIjctnhHJK	en	[]	['https://apple.news/AFlzAecjsOAGMcv5pedoeUQ']	[]	2	9	14	[]	[]	https://twitter.com/KathleenForGood/status/876117875815219202	False		0								[]				
875730099844370434	875730099844370434	2017-06-17 00:01:40 KST	2017-06-17	00:01:40	+0900	34113439	sierraclub	Sierra Club		Senators Whitehouse &amp; Warren: actions speak louder than words. @GapInc @WaltDisneyCo &amp; @PepsiCo must #DroptheChamber  https://t.co/zL6Vx8Je2c	en	[{'screen_name': 'gapinc', 'name': 'gap inc.', 'id': '207686162'}, {'screen_name': 'waltdisneyco', 'name': 'walt disney company', 'id': '398282459'}, {'screen_name': 'pepsico', 'name': 'pepsico', 'id': '21346619'}]	['http://sc.org/2sjpa0g']	[]	0	12	16	['dropthechamber']	[]	https://twitter.com/SierraClub/status/875730099844370434	False		0								[]				
875537281435795457	875537281435795457	2017-06-16 11:15:29 KST	2017-06-16	11:15:29	+0900	2652536876	indranooyi	Indra Nooyi		Congratulations to this year’s Ring of Honor recipients! I'm inspired by your talent, and grateful for the vital role you play at @PepsiCo.  https://t.co/2deOsSfF9t	en	[{'screen_name': 'pepsico', 'name': 'pepsico', 'id': '21346619'}]	[]	[]	13	28	106	[]	[]	https://twitter.com/IndraNooyi/status/875537281435795457	False		1	https://pbs.twimg.com/ext_tw_video_thumb/875536834469560321/pu/img/IymF22NCOoWHmM-_.jpg							[]				
875437265127919617	875437265127919617	2017-06-16 04:38:03 KST	2017-06-16	04:38:03	+0900	151902586	pepsicojobs	PepsiCo Jobs		"PepsiCo is a LinkedIn Top Company for 2017 as one of ""the firms wooing today’s top talent""  https://t.co/wKeqRnMXKQ"	en	[]	['http://pepsi.co/2rBdQKS']	[]	0	11	28	[]	[]	https://twitter.com/PepsiCoJOBS/status/875437265127919617	False		0								[]				
874661157252018179	874661157252018179	2017-06-14 01:14:04 KST	2017-06-14	01:14:04	+0900	17602585	feedthechildren	Feed the Children		It's a bright and sunny day when we get to feed 800 families with @PepsiCo!  https://t.co/BFmZbtqBRW	en	[{'screen_name': 'pepsico', 'name': 'pepsico', 'id': '21346619'}]	[]	['https://pbs.twimg.com/media/DCNrrN3UQAE-JK4.jpg']	3	10	28	[]	[]	https://twitter.com/feedthechildren/status/874661157252018179	False		1	https://pbs.twimg.com/media/DCNrrN3UQAE-JK4.jpg							[]				
874381246541037568	874381246541037568	2017-06-13 06:41:49 KST	2017-06-13	06:41:49	+0900	2424278232	braziljournal	Brazil Journal		NOVA TESE:  Kraft Heinz compra Pepsico (e fica com tudo)  https://t.co/buvPJ8qwTq. $KHC $PEP $BUD  https://t.co/J3SKPMIBln	pt	[]	['https://goo.gl/6lqFRw']	['https://pbs.twimg.com/media/DCJtBbyW0AIfv-U.png']	0	5	14	[]	['khc', 'pep', 'bud']	https://twitter.com/BrazilJournal/status/874381246541037568	False		1	https://pbs.twimg.com/media/DCJtBbyW0AIfv-U.png							[]				
874378811739172864	874378811739172864	2017-06-13 06:32:08 KST	2017-06-13	06:32:08	+0900	16896485	inc	Inc.		Walmart, IBM, Pepsico and 172 Other U.S. Companies Pledge to Promote Diversity  https://t.co/d1uTxdBrR6	en	[]	['http://on.inc.com/2rbwWI8']	[]	4	24	31	[]	[]	https://twitter.com/Inc/status/874378811739172864	False		0								[]				
873518587230568448	873518587230568448	2017-06-10 21:33:55 KST	2017-06-10	21:33:55	+0900	2785480981	makeinindia	Make in India		A chip off the old block: Pepsico to make Doritos in India, out of Kolkata #MakeInIndia #Foodprocessing  https://t.co/YV5l08RRVY	en	[]	['http://bit.ly/2rM43oY']	[]	2	35	98	['makeinindia', 'foodprocessing']	[]	https://twitter.com/makeinindia/status/873518587230568448	False		0								[]				
872936144023015428	872936144023015428	2017-06-09 06:59:29 KST	2017-06-09	06:59:29	+0900	125644689	openideo	OpenIDEO		5 must-reads from @PepsiCo Chief Design Officer to shape your #design &amp; business philosophies:  https://t.co/qs5Fm1dw1W  https://t.co/NNQoCUHqTa	en	[{'screen_name': 'pepsico', 'name': 'pepsico', 'id': '21346619'}]	['http://ideo.pn/2gvZl6i']	['https://pbs.twimg.com/media/DB1KyuJXgAAjMV9.jpg']	0	16	24	['design']	[]	https://twitter.com/OpenIDEO/status/872936144023015428	False		1	https://pbs.twimg.com/media/DB1KyuJXgAAjMV9.jpg							[]				
872572232408510464	872572232408510464	2017-06-08 06:53:26 KST	2017-06-08	06:53:26	+0900	18160594	gillespi	David Gillespie		Integrity: India Cricket Captain Virat Kohli refuses to renew six-year-old Pepsico deal  https://t.co/FO7rm5D3yZ	en	[]	['https://www.insidesport.co/kohli-refuses-renew-six-year-old-pepsico-deal/']	[]	0	9	24	[]	[]	https://twitter.com/gillespi/status/872572232408510464	False		0								[]				
872506650405380097	872506650405380097	2017-06-08 02:32:50 KST	2017-06-08	02:32:50	+0900	16523953	babylonian	Nick Robinson		this month's Podburglars is brought to you by PepsiCo, weed, and 30 Rock (season 6) on DVD  https://t.co/lvAogkeWbV	en	[]	['https://gameburglars.podbean.com/e/podburglars-brought-to-you-by-ads/']	[]	3	4	82	[]	[]	https://twitter.com/Babylonian/status/872506650405380097	False		0								[]				
