id	conversation_id	created_at	date	time	timezone	user_id	username	name	place	tweet	language	mentions	urls	photos	replies_count	retweets_count	likes_count	hashtags	cashtags	link	retweet	quote_url	video	thumbnail	near	geo	source	user_rt_id	user_rt	retweet_id	reply_to	retweet_date	translate	trans_src	trans_dest
406456822363865088	406450222974648322	2013-11-30 01:17:12 KST	2013-11-30	01:17:12	+0900	17643283	kurtbraunohler	kurt braunohler		.@AmericanAir ok. Have a good weekend, human who has to work the American air twitter feed.	en	[{'screen_name': 'americanair', 'name': 'americanair', 'id': '22536055'}]	[]	[]	3	4	12	[]	[]	https://twitter.com/kurtbraunohler/status/406456822363865088	False		0								[]				
406451916139687936	406450222974648322	2013-11-30 00:57:42 KST	2013-11-30	00:57:42	+0900	17643283	kurtbraunohler	kurt braunohler		We gotta have a talk about irony, aa“@AmericanAir: @kurtbraunohler What a fun pic! Thanks for sharing it today, Kurt. Have a great weekend.”	en	[{'screen_name': 'americanair', 'name': 'americanair', 'id': '22536055'}, {'screen_name': 'kurtbraunohler', 'name': 'kurt braunohler', 'id': '17643283'}]	[]	[]	2	1	19	[]	[]	https://twitter.com/kurtbraunohler/status/406451916139687936	False		0								[]				
406430136230100993	406430136230100993	2013-11-29 23:31:10 KST	2013-11-29	23:31:10	+0900	105178160	ajrbrothers	AJR		And we are flying again on @AmericanAir Jack is doing homework... Off to another show.  http://t.co/vk0txI5dyE	en	[{'screen_name': 'americanair', 'name': 'americanair', 'id': '22536055'}]	[]	['https://pbs.twimg.com/media/BaPuDjGCMAAgw_f.jpg']	6	14	84	[]	[]	https://twitter.com/AJRBrothers/status/406430136230100993	False		1	https://pbs.twimg.com/media/BaPuDjGCMAAgw_f.jpg							[]				
406173220983685121	406173220983685121	2013-11-29 06:30:16 KST	2013-11-29	06:30:16	+0900	14293310	time	TIME		A federal judge has okayed American Airlines and U.S. Airways to merge, creating the world’s largest airline  http://t.co/RPGLvl4mhc	en	[]	['http://ti.me/1fMVnTN']	[]	6	108	39	[]	[]	https://twitter.com/TIME/status/406173220983685121	False		0								[]				
405782476741947392	405782476741947392	2013-11-28 04:37:36 KST	2013-11-28	04:37:36	+0900	69329527	bbcnorthamerica	BBC North America		American Airlines &amp; US Airways merger cleared by judge  http://t.co/2ZQLyt47tq	en	[]	['http://bbc.in/1c95wqk']	[]	5	59	17	[]	[]	https://twitter.com/BBCNorthAmerica/status/405782476741947392	False		0								[]				
405735841705644032	405735841705644032	2013-11-28 01:32:17 KST	2013-11-28	01:32:17	+0900	275686563	verge	The Verge		American Airlines and US Airways will merge to form the world's largest airline on December 9th  http://t.co/LJML0Dvg4L	en	[]	['http://vrge.co/17Xy8ni']	[]	0	54	12	[]	[]	https://twitter.com/verge/status/405735841705644032	False		0								[]				
405718910299041793	405718910299041793	2013-11-28 00:25:00 KST	2013-11-28	00:25:00	+0900	6017542	breakingnews	Breaking News		Judge approves American Airlines, US Airways merger - @dallasnews  http://t.co/1WmRMew9HI	en	[{'screen_name': 'dallasnews', 'name': 'dallas morning news', 'id': '15679641'}]	['http://bit.ly/1iTdmHH']	[]	8	107	20	[]	[]	https://twitter.com/BreakingNews/status/405718910299041793	False		0								[]				
405508176226680833	405508176226680833	2013-11-27 10:27:37 KST	2013-11-27	10:27:37	+0900	108031696	toddhaberkorn	HᴀʙᴇʀTᴡᴇᴇᴛs™		Just got back from London yesterday, now back on the plane again. Now- armed with my clone....#americanairlines	en	[]	[]	[]	6	2	19	['americanairlines']	[]	https://twitter.com/ToddHaberkorn/status/405508176226680833	False		0								[]				
405482346180116480	405479782579593217	2013-11-27 08:44:59 KST	2013-11-27	08:44:59	+0900	30495613	andrearussett	Andrea Russett		@Love_Lauren_E oh girl I wish, missed my flight and I'm still in chitown. ready to kill American Airlines 💩 haha have a good thanksgiving!💜	en	[]	[]	[]	1	3	45	[]	[]	https://twitter.com/AndreaRussett/status/405482346180116480	False		0								[]				
405448812774162432	405448812774162432	2013-11-27 06:31:44 KST	2013-11-27	06:31:44	+0900	15590648	branthansen	Brant Hansen		Theory: American Airlines actually has only one plane.	en	[]	[]	[]	4	4	22	[]	[]	https://twitter.com/branthansen/status/405448812774162432	False		0								[]				
405448206789509120	405447157303365632	2013-11-27 06:29:20 KST	2013-11-27	06:29:20	+0900	30495613	andrearussett	Andrea Russett		@AmericanAir how about next time you don't make connecting flights with ten minutes in between	en	[]	[]	[]	17	7	163	[]	[]	https://twitter.com/AndreaRussett/status/405448206789509120	False		0								[]				
405447157303365632	405447157303365632	2013-11-27 06:25:09 KST	2013-11-27	06:25:09	+0900	30495613	andrearussett	Andrea Russett		I hate u @AmericanAir	en	[{'screen_name': 'americanair', 'name': 'americanair', 'id': '22536055'}]	[]	[]	49	53	613	[]	[]	https://twitter.com/AndreaRussett/status/405447157303365632	False		0								[]				
405446876628930560	405443015541395456	2013-11-27 06:24:02 KST	2013-11-27	06:24:02	+0900	30495613	andrearussett	Andrea Russett		@AnnaRussett I'm gonna miss my connecting flight anyway cause American Airlines is shit	en	[]	[]	[]	9	8	60	[]	[]	https://twitter.com/AndreaRussett/status/405446876628930560	False		0								[]				
405369804397113344	405369804397113344	2013-11-27 01:17:47 KST	2013-11-27	01:17:47	+0900	217247939	laurenelizabeth	Lauren Elizabeth		S/o to @AmericanAir for having THE WORST terminal at LAX. I look forward to starving cause there's practically no food options. K thx	en	[{'screen_name': 'americanair', 'name': 'americanair', 'id': '22536055'}]	[]	[]	2	2	65	[]	[]	https://twitter.com/LaurenElizabeth/status/405369804397113344	False		0								[]				
405027316092264448	405027316092264448	2013-11-26 02:36:51 KST	2013-11-26	02:36:51	+0900	81692128	jonwurster	Jon Wurster		American? RT @AmericanAir  @jonwurster It sure is an Airbus, Jon! What kind do you think it is?	en	[{'screen_name': 'americanair', 'name': 'americanair', 'id': '22536055'}, {'screen_name': 'jonwurster', 'name': 'jon wurster', 'id': '81692128'}]	[]	[]	2	2	8	[]	[]	https://twitter.com/jonwurster/status/405027316092264448	False		0								[]				
404790129023516672	404790129023516672	2013-11-25 10:54:22 KST	2013-11-25	10:54:22	+0900	458755731	uranrigoberto	Rigoberto Urán ЯU		@AAdvantage bueno la foto lo dice todo. Que no me castigue la lengua pero no vuelo a viajar con American Airlines.  http://t.co/MtHSPupqw1	es	[]	[]	['https://pbs.twimg.com/media/BZ4aekCIIAARFCQ.jpg']	6	16	14	[]	[]	https://twitter.com/UranRigoberto/status/404790129023516672	False		1	https://pbs.twimg.com/media/BZ4aekCIIAARFCQ.jpg							[]				
404674697063059456	404674697063059456	2013-11-25 03:15:40 KST	2013-11-25	03:15:40	+0900	18159470	macklemore	Macklemore		MIAMI!  We're here!! The American Airlines arena tonight!  #sharkfacegang  http://t.co/ufLfvmjNhb	en	[]	['http://instagram.com/p/hG2cCVwKwV/']	[]	79	311	562	['sharkfacegang']	[]	https://twitter.com/macklemore/status/404674697063059456	False		0								[]				
404670607725703168	404670607725703168	2013-11-25 02:59:25 KST	2013-11-25	02:59:25	+0900	18159470	macklemore	Macklemore		Miami show tonight at the American Airlines Theater!!!  Who's coming through?	en	[]	[]	[]	155	334	697	[]	[]	https://twitter.com/macklemore/status/404670607725703168	False		0								[]				
404282436361932801	404282436361932801	2013-11-24 01:16:58 KST	2013-11-24	01:16:58	+0900	458755731	uranrigoberto	Rigoberto Urán ЯU		Gracias American Airlines!!! Me duele la espalda pero todo ok. 9pm a 4am. Para decirme carechicle no hay vueloooo...  http://t.co/CSmhPI9ivH	es	[]	[]	['https://pbs.twimg.com/media/BZxMu9PIcAAUmJn.jpg']	9	21	20	[]	[]	https://twitter.com/UranRigoberto/status/404282436361932801	False		1	https://pbs.twimg.com/media/BZxMu9PIcAAUmJn.jpg							[]				
404101402848288770	404101402848288770	2013-11-23 13:17:36 KST	2013-11-23	13:17:36	+0900	139848744	shawnmichaels	Shawn Michaels		Three hours and 15 minutes after his supposed arrival @keithmarkmra has made it to Texas...@AmericanAir continues to be consistent!:-) #MRA	en	[{'screen_name': 'keithmarkmra', 'name': 'keith mark', 'id': '174908763'}, {'screen_name': 'americanair', 'name': 'americanair', 'id': '22536055'}]	[]	[]	13	17	35	['mra']	[]	https://twitter.com/ShawnMichaels/status/404101402848288770	False		0								[]				
403991595860512768	403991595860512768	2013-11-23 06:01:16 KST	2013-11-23	06:01:16	+0900	25410548	wisinyyandel	Wisin Y Yandel		“@nolimitpr: Vuelo retrasado 3 horas #AmericanAirlines #normal @Kick_3r” @AmericanAir	es	[{'screen_name': 'nolimitpr', 'name': 'nolimitpr', 'id': '1089304193813352448'}, {'screen_name': 'kick_3r', 'name': 'king k.', 'id': '274090567'}, {'screen_name': 'americanair', 'name': 'americanair', 'id': '22536055'}]	[]	[]	8	33	36	['americanairlines', 'normal']	[]	https://twitter.com/wisinyyandel/status/403991595860512768	False		0								[]				
403805463373807616	403805463373807616	2013-11-22 17:41:39 KST	2013-11-22	17:41:39	+0900	49717874	georgelopez	George Lopez		Hey @AmericanAir direct flight from LAX to Denver and no golf clubs , claim check and bags weren't scanned .. I'll give your airline 24 hrs	en	[{'screen_name': 'americanair', 'name': 'americanair', 'id': '22536055'}]	[]	[]	20	21	25	[]	[]	https://twitter.com/georgelopez/status/403805463373807616	False		0								[]				
403778838066257921	403778838066257921	2013-11-22 15:55:51 KST	2013-11-22	15:55:51	+0900	36980853	ssmester	Sandra Smester		Con @Dasaoficial y #DonFrancisco @SabadoGigante en el aeropuerto de Las Vegas #RedEye  a Miami vía @AmericanAir  http://t.co/JWvHPEVA7n	es	[{'screen_name': 'dasaoficial', 'name': 'sigue @eldasa', 'id': '2194752293'}, {'screen_name': 'sabadogigante', 'name': 'sg', 'id': '872538754002673664'}, {'screen_name': 'americanair', 'name': 'americanair', 'id': '22536055'}]	[]	['https://pbs.twimg.com/media/BZqCtrsCIAAWlQ9.jpg']	3	14	56	['donfrancisco', 'redeye']	[]	https://twitter.com/ssmester/status/403778838066257921	False		1	https://pbs.twimg.com/media/BZqCtrsCIAAWlQ9.jpg							[]				
403689917550567424	403689917550567424	2013-11-22 10:02:31 KST	2013-11-22	10:02:31	+0900	20264905	nyrangers	New York Rangers		Warmups underway here at American Airlines Center..it'll be @HLundqvist30 and Kari Lehtonen in goal this evening..#NYR vs the Stars	en	[]	[]	[]	0	14	27	['nyr']	[]	https://twitter.com/NYRangers/status/403689917550567424	False		0								[]				
403680251693109248	403680251693109248	2013-11-22 09:24:06 KST	2013-11-22	09:24:06	+0900	17219108	cntraveler	Condé Nast Traveler		Travel pros that do Twitter well. Bravo!  http://t.co/1JNr9Uh1GJ @AmericanAir @DeltaAssist @Avis @HyattConcierge @Marriott @United @WHotels	en	[{'screen_name': 'americanair', 'name': 'americanair', 'id': '22536055'}, {'screen_name': 'avis', 'name': 'avis car rental', 'id': '28112058'}, {'screen_name': 'hyattconcierge', 'name': 'hyatt concierge', 'id': '37434855'}, {'screen_name': 'marriott', 'name': 'marriott hotels', 'id': '14369314'}, {'screen_name': 'united', 'name': 'united airlines', 'id': '260907612'}, {'screen_name': 'whotels', 'name': 'w hotels', 'id': '47797696'}]	['http://cntrvlr.com/I2VJXx']	[]	4	8	6	[]	[]	https://twitter.com/CNTraveler/status/403680251693109248	False		0								[]				
403667911547437056	403667911547437056	2013-11-22 08:35:04 KST	2013-11-22	08:35:04	+0900	18159470	macklemore	Macklemore		MIAMI!! Can't wait to see you Sunday. American Airlines Arena. Info here:  http://t.co/qAGcGdF6S5	en	[]	['http://bit.ly/15CJNR1']	[]	53	164	366	[]	[]	https://twitter.com/macklemore/status/403667911547437056	False		0								[]				
403664152247283712	403664152247283712	2013-11-22 08:20:08 KST	2013-11-22	08:20:08	+0900	81692128	jonwurster	Jon Wurster		Hey, @AmericanAir, just heard about cell phone calls possibly being allowed during flights. I'm still Official Shusher, right?	en	[{'screen_name': 'americanair', 'name': 'americanair', 'id': '22536055'}]	[]	[]	1	3	10	[]	[]	https://twitter.com/jonwurster/status/403664152247283712	False		0								[]				
403263432192827392	403263432192827392	2013-11-21 05:47:49 KST	2013-11-21	05:47:49	+0900	80893052	christhile	Chris Thile		“@AmericanAir: Chris, we respect that people have different taste in music.” Ok, but does that mean you have to hire ones with BAD taste?	en	[{'screen_name': 'americanair', 'name': 'americanair', 'id': '22536055'}]	[]	[]	8	13	46	[]	[]	https://twitter.com/christhile/status/403263432192827392	False		0								[]				
403253580150222848	403253580150222848	2013-11-21 05:08:40 KST	2013-11-21	05:08:40	+0900	80893052	christhile	Chris Thile		“@AmericanAir:@christhile Lots of customers tweet great feedback about our music. Thanks for sharing your input.” How nice for you! Show me.	en	[{'screen_name': 'americanair', 'name': 'americanair', 'id': '22536055'}, {'screen_name': 'christhile', 'name': 'chris thile', 'id': '80893052'}]	[]	[]	5	9	27	[]	[]	https://twitter.com/christhile/status/403253580150222848	False		0								[]				
402479859600879617	402479859600879617	2013-11-19 01:54:10 KST	2013-11-19	01:54:10	+0900	16201775	sixers	Philadelphia 76ers		The #Sixers have arrived at American Airlines Center in Dallas for morning shoot-around. #TogetherWeBuild  http://t.co/7DT2ZOHJHg	en	[]	[]	['https://pbs.twimg.com/media/BZXlTL0CMAACKiE.jpg']	2	13	14	['sixers', 'togetherwebuild']	[]	https://twitter.com/sixers/status/402479859600879617	False		1	https://pbs.twimg.com/media/BZXlTL0CMAACKiE.jpg							[]				
402325483997888512	402325483997888512	2013-11-18 15:40:44 KST	2013-11-18	15:40:44	+0900	256157199	maggieq	Maggie Q		Tomorrow night! See you at The American Airlines Theater for 24 hour plays to benefit the Urban Arts Partnership. Ra…  http://t.co/bbywSdS9YE	en	[]	['http://www.whosay.com/l/ity7eIY']	[]	5	29	63	[]	[]	https://twitter.com/MaggieQ/status/402325483997888512	False		0								[]				
402177898662350848	402177898662350848	2013-11-18 05:54:17 KST	2013-11-18	05:54:17	+0900	228388788	meganbatoon	Megan Batoon		Apparently, American Airlines has opened up a new simulated roller coaster attraction where wind shakes the plane. We are the first riders.	en	[]	[]	[]	10	5	43	[]	[]	https://twitter.com/meganbatoon/status/402177898662350848	False		0								[]				
401975282024071168	401975282024071168	2013-11-17 16:29:10 KST	2013-11-17	16:29:10	+0900	6539592	jimgaffigan	Jim Gaffigan		Hey @AmericanAir I have a flight tomorrow at 9:45am. Can you hold it like an hour or so? I feel like I’m going to be running late. Thanks.	en	[{'screen_name': 'americanair', 'name': 'americanair', 'id': '22536055'}]	[]	[]	19	26	156	[]	[]	https://twitter.com/JimGaffigan/status/401975282024071168	False		0								[]				
401836752266346496	401836752266346496	2013-11-17 07:18:42 KST	2013-11-17	07:18:42	+0900	15138534	andygrammer	Andy Grammer		My new homie at American Airlines in Iowa. Said he bought my cd from me when I was playing on the…  http://t.co/CttubZ3M80	en	[]	['http://instagram.com/p/gyr2L0yucq/']	[]	2	3	18	[]	[]	https://twitter.com/andygrammer/status/401836752266346496	False		0								[]				
401793733458669568	401793733458669568	2013-11-17 04:27:45 KST	2013-11-17	04:27:45	+0900	6539592	jimgaffigan	Jim Gaffigan		I'm pretty sure I just flew from Indy to Chicago in on an American Airlines mini-van.	en	[]	[]	[]	52	81	282	[]	[]	https://twitter.com/JimGaffigan/status/401793733458669568	False		0								[]				
401543230015029248	401543230015029248	2013-11-16 11:52:21 KST	2013-11-16	11:52:21	+0900	21808510	aacenter	aacenter		Pearl Jam is about to go on stage, and every single seat in the American Airlines Center is filled! #PJDallas  http://t.co/S4T2YBdrZP	en	[]	[]	['https://pbs.twimg.com/media/BZKRcKbCYAAtA1K.jpg']	1	20	12	['pjdallas']	[]	https://twitter.com/AACenter/status/401543230015029248	False		1	https://pbs.twimg.com/media/BZKRcKbCYAAtA1K.jpg							[]				
401474102281510912	401474102281510912	2013-11-16 07:17:39 KST	2013-11-16	07:17:39	+0900	31672638	cudlitz	Michael Cudlitz		Stop it and fly the damn plane !!!!  RT @robertpatrickT2: I am now tweeting from 35,000 feet #americanairlines	en	[{'screen_name': 'robertpatrickt2', 'name': 'robert patrick 🇺🇸', 'id': '876045241'}]	[]	[]	4	5	18	['americanairlines']	[]	https://twitter.com/Cudlitz/status/401474102281510912	False		0								[]				
401451668828483584	401451668828483584	2013-11-16 05:48:31 KST	2013-11-16	05:48:31	+0900	876045241	robertpatrickt2	Robert Patrick 🇺🇸		I am now tweeting from 35,000 feet #americanairlines	en	[]	[]	[]	7	1	15	['americanairlines']	[]	https://twitter.com/robertpatrickT2/status/401451668828483584	False		0								[]				
401403564272017408	401403564272017408	2013-11-16 02:37:22 KST	2013-11-16	02:37:22	+0900	821119939	ookay	Ookay		Thank you @AmericanAir for ruining my flights with false boarding information.	en	[{'screen_name': 'americanair', 'name': 'americanair', 'id': '22536055'}]	[]	[]	4	1	12	[]	[]	https://twitter.com/Ookay/status/401403564272017408	False		0								[]				
401353367391580160	401353367391580160	2013-11-15 23:17:54 KST	2013-11-15	23:17:54	+0900	16246929	danprimack	Dan Primack		The combined US Air/American Airlines will trade under ticker $AAL. I had kind of thought it would choose $FEES	en	[]	[]	[]	2	7	13	[]	['aal', 'fees']	https://twitter.com/danprimack/status/401353367391580160	False		0								[]				
400772018733195265	400772018733195265	2013-11-14 08:47:49 KST	2013-11-14	08:47:49	+0900	204386512	foxnewsvideo	Fox News Video		American Airlines merger becomes world’s largest airline @AmericanAir @USAirways |  http://t.co/fmHjTWdfGp	en	[{'screen_name': 'americanair', 'name': 'americanair', 'id': '22536055'}, {'screen_name': 'usairways', 'name': 'us airways', 'id': '78084813'}]	['http://fxn.ws/18617U1']	[]	8	70	22	[]	[]	https://twitter.com/foxnewsvideo/status/400772018733195265	False		0								[]				
400771603702632449	400771603702632449	2013-11-14 08:46:10 KST	2013-11-14	08:46:10	+0900	324666584	briansumers	Brian Sumers		A couple stole my dream wedding. #avgeek. @americanair @avgeekgf. H/t @globetrotscott  http://t.co/DNpBpRzO0C	en	[{'screen_name': 'americanair', 'name': 'americanair', 'id': '22536055'}, {'screen_name': 'avgeekgf', 'name': 'владислав бобриков', 'id': '16507270'}, {'screen_name': 'globetrotscott', 'name': 'scott mayerowitz', 'id': '18217304'}]	[]	['https://pbs.twimg.com/media/BY_TpmeCAAAZ_mn.jpg']	4	6	12	['avgeek']	[]	https://twitter.com/BrianSumers/status/400771603702632449	False		1	https://pbs.twimg.com/media/BY_TpmeCAAAZ_mn.jpg							[]				
400549453825720320	400549453825720320	2013-11-13 18:03:26 KST	2013-11-13	18:03:26	+0900	196516385	garrettrwang	Garrett Wang		Flying from Toronto to Los Angeles--View over Arizona from the right side of the plane @AmericanAir #Nov11  http://t.co/TEugkXHK3H	en	[{'screen_name': 'americanair', 'name': 'americanair', 'id': '22536055'}]	[]	['https://pbs.twimg.com/media/BY8Jmx3CIAA7Pcf.jpg']	11	5	20	['nov11']	[]	https://twitter.com/GarrettRWang/status/400549453825720320	False		1	https://pbs.twimg.com/media/BY8Jmx3CIAA7Pcf.jpg							[]				
400373804142063616	400373804142063616	2013-11-13 06:25:28 KST	2013-11-13	06:25:28	+0900	14496573	indecision	CC:Indecision		American Airlines and US Airways merging means we can now save time by complaining about one crappy airline instead of two.	en	[]	[]	[]	1	23	22	[]	[]	https://twitter.com/indecision/status/400373804142063616	False		0								[]				
400315401176743936	400315401176743936	2013-11-13 02:33:23 KST	2013-11-13	02:33:23	+0900	428333	cnnbrk	CNN Breaking News		More on the deal that will allow US Air, American Airlines to merge, from CNNMoney:  http://t.co/8ExLX9yX0u	en	[]	['http://cnn.it/19hgqVU']	[]	19	111	66	[]	[]	https://twitter.com/cnnbrk/status/400315401176743936	False		0								[]				
400302192684724224	400302192684724224	2013-11-13 01:40:54 KST	2013-11-13	01:40:54	+0900	3108351	wsj	The Wall Street Journal		American Airlines and US Airways could announce settlement with government on merger. Full story:  http://t.co/556lWnYu2x	en	[]	['http://on.wsj.com/1bmCSOF']	[]	4	47	19	[]	[]	https://twitter.com/WSJ/status/400302192684724224	False		0								[]				
400301753121665024	400301753121665024	2013-11-13 01:39:09 KST	2013-11-13	01:39:09	+0900	51241574	ap	The Associated Press		BREAKING: Justice Department reaches agreement to allow merger of US Airways and American Airlines.	en	[]	[]	[]	38	307	28	[]	[]	https://twitter.com/AP/status/400301753121665024	False		0								[]				
400298502452166656	400298502452166656	2013-11-13 01:26:14 KST	2013-11-13	01:26:14	+0900	6017542	breakingnews	Breaking News		Report: American Airlines, US Airways reach deal with DOJ to end lawsuit blocking merger, sources tell @dallasnews  http://t.co/Jd0FkblL2R	en	[{'screen_name': 'dallasnews', 'name': 'dallas morning news', 'id': '15679641'}]	['http://bit.ly/HPsub0']	[]	3	63	15	[]	[]	https://twitter.com/BreakingNews/status/400298502452166656	False		0								[]				
400295242836217856	400295242836217856	2013-11-13 01:13:17 KST	2013-11-13	01:13:17	+0900	46172768	easportsnba	EA SPORTS NBA LIVE		The house of @swish41, @mcuban &amp; the @dallasmavs - American Airlines Center in #NBALIVE14.  http://t.co/vBmZhJ4kmC	en	[{'screen_name': 'swish41', 'name': 'dirk nowitzki', 'id': '205415788'}, {'screen_name': 'mcuban', 'name': 'mark cuban', 'id': '16228398'}, {'screen_name': 'dallasmavs', 'name': 'dallas mavericks', 'id': '22185437'}]	[]	['https://pbs.twimg.com/media/BY4iZv5IcAA918k.jpg']	11	35	30	['nbalive14']	[]	https://twitter.com/EASPORTSNBA/status/400295242836217856	False		1	https://pbs.twimg.com/media/BY4iZv5IcAA918k.jpg							[]				
400294296282480641	400294296282480641	2013-11-13 01:09:32 KST	2013-11-13	01:09:32	+0900	3108351	wsj	The Wall Street Journal		Breaking: American Airlines and US Airways could announce settlement with government on merger today.  http://t.co/tYCeELTJqc	en	[]	['http://wsj.com']	[]	5	91	17	[]	[]	https://twitter.com/WSJ/status/400294296282480641	False		0								[]				
400225072017047552	400225072017047552	2013-11-12 20:34:27 KST	2013-11-12	20:34:27	+0900	80893052	christhile	Chris Thile		“@AmericanAir: @christhile We’re glad you’re enjoying your entertainment, Chris!”  Thanks…but…you know what? *sobs*  It could’ve been us.	en	[{'screen_name': 'americanair', 'name': 'americanair', 'id': '22536055'}, {'screen_name': 'christhile', 'name': 'chris thile', 'id': '80893052'}]	[]	[]	2	1	24	[]	[]	https://twitter.com/christhile/status/400225072017047552	False		0								[]				
400223599669559296	400223599669559296	2013-11-12 20:28:36 KST	2013-11-12	20:28:36	+0900	80893052	christhile	Chris Thile		“@AmericanAir: @christhile It sounds like you’re ready to have fun, Chris. Enjoy yourself in Italy!” Yes, with “sounds” being the key word!!	en	[{'screen_name': 'americanair', 'name': 'americanair', 'id': '22536055'}, {'screen_name': 'christhile', 'name': 'chris thile', 'id': '80893052'}]	[]	[]	1	1	14	[]	[]	https://twitter.com/christhile/status/400223599669559296	False		0								[]				
400219025613275136	400219025613275136	2013-11-12 20:10:26 KST	2013-11-12	20:10:26	+0900	80893052	christhile	Chris Thile		Guess who, @AmericanAir! Hey, I’m in Naples on an Alitalia flight to Rome and they’re playing the 2nd movement of the Bach Double, so…	en	[{'screen_name': 'americanair', 'name': 'americanair', 'id': '22536055'}]	[]	[]	4	1	25	[]	[]	https://twitter.com/christhile/status/400219025613275136	False		0								[]				
400103378921218048	400099035786125312	2013-11-12 12:30:53 KST	2013-11-12	12:30:53	+0900	816532	gregory	Greg Galant		The engagement currently happening between @AmericanAir @ProfJeffJarvis is a prime example of nextified native customer content curation.	en	[{'screen_name': 'americanair', 'name': 'americanair', 'id': '22536055'}, {'screen_name': 'profjeffjarvis', 'name': 'prof jeff jarvis', 'id': '2751062792'}]	[]	[]	1	11	22	[]	[]	https://twitter.com/gregory/status/400103378921218048	False		0								[]				
399833439899488256	399833439899488256	2013-11-11 18:38:15 KST	2013-11-11	18:38:15	+0900	125832497	alexanderrossi	Alexander Rossi		Well here we go. On the @AmericanAir wagon to Austin. Looking forward to seeing the stars and stripes once again. It's been far too long.	en	[{'screen_name': 'americanair', 'name': 'americanair', 'id': '22536055'}]	[]	[]	6	3	14	[]	[]	https://twitter.com/AlexanderRossi/status/399833439899488256	False		0								[]				
399651301824282624	399651301824282624	2013-11-11 06:34:30 KST	2013-11-11	06:34:30	+0900	73271762	gabebarham	Gabe Barham		Well after my second flight in a week @AmericanAir is 0-2 Thanks! 👎 #delays #poorservice	en	[{'screen_name': 'americanair', 'name': 'americanair', 'id': '22536055'}]	[]	[]	4	19	87	['delays', 'poorservice']	[]	https://twitter.com/gabebarham/status/399651301824282624	False		0								[]				
399001267907072000	399001267907072000	2013-11-09 11:31:30 KST	2013-11-09	11:31:30	+0900	31508962	smubasketball	SMU Basketball		Mustangs win! SMU defeats TCU 69-61 here at American Airlines Center. Nic Moore leads with 13 pts #PonyUp	en	[]	[]	[]	1	19	9	['ponyup']	[]	https://twitter.com/SMUBasketball/status/399001267907072000	False		0								[]				
398859538494808064	398859538494808064	2013-11-09 02:08:19 KST	2013-11-09	02:08:19	+0900	36681590	the_uso	USO		#USOmoments - 80 happy #woundedwarriors and their guests on their way to Vegas! Thanks @AmericanAir!  http://t.co/jo4vxl3sPo	en	[{'screen_name': 'americanair', 'name': 'americanair', 'id': '22536055'}]	[]	['https://pbs.twimg.com/media/BYkIow2CAAAicET.jpg']	3	23	28	['usomoments', 'woundedwarriors']	[]	https://twitter.com/the_USO/status/398859538494808064	False		1	https://pbs.twimg.com/media/BYkIow2CAAAicET.jpg							[]				
398816266338594816	398816266338594816	2013-11-08 23:16:22 KST	2013-11-08	23:16:22	+0900	326261694	ou_mbball	Oklahoma Basketball		The day has finally arrived. #Sooners. #CrimsonTide. American Airlines Center. Dallas. 4 o'clock. @FSSouthwest. #letthegamesbegin	en	[{'screen_name': 'fssouthwest', 'name': 'fssouthwest', 'id': '4345100654'}]	[]	[]	2	21	12	['sooners', 'crimsontide', 'letthegamesbegin']	[]	https://twitter.com/OU_MBBall/status/398816266338594816	False		0								[]				
398612111669989376	398612111669989376	2013-11-08 09:45:07 KST	2013-11-08	09:45:07	+0900	36134041	budrew	Scott Drew		Watching the Baylor Football Game at American Airlines Arena!!!!  http://t.co/xWQa57LimJ	en	[]	[]	['https://pbs.twimg.com/media/BYgnmn1CIAIziTT.jpg']	1	15	14	[]	[]	https://twitter.com/BUDREW/status/398612111669989376	False		1	https://pbs.twimg.com/media/BYgnmn1CIAIziTT.jpg							[]				
398278002988953604	398278002988953604	2013-11-07 11:37:30 KST	2013-11-07	11:37:30	+0900	215627538	zoiepalmer	Zoie palmer		The American Airlines Admiral lounge is nice.... So was their flight I might add, Oprah  and Ellen like it right? So I'm in good company :)	en	[]	[]	[]	19	14	98	[]	[]	https://twitter.com/ZoiePalmer/status/398278002988953604	False		0								[]				
398264847961313280	398264847961313280	2013-11-07 10:45:13 KST	2013-11-07	10:45:13	+0900	36681590	the_uso	USO		A USO moment: 13 Marines get impromptu welcome, 1st class seats for flight @USO_of_Illinois @AmericanAir…  http://t.co/skyLzytSH1	en	[{'screen_name': 'uso_of_illinois', 'name': 'uso illinois', 'id': '34079498'}, {'screen_name': 'americanair', 'name': 'americanair', 'id': '22536055'}]	['http://wp.me/pD3AV-2De']	[]	2	16	17	[]	[]	https://twitter.com/the_USO/status/398264847961313280	False		0								[]				
398256496976621568	398256496976621568	2013-11-07 10:12:02 KST	2013-11-07	10:12:02	+0900	14372486	engadget	Engadget		United, American Airlines allow electronics use during takeoff and landing too  http://t.co/zQVO7TRPQC	en	[]	['http://engt.co/HAvF6c']	[]	5	45	19	[]	[]	https://twitter.com/engadget/status/398256496976621568	False		0								[]				
397564409670684672	397564409670684672	2013-11-05 12:21:56 KST	2013-11-05	12:21:56	+0900	275686563	verge	The Verge		American Airlines now allows the use of personal electronics throughout your entire flight  http://t.co/KprEri9qXS	en	[]	['http://vrge.co/1hf0iy6']	[]	7	81	25	[]	[]	https://twitter.com/verge/status/397564409670684672	False		0								[]				
397386528084996097	397386528084996097	2013-11-05 00:35:06 KST	2013-11-05	00:35:06	+0900	22548403	tomfelton	Tom Felton		Tweeting from the sky. Transatlantic wifi.... amazing! #americanairlines #skyfi x	en	[]	[]	[]	200	496	1261	['americanairlines', 'skyfi']	[]	https://twitter.com/TomFelton/status/397386528084996097	False		0								[]				
397209451544838144	397209451544838144	2013-11-04 12:51:27 KST	2013-11-04	12:51:27	+0900	21808510	aacenter	aacenter		Selena Gomez is absolutely rocking the American Airlines Center. Look at that @dallascowboys jersey. #StarsDanceTour  http://t.co/SSl1OA6Hsc	en	[{'screen_name': 'dallascowboys', 'name': 'dallas cowboys', 'id': '8824902'}]	[]	['https://pbs.twimg.com/media/BYMr5CgCcAA7Jgd.png']	0	12	17	['starsdancetour']	[]	https://twitter.com/AACenter/status/397209451544838144	False		1	https://pbs.twimg.com/media/BYMr5CgCcAA7Jgd.png							[]				
397161678359371776	397150093918236672	2013-11-04 09:41:37 KST	2013-11-04	09:41:37	+0900	78194111	chelseaperetti	Chelsea Peretti		@amyschumer @AmericanAir NO WAY JOSE claaaaasssic usage	en	[{'screen_name': 'americanair', 'name': 'americanair', 'id': '22536055'}]	[]	[]	0	1	17	[]	[]	https://twitter.com/chelseaperetti/status/397161678359371776	False		0								[]				
397135695736995840	397135695736995840	2013-11-04 07:58:22 KST	2013-11-04	07:58:22	+0900	20105666	adambombshow	Adam Bomb™		@selenagomez by candlelight. She'll be on @nightslive with me tomorrow night! @ American Airlines Center  http://t.co/BmN5loRhxE	en	[{'screen_name': 'nightslive', 'name': 'pairoykide1971', 'id': '2983231492'}]	['http://instagram.com/p/gRSJo_QfRn/']	[]	0	32	20	[]	[]	https://twitter.com/adambombshow/status/397135695736995840	False		0								[]				
396633719886594048	396633719886594048	2013-11-02 22:43:42 KST	2013-11-02	22:43:42	+0900	7702542	dloesch	Dana Loesch		Ronnie from @AmericanAir is a treasure. She fixed their error. I’ll make it home to my babies tonight!	en	[{'screen_name': 'americanair', 'name': 'americanair', 'id': '22536055'}]	[]	[]	7	4	12	[]	[]	https://twitter.com/DLoesch/status/396633719886594048	False		0								[]				
396319855629959168	396319855629959168	2013-11-02 01:56:31 KST	2013-11-02	01:56:31	+0900	27457788	kevinspacey	Kevin Spacey		'#TheWinslowBoy Is Revived at @AmericanAir Theater' - @nytimes  http://t.co/QbOOhNPDty	en	[{'screen_name': 'americanair', 'name': 'americanair', 'id': '22536055'}, {'screen_name': 'nytimes', 'name': 'the new york times', 'id': '807095'}]	['http://nyti.ms/1aMmbh3']	[]	19	178	28	['thewinslowboy']	[]	https://twitter.com/KevinSpacey/status/396319855629959168	False		0								[]				
396283174956703744	396283174956703744	2013-11-01 23:30:46 KST	2013-11-01	23:30:46	+0900	20012454	str8edgeracer	C.J. Wilson		Me: oh cool we are on one of the brand new american airlines planes.  Him: i don't think they are new at all.   - totally 100% brand new	en	[]	[]	[]	6	5	21	[]	[]	https://twitter.com/str8edgeracer/status/396283174956703744	False		0								[]				
396248906126065664	396248906126065664	2013-11-01 21:14:35 KST	2013-11-01	21:14:35	+0900	32876210	richardmarx	Richard Marx	{'type': 'Point', 'coordinates': [42.36243257, -71.01976825]}	"I think it was Aristotle who said, ""Holy shit!! American Airlines really sucks!!"""	en	[]	[]	[]	18	9	21	[]	[]	https://twitter.com/richardmarx/status/396248906126065664	False		0								[]				
396248204607778816	396248204607778816	2013-11-01 21:11:48 KST	2013-11-01	21:11:48	+0900	32876210	richardmarx	Richard Marx	{'type': 'Point', 'coordinates': [42.36243257, -71.01976825]}	Just FYI. On @americanair the higher up you go in status past Executive Platinum only means you get royally screwed.	en	[{'screen_name': 'americanair', 'name': 'americanair', 'id': '22536055'}]	[]	[]	6	3	11	[]	[]	https://twitter.com/richardmarx/status/396248204607778816	False		0								[]				
