id	conversation_id	created_at	date	time	timezone	user_id	username	name	place	tweet	language	mentions	urls	photos	replies_count	retweets_count	likes_count	hashtags	cashtags	link	retweet	quote_url	video	thumbnail	near	geo	source	user_rt_id	user_rt	retweet_id	reply_to	retweet_date	translate	trans_src	trans_dest
395649998244675585	395649998244675585	2013-10-31 05:34:45 KST	2013-10-31	05:34:45	+0900	27529312	stevekerr	Steve Kerr		On the runway in Chicago- American Airlines is playing a piano/elevator version of 'Blurred Lines.' Who knew???	en	[]	[]	[]	14	11	16	[]	[]	https://twitter.com/SteveKerr/status/395649998244675585	False		0								[]				
394924324446289920	394924324446289920	2013-10-29 05:31:10 KST	2013-10-29	05:31:10	+0900	128956175	therealnimoy	Leonard Nimoy		I've been put on hold by @AmericanAir re. their info leaker . I think I've been holding about two weeks. Arm is tired.	en	[{'screen_name': 'americanair', 'name': 'americanair', 'id': '22536055'}]	[]	[]	65	66	97	[]	[]	https://twitter.com/TheRealNimoy/status/394924324446289920	False		0								[]				
394869575957114880	394869575957114880	2013-10-29 01:53:37 KST	2013-10-29	01:53:37	+0900	81692128	jonwurster	Jon Wurster		Now I feel like that episode where Fonzie skied over that dolphin.  RT @AmericanAir: @jonwurster It's Milwaukee, Jon.	en	[{'screen_name': 'americanair', 'name': 'americanair', 'id': '22536055'}, {'screen_name': 'jonwurster', 'name': 'jon wurster', 'id': '81692128'}]	[]	[]	1	1	12	[]	[]	https://twitter.com/jonwurster/status/394869575957114880	False		0								[]				
394613289256103936	394613289256103936	2013-10-28 08:55:14 KST	2013-10-28	08:55:14	+0900	330510986	natalieevamarie	Eva Marie		New Gear! Thanks sgovintage #WWE #TotalDivas #AllRedEverything 👙💋💪💋💋💋👙 @ AmericanAirlines Arena  http://t.co/ENYhHG5pQp	en	[]	['http://instagram.com/p/f_XAvYmzVM/']	[]	33	27	37	['wwe', 'totaldivas', 'allredeverything']	[]	https://twitter.com/natalieevamarie/status/394613289256103936	False		0								[]				
394578179475513344	394578179475513344	2013-10-28 06:35:43 KST	2013-10-28	06:35:43	+0900	86131902	doctorpcircus	Doctor P 🧔🏻		I asked American Airlines if I could switch to the earlier flight to London and they told me it was going to be $11,000 to change. Bargain..	en	[]	[]	[]	8	13	27	[]	[]	https://twitter.com/doctorpcircus/status/394578179475513344	False		0								[]				
394299204438605824	394299204438605824	2013-10-27 12:07:10 KST	2013-10-27	12:07:10	+0900	352145373	whattheffacts	What The F*** Facts		American Airlines saved $40,000 in 1987 by taking out an olive from First Class salads.	en	[]	[]	[]	16	265	178	[]	[]	https://twitter.com/WhatTheFFacts/status/394299204438605824	False		0								[]				
394208120399859712	394208120399859712	2013-10-27 06:05:14 KST	2013-10-27	06:05:14	+0900	48579013	navedelmisterio	Iker Jiménez		Pánico a bordo del simulador del avión de American Airlines reviviendo el 11S (y pilota @SantiCamach0)  http://t.co/k79Lf8Pdsn #CuartoMilenio	es	[{'screen_name': 'santicamach0', 'name': 'santiago camacho', 'id': '522230446'}]	['http://bit.ly/1bqaRam']	[]	6	24	14	['cuartomilenio']	[]	https://twitter.com/navedelmisterio/status/394208120399859712	False		0								[]				
393472075785986048	393472075785986048	2013-10-25 05:20:27 KST	2013-10-25	05:20:27	+0900	462156189	coltondixon	Colton Dixon		"""Free drinks due to the delay""- American Airlines...... Yup, I'll still just have water thanks.ha."	en	[]	[]	[]	25	37	249	[]	[]	https://twitter.com/coltondixon/status/393472075785986048	False		0								[]				
393327756789821441	393327756789821441	2013-10-24 19:46:59 KST	2013-10-24	19:46:59	+0900	48579013	navedelmisterio	Iker Jiménez		Cronología del vuelo American Airlines 11 (AA 11) De Boston a Los Ángeles - 11 Septiembre 2001  http://t.co/yuogK8a8Ch #CuartoMilenio	es	[]	['http://on.fb.me/18eDK66']	[]	2	23	12	['cuartomilenio']	[]	https://twitter.com/navedelmisterio/status/393327756789821441	False		0								[]				
393141615193120768	393141615193120768	2013-10-24 07:27:19 KST	2013-10-24	07:27:19	+0900	17067902	karijobe	Kari Jobe		Happy #RANDOMWEDNESDAY RT @AmericanAir: Happy Hump Day from the #newAmerican.  http://t.co/Oe7DjqTNiG	en	[{'screen_name': 'americanair', 'name': 'americanair', 'id': '22536055'}]	[]	['https://pbs.twimg.com/media/BXRK-9NCAAAkTU-.jpg']	11	16	68	['randomwednesday', 'newamerican']	[]	https://twitter.com/karijobe/status/393141615193120768	False		1	https://pbs.twimg.com/media/BXRK-9NCAAAkTU-.jpg							[]				
393029066242011138	393029066242011138	2013-10-24 00:00:06 KST	2013-10-24	00:00:06	+0900	48360631	ramazzottieros	Eros Ramazzotti		MIAMI (USA) - 24.10.2013 - #NOITOUR #NoiTourUSA - AmericanAirlines Arena - Tickets  http://t.co/K3Odjak1oT  http://t.co/c7ufhy8C5r	en	[]	['http://tinyurl.com/2vwwprn', 'http://fb.me/NG37A8KJ']	[]	17	25	30	['noitour', 'noitourusa']	[]	https://twitter.com/RamazzottiEros/status/393029066242011138	False		0								[]				
392774987201142784	392774987201142784	2013-10-23 07:10:29 KST	2013-10-23	07:10:29	+0900	186514697	airbusintheus	Airbus in the U.S.		A real #American beauty. The @AmericanAir #A319 at @dfwairport:  http://t.co/0WY8lT6zFg	en	[{'screen_name': 'americanair', 'name': 'americanair', 'id': '22536055'}, {'screen_name': 'dfwairport', 'name': 'dfw airport', 'id': '34605824'}]	['http://ow.ly/q4vZb']	[]	10	29	14	['american', 'a319']	[]	https://twitter.com/AirbusInTheUS/status/392774987201142784	False		0								[]				
392715196906893315	392715196906893315	2013-10-23 03:12:53 KST	2013-10-23	03:12:53	+0900	46446547	rendcollective	REND COLLECTIVE		We all got upgraded to first class for free!! Whoop! Is this a dream? Thanks @AmericanAir	en	[{'screen_name': 'americanair', 'name': 'americanair', 'id': '22536055'}]	[]	[]	1	2	32	[]	[]	https://twitter.com/rendcollective/status/392715196906893315	False		0								[]				
392704005903638528	392704005903638528	2013-10-23 02:28:25 KST	2013-10-23	02:28:25	+0900	81692128	jonwurster	Jon Wurster		Greatest moment of my adult life. Thank you. Now, look out, loud talkers! RT @AmericanAir: @jonwurster We hereby declare you so, Jon.	en	[{'screen_name': 'americanair', 'name': 'americanair', 'id': '22536055'}, {'screen_name': 'jonwurster', 'name': 'jon wurster', 'id': '81692128'}]	[]	[]	2	2	13	[]	[]	https://twitter.com/jonwurster/status/392704005903638528	False		0								[]				
392463065213460480	392463065213460480	2013-10-22 10:31:01 KST	2013-10-22	10:31:01	+0900	21737073	jeremypassion	Jeremy Passion		LOL Landing into Dallas for my layover, American Airlines started playing “Blurred Lines” piano ballad version on the speakers. Da heo?	en	[]	[]	[]	3	1	13	[]	[]	https://twitter.com/jeremypassion/status/392463065213460480	False		0								[]				
391675018465509376	391675018465509376	2013-10-20 06:19:36 KST	2013-10-20	06:19:36	+0900	8824902	dallascowboys	Dallas Cowboys		Thanks @AmericanAir for getting us to Philadelphia safe and sound  http://t.co/YpTntc2Bwm	en	[{'screen_name': 'americanair', 'name': 'americanair', 'id': '22536055'}]	[]	['https://pbs.twimg.com/media/BW-CWpxIAAAIwx9.jpg']	26	89	107	[]	[]	https://twitter.com/dallascowboys/status/391675018465509376	False		1	https://pbs.twimg.com/media/BW-CWpxIAAAIwx9.jpg							[]				
391601037527638017	391601037527638017	2013-10-20 01:25:37 KST	2013-10-20	01:25:37	+0900	141021153	tmartn	TmarTn		Was forced to fly United today. Really missin' my main chick @AmericanAir	en	[{'screen_name': 'americanair', 'name': 'americanair', 'id': '22536055'}]	[]	[]	5	4	17	[]	[]	https://twitter.com/TmarTn/status/391601037527638017	False		0								[]				
391554470737244160	391554470737244160	2013-10-19 22:20:35 KST	2013-10-19	22:20:35	+0900	58233603	iansomerhalder	Ian Somerhalder		By the way-Racism SUCKS.I got it in ATLa few hours ago from(believe it or not)American Airlines employees.Compassion&amp;tolerance-the way to go	en	[]	[]	[]	444	2416	2439	[]	[]	https://twitter.com/iansomerhalder/status/391554470737244160	False		0								[]				
390471251409793024	390471251409793024	2013-10-16 22:36:15 KST	2013-10-16	22:36:15	+0900	86972419	mrdrewscott	Drew Scott		Like it or not Chicago here I come:) @AmericanAir  http://t.co/QAJYKwBBd7	en	[{'screen_name': 'americanair', 'name': 'americanair', 'id': '22536055'}]	[]	['https://pbs.twimg.com/media/BWs7iMJIIAAa4jC.jpg']	25	6	39	[]	[]	https://twitter.com/MrDrewScott/status/390471251409793024	False		1	https://pbs.twimg.com/media/BWs7iMJIIAAa4jC.jpg							[]				
390268200942047232	390268200942047232	2013-10-16 09:09:24 KST	2013-10-16	09:09:24	+0900	128956175	therealnimoy	Leonard Nimoy		Someone at American Airlines is leaking passenger info.	en	[]	[]	[]	122	126	57	[]	[]	https://twitter.com/TheRealNimoy/status/390268200942047232	False		0								[]				
390210586190966785	390210586190966785	2013-10-16 05:20:28 KST	2013-10-16	05:20:28	+0900	310687757	jarpad	Jared Padalecki		@AmericanAir if you're confused, ill clarify. It BS for you to offer a public apology, and then ignore somebody privately. Shame on you	en	[]	[]	[]	102	179	374	[]	[]	https://twitter.com/jarpad/status/390210586190966785	False		0								[]				
390209940091990016	390207441167597568	2013-10-16 05:17:54 KST	2013-10-16	05:17:54	+0900	310687757	jarpad	Jared Padalecki		@AmericanAir that's cute. But you have to ACTUALLY follow through and respond if you're truly sorry. But you didn't. So, shove it.	en	[]	[]	[]	90	288	546	[]	[]	https://twitter.com/jarpad/status/390209940091990016	False		0								[]				
390207441167597568	390207441167597568	2013-10-16 05:07:58 KST	2013-10-16	05:07:58	+0900	310687757	jarpad	Jared Padalecki		@AmericanAir delayed my AUS-DFW leg an hour and a half, making me unable to get to Vancouver in time to live tweet. Sorry fans :(	en	[]	[]	[]	280	276	498	[]	[]	https://twitter.com/jarpad/status/390207441167597568	False		0								[]				
388774641554440192	388774641554440192	2013-10-12 06:14:32 KST	2013-10-12	06:14:32	+0900	86607618	guzelzinho	Samet Güzel		Son Sampiyon Miami Heat'in American Airlines Arenasi :)  http://t.co/Zbl93cK1xL	tr	[]	[]	['https://pbs.twimg.com/media/BWU0efyIUAEB2L9.jpg']	3	16	30	[]	[]	https://twitter.com/Guzelzinho/status/388774641554440192	False		1	https://pbs.twimg.com/media/BWU0efyIUAEB2L9.jpg							[]				
388751515793379328	388751515793379328	2013-10-12 04:42:38 KST	2013-10-12	04:42:38	+0900	59293302	kathleenmadigan	Kathleen Madigan		Delta has live direct TV and wifi. American has landlines n flight attendants act out scenes from Facts of Life. @Delta @AmericanAir	en	[{'screen_name': 'delta', 'name': 'delta', 'id': '5920532'}, {'screen_name': 'americanair', 'name': 'americanair', 'id': '22536055'}]	[]	[]	6	11	14	[]	[]	https://twitter.com/kathleenmadigan/status/388751515793379328	False		0								[]				
388740722368593920	388740722368593920	2013-10-12 03:59:45 KST	2013-10-12	03:59:45	+0900	24746491	stevekandell	Steve Kandell		step ITS pussy up RT @AZEALIABANKS: American Airlines needs to step it's pussy up today.	en	[{'screen_name': 'azealiabanks', 'name': 'bruja del bloque', 'id': '145353566'}]	[]	[]	3	5	14	[]	[]	https://twitter.com/SteveKandell/status/388740722368593920	False		0								[]				
388438840098058240	388438840098058240	2013-10-11 08:00:10 KST	2013-10-11	08:00:10	+0900	275686563	verge	The Verge		Meet the creators of the iconic Ford and American Airlines logos in the new documentary Design is One  http://t.co/Fu9RrQ5qjL	en	[]	['http://vrge.co/1ebYJMm']	[]	1	14	21	[]	[]	https://twitter.com/verge/status/388438840098058240	False		0								[]				
388409532449173504	388409532449173504	2013-10-11 06:03:43 KST	2013-10-11	06:03:43	+0900	14681605	thatkevinsmith	KevinSmith		On an @AmericanAir flight, peeping THE LONE RANGER. Way more watchable than folks have told me. After this, I'm gonna re-watch MAN OF STEEL.	en	[{'screen_name': 'americanair', 'name': 'americanair', 'id': '22536055'}]	[]	[]	59	18	38	[]	[]	https://twitter.com/ThatKevinSmith/status/388409532449173504	False		0								[]				
388173265299963904	388173265299963904	2013-10-10 14:24:53 KST	2013-10-10	14:24:53	+0900	34097876	laurenconrad	Lauren Conrad		Pretty sure someone at American Airlines has been consistently leaking flight info to paparazzi. Disappointing. Time for an airline change?	en	[]	[]	[]	122	76	368	[]	[]	https://twitter.com/LaurenConrad/status/388173265299963904	False		0								[]				
387920675102797824	387920675102797824	2013-10-09 21:41:10 KST	2013-10-09	21:41:10	+0900	17523013	kingchip	Chip Tha Ripper		I heard some Cleveland niggas were at American Airlines Arena in Miami tearing the ROOF off that ho 👑👑👑	en	[]	[]	[]	2	25	25	[]	[]	https://twitter.com/kingchip/status/387920675102797824	False		0								[]				
387782668114329600	387782668114329600	2013-10-09 12:32:47 KST	2013-10-09	12:32:47	+0900	890891	bleacherreport	Bleacher Report		Graffiti artist gives a @KingJames #NBA2K14 billboard outside American Airlines Arena a new look  https://t.co/rDUFeCNspd	en	[{'screen_name': 'kingjames', 'name': 'lebron james', 'id': '23083404'}]	['https://bitly.com/19yrqE9']	[]	5	40	30	['nba2k14']	[]	https://twitter.com/BleacherReport/status/387782668114329600	False		0								[]				
387625692348682240	387625692348682240	2013-10-09 02:09:01 KST	2013-10-09	02:09:01	+0900	16877611	foxsports	FOX Sports		A Raiders fan tweeted about Matt Flynn and American Airlines offered their customer service ( http://t.co/9Nvq37bmns):  http://t.co/pyTZscyfhf	en	[]	['http://bit.ly/15TwsKq']	['https://pbs.twimg.com/media/BWEfg0lCMAANJDD.png']	14	171	78	[]	[]	https://twitter.com/FOXSports/status/387625692348682240	False		1	https://pbs.twimg.com/media/BWEfg0lCMAANJDD.png							[]				
387434592468086784	387434592468086784	2013-10-08 13:29:39 KST	2013-10-08	13:29:39	+0900	23508439	nflonfox	FOX Sports: NFL		A Raiders blogger tweeted about Matt Flynn and American Airlines offered some priceless customer service:  http://t.co/ACklD10dww	en	[]	[]	['https://pbs.twimg.com/media/BWBxtYpCMAAP-L3.png']	23	382	157	[]	[]	https://twitter.com/NFLonFOX/status/387434592468086784	False		1	https://pbs.twimg.com/media/BWBxtYpCMAAP-L3.png							[]				
387295102797770752	387295102797770752	2013-10-08 04:15:22 KST	2013-10-08	04:15:22	+0900	80893052	christhile	Chris Thile		“@AmericanAir: @christhile We appreciate your insight. We'll collect your tweets and forward them to the appropriate folks.” GODSPEED!!!	en	[{'screen_name': 'americanair', 'name': 'americanair', 'id': '22536055'}, {'screen_name': 'christhile', 'name': 'chris thile', 'id': '80893052'}]	[]	[]	4	2	21	[]	[]	https://twitter.com/christhile/status/387295102797770752	False		0								[]				
387292820135870464	387292820135870464	2013-10-08 04:06:18 KST	2013-10-08	04:06:18	+0900	80893052	christhile	Chris Thile		“@AmericanAir: @christhile We recognize that customers have different tastes in music, Chris. We appreciate your feedback.” Yes, yes, but…	en	[{'screen_name': 'americanair', 'name': 'americanair', 'id': '22536055'}, {'screen_name': 'christhile', 'name': 'chris thile', 'id': '80893052'}]	[]	[]	5	2	17	[]	[]	https://twitter.com/christhile/status/387292820135870464	False		0								[]				
387287987349778433	387287987349778433	2013-10-08 03:47:06 KST	2013-10-08	03:47:06	+0900	80893052	christhile	Chris Thile		“@AmericanAir: @christhile Thanks, Chris. We welcome any suggestions!” #1: Eliminate all spa-style solo piano renderings of today’s hits…	en	[{'screen_name': 'americanair', 'name': 'americanair', 'id': '22536055'}, {'screen_name': 'christhile', 'name': 'chris thile', 'id': '80893052'}]	[]	[]	3	16	30	[]	[]	https://twitter.com/christhile/status/387287987349778433	False		0								[]				
387284462293098496	387284462293098496	2013-10-08 03:33:05 KST	2013-10-08	03:33:05	+0900	80893052	christhile	Chris Thile		Dear @AmericanAir, as a concerned ExecPlat member and professional musician, I hereby offer my services as a music consultant, ON THE HOUSE.	en	[{'screen_name': 'americanair', 'name': 'americanair', 'id': '22536055'}]	[]	[]	10	17	53	[]	[]	https://twitter.com/christhile/status/387284462293098496	False		0								[]				
387282981993582592	387282981993582592	2013-10-08 03:27:12 KST	2013-10-08	03:27:12	+0900	17915334	bigsean	Sean Don		Miami tomorrow me, Cudi and Logic at the AmericanAirlines arena tickets here --&gt;   http://t.co/eMpU8iDm31	en	[]	['http://www.ticketmaster.com/kid-cudi-miami-florida-10-08-2013/event/0D004B089CB98928?artistid=1325053&majorcatid=10001&minorcatid=1&awc=4103_1381170302_a756eb42f426f4d0e3df81217fcc05c6&REFERRAL_ID=tmfeedbuyat97249&wt.mc_id=aff_BUYAT_97249&camefrom=CFC_BUYAT_97249']	[]	43	156	119	[]	[]	https://twitter.com/BigSean/status/387282981993582592	False		0								[]				
387262599760338944	387262599760338944	2013-10-08 02:06:13 KST	2013-10-08	02:06:13	+0900	16093999	clairecoffee	Claire Coffee		The new age solo piano version of “Blurred Lines” on this @AmericanAir flight can only be blamed on the #GovernmentShutdown. Now I care.	en	[{'screen_name': 'americanair', 'name': 'americanair', 'id': '22536055'}]	[]	[]	3	15	22	['governmentshutdown']	[]	https://twitter.com/clairecoffee/status/387262599760338944	False		0								[]				
387040134555648000	387039578378342400	2013-10-07 11:22:13 KST	2013-10-07	11:22:13	+0900	21910850	jakeowen	Jake Owen		“@DebraRippey: @jakeowen YOU NEED TO GO TO AA!!!!!!!!!”  I'm not a quitter, and not a fan of American Airlines	en	[{'screen_name': 'jakeowen', 'name': 'jake owen', 'id': '21910850'}]	[]	[]	15	53	163	[]	[]	https://twitter.com/jakeowen/status/387040134555648000	False		0								[]				
386918058708959232	386918058708959232	2013-10-07 03:17:08 KST	2013-10-07	03:17:08	+0900	6017542	breakingnews	Breaking News		American Airlines flight to Shanghai suffers apparent bird strike after takeoff; lands safely back in Chicago - @CNN  http://t.co/3BeOcjDgUq	en	[{'screen_name': 'cnn', 'name': 'cnn', 'id': '759251'}]	['http://bit.ly/17dcfJB']	[]	18	144	17	[]	[]	https://twitter.com/BreakingNews/status/386918058708959232	False		0								[]				
386333974487781376	386333974487781376	2013-10-05 12:36:11 KST	2013-10-05	12:36:11	+0900	14869587	albertmohler	Albert Mohler		I was waiting for @johnmacarthur in the American Airlines Admirals club at LAX. Vin Scully invited me to share his table. Very nice man.	en	[{'screen_name': 'johnmacarthur', 'name': 'john macarthur', 'id': '44623496'}]	[]	[]	7	11	14	[]	[]	https://twitter.com/albertmohler/status/386333974487781376	False		0								[]				
386258601515708416	386258601515708416	2013-10-05 07:36:41 KST	2013-10-05	07:36:41	+0900	340230457	dancemomholly	Holly Frazier		Thank you @AmericanAir for a terrific flight home today! Great crew!	en	[{'screen_name': 'americanair', 'name': 'americanair', 'id': '22536055'}]	[]	[]	4	4	20	[]	[]	https://twitter.com/DanceMomHolly/status/386258601515708416	False		0								[]				
386236065968705536	386234348485091328	2013-10-05 06:07:08 KST	2013-10-05	06:07:08	+0900	19743731	alfredoflores	Alfredo Flores		@AmericanAir Tokyo.	tl	[]	[]	[]	49	227	247	[]	[]	https://twitter.com/AlfredoFlores/status/386236065968705536	False		0								[]				
386194960682188801	386194960682188801	2013-10-05 03:23:48 KST	2013-10-05	03:23:48	+0900	34396691	robertirvine	Robert Irvine		Setting up for feeding 8,000 people tonight at @Americanairlines Skyball 11  http://t.co/yEfwtLuw8R	en	[]	[]	['https://pbs.twimg.com/media/BVwKRTyCQAAdXLZ.jpg']	18	6	17	[]	[]	https://twitter.com/RobertIrvine/status/386194960682188801	False		1	https://pbs.twimg.com/media/BVwKRTyCQAAdXLZ.jpg							[]				
385947679383375872	385947679383375872	2013-10-04 11:01:11 KST	2013-10-04	11:01:11	+0900	27179932	jasonisbell	Jason Isbell		I'm watching this damn baseball game. Shoulda known @AmericanAir would be delayed. Usually I de-pants for good luck, but Laguardia frowns.	en	[{'screen_name': 'americanair', 'name': 'americanair', 'id': '22536055'}]	[]	[]	21	16	19	[]	[]	https://twitter.com/JasonIsbell/status/385947679383375872	False		0								[]				
385505722257375233	385505722257375233	2013-10-03 05:45:01 KST	2013-10-03	05:45:01	+0900	38252077	chrisgorham	Christopher Gorham		Ok, @AmericanAir , if you won't give me TV *grumble* PLEASE improve your coffee. Throw me a bone. In the shape of delicious coffee.	en	[{'screen_name': 'americanair', 'name': 'americanair', 'id': '22536055'}]	[]	[]	12	4	17	[]	[]	https://twitter.com/ChrisGorham/status/385505722257375233	False		0								[]				
385133575139373057	385133575139373057	2013-10-02 05:06:14 KST	2013-10-02	05:06:14	+0900	355906128	wendydavis	Wendy Davis		I welcome anyone's support in my work to protect Texas jobs and keep @AmericanAir and North Texas thriving.  http://t.co/l04HDXRLIg	en	[{'screen_name': 'americanair', 'name': 'americanair', 'id': '22536055'}]	['http://bit.ly/1c0ykCZ']	[]	10	41	28	[]	[]	https://twitter.com/wendydavis/status/385133575139373057	False		0								[]				
