id	conversation_id	created_at	date	time	timezone	user_id	username	name	place	tweet	language	mentions	urls	photos	replies_count	retweets_count	likes_count	hashtags	cashtags	link	retweet	quote_url	video	thumbnail	near	geo	source	user_rt_id	user_rt	retweet_id	reply_to	retweet_date	translate	trans_src	trans_dest
327480990673035264	327480990673035264	2013-04-26 02:55:27 KST	2013-04-26	02:55:27	+0900	14561327	dhh	DHH		When done reading that, @americanair, you can review your particular performance: American Airlines earned an enemy,  http://t.co/V3exHnX7zc	en	[{'screen_name': 'americanair', 'name': 'americanair', 'id': '22536055'}]	['http://david.heinemeierhansson.com/2013/american-airlines-earned-an-enemy.html']	[]	24	53	15	[]	[]	https://twitter.com/dhh/status/327480990673035264	False		0								[]				
327480764818145280	327480764818145280	2013-04-26 02:54:33 KST	2013-04-26	02:54:33	+0900	14561327	dhh	DHH		"Hey, @americanair, this one is dedicated to you: ""When empathy becomes insulting"",  http://t.co/geWNOrzArD"	en	[{'screen_name': 'americanair', 'name': 'americanair', 'id': '22536055'}]	['http://37signals.com/svn/posts/3513-when-empathy-becomes-insulting']	[]	10	18	17	[]	[]	https://twitter.com/dhh/status/327480764818145280	False		0								[]				
327457958629867520	327456065757274112	2013-04-26 01:23:55 KST	2013-04-26	01:23:55	+0900	14561327	dhh	DHH		.@AmericanAir You're missing the point: We NEVER want to fly AA again after you fucked us over. How does a credit help with that?	en	[{'screen_name': 'americanair', 'name': 'americanair', 'id': '22536055'}]	[]	[]	12	1	11	[]	[]	https://twitter.com/dhh/status/327457958629867520	False		0								[]				
327096945581625344	327096945581625344	2013-04-25 01:29:23 KST	2013-04-25	01:29:23	+0900	14561327	dhh	DHH		I wish Trakdot had been out before @americanair lost our luggage:  http://t.co/CvkhhLzg3O. Cheap GPS tracking for your bag!	en	[{'screen_name': 'americanair', 'name': 'americanair', 'id': '22536055'}]	['http://www.trakdot.com/TrakDot/index.jsp']	[]	6	7	27	[]	[]	https://twitter.com/dhh/status/327096945581625344	False		0								[]				
326700438902697985	326700438902697985	2013-04-23 23:13:49 KST	2013-04-23	23:13:49	+0900	58529612	realdlhughley	DL Hughley		At JFK on my way 2 LAX American Airlines asked if i wanted 2 see a display of its New Planes! I said Nah! i just wanna C em leaving on time	en	[]	[]	[]	13	5	11	[]	[]	https://twitter.com/RealDLHughley/status/326700438902697985	False		0								[]				
326427690267721729	326427690267721729	2013-04-23 05:10:00 KST	2013-04-23	05:10:00	+0900	15119140	maureenjohnson	Maureen Johnson		I should point out, @united and @AmericanAir, that if you wait too long to answer, the kitten dies.	en	[{'screen_name': 'united', 'name': 'united airlines', 'id': '260907612'}, {'screen_name': 'americanair', 'name': 'americanair', 'id': '22536055'}]	[]	[]	16	10	31	[]	[]	https://twitter.com/maureenjohnson/status/326427690267721729	False		0								[]				
326426715264016385	326426715264016385	2013-04-23 05:06:08 KST	2013-04-23	05:06:08	+0900	15119140	maureenjohnson	Maureen Johnson		EITHER you rescue the kitten OR you get to be an airline. America awaits your answer. @AmericanAir @united	en	[{'screen_name': 'americanair', 'name': 'americanair', 'id': '22536055'}, {'screen_name': 'united', 'name': 'united airlines', 'id': '260907612'}]	[]	[]	8	10	25	[]	[]	https://twitter.com/maureenjohnson/status/326426715264016385	False		0								[]				
326426346370772993	326425084032086017	2013-04-23 05:04:40 KST	2013-04-23	05:04:40	+0900	15119140	maureenjohnson	Maureen Johnson		“@AmericanAir: @maureenjohnson We want to be the airline that rescues the kitten!” Not an answer! You must choose!	en	[{'screen_name': 'americanair', 'name': 'americanair', 'id': '22536055'}, {'screen_name': 'maureenjohnson', 'name': 'maureen johnson', 'id': '15119140'}]	[]	[]	4	6	23	[]	[]	https://twitter.com/maureenjohnson/status/326426346370772993	False		0								[]				
326425084032086017	326425084032086017	2013-04-23 04:59:39 KST	2013-04-23	04:59:39	+0900	15119140	maureenjohnson	Maureen Johnson		Question for both @AmericanAir and @united: if you had to choose between being an airline and rescuing a kitten, which would you choose?	en	[{'screen_name': 'americanair', 'name': 'americanair', 'id': '22536055'}, {'screen_name': 'united', 'name': 'united airlines', 'id': '260907612'}]	[]	[]	5	23	33	[]	[]	https://twitter.com/maureenjohnson/status/326425084032086017	False		0								[]				
326424396707274753	326424396707274753	2013-04-23 04:56:55 KST	2013-04-23	04:56:55	+0900	15119140	maureenjohnson	Maureen Johnson		If I scheduled an upgrade with you, @AmericanAir, would you give it to me? Choose wisely. @united is listening. #friendshiptest	en	[{'screen_name': 'americanair', 'name': 'americanair', 'id': '22536055'}, {'screen_name': 'united', 'name': 'united airlines', 'id': '260907612'}]	[]	[]	5	6	21	['friendshiptest']	[]	https://twitter.com/maureenjohnson/status/326424396707274753	False		0								[]				
325451352811663361	325451352811663361	2013-04-20 12:30:23 KST	2013-04-20	12:30:23	+0900	30043148	kaylatausche	Kayla Tausche		Deplaned and sent home from LGA. But thanks for the onboard open bar, @AmericanAir... New York's hottest club is TARMAC	en	[{'screen_name': 'americanair', 'name': 'americanair', 'id': '22536055'}]	[]	[]	8	1	13	[]	[]	https://twitter.com/kaylatausche/status/325451352811663361	False		0								[]				
325353575381344257	325353575381344257	2013-04-20 06:01:51 KST	2013-04-20	06:01:51	+0900	310687757	jarpad	Jared Padalecki		@americanair Your employee Tracy Burrell at DFW is EXTREMELY rude. It makes me question flying with you.	en	[]	[]	[]	64	133	175	[]	[]	https://twitter.com/jarpad/status/325353575381344257	False		0								[]				
325311982574137344	325311982574137344	2013-04-20 03:16:35 KST	2013-04-20	03:16:35	+0900	15079315	judahsmith	Judah Smith		Tried three times yesterday to get to @gatewaypink but today we are all good, see you soon Ladies! #americanairlines	en	[{'screen_name': 'gatewaypink', 'name': 'gateway women', 'id': '74920596'}]	[]	[]	7	18	13	['americanairlines']	[]	https://twitter.com/judahsmith/status/325311982574137344	False		0								[]				
325300239521165312	325300239521165312	2013-04-20 02:29:55 KST	2013-04-20	02:29:55	+0900	6539592	jimgaffigan	Jim Gaffigan		Hey @AmericanAir it’s 1pm in Columbus.  You canceled my flight and have offered NO help in getting me to Chicago for my shows tonight?	en	[{'screen_name': 'americanair', 'name': 'americanair', 'id': '22536055'}]	[]	[]	194	65	33	[]	[]	https://twitter.com/JimGaffigan/status/325300239521165312	False		0								[]				
325081557729693698	325081557729693698	2013-04-19 12:00:57 KST	2013-04-19	12:00:57	+0900	609688553	laina622	Laina		. @AmericanAir caused some SERIOUS #firstworldproblems   http://t.co/OEk51t36Z0	en	[{'screen_name': 'americanair', 'name': 'americanair', 'id': '22536055'}]	['http://www.youtube.com/watch?v=xvlA0a6_0_4&feature=youtu.be']	[]	21	21	36	['firstworldproblems']	[]	https://twitter.com/laina622/status/325081557729693698	False		0								[]				
324643955293696000	324643955293696000	2013-04-18 07:02:05 KST	2013-04-18	07:02:05	+0900	1344951	wired	WIRED		American Airlines lost yesterday when 400 flights were grounded by a software glitch. BOO SOFTWARE GLITCHES.  http://t.co/EVCd3dtglb	en	[]	['http://oak.ctx.ly/r/4351']	[]	8	54	19	[]	[]	https://twitter.com/WIRED/status/324643955293696000	False		0								[]				
324595154767982593	324595154767982593	2013-04-18 03:48:10 KST	2013-04-18	03:48:10	+0900	21414413	joan_rivers	Joan Rivers		Thank you Dennett from my @AmericanAir flight to LAX today.The ONLY flight attendant on board that was able to fix my light so I could work!	en	[{'screen_name': 'americanair', 'name': 'americanair', 'id': '22536055'}]	[]	[]	17	16	22	[]	[]	https://twitter.com/Joan_Rivers/status/324595154767982593	False		0								[]				
324581363644784640	324537205450223617	2013-04-18 02:53:22 KST	2013-04-18	02:53:22	+0900	609688553	laina622	Laina		.@AmericanAir @bbolan1 They will not assist you. They will put you on hold for 2 hours, then still have no idea where your luggage is.	en	[{'screen_name': 'americanair', 'name': 'americanair', 'id': '22536055'}, {'screen_name': 'bbolan1', 'name': 'bbolan1', 'id': '1377280679919095814'}]	[]	[]	6	2	18	[]	[]	https://twitter.com/laina622/status/324581363644784640	False		0								[]				
324548891989118976	324548891989118976	2013-04-18 00:44:20 KST	2013-04-18	00:44:20	+0900	18774567	frankcaliendo	Frank Caliendo		Anyone else get stuck because of American Airlines yesterday?  Felt like i was a contestant on American Idle  #IWentNowhereFast #DFW	en	[]	[]	[]	10	17	13	['iwentnowherefast', 'dfw']	[]	https://twitter.com/FrankCaliendo/status/324548891989118976	False		0								[]				
324530280914358272	324530280914358272	2013-04-17 23:30:23 KST	2013-04-17	23:30:23	+0900	23967578	terrellowens	Terrell Owens		This is how long I was on &amp; off hold w/@americanair to get a new reservation...  http://t.co/eY4foe695T	en	[{'screen_name': 'americanair', 'name': 'americanair', 'id': '22536055'}]	[]	['https://pbs.twimg.com/media/BID2kjECEAEvYDE.jpg']	55	21	18	[]	[]	https://twitter.com/terrellowens/status/324530280914358272	False		1	https://pbs.twimg.com/media/BID2kjECEAEvYDE.jpg							[]				
324309148101644288	324304552780263424	2013-04-17 08:51:40 KST	2013-04-17	08:51:40	+0900	609688553	laina622	Laina		.@AmericanAir I'm not arriving. My flight was cancelled. Cancelled for me, not my luggage. Next time I'll disguise myself as luggage.	en	[{'screen_name': 'americanair', 'name': 'americanair', 'id': '22536055'}]	[]	[]	20	50	127	[]	[]	https://twitter.com/laina622/status/324309148101644288	False		0								[]				
324304552780263424	324304552780263424	2013-04-17 08:33:25 KST	2013-04-17	08:33:25	+0900	609688553	laina622	Laina		Hope my luggage enjoys the flight. @AmericanAir sent it without me. And won't call me back. Good thing I'm good at constantly calling.	en	[{'screen_name': 'americanair', 'name': 'americanair', 'id': '22536055'}]	[]	[]	29	20	95	[]	[]	https://twitter.com/laina622/status/324304552780263424	False		0								[]				
324284664640577537	324284664640577537	2013-04-17 07:14:23 KST	2013-04-17	07:14:23	+0900	47363263	kimcattrall	Kim Cattrall		@americanairlines @oldvictheatre  On my way to London. See u soon Blighty!!  http://t.co/IVL7O2jMTW	en	[{'screen_name': 'oldvictheatre', 'name': 'the old vic', 'id': '39263607'}]	[]	['https://pbs.twimg.com/media/BIAXLzKCIAARSeD.jpg']	14	6	26	[]	[]	https://twitter.com/KimCattrall/status/324284664640577537	False		1	https://pbs.twimg.com/media/BIAXLzKCIAARSeD.jpg							[]				
324268177276170240	324268177276170240	2013-04-17 06:08:52 KST	2013-04-17	06:08:52	+0900	262388975	dulehill	Dulé Hill		2 hours and waiting. Dag! Why did I check a bag today @AmericanAir? #WaitForiiiiiTT	en	[{'screen_name': 'americanair', 'name': 'americanair', 'id': '22536055'}]	[]	[]	16	6	31	['waitforiiiiitt']	[]	https://twitter.com/DuleHill/status/324268177276170240	False		0								[]				
324264123653296130	324264123653296130	2013-04-17 05:52:46 KST	2013-04-17	05:52:46	+0900	428333	cnnbrk	CNN Breaking News		American Airlines has restored computer systems but flight delays and cancellations continue.  http://t.co/AHBVAN3zhG  #aviation	en	[]	['http://on.cnn.com/13cMkWz']	[]	15	169	15	['aviation']	[]	https://twitter.com/cnnbrk/status/324264123653296130	False		0								[]				
324249904337784833	324249904337784833	2013-04-17 04:56:16 KST	2013-04-17	04:56:16	+0900	20569690	solzilla	Sol		I'm on US soil! In route to Seattle but American Airlines' computer system is down. The Gods don't want me home yet. :-( #delayed	en	[]	[]	[]	6	4	25	['delayed']	[]	https://twitter.com/Solzilla/status/324249904337784833	False		0								[]				
324249555082280960	324249555082280960	2013-04-17 04:54:52 KST	2013-04-17	04:54:52	+0900	159764278	asabfb	Asa Butterfield		5 hour delays here in NY. American Airlines you f'ed up. Big time.	en	[]	[]	[]	34	61	95	[]	[]	https://twitter.com/asabfb/status/324249555082280960	False		0								[]				
324246155263373314	324246155263373314	2013-04-17 04:41:22 KST	2013-04-17	04:41:22	+0900	423133450	malcolmwhw	Malcolm Freberg		I'm literally in a cab to airport to fly American Airlines. Cussword-profanity-cussword. There'd better be a bar this side of security.	en	[]	[]	[]	20	7	60	[]	[]	https://twitter.com/MalcolmWHW/status/324246155263373314	False		0								[]				
324232819683520512	324232819683520512	2013-04-17 03:48:22 KST	2013-04-17	03:48:22	+0900	428333	cnnbrk	CNN Breaking News		American Airlines: System-wide ground delay until 5 p.m. ET @AmericanAir  http://t.co/P3i54vYZiZ	en	[{'screen_name': 'americanair', 'name': 'americanair', 'id': '22536055'}]	['http://www.cnn.com/']	[]	68	383	26	[]	[]	https://twitter.com/cnnbrk/status/324232819683520512	False		0								[]				
323628488710033408	323628488710033408	2013-04-15 11:46:59 KST	2013-04-15	11:46:59	+0900	40806063	baron_batch	B		My DVR did not do its job and I don't understand why. It must be employed by American Airlines.	en	[]	[]	[]	5	6	15	[]	[]	https://twitter.com/baron_batch/status/323628488710033408	False		0								[]				
323232016659267586	323232016659267586	2013-04-14 09:31:32 KST	2013-04-14	09:31:32	+0900	23156823	daniellamonet	Daniella Monet		I'm a terrible backseat flyer. #americanairlines #wevegotitfromhere @janessamariel  http://t.co/bPSW20moBn	en	[{'screen_name': 'janessamariel', 'name': 'janessa marie', 'id': '23248739'}]	['http://instagram.com/p/YEKrr6QwTg/']	[]	13	33	57	['americanairlines', 'wevegotitfromhere']	[]	https://twitter.com/DaniellaMonet/status/323232016659267586	False		0								[]				
322819504063275009	322819504063275009	2013-04-13 06:12:22 KST	2013-04-13	06:12:22	+0900	25545512	valkilmer	Val Kilmer		At the American Airlines center in dallas doing the radio shows and the tv shows. TWAINtwainTWAIN  http://t.co/l0FMuIWD33	en	[]	[]	['https://pbs.twimg.com/media/BHrioOrCYAAzj2f.jpg']	32	26	57	[]	[]	https://twitter.com/valkilmer/status/322819504063275009	False		1	https://pbs.twimg.com/media/BHrioOrCYAAzj2f.jpg							[]				
322134359635292160	322134359635292160	2013-04-11 08:49:50 KST	2013-04-11	08:49:50	+0900	48240574	mattchandler74	Matt Chandler		You're about to lose me @AmericanAir. A timed out crew in Charlotte has me arriving home at 2am instead of 6pm	en	[{'screen_name': 'americanair', 'name': 'americanair', 'id': '22536055'}]	[]	[]	29	7	12	[]	[]	https://twitter.com/MattChandler74/status/322134359635292160	False		0								[]				
321413753927237633	321413753927237633	2013-04-09 09:06:25 KST	2013-04-09	09:06:25	+0900	19011738	djchuckie	DJ CHUCKIE		That awkward moment the male flight attendant asks you “Sir, would you like some warm nuts?!” #wtf #americanairlines	en	[]	[]	[]	10	47	22	['wtf', 'americanairlines']	[]	https://twitter.com/djchuckie/status/321413753927237633	False		0								[]				
320959063309561857	320959063309561857	2013-04-08 02:59:38 KST	2013-04-08	02:59:38	+0900	14444926	martinamcbride	Martina McBride		On our way home via American Airlines. Pleas pray for a safe flight.And best of luck 2 all my friends at the ACM Awards!!! I'll be watching!	en	[]	[]	[]	42	17	43	[]	[]	https://twitter.com/martinamcbride/status/320959063309561857	False		0								[]				
320670571123838976	320670571123838976	2013-04-07 07:53:16 KST	2013-04-07	07:53:16	+0900	28628850	greggutfeld	GregGutfeld		Tonight's redeye @GoldsteinBrooke relates her expulsion from an @americanair flight:  legendary. Also @TuckerCarlson strips.	en	[{'screen_name': 'goldsteinbrooke', 'name': 'brookegoldstein', 'id': '394420238'}, {'screen_name': 'americanair', 'name': 'americanair', 'id': '22536055'}, {'screen_name': 'tuckercarlson', 'name': 'tucker carlson', 'id': '22703645'}]	[]	[]	14	17	11	[]	[]	https://twitter.com/greggutfeld/status/320670571123838976	False		0								[]				
319200665253601280	319200665253601280	2013-04-03 06:32:23 KST	2013-04-03	06:32:23	+0900	180540375	tmbg	They Might Be Giants		It's nice to see the Romney '12 graphic design team found some new work doing the American Airlines logo #yikes.  http://t.co/V1CZzUrnK5	en	[]	[]	['https://pbs.twimg.com/media/BG4HUFjCYAEkB5E.jpg']	3	8	10	['yikes']	[]	https://twitter.com/tmbg/status/319200665253601280	False		1	https://pbs.twimg.com/media/BG4HUFjCYAEkB5E.jpg							[]				
318880117445255172	318880117445255172	2013-04-02 09:18:39 KST	2013-04-02	09:18:39	+0900	18868617	dracorosa	DRACO ROSA	{'type': 'Point', 'coordinates': [33.94155312, -118.40708256]}	Our beautiful world ... @ American Airlines Admirals Club  http://t.co/zvqttJca13	en	[]	['http://instagram.com/p/XlPpptk-Ui/']	[]	8	13	15	[]	[]	https://twitter.com/dracorosa/status/318880117445255172	False		0								[]				
318548846848405504	318548846848405504	2013-04-01 11:22:18 KST	2013-04-01	11:22:18	+0900	14614833	passagensaereas	Melhores Destinos		American Airlines tem passagens para Miami, Nova York ou Orlando por 20 mil milhas  http://t.co/HuAoPRiyAV	pt	[]	['http://voo.la/t0pi']	[]	5	30	10	[]	[]	https://twitter.com/passagensaereas/status/318548846848405504	False		0								[]				
