id	conversation_id	created_at	date	time	timezone	user_id	username	name	place	tweet	language	mentions	urls	photos	replies_count	retweets_count	likes_count	hashtags	cashtags	link	retweet	quote_url	video	thumbnail	near	geo	source	user_rt_id	user_rt	retweet_id	reply_to	retweet_date	translate	trans_src	trans_dest
317719527741857792	317718500049289216	2013-03-30 04:26:53 KST	2013-03-30	04:26:53	+0900	51322348	theryanbeatty	Ryan Beatty		@elliesimpson19 no haha I'm flying American Airlines	en	[]	[]	[]	20	6	32	[]	[]	https://twitter.com/TheRyanBeatty/status/317719527741857792	False		0								[]				
316597152891678720	316597152891678720	2013-03-27 02:06:58 KST	2013-03-27	02:06:58	+0900	17643283	kurtbraunohler	kurt braunohler		The person who runs the @americanair twitter account must feel like a battered spouse. Just constantly apologizing and hoping it will change	en	[{'screen_name': 'americanair', 'name': 'americanair', 'id': '22536055'}]	[]	[]	4	6	23	[]	[]	https://twitter.com/kurtbraunohler/status/316597152891678720	False		0								[]				
315299425218076672	315299425218076672	2013-03-23 12:10:15 KST	2013-03-23	12:10:15	+0900	7041422	seanflanery	Sean Patrick Flanery		Nascar is American Airlines. F1 is an F-22 Raptor. RT @SweeTi5512: @seanflanery @BonicaBijou What about NASCAR?	en	[{'screen_name': 'sweeti5512', 'name': '🌼💙tina💙🌼', 'id': '1175765550'}, {'screen_name': 'seanflanery', 'name': 'sean patrick flanery', 'id': '7041422'}]	[]	[]	12	7	35	[]	[]	https://twitter.com/seanflanery/status/315299425218076672	False		0								[]				
315247336634847233	315247336634847233	2013-03-23 08:43:16 KST	2013-03-23	08:43:16	+0900	122181815	audubon_	ADBN		on my way to the American Airlines Arena #Aintthatwheretheheatplay ?	en	[]	[]	[]	9	3	17	['aintthatwheretheheatplay']	[]	https://twitter.com/audubon_/status/315247336634847233	False		0								[]				
315146808038932481	315146808038932481	2013-03-23 02:03:48 KST	2013-03-23	02:03:48	+0900	79312312	sheridansmith1	Sheridan Smith		Testing testing,I'm tweeting from 30,000ft on board American Airlines snazzy new plane :D is it working? I'm having a lovely time up here! X	en	[]	[]	[]	150	10	19	[]	[]	https://twitter.com/Sheridansmith1/status/315146808038932481	False		0								[]				
315072684075651073	315072684075651073	2013-03-22 21:09:16 KST	2013-03-22	21:09:16	+0900	79312312	sheridansmith1	Sheridan Smith		How exciting,about to take off in 1 of American Airlines brand new planes where u can tweet all the way to your destination! How mad's that?	en	[]	[]	[]	65	11	23	[]	[]	https://twitter.com/Sheridansmith1/status/315072684075651073	False		0								[]				
314880650421350400	314880650421350400	2013-03-22 08:26:11 KST	2013-03-22	08:26:11	+0900	136311777	vickieguerrero	Vickie Guerrero		"At American Airlines Arena in Dallas #neontrees. #owlcity. #maroon5. ""One Sexy Night of great music!!"	en	[]	[]	[]	14	25	16	['neontrees', 'owlcity', 'maroon5']	[]	https://twitter.com/VickieGuerrero/status/314880650421350400	False		0								[]				
314822768749318144	314822768749318144	2013-03-22 04:36:11 KST	2013-03-22	04:36:11	+0900	15944436	9to5mac	9to5Mac.com		Step inside the modern iPad-enhanced cockpit of American Airlines (Video)  http://t.co/H8ZbzwHkrC	en	[]	['http://goo.gl/fb/IoK9i']	[]	0	17	16	[]	[]	https://twitter.com/9to5mac/status/314822768749318144	False		0								[]				
314793019968720896	314793019968720896	2013-03-22 02:37:59 KST	2013-03-22	02:37:59	+0900	14861285	macrumors	MacRumors.com		iOS Blog: A Look at American Airlines' iPad Electronic Flight Bag  http://t.co/arEhgwYlro	en	[]	['http://www.macrumors.com/2013/03/21/a-look-at-american-airlines-ipad-electronic-flight-bag/']	[]	3	20	17	[]	[]	https://twitter.com/MacRumors/status/314793019968720896	False		0								[]				
314770395813277696	314770395813277696	2013-03-22 01:08:05 KST	2013-03-22	01:08:05	+0900	1049300442	danniallen14	Danni Allen		Shoutout to my crew on both @AmericanAir flights to &amp; from NY Celebrating BL Win! THEY WERE SO Nice! made me feel like I was in first class!	en	[{'screen_name': 'americanair', 'name': 'americanair', 'id': '22536055'}]	[]	[]	18	5	44	[]	[]	https://twitter.com/DanniAllen14/status/314770395813277696	False		0								[]				
313722547344637952	313722547344637952	2013-03-19 03:44:18 KST	2013-03-19	03:44:18	+0900	141666777	sandraecheverr	Sandra Echeverria		Que GRAN diferencia viajar con American Airlines. Lamentablemente el servicio de @AeroMexico_com está cada vez peor. Recomiendo AA sin duda!	es	[]	[]	[]	16	30	19	[]	[]	https://twitter.com/sandraecheverr/status/313722547344637952	False		0								[]				
313388764737187840	313388764737187840	2013-03-18 05:37:58 KST	2013-03-18	05:37:58	+0900	22838300	ultra	Ultra Music Festival		At 5:30, @kaskade will be performing in the Megastructure instead of @CalvinHarris (who now hates @AmericanAir)	en	[{'screen_name': 'kaskade', 'name': 'kaskade', 'id': '18750157'}, {'screen_name': 'calvinharris', 'name': 'calvin harris', 'id': '18625669'}, {'screen_name': 'americanair', 'name': 'americanair', 'id': '22536055'}]	[]	[]	35	291	157	[]	[]	https://twitter.com/ultra/status/313388764737187840	False		0								[]				
312725711142150144	312725711142150144	2013-03-16 09:43:14 KST	2013-03-16	09:43:14	+0900	139162440	pattonoswalt	Patton Oswalt		Thanks for the wifi on my flight, @AmericanAir.  Know who could've REALLY used it?  BUDDY HOLLY. #daylate #dollarshort	en	[{'screen_name': 'americanair', 'name': 'americanair', 'id': '22536055'}]	[]	[]	47	109	108	['daylate', 'dollarshort']	[]	https://twitter.com/pattonoswalt/status/312725711142150144	False		0								[]				
311298712825634816	311298712825634816	2013-03-12 11:12:51 KST	2013-03-12	11:12:51	+0900	30488144	harikondabolu	Hari Kondabolu		"I was on an American Airlines flight which only plays NBC &amp; the network still ended up in 3rd behind ""INSIDE OF EYELIDS"" &amp; ""THE WINDOW"""	en	[]	[]	[]	0	12	19	[]	[]	https://twitter.com/harikondabolu/status/311298712825634816	False		0								[]				
311271564568059904	311271564568059904	2013-03-12 09:24:58 KST	2013-03-12	09:24:58	+0900	23719107	nelsonbocaranda	Nelson Bocaranda Sardi.		Why American Airlines bought 17,000 Samsung GALAXY Note II units instead of the Apple iPad  http://t.co/r7hLTRkslN	en	[]	['http://skygrid.me/13O7NEv']	[]	12	52	8	[]	[]	https://twitter.com/nelsonbocaranda/status/311271564568059904	False		0								[]				
311238359810969600	311238359810969600	2013-03-12 07:13:02 KST	2013-03-12	07:13:02	+0900	121626258	roblowe	Rob Lowe		"BTW, when that commercial says it's ""The new American Airlines"", it's not. It is EXACTLY the same.  #BrokenPlane #DelayedForHours"	en	[]	[]	[]	63	108	101	['brokenplane', 'delayedforhours']	[]	https://twitter.com/RobLowe/status/311238359810969600	False		0								[]				
310736992080125952	310736992080125952	2013-03-10 22:00:46 KST	2013-03-10	22:00:46	+0900	8841372	bitech	Business Insider Tech		Here's Why American Airlines Choose Samsung Over Apple When It Bought 17,000 Tablets by @Julie188  http://t.co/IjXREPIxUg	en	[{'screen_name': 'julie188', 'name': 'julie bort', 'id': '41375456'}]	['http://read.bi/WVyHD8']	[]	4	79	101	[]	[]	https://twitter.com/BITech/status/310736992080125952	False		0								[]				
310502051534757889	310502051534757889	2013-03-10 06:27:12 KST	2013-03-10	06:27:12	+0900	15108422	timheidecker	Join HEI Now		Oof @AmericanAir we have a big problem (cc: @marcmaron )  http://t.co/9B12RUZw3w	en	[{'screen_name': 'americanair', 'name': 'americanair', 'id': '22536055'}, {'screen_name': 'marcmaron', 'name': 'marc maron', 'id': '21718006'}]	[]	['https://pbs.twimg.com/media/BE8f-IQCYAEuYJE.jpg']	12	30	102	[]	[]	https://twitter.com/timheidecker/status/310502051534757889	False		1	https://pbs.twimg.com/media/BE8f-IQCYAEuYJE.jpg							[]				
308939710456274945	308939710456274945	2013-03-05 22:59:01 KST	2013-03-05	22:59:01	+0900	21910850	jakeowen	Jake Owen		@AmericanAir has 514,000 followers on twitter. @Southwestair has 1.4 MILLION  followers....   Just sayin..	en	[{'screen_name': 'southwestair', 'name': 'southwest airlines', 'id': '7212562'}]	[]	[]	10	13	31	[]	[]	https://twitter.com/jakeowen/status/308939710456274945	False		0								[]				
308933246551470081	308933246551470081	2013-03-05 22:33:20 KST	2013-03-05	22:33:20	+0900	21910850	jakeowen	Jake Owen		Hey @AmericanAir..why is it every time I fly with y'all its a bad experience? Your own employees are unhappy. It's sad actually.	en	[{'screen_name': 'americanair', 'name': 'americanair', 'id': '22536055'}]	[]	[]	78	89	190	[]	[]	https://twitter.com/jakeowen/status/308933246551470081	False		0								[]				
308379378692284416	308379378692284416	2013-03-04 09:52:27 KST	2013-03-04	09:52:27	+0900	173327515	peterhowellfilm	Peter Howell		"Best line by Martin Short: ""I flew in on Air Canada -- or as Ben Affleck calls it, American Airlines."" #CdnScreenAwards"	en	[]	[]	[]	3	80	23	['cdnscreenawards']	[]	https://twitter.com/peterhowellfilm/status/308379378692284416	False		0								[]				
308326968657604609	308326968657604609	2013-03-04 06:24:12 KST	2013-03-04	06:24:12	+0900	55699429	iankeaggy	Ian Keaggy		Hey @americanairlines I think your ground crew is trying to tell you something.  http://t.co/w6vw7h6iti	en	[]	[]	['https://pbs.twimg.com/media/BEdlvpHCcAABXpe.jpg']	8	38	62	[]	[]	https://twitter.com/IanKeaggy/status/308326968657604609	False		1	https://pbs.twimg.com/media/BEdlvpHCcAABXpe.jpg							[]				
308202591022628864	308202591022628864	2013-03-03 22:09:58 KST	2013-03-03	22:09:58	+0900	125968046	antonycosta	Antony Costa		@mrduncanjames loving his new z-10 @blackberry phone on board @AmericanAir now with free inflight wi-fi :-)  http://t.co/VuG9X76q9A	en	[{'screen_name': 'blackberry', 'name': 'blackberry', 'id': '14580438'}, {'screen_name': 'americanair', 'name': 'americanair', 'id': '22536055'}]	[]	['https://pbs.twimg.com/media/BEb0n6VCQAEyzky.jpg']	24	50	58	[]	[]	https://twitter.com/AntonyCosta/status/308202591022628864	False		1	https://pbs.twimg.com/media/BEb0n6VCQAEyzky.jpg							[]				
308145699365740544	308145699365740544	2013-03-03 18:23:54 KST	2013-03-03	18:23:54	+0900	125968046	antonycosta	Antony Costa		Morning all looking forward to flying on the new Boeing 777 with @americanair and @MrDuncanJames	en	[{'screen_name': 'americanair', 'name': 'americanair', 'id': '22536055'}, {'screen_name': 'mrduncanjames', 'name': 'duncan james', 'id': '81230241'}]	[]	[]	25	22	15	[]	[]	https://twitter.com/AntonyCosta/status/308145699365740544	False		0								[]				
