id	conversation_id	created_at	date	time	timezone	user_id	username	name	place	tweet	language	mentions	urls	photos	replies_count	retweets_count	likes_count	hashtags	cashtags	link	retweet	quote_url	video	thumbnail	near	geo	source	user_rt_id	user_rt	retweet_id	reply_to	retweet_date	translate	trans_src	trans_dest
340209824551821312	340209824551821312	2013-05-31 05:55:17 KST	2013-05-31	05:55:17	+0900	22536055	americanair	americanair		Last chance! Check your @Klout score to #win a discount, 1-Day pass or annual membership to our #AdmiralsClub lounge:  http://t.co/QZF2WQXlcx	en	[{'screen_name': 'klout', 'name': 'klout', 'id': '15134782'}]	['http://bit.ly/AAKlout']	[]	10	33	15	['win', 'admiralsclub']	[]	https://twitter.com/AmericanAir/status/340209824551821312	False		0								[]				
339788224467714048	339788224467714048	2013-05-30 02:00:00 KST	2013-05-30	02:00:00	+0900	18750157	kaskade	Kaskade		That's the reaction I'm going for. Thanks! RT @letsgorube: STEPTEMBER 14 AMERICAN AIRLINES ARENA!!!!!! @kaskade !!!!!! SO STOKED!!!!!	en	[{'screen_name': 'letsgorube', 'name': 'wepa!', 'id': '314332976'}, {'screen_name': 'kaskade', 'name': 'kaskade', 'id': '18750157'}]	[]	[]	5	15	24	[]	[]	https://twitter.com/kaskade/status/339788224467714048	False		0								[]				
338728664285974528	338728664285974528	2013-05-27 03:49:41 KST	2013-05-27	03:49:41	+0900	19430456	mattmira	Matt Mira		Hey @AmericanAir my favorite gate change was the 4th. I feel like the 5th was just a lazy retread of the 2nd one.	en	[{'screen_name': 'americanair', 'name': 'americanair', 'id': '22536055'}]	[]	[]	4	2	14	[]	[]	https://twitter.com/MattMira/status/338728664285974528	False		0								[]				
338133340911697920	338133340911697920	2013-05-25 12:24:05 KST	2013-05-25	12:24:05	+0900	19409270	pacers	Indiana Pacers		Miami comes up with an empty possession. Fans at American Airlines Arena begin heading for the doors with 1.6 seconds left. IND 97, MIA 93	en	[]	[]	[]	19	227	74	[]	[]	https://twitter.com/Pacers/status/338133340911697920	False		0								[]				
337415062929162241	337415062929162241	2013-05-23 12:49:54 KST	2013-05-23	12:49:54	+0900	108031696	toddhaberkorn	HᴀʙᴇʀTᴡᴇᴇᴛs™	{'type': 'Point', 'coordinates': [34.06867681, -118.35100667]}	I get it, American Airlines...you love my luggage. Why else would you lose it so frequently? I can tell you where I got it from...?	en	[]	[]	[]	14	6	37	[]	[]	https://twitter.com/ToddHaberkorn/status/337415062929162241	False		0								[]				
337358545248985088	337358545248985088	2013-05-23 09:05:19 KST	2013-05-23	09:05:19	+0900	32765534	billsimmons	Bill Simmons		I wish the rest of my life could move as slowly as the people working for American Airlines' lost baggage department.	en	[]	[]	[]	92	270	279	[]	[]	https://twitter.com/BillSimmons/status/337358545248985088	False		0								[]				
337328978295672832	337328978295672832	2013-05-23 07:07:50 KST	2013-05-23	07:07:50	+0900	19409270	pacers	Indiana Pacers		Welcome to the Eastern Conference Finals. #PacersPlayoffs @ American Airlines Arena  http://t.co/wqWFbO8vkg	en	[]	['http://instagram.com/p/ZoSZOQmYSG/']	[]	20	186	41	['pacersplayoffs']	[]	https://twitter.com/Pacers/status/337328978295672832	False		0								[]				
337224560124518402	337224560124518402	2013-05-23 00:12:55 KST	2013-05-23	00:12:55	+0900	19409270	pacers	Indiana Pacers		The Pacers arrive at American Airlines Arena for one final shootaround before Game 1.  http://t.co/bhtamjM37X	en	[]	[]	['https://pbs.twimg.com/media/BK4P82QCYAARsVU.jpg']	13	58	39	[]	[]	https://twitter.com/Pacers/status/337224560124518402	False		1	https://pbs.twimg.com/media/BK4P82QCYAARsVU.jpg							[]				
336686061231144963	336686061231144963	2013-05-21 12:33:06 KST	2013-05-21	12:33:06	+0900	25382170	jumblejim	Jim Beaver		Wicked lightning here in St. Louis. Flight canceled. Staying here tonight. American Airlines has been very cool.	en	[]	[]	[]	69	20	36	[]	[]	https://twitter.com/jumblejim/status/336686061231144963	False		0								[]				
336665723176894464	336665723176894464	2013-05-21 11:12:18 KST	2013-05-21	11:12:18	+0900	1501471	lanceulanoff	Lance Ulanoff		"Yes, Google is smart. I typed in ""where is american airlines flight 269 right now"" and got this. #ilovetechnology  http://t.co/uogEMaYh3f"	en	[]	[]	['https://pbs.twimg.com/media/BKwTsQZCQAAQqUu.jpg']	2	27	10	['ilovetechnology']	[]	https://twitter.com/LanceUlanoff/status/336665723176894464	False		1	https://pbs.twimg.com/media/BKwTsQZCQAAQqUu.jpg							[]				
336607149679603712	336607149679603712	2013-05-21 07:19:33 KST	2013-05-21	07:19:33	+0900	32156068	gavindegraw	GavinDeGraw		Another delayed flight. Who do we thank? I want the last 2 hours of my life back. Wasn't in the brochure. #americanairlines	en	[]	[]	[]	66	31	100	['americanairlines']	[]	https://twitter.com/GavinDeGraw/status/336607149679603712	False		0								[]				
336507182252175360	336507182252175360	2013-05-21 00:42:18 KST	2013-05-21	00:42:18	+0900	14561327	dhh	DHH		Every @AmericanAir rep who's contacted us since I wrote up the experience keeps insulting us with fake empathy:  http://t.co/geWNOrzArD	en	[{'screen_name': 'americanair', 'name': 'americanair', 'id': '22536055'}]	['http://37signals.com/svn/posts/3513-when-empathy-becomes-insulting']	[]	2	4	11	[]	[]	https://twitter.com/dhh/status/336507182252175360	False		0								[]				
336498226343600128	336498226343600128	2013-05-21 00:06:43 KST	2013-05-21	00:06:43	+0900	5988062	theeconomist	The Economist		Last week American Airlines announced that it would formalise the practice of rewarding travellers who pack light  http://t.co/BY8l3YoDyB	en	[]	['http://econ.st/10Pvffa']	[]	10	100	24	[]	[]	https://twitter.com/TheEconomist/status/336498226343600128	False		0								[]				
335601417907732481	335601417907732481	2013-05-18 12:43:07 KST	2013-05-18	12:43:07	+0900	128393253	garysinise	Gary Sinise		Thanks 2 Elaine Rogers &amp; all pals at USO Metro,American Airlines,Air Compassion For Veterans &amp; most of all our wounded warriors at WRNMMC	en	[]	[]	[]	8	36	22	[]	[]	https://twitter.com/GarySinise/status/335601417907732481	False		0								[]				
335600789127061504	335600789127061504	2013-05-18 12:40:37 KST	2013-05-18	12:40:37	+0900	613321095	mikasingh	King Mika Singh		I hv traveled in all American airlines they are really sucks and the members Crüe are very rude so guys proud be an indian!!	en	[]	[]	[]	23	38	16	[]	[]	https://twitter.com/MikaSingh/status/335600789127061504	False		0								[]				
335145911757983744	335145911757983744	2013-05-17 06:33:06 KST	2013-05-17	06:33:06	+0900	51241574	ap	The Associated Press		American Airlines to let those with just a personal item and no carry-on board first (@airlinewriter):  http://t.co/umLwIBIgDu -SS	en	[{'screen_name': 'airlinewriter', 'name': 'david koenig', 'id': '60922227'}]	['http://apne.ws/12ERtlO']	[]	30	104	16	[]	[]	https://twitter.com/AP/status/335145911757983744	False		0								[]				
334528455557398528	334528455557398528	2013-05-15 13:39:33 KST	2013-05-15	13:39:33	+0900	14810162	scotthoying	Scott Hoying		DYING at these piano instrumentals of top 40 hits on American Airlines	en	[]	[]	[]	6	11	56	[]	[]	https://twitter.com/scotthoying/status/334528455557398528	False		0								[]				
334202849141596160	334202849141596160	2013-05-14 16:05:43 KST	2013-05-14	16:05:43	+0900	37964451	jamespurefoy	James Purefoy		Thank you to @AmericanAir and the crew for a great flight on their snazzy new plane. Package safely arrived.	en	[{'screen_name': 'americanair', 'name': 'americanair', 'id': '22536055'}]	[]	[]	24	9	26	[]	[]	https://twitter.com/JamesPurefoy/status/334202849141596160	False		0								[]				
334142128118702080	334142128118702080	2013-05-14 12:04:26 KST	2013-05-14	12:04:26	+0900	28785486	abc	ABC News		Woman Singing Whitney Houston Songs Forces Emergency Landing of American Airlines Flight  http://t.co/UCLHmosbEY	en	[]	['http://abcn.ws/10JYaG9']	[]	70	172	36	[]	[]	https://twitter.com/ABC/status/334142128118702080	False		0								[]				
334094233814323200	334094233814323200	2013-05-14 08:54:07 KST	2013-05-14	08:54:07	+0900	234219191	jajavankova	Jaja Vankova		I wasted time, wasted gas and parking money just to hear they won't cover my laptop.I'll never fly with American Airlines again.	en	[]	[]	[]	4	7	14	[]	[]	https://twitter.com/JajaVankova/status/334094233814323200	False		0								[]				
334057133458989057	334057133458989057	2013-05-14 06:26:41 KST	2013-05-14	06:26:41	+0900	37964451	jamespurefoy	James Purefoy		Beautiful big brand new plane @AmericanAir. Bloody lovely!	en	[{'screen_name': 'americanair', 'name': 'americanair', 'id': '22536055'}]	[]	[]	21	10	26	[]	[]	https://twitter.com/JamesPurefoy/status/334057133458989057	False		0								[]				
334018710908051457	334018710908051457	2013-05-14 03:54:01 KST	2013-05-14	03:54:01	+0900	80893052	christhile	Chris Thile		.@americanair, go to your room and think about what you've done*. *solo piano renditions of Maroon 5 songs during boarding	en	[{'screen_name': 'americanair', 'name': 'americanair', 'id': '22536055'}]	[]	[]	4	17	37	[]	[]	https://twitter.com/christhile/status/334018710908051457	False		0								[]				
333967676550561792	333967676550561792	2013-05-14 00:31:13 KST	2013-05-14	00:31:13	+0900	8936082	gawker	Gawker		Passenger ejected from American Airlines flight for refusing to stop singing Whitney Houston songs  http://t.co/sPHrcWJt8G	en	[]	['http://gaw.kr/Mx6iXQX']	[]	52	118	37	[]	[]	https://twitter.com/Gawker/status/333967676550561792	False		0								[]				
333838756765388800	333838756765388800	2013-05-13 15:58:56 KST	2013-05-13	15:58:56	+0900	25209206	kevwilliamson	Kevin Williamson		Dear American Airlines: Nice trick the way you made it rain inside the plane, now can you speed that baggage claim up?	en	[]	[]	[]	4	20	26	[]	[]	https://twitter.com/kevwilliamson/status/333838756765388800	False		0								[]				
333426941854093312	333426941854093312	2013-05-12 12:42:32 KST	2013-05-12	12:42:32	+0900	128393253	garysinise	Gary Sinise		Thank you to American Airlines and American Eagle for their support this weekend of my concerts in Tampa 4 BFAB and in Norfolk for our Navy	en	[]	[]	[]	25	53	57	[]	[]	https://twitter.com/GarySinise/status/333426941854093312	False		0								[]				
333404249700573184	333404249700573184	2013-05-12 11:12:22 KST	2013-05-12	11:12:22	+0900	14843057	jwoodham	Jamie Woodham		"Kanye West walks up to the American Airlines counter with confidence. ""Can I help you, sir?"" Arms spread, he screams, ""ALL OF THE FLIGHTS!"""	en	[]	[]	[]	1	15	54	[]	[]	https://twitter.com/jwoodham/status/333404249700573184	False		0								[]				
333313007117545472	333313007117545472	2013-05-12 05:09:48 KST	2013-05-12	05:09:48	+0900	31428361	f1abraham	FARRAH ABRAHAM		I thought American Airlines was good apparently they need better customer service , never flying with them again:) #CallThePolice	en	[]	[]	[]	148	17	51	['callthepolice']	[]	https://twitter.com/F1abraham/status/333313007117545472	False		0								[]				
332889651448786944	332889651448786944	2013-05-11 01:07:32 KST	2013-05-11	01:07:32	+0900	22090282	boeingairplanes	Boeing Airplanes		Photos: Celebrating the newest 777-300ER for @AmericanAir with an unforgettable flight. http://t.co/YkZZfYNrF3 #Boeing #AvGeek	en	[{'screen_name': 'americanair', 'name': 'americanair', 'id': '22536055'}]	['http://bit.ly/ZU0qcm']	[]	2	41	16	['boeing', 'avgeek']	[]	https://twitter.com/BoeingAirplanes/status/332889651448786944	False		0								[]				
332889361827893248	332889361827893248	2013-05-11 01:06:23 KST	2013-05-11	01:06:23	+0900	89526339	dccheerleaders	Dallas Cowboys Cheerleaders		DCC sending off the @AmericanAir Seoul to DFW inaugural flight!  http://t.co/1UUAXU7HVr	en	[{'screen_name': 'americanair', 'name': 'americanair', 'id': '22536055'}]	[]	['https://pbs.twimg.com/media/BJ6pHGICEAEgjRn.jpg']	3	20	33	[]	[]	https://twitter.com/DCCheerleaders/status/332889361827893248	False		1	https://pbs.twimg.com/media/BJ6pHGICEAEgjRn.jpg							[]				
332889166734041089	332889166734041089	2013-05-11 01:05:37 KST	2013-05-11	01:05:37	+0900	89526339	dccheerleaders	Dallas Cowboys Cheerleaders		DCC with @AmericanAir Seoul to DFW inaugural flight crew!  http://t.co/4tJ1UlCNG0	en	[{'screen_name': 'americanair', 'name': 'americanair', 'id': '22536055'}]	[]	['https://pbs.twimg.com/media/BJ6o7vVCIAI4tYv.jpg']	0	4	14	[]	[]	https://twitter.com/DCCheerleaders/status/332889166734041089	False		1	https://pbs.twimg.com/media/BJ6o7vVCIAI4tYv.jpg							[]				
332888986169253889	332888986169253889	2013-05-11 01:04:54 KST	2013-05-11	01:04:54	+0900	89526339	dccheerleaders	Dallas Cowboys Cheerleaders		DCC preparing for the @AmericanAir Seoul to DFW inaugural flight ribbon cutting ceremony  http://t.co/RbFe4U0GAc	en	[{'screen_name': 'americanair', 'name': 'americanair', 'id': '22536055'}]	[]	['https://pbs.twimg.com/media/BJ6oxOrCIAACiXF.jpg']	0	1	13	[]	[]	https://twitter.com/DCCheerleaders/status/332888986169253889	False		1	https://pbs.twimg.com/media/BJ6oxOrCIAACiXF.jpg							[]				
332872117571969026	332872117571969026	2013-05-10 23:57:52 KST	2013-05-10	23:57:52	+0900	463214380	sydneydurso	Sydney McArthur		The first @AmericanAir non-stop flight from Seoul to DFW was today, and we had the honor of sending it off!  http://t.co/J2X9n1YzJo	en	[{'screen_name': 'americanair', 'name': 'americanair', 'id': '22536055'}]	[]	['https://pbs.twimg.com/media/BJ6ZbWQCYAEc9Yi.jpg']	1	6	21	[]	[]	https://twitter.com/SydneyDurso/status/332872117571969026	False		1	https://pbs.twimg.com/media/BJ6ZbWQCYAEc9Yi.jpg							[]				
332681355441885184	332681355441885184	2013-05-10 11:19:50 KST	2013-05-10	11:19:50	+0900	24083704	kevinfowler	Kevin Fowler		If you ever get a chance to fly on American Airlines just walk. It's faster. 6 hours to get from Austin to Dallas.	en	[]	[]	[]	31	54	71	[]	[]	https://twitter.com/KevinFowler/status/332681355441885184	False		0								[]				
332201764180881408	332201764180881408	2013-05-09 03:34:07 KST	2013-05-09	03:34:07	+0900	310687757	jarpad	Jared Padalecki		@AmericanAir  Thank you	en	[]	[]	[]	22	92	114	[]	[]	https://twitter.com/jarpad/status/332201764180881408	False		0								[]				
332201620664377345	332201620664377345	2013-05-09 03:33:33 KST	2013-05-09	03:33:33	+0900	310687757	jarpad	Jared Padalecki		@AmericanAir and really made things difficult for two human beings. You need to contact @JohnnyCortese and offer an apology.	en	[{'screen_name': 'johnnycortese', 'name': 'johnny cortese', 'id': '46442427'}]	[]	[]	7	82	84	[]	[]	https://twitter.com/jarpad/status/332201620664377345	False		0								[]				
332201366518890496	332201366518890496	2013-05-09 03:32:32 KST	2013-05-09	03:32:32	+0900	310687757	jarpad	Jared Padalecki		@AmericanAir  ill try again, as you seem to only respond to sparkling flattery. You have, once again, broken very rule of customer service,	en	[]	[]	[]	10	83	94	[]	[]	https://twitter.com/jarpad/status/332201366518890496	False		0								[]				
332196289540407296	332196289540407296	2013-05-09 03:12:21 KST	2013-05-09	03:12:21	+0900	310687757	jarpad	Jared Padalecki		@AmericanAir ill repeat, apologize to @JohnnyCortese attn: jarpad crew, lets let @AmericanAir know that they shouldnt bully people.	en	[{'screen_name': 'johnnycortese', 'name': 'johnny cortese', 'id': '46442427'}, {'screen_name': 'americanair', 'name': 'americanair', 'id': '22536055'}]	[]	[]	28	133	122	[]	[]	https://twitter.com/jarpad/status/332196289540407296	False		0								[]				
332194140332912640	332194140332912640	2013-05-09 03:03:49 KST	2013-05-09	03:03:49	+0900	310687757	jarpad	Jared Padalecki		@americanair y'all have managed to do it again. This time to my family. U owe @JohnnyCortese an apology &amp;U need to get him to Boston	en	[{'screen_name': 'johnnycortese', 'name': 'johnny cortese', 'id': '46442427'}]	[]	[]	13	111	110	[]	[]	https://twitter.com/jarpad/status/332194140332912640	False		0								[]				
332154573542264832	332154573542264832	2013-05-09 00:26:36 KST	2013-05-09	00:26:36	+0900	16212685	chicagobulls	Chicago Bulls		#Bulls at AmericanAirlines Arena preparing for tonight's Game 2 in Miami. #HEATvBULLS  http://t.co/kHh5z8TXOm	en	[]	['http://instagram.com/p/ZDkJqUIWhP/']	[]	17	202	66	['bulls', 'heatvbulls']	[]	https://twitter.com/chicagobulls/status/332154573542264832	False		0								[]				
331949672891555841	331949672891555841	2013-05-08 10:52:24 KST	2013-05-08	10:52:24	+0900	125046001	robresnick	Rez		Next flight make it string quartet and ill never fly anyone else again RT @AmericanAir: @robresnick We hope you're enjoying the tunes, Rez!	en	[{'screen_name': 'americanair', 'name': 'americanair', 'id': '22536055'}, {'screen_name': 'robresnick', 'name': 'rez', 'id': '125046001'}]	[]	[]	5	3	29	[]	[]	https://twitter.com/robresnick/status/331949672891555841	False		0								[]				
331948267149594624	331948267149594624	2013-05-08 10:46:48 KST	2013-05-08	10:46:48	+0900	125046001	robresnick	Rez		Hahahaha our flight lands and there's a piano.. like nocturn version of dj got us fallin in love. Thank you @americanair cc usher	en	[{'screen_name': 'americanair', 'name': 'americanair', 'id': '22536055'}]	[]	[]	6	1	22	[]	[]	https://twitter.com/robresnick/status/331948267149594624	False		0								[]				
331885042227896320	331885042227896320	2013-05-08 06:35:34 KST	2013-05-08	06:35:34	+0900	15158441	pakman	David Pakman		Got a @klout score of 55 or higher? You now have access to @AmericanAir  lounges no matter which airline you fly.  http://t.co/f690dLF5LT	en	[{'screen_name': 'klout', 'name': 'klout', 'id': '15134782'}, {'screen_name': 'americanair', 'name': 'americanair', 'id': '22536055'}]	['http://corp.klout.com/blog/2013/05/american-airlines-klout/']	[]	7	18	14	[]	[]	https://twitter.com/pakman/status/331885042227896320	False		0								[]				
331849746585116672	331849746585116672	2013-05-08 04:15:19 KST	2013-05-08	04:15:19	+0900	12480582	adage	Ad Age		Your Klout Score Could Get You Into American Airlines' First Class Lounge  http://t.co/e3upbcS9EK	en	[]	['http://bit.ly/15Augql']	[]	14	40	13	[]	[]	https://twitter.com/adage/status/331849746585116672	False		0								[]				
331788771022479360	331729514382106624	2013-05-08 00:13:02 KST	2013-05-08	00:13:02	+0900	40076725	mtvnews	MTV NEWS		@edsheeran @AmericanAir :,(	und	[{'screen_name': 'americanair', 'name': 'americanair', 'id': '22536055'}]	[]	[]	2	33	32	[]	[]	https://twitter.com/MTVNEWS/status/331788771022479360	False		0								[]				
331547413577887744	331547413577887744	2013-05-07 08:13:58 KST	2013-05-07	08:13:58	+0900	19382500	solecollector	SoleCollector.com		LeBron's Nike MVP banner hangs outside of American Airlines Arena.  http://t.co/bph1SUkQHV	en	[]	[]	['https://pbs.twimg.com/media/BJnknbTCcAA57uX.jpg']	5	52	22	[]	[]	https://twitter.com/SoleCollector/status/331547413577887744	False		1	https://pbs.twimg.com/media/BJnknbTCcAA57uX.jpg							[]				
331545235031220227	331545235031220227	2013-05-07 08:05:18 KST	2013-05-07	08:05:18	+0900	26257166	sportscenter	SportsCenter		American Airlines Arena is now celebrating NOT 1, NOT 2, NOT 3, but FOUR MVP awards for @KingJames.	en	[{'screen_name': 'kingjames', 'name': 'lebron james', 'id': '23083404'}]	[]	[]	137	1060	269	[]	[]	https://twitter.com/SportsCenter/status/331545235031220227	False		0								[]				
331420048184967168	331420048184967168	2013-05-06 23:47:51 KST	2013-05-06	23:47:51	+0900	16212685	chicagobulls	Chicago Bulls		Taj Gibson &amp; Jimmy Butler arrive at AmericanAirlines Arena for Monday's shoot around. #HEATvBULLS #SeeRed  http://t.co/lvrAKhjsay	en	[]	['http://instagram.com/p/Y-WJXEIWr6/']	[]	12	144	40	['heatvbulls', 'seered']	[]	https://twitter.com/chicagobulls/status/331420048184967168	False		0								[]				
331344560561221632	331344560561221632	2013-05-06 18:47:53 KST	2013-05-06	18:47:53	+0900	91478624	forbes	Forbes		American Airlines is saving $1.2 million a year -- by using iPads  http://t.co/jAV4w0ylHn	en	[]	['http://bit.ly/12adQ2e']	[]	15	106	26	[]	[]	https://twitter.com/Forbes/status/331344560561221632	False		0								[]				
330761688892706817	330761688892706817	2013-05-05 04:11:46 KST	2013-05-05	04:11:46	+0900	43152482	alejandrosanz	Alejandro Sanz		Os espero el proximo jueves 9 de mayo en el American Airlines de Miami! Entonces que? @NYKCONCERTS  http://t.co/zuBfNQGZXy	es	[{'screen_name': 'nykconcerts', 'name': 'nyk productions', 'id': '227030890'}]	[]	['https://pbs.twimg.com/media/BJWuNfRCYAAd4L_.jpg']	108	197	181	[]	[]	https://twitter.com/AlejandroSanz/status/330761688892706817	False		1	https://pbs.twimg.com/media/BJWuNfRCYAAd4L_.jpg							[]				
330646892885180417	330646892885180417	2013-05-04 20:35:37 KST	2013-05-04	20:35:37	+0900	91478624	forbes	Forbes		American Airlines is saving $1.2 million a year -- by using iPads  http://t.co/G3PcYVRxDo	en	[]	['http://bit.ly/16BJhrv']	[]	18	123	40	[]	[]	https://twitter.com/Forbes/status/330646892885180417	False		0								[]				
330641648579145729	330641648579145729	2013-05-04 20:14:46 KST	2013-05-04	20:14:46	+0900	14885549	forbestech	Forbes Tech		How American Airlines is saving $1.2 million a year using iPads.  http://t.co/uzZpYMamyO	en	[]	['http://bit.ly/125RnDx']	[]	10	41	10	[]	[]	https://twitter.com/ForbesTech/status/330641648579145729	False		0								[]				
330441654844674048	330441654844674048	2013-05-04 07:00:04 KST	2013-05-04	07:00:04	+0900	69981632	vidcon	VidCon		Still looking at flights and want discount codes for @AmericanAir and @united?  You can find them here:   http://t.co/nqcBfyQ0lG	en	[{'screen_name': 'americanair', 'name': 'americanair', 'id': '22536055'}, {'screen_name': 'united', 'name': 'united airlines', 'id': '260907612'}]	['http://vidcon.com/2013/air']	[]	7	11	26	[]	[]	https://twitter.com/VidCon/status/330441654844674048	False		0								[]				
330428647506845696	330428647506845696	2013-05-04 06:08:23 KST	2013-05-04	06:08:23	+0900	30152403	evamarcille	Eva Marcille		Miami bound to work with the amazing jlo way too excited!! @haselstar #fullturnup @ American Airlines…  http://t.co/PzGU6ecKor	en	[{'screen_name': 'haselstar', 'name': 'stephanie moseley', 'id': '283663948'}]	['http://instagram.com/p/Y3Taa2xHGW/']	[]	38	207	141	['fullturnup']	[]	https://twitter.com/EvaMarcille/status/330428647506845696	False		0								[]				
330328924104052736	330328924104052736	2013-05-03 23:32:07 KST	2013-05-03	23:32:07	+0900	14885549	forbestech	Forbes Tech		How American Airlines is saving $1.2 million a year using iPads.  http://t.co/10Uv6iVDN5	en	[]	['http://bit.ly/12vG8D4']	[]	5	43	12	[]	[]	https://twitter.com/ForbesTech/status/330328924104052736	False		0								[]				
330319775794352128	330319775794352128	2013-05-03 22:55:46 KST	2013-05-03	22:55:46	+0900	91478624	forbes	Forbes		American Airlines is saving $1.2 million a year -- by using iPads  http://t.co/VGp8ETYm1R	en	[]	['http://bit.ly/16yG9wJ']	[]	11	77	19	[]	[]	https://twitter.com/Forbes/status/330319775794352128	False		0								[]				
