id	conversation_id	created_at	date	time	timezone	user_id	username	name	place	tweet	language	mentions	urls	photos	replies_count	retweets_count	likes_count	hashtags	cashtags	link	retweet	quote_url	video	thumbnail	near	geo	source	user_rt_id	user_rt	retweet_id	reply_to	retweet_date	translate	trans_src	trans_dest
417781286988566528	417781286988566528	2013-12-31 07:16:35 KST	2013-12-31	07:16:35	+0900	1716893113	juddnation	Judd Daugherty		Flight cancelled #americanairlines sucks	en	[]	[]	[]	32	2	24	['americanairlines']	[]	https://twitter.com/JUDDNATION/status/417781286988566528	False		0								[]				
417466868988141568	417395822167588864	2013-12-30 10:27:12 KST	2013-12-30	10:27:12	+0900	155705264	zedd	Zedd		@AmericanAir @wolfganggartner LOL! That won't fly.	en	[{'screen_name': 'wolfganggartner', 'name': 'wolfgang gartner', 'id': '46279037'}]	[]	[]	1	8	18	[]	[]	https://twitter.com/Zedd/status/417466868988141568	False		0								[]				
417411475654057984	417411475654057984	2013-12-30 06:47:05 KST	2013-12-30	06:47:05	+0900	95023423	uberfacts	UberFacts		A passenger was kicked off an American Airlines flight because he wouldn't stop singing.  http://t.co/pcj7LPmRMV	en	[]	[]	['https://pbs.twimg.com/media/BcrxhoLIIAEkUsN.jpg']	200	912	1627	[]	[]	https://twitter.com/UberFacts/status/417411475654057984	False		1	https://pbs.twimg.com/media/BcrxhoLIIAEkUsN.jpg							[]				
417358085275926528	417358085275926528	2013-12-30 03:14:56 KST	2013-12-30	03:14:56	+0900	281877818	noahpinion	Noah Smith 🐇		America's most awful, horrible companies:  1. Comcast  2. American Airlines	en	[]	[]	[]	5	7	17	[]	[]	https://twitter.com/Noahpinion/status/417358085275926528	False		0								[]				
417317159506042880	417317159506042880	2013-12-30 00:32:18 KST	2013-12-30	00:32:18	+0900	16185414	dadalife	Dada Life		Thank you @americanair for being a shitty airline. We love waiting and waiting and waiting and waiting and waiting oh, and waiting...	en	[{'screen_name': 'americanair', 'name': 'americanair', 'id': '22536055'}]	[]	[]	15	35	158	[]	[]	https://twitter.com/dadalife/status/417317159506042880	False		0								[]				
416984613970382848	416984613970382848	2013-12-29 02:30:53 KST	2013-12-29	02:30:53	+0900	17953972	bertkreischer	bert kreischer		Thank you @AmericanAir for treating my parents like rock stars on their flight home today...THAT is why I'm airline loyal!!!	en	[{'screen_name': 'americanair', 'name': 'americanair', 'id': '22536055'}]	[]	[]	1	2	12	[]	[]	https://twitter.com/bertkreischer/status/416984613970382848	False		0								[]				
416242461996879872	416242461996879872	2013-12-27 01:21:51 KST	2013-12-27	01:21:51	+0900	88890284	marcobelinelli	Marco Belinelli		Mavericks VS Spurs tonight: 07:30 pm cst @ American Airlines Center – Dallas, Texas &gt;  http://t.co/XuRJjGcNDN pr...  http://t.co/QcGDFDCIJL	en	[]	['http://NBA.com', 'http://bit.ly/1lij8B7']	[]	2	13	16	[]	[]	https://twitter.com/marcobelinelli/status/416242461996879872	False		0								[]				
415411601140105216	415411601140105216	2013-12-24 18:20:18 KST	2013-12-24	18:20:18	+0900	73208083	arcangelprrra	AUSTIN A. SANTOS		El geniakooooo genioelmutante el trabajoooo manin!!!! #flowfactory #andromeda @ American Airlines Arena  http://t.co/u5O144Zljc	es	[]	['http://instagram.com/p/iTJMI6xjeQ/']	[]	2	67	34	['flowfactory', 'andromeda']	[]	https://twitter.com/ArcangelPrrra/status/415411601140105216	False		0								[]				
415272423181664257	415264388979773440	2013-12-24 09:07:15 KST	2013-12-24	09:07:15	+0900	30495613	andrearussett	Andrea Russett		@CoolStoryJon @AmericanAir they're the WORST	en	[{'screen_name': 'americanair', 'name': 'americanair', 'id': '22536055'}]	[]	[]	2	5	78	[]	[]	https://twitter.com/AndreaRussett/status/415272423181664257	False		0								[]				
415252185568387072	415252185568387072	2013-12-24 07:46:50 KST	2013-12-24	07:46:50	+0900	52956217	erikvaldez	Erik Valdez		The flight attendants on my plane just moved a female soldier to first class...just because. Bravo @AmericanAir, bravo!! 👏 #browniepoints	en	[{'screen_name': 'americanair', 'name': 'americanair', 'id': '22536055'}]	[]	[]	5	14	21	['browniepoints']	[]	https://twitter.com/erikvaldez/status/415252185568387072	False		0								[]				
415233530332213250	415233530332213250	2013-12-24 06:32:42 KST	2013-12-24	06:32:42	+0900	179569408	dublinairport	Dublin Airport		Congratulations to @CearuilinH (Caroline Hofman) who has won 2 return flights to NYC with @AmericanAir to celebrate #DUB50K.	en	[{'screen_name': 'cearuilinh', 'name': 'caroline hofman', 'id': '430573302'}, {'screen_name': 'americanair', 'name': 'americanair', 'id': '22536055'}]	[]	[]	13	9	24	['dub50k']	[]	https://twitter.com/DublinAirport/status/415233530332213250	False		0								[]				
415208309374070784	415208309374070784	2013-12-24 04:52:29 KST	2013-12-24	04:52:29	+0900	179569408	dublinairport	Dublin Airport		Last chance to win 2 free flights to NYC with @AmericanAir. RT &amp; follow @DublinAirport to enter. #DUB50K  http://t.co/7ZSBhvNvEo	en	[{'screen_name': 'americanair', 'name': 'americanair', 'id': '22536055'}, {'screen_name': 'dublinairport', 'name': 'dublin airport', 'id': '179569408'}]	[]	['https://pbs.twimg.com/media/BcMdweRIIAAb9-c.jpg']	33	515	51	['dub50k']	[]	https://twitter.com/DublinAirport/status/415208309374070784	False		1	https://pbs.twimg.com/media/BcMdweRIIAAb9-c.jpg							[]				
415187777740091392	415187777740091392	2013-12-24 03:30:54 KST	2013-12-24	03:30:54	+0900	179569408	dublinairport	Dublin Airport		Win 2 free flights to NYC with @AmericanAir to celebrate #DUB50K. Retweet &amp; follow @DublinAirport to enter.  http://t.co/NRraC6tJsD	en	[{'screen_name': 'americanair', 'name': 'americanair', 'id': '22536055'}, {'screen_name': 'dublinairport', 'name': 'dublin airport', 'id': '179569408'}]	[]	['https://pbs.twimg.com/media/BcMLFX7IMAAaZ_L.jpg']	18	525	69	['dub50k']	[]	https://twitter.com/DublinAirport/status/415187777740091392	False		1	https://pbs.twimg.com/media/BcMLFX7IMAAaZ_L.jpg							[]				
415151343457042432	415151343457042432	2013-12-24 01:06:08 KST	2013-12-24	01:06:08	+0900	179569408	dublinairport	Dublin Airport		Win 2 free flights to NYC with @AmericanAir to celebrate #DUB50K. Retweet &amp; follow @DublinAirport to enter.  http://t.co/x3V6VPixHz	en	[{'screen_name': 'americanair', 'name': 'americanair', 'id': '22536055'}, {'screen_name': 'dublinairport', 'name': 'dublin airport', 'id': '179569408'}]	[]	['https://pbs.twimg.com/media/BcLp8n3IMAAwX44.jpg']	32	571	59	['dub50k']	[]	https://twitter.com/DublinAirport/status/415151343457042432	False		1	https://pbs.twimg.com/media/BcLp8n3IMAAwX44.jpg							[]				
415078139250098176	415078139250098176	2013-12-23 20:15:14 KST	2013-12-23	20:15:14	+0900	179569408	dublinairport	Dublin Airport		Fancy 2 free flights to NYC with @AmericanAir to celebrate #DUB50K. Retweet &amp; follow @DublinAirport to enter.  http://t.co/AFfAqQoQpk	en	[{'screen_name': 'americanair', 'name': 'americanair', 'id': '22536055'}, {'screen_name': 'dublinairport', 'name': 'dublin airport', 'id': '179569408'}]	[]	['https://pbs.twimg.com/media/BcKnXkxIAAAEIno.png']	27	598	108	['dub50k']	[]	https://twitter.com/DublinAirport/status/415078139250098176	False		1	https://pbs.twimg.com/media/BcKnXkxIAAAEIno.png							[]				
415026504142426112	415026504142426112	2013-12-23 16:50:04 KST	2013-12-23	16:50:04	+0900	179569408	dublinairport	Dublin Airport		Win 2 free flights to NYC with @AmericanAir to celebrate #DUB50K. Retweet &amp; follow @DublinAirport to enter.  http://t.co/lejAX5h9LA	en	[{'screen_name': 'americanair', 'name': 'americanair', 'id': '22536055'}, {'screen_name': 'dublinairport', 'name': 'dublin airport', 'id': '179569408'}]	[]	['https://pbs.twimg.com/media/BcJ4aBJIYAA-hVc.jpg']	22	579	77	['dub50k']	[]	https://twitter.com/DublinAirport/status/415026504142426112	False		1	https://pbs.twimg.com/media/BcJ4aBJIYAA-hVc.jpg							[]				
414973984199811072	414973984199811072	2013-12-23 13:21:22 KST	2013-12-23	13:21:22	+0900	20120877	jasminevillegas	JASMINE VILLEGAS		And my damn flight is cancelled!!! AGAIN! @AmericanAir ! 😒😒😒😒😒😒✌️	en	[{'screen_name': 'americanair', 'name': 'americanair', 'id': '22536055'}]	[]	[]	40	96	109	[]	[]	https://twitter.com/JASMINEVILLEGAS/status/414973984199811072	False		0								[]				
414960979743498240	414960979743498240	2013-12-23 12:29:41 KST	2013-12-23	12:29:41	+0900	20120877	jasminevillegas	JASMINE VILLEGAS		I hope mine and @SD_Frakes flight doesn't get delayed again @AmericanAir !! We need to be home for Christmas 😫	en	[{'screen_name': 'americanair', 'name': 'americanair', 'id': '22536055'}]	[]	[]	23	103	77	[]	[]	https://twitter.com/JASMINEVILLEGAS/status/414960979743498240	False		0								[]				
414930011179610113	414930011179610113	2013-12-23 10:26:38 KST	2013-12-23	10:26:38	+0900	27479039	capricecrane	caprice crane		One of our @AmericanAir flight attendants is so insanely rude you'd think she was a fictional character in seat 7A.	en	[{'screen_name': 'americanair', 'name': 'americanair', 'id': '22536055'}]	[]	[]	6	3	54	[]	[]	https://twitter.com/capricecrane/status/414930011179610113	False		0								[]				
414899745199378432	414899745199378432	2013-12-23 08:26:22 KST	2013-12-23	08:26:22	+0900	22805603	seanoneal	Sean O'Neal		Thanks, @AmericanAir for reminding me that Christmas isn't about material things by losing my luggage.	en	[{'screen_name': 'americanair', 'name': 'americanair', 'id': '22536055'}]	[]	[]	2	4	13	[]	[]	https://twitter.com/seanoneal/status/414899745199378432	False		0								[]				
414882269292019713	414882269292019713	2013-12-23 07:16:55 KST	2013-12-23	07:16:55	+0900	42122338	drew_roy	Drew Roy		After a 40min wait this morning, thanks AmericanAirlines for not waiting just 5 for us to do our best Home Alone airport run to connect	en	[]	[]	[]	5	10	56	[]	[]	https://twitter.com/drew_roy/status/414882269292019713	False		0								[]				
414850553332523008	414850553332523008	2013-12-23 05:10:54 KST	2013-12-23	05:10:54	+0900	179569408	dublinairport	Dublin Airport		Fancy 2 free flights to NYC with @AmericanAir to celebrate #DUB50K. Retweet &amp; follow @DublinAirport to enter.  http://t.co/H3nCCziDOd	en	[{'screen_name': 'americanair', 'name': 'americanair', 'id': '22536055'}, {'screen_name': 'dublinairport', 'name': 'dublin airport', 'id': '179569408'}]	[]	['https://pbs.twimg.com/media/BcHYYVsCYAAbWe-.png']	59	1210	136	['dub50k']	[]	https://twitter.com/DublinAirport/status/414850553332523008	False		1	https://pbs.twimg.com/media/BcHYYVsCYAAbWe-.png							[]				
414817077032022016	414817077032022016	2013-12-23 02:57:52 KST	2013-12-23	02:57:52	+0900	23501161	mcastromusic	easy trades only mike		If you're flying anywhere for the holidays, and chose to fly with American Airlines...I will now say a prayer for you. #goodluck	en	[]	[]	[]	1	2	12	['goodluck']	[]	https://twitter.com/MCastroMusic/status/414817077032022016	False		0								[]				
414808853294112768	414808853294112768	2013-12-23 02:25:12 KST	2013-12-23	02:25:12	+0900	179569408	dublinairport	Dublin Airport		Win 2 free flights to NYC with @AmericanAir to celebrate #DUB50K. Retweet &amp; follow @DublinAirport to enter.  http://t.co/CZ4MahZuJZ	en	[{'screen_name': 'americanair', 'name': 'americanair', 'id': '22536055'}, {'screen_name': 'dublinairport', 'name': 'dublin airport', 'id': '179569408'}]	[]	['https://pbs.twimg.com/media/BcGydEYIgAAOUXv.jpg']	50	727	81	['dub50k']	[]	https://twitter.com/DublinAirport/status/414808853294112768	False		1	https://pbs.twimg.com/media/BcGydEYIgAAOUXv.jpg							[]				
414781257663651840	414781257663651840	2013-12-23 00:35:32 KST	2013-12-23	00:35:32	+0900	179569408	dublinairport	Dublin Airport		Win 2 free flights to NYC with @AmericanAir to celebrate #DUB50K. Retweet &amp; follow @DublinAirport to enter.  http://t.co/Ydlo8AySPa	en	[{'screen_name': 'americanair', 'name': 'americanair', 'id': '22536055'}, {'screen_name': 'dublinairport', 'name': 'dublin airport', 'id': '179569408'}]	[]	['https://pbs.twimg.com/media/BcGZWyRIQAIbo1h.png']	28	515	88	['dub50k']	[]	https://twitter.com/DublinAirport/status/414781257663651840	False		1	https://pbs.twimg.com/media/BcGZWyRIQAIbo1h.png							[]				
414747200481406976	414747200481406976	2013-12-22 22:20:12 KST	2013-12-22	22:20:12	+0900	179569408	dublinairport	Dublin Airport		Win 2 free flights to NYC with @AmericanAir to celebrate #DUB50K. Retweet &amp; follow @DublinAirport to enter.  http://t.co/AxDJuSiyvG	en	[{'screen_name': 'americanair', 'name': 'americanair', 'id': '22536055'}, {'screen_name': 'dublinairport', 'name': 'dublin airport', 'id': '179569408'}]	[]	['https://pbs.twimg.com/media/BcF6YZyIIAAhvQv.jpg']	28	485	59	['dub50k']	[]	https://twitter.com/DublinAirport/status/414747200481406976	False		1	https://pbs.twimg.com/media/BcF6YZyIIAAhvQv.jpg							[]				
414724156677038080	414724156677038080	2013-12-22 20:48:38 KST	2013-12-22	20:48:38	+0900	179569408	dublinairport	Dublin Airport		Win 2 free flights to NYC with @AmericanAir to celebrate #DUB50K. Retweet &amp;  follow @DublinAirport to enter.  http://t.co/f54pQ8V4vg	en	[{'screen_name': 'americanair', 'name': 'americanair', 'id': '22536055'}, {'screen_name': 'dublinairport', 'name': 'dublin airport', 'id': '179569408'}]	[]	['https://pbs.twimg.com/media/BcFlbFdCIAA3cwd.jpg']	34	641	61	['dub50k']	[]	https://twitter.com/DublinAirport/status/414724156677038080	False		1	https://pbs.twimg.com/media/BcFlbFdCIAA3cwd.jpg							[]				
414613390079041536	414613390079041536	2013-12-22 13:28:29 KST	2013-12-22	13:28:29	+0900	27558050	rocsidiaz	ⓇⓄⒸⓈⒾ		S/O my Htown family @bunbtrillog we in here Dallas !!! #arabmoneyhat #jayz @ American Airlines Center  http://t.co/hpXGgjVo06	en	[{'screen_name': 'bunbtrillog', 'name': 'bun b', 'id': '18610936'}]	['http://instagram.com/p/iNeNH2DSbG/']	[]	8	14	15	['arabmoneyhat', 'jayz']	[]	https://twitter.com/rocsidiaz/status/414613390079041536	False		0								[]				
414333685010165760	414333685010165760	2013-12-21 18:57:03 KST	2013-12-21	18:57:03	+0900	25594518	tegocalderon	Negro Calde		American Airlines sucks!	en	[]	[]	[]	13	28	26	[]	[]	https://twitter.com/TEGOCALDERON/status/414333685010165760	False		0								[]				
414309644769976320	414309644769976320	2013-12-21 17:21:31 KST	2013-12-21	17:21:31	+0900	206222507	zehdeabreu	José de Abreu		O Brasil já é a operação internacional mais importante da American Airlines. Toma, vira-lata!    http://t.co/EHdM0p1MqJ	pt	[]	['http://www1.folha.uol.com.br/mercado/2013/12/1388791-voo-diario-sp-los-angeles-deve-atrair-mais-brasileiros-a-california.shtml']	[]	6	50	11	[]	[]	https://twitter.com/zehdeabreu/status/414309644769976320	False		0								[]				
414111596156186625	414111596156186625	2013-12-21 04:14:33 KST	2013-12-21	04:14:33	+0900	74669397	billyeichner	billy eichner		I watched Behind the Candelabra on an AMERICAN Airlines flight last night - take THAT Phil Robertson!!!	en	[]	[]	[]	4	39	125	[]	[]	https://twitter.com/billyeichner/status/414111596156186625	False		0								[]				
414079184273567744	414079184273567744	2013-12-21 02:05:45 KST	2013-12-21	02:05:45	+0900	667563	sacramentokings	Sacramento Kings		In the first of two regular season meetings, Kings visit Heat at American Airlines Arena at 4:30 p.m. #ForeverPurple  http://t.co/XJhSqXS6S3	en	[]	[]	['https://pbs.twimg.com/media/Bb8a0wBCcAELya_.jpg']	2	18	19	['foreverpurple']	[]	https://twitter.com/SacramentoKings/status/414079184273567744	False		1	https://pbs.twimg.com/media/Bb8a0wBCcAELya_.jpg							[]				
414022376150429697	414022376150429697	2013-12-20 22:20:01 KST	2013-12-20	22:20:01	+0900	25586190	deejaysilver1	Dee Jay Silver	{'type': 'Point', 'coordinates': [36.13469592, -86.67508298]}	Fly one time on @AmericanAir out of Nashville and you'll understand why @SouthwestAir is the Only way to go! What an absolute mess!	en	[{'screen_name': 'americanair', 'name': 'americanair', 'id': '22536055'}, {'screen_name': 'southwestair', 'name': 'southwest airlines', 'id': '7212562'}]	[]	[]	2	3	13	[]	[]	https://twitter.com/deejaysilver1/status/414022376150429697	False		0								[]				
414015769450921984	414015769450921984	2013-12-20 21:53:46 KST	2013-12-20	21:53:46	+0900	139188510	rrwwe	Rodriguez 🇲🇽🇺🇸		Creepy American Airlines Dude is creepily staring at you...  http://t.co/LKRa9yJIrG	en	[]	[]	['https://pbs.twimg.com/media/Bb7hJhDIgAAB7Mb.jpg']	8	4	20	[]	[]	https://twitter.com/RRWWE/status/414015769450921984	False		1	https://pbs.twimg.com/media/Bb7hJhDIgAAB7Mb.jpg							[]				
413833696312315904	413833696312315904	2013-12-20 09:50:16 KST	2013-12-20	09:50:16	+0900	26961480	mandyjiroux	Mandy Jiroux		American Airlines decorated their terminal so cute! LA---&gt; Dallas ✌️🎄🎅  http://t.co/1pdSb3G25x	en	[]	[]	['https://pbs.twimg.com/media/Bb47jdWIUAAObbI.jpg']	7	18	56	[]	[]	https://twitter.com/MandyJiroux/status/413833696312315904	False		1	https://pbs.twimg.com/media/Bb47jdWIUAAObbI.jpg							[]				
413816350348705792	413816350348705792	2013-12-20 08:41:20 KST	2013-12-20	08:41:20	+0900	17093604	canucks	Vancouver #Canucks		We usually love our filters, but it's not needed for this one. Outside of American Airlines Center.  http://t.co/BZ7HH3eiNA	en	[]	[]	['https://pbs.twimg.com/media/Bb4rxy3IQAA_xcw.jpg']	6	44	109	[]	[]	https://twitter.com/Canucks/status/413816350348705792	False		1	https://pbs.twimg.com/media/Bb4rxy3IQAA_xcw.jpg							[]				
413812988588871680	413812988588871680	2013-12-20 08:27:59 KST	2013-12-20	08:27:59	+0900	23719107	nelsonbocaranda	Nelson Bocaranda Sardi.		RT @Runrunesweb Comunicado de American Airlines sobre la suspensión de venta de boletos en Venezuela -  http://t.co/eqztASzIlp	es	[{'screen_name': 'runrunesweb', 'name': 'runrunes', 'id': '102601082'}]	['http://ow.ly/rW7Py']	[]	13	112	28	[]	[]	https://twitter.com/nelsonbocaranda/status/413812988588871680	False		0								[]				
413785556472963072	413785556472963072	2013-12-20 06:38:59 KST	2013-12-20	06:38:59	+0900	75883996	albertoravell	Alberto Ravell		Comunicado de American Airlines sobre la suspensión de venta de boletos en Venezuela  http://t.co/kT6mozIaAD	es	[]	['http://patil.la/18BFBJ8']	[]	4	93	14	[]	[]	https://twitter.com/AlbertoRavell/status/413785556472963072	False		0								[]				
413760676159836160	413760676159836160	2013-12-20 05:00:07 KST	2013-12-20	05:00:07	+0900	14523801	imogenheap	Imogen Heap		1st interview for #Sparks done! Was with Steven for @AmericanAir inflight mag. Thunder + lightening, rain pelting on the car! Exciting x 3!!	en	[{'screen_name': 'americanair', 'name': 'americanair', 'id': '22536055'}]	[]	[]	7	9	18	['sparks']	[]	https://twitter.com/imogenheap/status/413760676159836160	False		0								[]				
413633002137067521	413633002137067521	2013-12-19 20:32:47 KST	2013-12-19	20:32:47	+0900	33884545	cnnee	CNN en Español		La aerolínea American Airlines deberá pagar 135 millones de dólares por daños en ataques terroristas del 11-S.  http://t.co/AYpqp1jBul	es	[]	['http://cnn.it/JD5ZXj']	[]	8	151	18	[]	[]	https://twitter.com/CNNEE/status/413633002137067521	False		0								[]				
413497476235018240	413497476235018240	2013-12-19 11:34:15 KST	2013-12-19	11:34:15	+0900	297492186	izgutierrez	Izzy Gutierrez		That was the loudest I've heard the AmericanAirlines Arena for a regular season game.  #justanothergame	en	[]	[]	[]	4	13	14	['justanothergame']	[]	https://twitter.com/IzGutierrez/status/413497476235018240	False		0								[]				
413485560817135616	413485560817135616	2013-12-19 10:46:54 KST	2013-12-19	10:46:54	+0900	124172948	la_patilla	La Patilla		American Airlines suspende la venta de boletos en Venezuela  http://t.co/8h1h49rmPs	es	[]	['http://patil.la/1kjiOED']	[]	28	244	22	[]	[]	https://twitter.com/la_patilla/status/413485560817135616	False		0								[]				
413476426831388672	413476426831388672	2013-12-19 10:10:36 KST	2013-12-19	10:10:36	+0900	124172948	la_patilla	La Patilla		American Airlines suspende la venta de boletos en Venezuela  http://t.co/CWX6FwLdIX	es	[]	['http://patil.la/1kjiOED']	[]	14	128	18	[]	[]	https://twitter.com/la_patilla/status/413476426831388672	False		0								[]				
413469223164596224	413469223164596224	2013-12-19 09:41:59 KST	2013-12-19	09:41:59	+0900	149204568	inessainzg	Inés Sainz 🇲🇽		Disfrutando del gran ambiente en la American Airlines Arena en Miami con mi Maria Ines!! Noche de niñas!!!  http://t.co/oCKmqOHgBm	es	[]	[]	['https://pbs.twimg.com/media/BbzwEVQIMAAz9WC.jpg']	38	22	123	[]	[]	https://twitter.com/InesSainzG/status/413469223164596224	False		1	https://pbs.twimg.com/media/BbzwEVQIMAAz9WC.jpg							[]				
413463216334077952	413463216334077952	2013-12-19 09:18:07 KST	2013-12-19	09:18:07	+0900	23719107	nelsonbocaranda	Nelson Bocaranda Sardi.		"FALSO que @AmericanAir lines haya suspendido venta de boletos desde&amp;hacia Venezuela.""El compromiso de AA con Venezuela sigue en pie"""	es	[{'screen_name': 'americanair', 'name': 'americanair', 'id': '22536055'}]	[]	[]	43	714	22	[]	[]	https://twitter.com/nelsonbocaranda/status/413463216334077952	False		0								[]				
413441996913922048	413441996913922048	2013-12-19 07:53:48 KST	2013-12-19	07:53:48	+0900	75883996	albertoravell	Alberto Ravell		ÚLTIMO MINUTO: American Airlines suspende la venta de boletos en Venezuela  http://t.co/7FPL0N1o9C 	es	[]	['http://patil.la/1kjiOED']	[]	57	535	39	[]	[]	https://twitter.com/AlbertoRavell/status/413441996913922048	False		0								[]				
413441721301618688	413441721301618688	2013-12-19 07:52:42 KST	2013-12-19	07:52:42	+0900	45836317	morandavid	David Morán		ÚLTIMO MINUTO: American Airlines suspende la venta de boletos en Venezuela  http://t.co/bG0rWJv02p	es	[]	['http://patil.la/1kjiOED']	[]	17	174	23	[]	[]	https://twitter.com/morandavid/status/413441721301618688	False		0								[]				
413441670324453376	413441670324453376	2013-12-19 07:52:30 KST	2013-12-19	07:52:30	+0900	145459615	dolartoday	DolarToday®		ATRAPADOS EN CUBAZUELA: American Airlines suspende la venta de boletos aéreos en Venezuela  http://t.co/AKNxmPTRZu	es	[]	['http://fb.me/ZZdRGvBm']	[]	12	144	16	[]	[]	https://twitter.com/DolarToday/status/413441670324453376	False		0								[]				
413441628259766273	413441628259766273	2013-12-19 07:52:20 KST	2013-12-19	07:52:20	+0900	124172948	la_patilla	La Patilla		ÚLTIMO MINUTO: American Airlines suspende la venta de boletos en Venezuela  http://t.co/CWX6FwLdIX	es	[]	['http://patil.la/1kjiOED']	[]	29	273	28	[]	[]	https://twitter.com/la_patilla/status/413441628259766273	False		0								[]				
413403110321967104	413403110321967104	2013-12-19 05:19:16 KST	2013-12-19	05:19:16	+0900	33884545	cnnee	CNN en Español		American Airlines deberá pagar 135 millones de dólares por daños en ataques terroristas del 11 de septiembre de 2001.  http://t.co/hUPxICjiMj	es	[]	['http://cnn.it/JD5ZXj']	[]	14	145	28	[]	[]	https://twitter.com/CNNEE/status/413403110321967104	False		0								[]				
413048571093843968	413048571093843968	2013-12-18 05:50:28 KST	2013-12-18	05:50:28	+0900	807095	nytimes	The New York Times		Cantor Fitzgerald Settles 9/11 Suit Against American Airlines for $135 Million  http://t.co/bP7rB7xnFO	en	[]	['http://nyti.ms/JEo87Y']	[]	11	90	35	[]	[]	https://twitter.com/nytimes/status/413048571093843968	False		0								[]				
413015435127177216	413015435127177216	2013-12-18 03:38:47 KST	2013-12-18	03:38:47	+0900	70054190	frankiejgrande	Frankie James Grande		@AmericanAir OMG!! Thanks for the upgrade to first!!! I love a bed on a plane... 😍❤️✈️ See you in Miami!	en	[]	[]	[]	4	18	31	[]	[]	https://twitter.com/FrankieJGrande/status/413015435127177216	False		0								[]				
412817564981420032	412817564981420032	2013-12-17 14:32:31 KST	2013-12-17	14:32:31	+0900	20221159	jeremypiven	Jeremy Piven		American Airlines has loose lips and it took 12 hours to fly from NYC to LA, just had to let you know...	en	[]	[]	[]	73	42	111	[]	[]	https://twitter.com/jeremypiven/status/412817564981420032	False		0								[]				
412763419020767232	412763419020767232	2013-12-17 10:57:22 KST	2013-12-17	10:57:22	+0900	58913244	airlineflyer	Jason Rabinowitz		Fixed the @AmericanAir @USairways livery problem in MS Paint  http://t.co/pJLbEr1rrG	en	[{'screen_name': 'americanair', 'name': 'americanair', 'id': '22536055'}, {'screen_name': 'usairways', 'name': 'us airways', 'id': '78084813'}]	[]	['https://pbs.twimg.com/media/BbpuJHWCEAAm_9R.jpg']	12	5	9	[]	[]	https://twitter.com/AirlineFlyer/status/412763419020767232	False		1	https://pbs.twimg.com/media/BbpuJHWCEAAm_9R.jpg							[]				
412761569731547136	412754847981518848	2013-12-17 10:50:01 KST	2013-12-17	10:50:01	+0900	26886095	flylaxairport	LAX Airport		LA sunset! RT @Justindpilot: @LAX_Official what a sunset from The New American Airlines Admirals Club  http://t.co/t9SQG6qxe0	en	[{'screen_name': 'justindpilot', 'name': 'justin', 'id': '301500139'}, {'screen_name': 'lax_official', 'name': 'lax_official', 'id': '2548302720'}]	[]	['https://pbs.twimg.com/media/BbpmWOUCQAAx77a.jpg']	1	17	22	[]	[]	https://twitter.com/flyLAXairport/status/412761569731547136	False		1	https://pbs.twimg.com/media/BbpmWOUCQAAx77a.jpg							[]				
412718716917264384	412718716917264384	2013-12-17 07:59:44 KST	2013-12-17	07:59:44	+0900	24931027	joshmalina	(((Joshua Malina)))		Offer him your sushi. RT michaelianblack @americanair Also, Jeremy Piven is on my flight. What do I do?	en	[{'screen_name': 'americanair', 'name': 'americanair', 'id': '22536055'}]	[]	[]	2	8	20	[]	[]	https://twitter.com/JoshMalina/status/412718716917264384	False		0								[]				
412713066745180160	412712879910301696	2013-12-17 07:37:17 KST	2013-12-17	07:37:17	+0900	14529929	jaketapper	Jake Tapper		@michaelianblack @americanair dont subtweet. he's @jeremypiven	en	[{'screen_name': 'americanair', 'name': 'americanair', 'id': '22536055'}, {'screen_name': 'jeremypiven', 'name': 'jeremy piven', 'id': '20221159'}]	[]	[]	2	2	17	[]	[]	https://twitter.com/jaketapper/status/412713066745180160	False		0								[]				
412703590071799808	412701311944364032	2013-12-17 06:59:38 KST	2013-12-17	06:59:38	+0900	15108422	timheidecker	Join HEI Now		.@michaelianblack @americanairlines  have your agent get u my $25/tweet deal and make money while waiting around. you are famous enough!	en	[{'screen_name': 'michaelianblack', 'name': 'michael ian black', 'id': '21035409'}]	[]	[]	2	2	26	[]	[]	https://twitter.com/timheidecker/status/412703590071799808	False		0								[]				
412411004408967170	412411004408967170	2013-12-16 11:37:00 KST	2013-12-16	11:37:00	+0900	57841792	gavinfree	Gavin Free		Just earned Platinum status on American Airlines. 50,000 miles flown this year. Pretty mental.  http://t.co/E2akvV6UFf	en	[]	[]	['https://pbs.twimg.com/media/Bbktn5QCMAA6Bo8.jpg']	70	62	670	[]	[]	https://twitter.com/GavinFree/status/412411004408967170	False		1	https://pbs.twimg.com/media/Bbktn5QCMAA6Bo8.jpg							[]				
412383236409790464	412383236409790464	2013-12-16 09:46:39 KST	2013-12-16	09:46:39	+0900	71448442	adamarilopez	Adamari Lopez		Llegamooos @tonicosta4 , excelente fin de semana en PR.... Regresamos a tiempo @AmericanAir  Toca trabajar mañana!  http://t.co/cyHfInuDZC	es	[{'screen_name': 'tonicosta4', 'name': 'toni costa', 'id': '708113019910299648'}, {'screen_name': 'americanair', 'name': 'americanair', 'id': '22536055'}]	[]	['https://pbs.twimg.com/media/BbkUXlKIIAAGkZl.jpg']	38	41	217	[]	[]	https://twitter.com/AdamariLopez/status/412383236409790464	False		1	https://pbs.twimg.com/media/BbkUXlKIIAAGkZl.jpg							[]				
412298896514506752	412270326349721601	2013-12-16 04:11:31 KST	2013-12-16	04:11:31	+0900	21211181	jamiebower	Jamie Campbell Bower		@KevinZegers @piersmorgan @AmericanAir maybe they're hinting at something. Interpret at will. X	en	[{'screen_name': 'piersmorgan', 'name': 'piers morgan', 'id': '216299334'}, {'screen_name': 'americanair', 'name': 'americanair', 'id': '22536055'}]	[]	[]	24	254	514	[]	[]	https://twitter.com/Jamiebower/status/412298896514506752	False		0								[]				
411616859038162944	411616859038162944	2013-12-14 07:01:21 KST	2013-12-14	07:01:21	+0900	807095	nytimes	The New York Times		Cantor Fitzgerald Agrees to Settle 9/11 Lawsuit Against American Airlines  http://t.co/w2UumX8KP7	en	[]	['http://nyti.ms/JnLtun']	[]	5	31	30	[]	[]	https://twitter.com/nytimes/status/411616859038162944	False		0								[]				
411609305365086208	411609305365086208	2013-12-14 06:31:20 KST	2013-12-14	06:31:20	+0900	300351053	ariellekebbel	Arielle Kebbel		#americanairlines at 6am this am I wasn't  expecting  Xmas decorations, live circling train-n-all! Nice touch. ;)  http://t.co/qPu3QhAUSW	en	[]	[]	['https://pbs.twimg.com/media/BbZUe3WIAAEn6wo.jpg']	10	11	37	['americanairlines']	[]	https://twitter.com/ArielleKebbel/status/411609305365086208	False		1	https://pbs.twimg.com/media/BbZUe3WIAAEn6wo.jpg							[]				
411581560320581632	411581560320581632	2013-12-14 04:41:05 KST	2013-12-14	04:41:05	+0900	21414413	joan_rivers	Joan Rivers		"Thank you @AmericanAir Flight 10 for wrapping my steak ""to go"".  I have two very happy dogs.  And that makes me a very happy person!"	en	[{'screen_name': 'americanair', 'name': 'americanair', 'id': '22536055'}]	[]	[]	11	16	69	[]	[]	https://twitter.com/Joan_Rivers/status/411581560320581632	False		0								[]				
411509556707999744	411509556707999744	2013-12-13 23:54:58 KST	2013-12-13	23:54:58	+0900	17643283	kurtbraunohler	kurt braunohler		"Oh my god, American Airlines is actually playing an all piano cover of that song ""Radioactive"". I hope this plane goes down."	en	[]	[]	[]	6	6	37	[]	[]	https://twitter.com/kurtbraunohler/status/411509556707999744	False		0								[]				
411442106251882496	411442106251882496	2013-12-13 19:26:57 KST	2013-12-13	19:26:57	+0900	37964451	jamespurefoy	James Purefoy		Hello London. Mild and drizzling. Perfect. Thank you @AmericanAir for a lovely flight. As always.	en	[{'screen_name': 'americanair', 'name': 'americanair', 'id': '22536055'}]	[]	[]	18	12	43	[]	[]	https://twitter.com/JamesPurefoy/status/411442106251882496	False		0								[]				
411117868470636544	411117868470636544	2013-12-12 21:58:32 KST	2013-12-12	21:58:32	+0900	122499038	roncorning	ron corning		American Airlines' 'Snowball Express 1' is ready to board.  Happy Holidays to our service men and women.  http://t.co/5QzvqDe5pI	en	[]	[]	['https://pbs.twimg.com/media/BbSVhegCUAAFNdw.jpg']	0	6	12	[]	[]	https://twitter.com/roncorning/status/411117868470636544	False		1	https://pbs.twimg.com/media/BbSVhegCUAAFNdw.jpg							[]				
410898050429616128	410808795477340161	2013-12-12 07:25:04 KST	2013-12-12	07:25:04	+0900	154221292	casey	Casey Neistat		@JacksGap @MrBenBrown @AmericanAir this twitter thread is completely out of control	en	[{'screen_name': 'mrbenbrown', 'name': 'benjam', 'id': '178346346'}, {'screen_name': 'americanair', 'name': 'americanair', 'id': '22536055'}]	[]	[]	5	7	51	[]	[]	https://twitter.com/Casey/status/410898050429616128	False		0								[]				
410891986913492992	410808795477340161	2013-12-12 07:00:58 KST	2013-12-12	07:00:58	+0900	315919021	jackharries	Jackson Harries		@MrBenBrown @CaseyNeistat @AmericanAir oh goodness the power of twitter. I guess i'll pack my bags then shall I?	en	[{'screen_name': 'americanair', 'name': 'americanair', 'id': '22536055'}]	[]	[]	18	23	202	[]	[]	https://twitter.com/JackHarries/status/410891986913492992	False		0								[]				
410888830850715648	410808795477340161	2013-12-12 06:48:25 KST	2013-12-12	06:48:25	+0900	315919021	jackharries	Jackson Harries		@MrBenBrown fuck.. I'd love to. @CaseyNeistat reckon @AmericanAir will swing by London and pick me up?	en	[{'screen_name': 'americanair', 'name': 'americanair', 'id': '22536055'}]	[]	[]	15	18	143	[]	[]	https://twitter.com/JackHarries/status/410888830850715648	False		0								[]				
410863486713868288	410863486713868288	2013-12-12 05:07:43 KST	2013-12-12	05:07:43	+0900	785421720	blomquistrich	Rich Blomquist		.@AmericanAir Every time I press the magician button, you just send another stewardess. NOT COOL  http://t.co/f3WQ8EKVdk	en	[{'screen_name': 'americanair', 'name': 'americanair', 'id': '22536055'}]	[]	['https://pbs.twimg.com/media/BbOuKfxCUAAFMCu.jpg']	1	31	42	[]	[]	https://twitter.com/BlomquistRich/status/410863486713868288	False		1	https://pbs.twimg.com/media/BbOuKfxCUAAFMCu.jpg							[]				
410781623593226240	410781623593226240	2013-12-11 23:42:25 KST	2013-12-11	23:42:25	+0900	632340157	agreatbigworld	A Great Big World		"@SaraBareilles just landed in Raleigh, NC and American Airlines is playing a solo piano dentist office version of ""Brave"""	en	[]	[]	[]	1	4	12	[]	[]	https://twitter.com/AGreatBigWorld/status/410781623593226240	False		0								[]				
410612213238353921	410612213238353921	2013-12-11 12:29:15 KST	2013-12-11	12:29:15	+0900	14498484	nhlblackhawks	Chicago Blackhawks		Period 3 is on at the American Airlines Center! #CHIvsDAL	en	[]	[]	[]	3	25	64	['chivsdal']	[]	https://twitter.com/NHLBlackhawks/status/410612213238353921	False		0								[]				
410125958101078016	410125958101078016	2013-12-10 04:17:02 KST	2013-12-10	04:17:02	+0900	58913244	airlineflyer	Jason Rabinowitz		Dear @AmericanAir: Please save the @USAirways special liveries! #AvGeek  http://t.co/CdcR6Kn7ii	en	[{'screen_name': 'americanair', 'name': 'americanair', 'id': '22536055'}, {'screen_name': 'usairways', 'name': 'us airways', 'id': '78084813'}]	[]	['https://pbs.twimg.com/media/BbEPYr0IIAAmD3c.jpg']	6	8	11	['avgeek']	[]	https://twitter.com/AirlineFlyer/status/410125958101078016	False		1	https://pbs.twimg.com/media/BbEPYr0IIAAmD3c.jpg							[]				
410097371272736768	410097371272736768	2013-12-10 02:23:27 KST	2013-12-10	02:23:27	+0900	742143	bbcworld	BBC News (World)		American Airlines &amp; US Airways complete long-awaited merger to create world's biggest airline  http://t.co/vExfeweNVA #AAL	en	[]	['http://bbc.in/J7tY1p']	[]	9	136	24	['aal']	[]	https://twitter.com/BBCWorld/status/410097371272736768	False		0								[]				
410070043288817664	410070043288817664	2013-12-10 00:34:51 KST	2013-12-10	00:34:51	+0900	17033995	nasdaqtech	Nasdaq Tech		[VIDEO] of #NewAmerican on the #Nasdaq Tower in Times Square as @AmericanAir $AAL rings the #NASDAQ #OpeningBell!  https://t.co/Pm4z1Ix53a	en	[{'screen_name': 'americanair', 'name': 'americanair', 'id': '22536055'}]	['https://vine.co/v/hQgP5huYdTK']	[]	2	67	33	['newamerican', 'nasdaq', 'nasdaq', 'openingbell']	['aal']	https://twitter.com/NasdaqTech/status/410070043288817664	False		0								[]				
410065377180143616	410065377180143616	2013-12-10 00:16:19 KST	2013-12-10	00:16:19	+0900	20402945	cnbc	CNBC		American Airlines and U.S. Airways have completed their merger to become the nation's largest air carrier:  http://t.co/LoUJnTYAUv	en	[]	['http://cnb.cx/J70QHr']	[]	5	124	24	[]	[]	https://twitter.com/CNBC/status/410065377180143616	False		0								[]				
410060864012570625	410060864012570625	2013-12-09 23:58:23 KST	2013-12-09	23:58:23	+0900	122892911	cehudspeth	Christopher Hudspeth		"If American Airlines had a baby it'd starve because they'd be like ""Open wide for the plane--wait no, it'll be 16 more hours. Deal with it."""	en	[]	[]	[]	1	11	71	[]	[]	https://twitter.com/CEHudspeth/status/410060864012570625	False		0								[]				
410049520022872064	410049520022872064	2013-12-09 23:13:18 KST	2013-12-09	23:13:18	+0900	14173315	nbcnews	NBC News		American Airlines, US Airways announce completion of merger, creating the world's largest airline	en	[]	[]	[]	11	94	24	[]	[]	https://twitter.com/NBCNews/status/410049520022872064	False		0								[]				
410049082426937344	410049082426937344	2013-12-09 23:11:34 KST	2013-12-09	23:11:34	+0900	6017542	breakingnews	Breaking News		American Airlines, US Airways announce completion of merger, creating world's largest airline - @chicagotribune  http://t.co/n6qiLVx2dp	en	[{'screen_name': 'chicagotribune', 'name': 'chicago tribune', 'id': '7313362'}]	['http://trib.in/1iPw9X1']	[]	19	254	68	[]	[]	https://twitter.com/BreakingNews/status/410049082426937344	False		0								[]				
409847991441182720	409847991441182720	2013-12-09 09:52:30 KST	2013-12-09	09:52:30	+0900	17067902	karijobe	Kari Jobe		Finally got thru @AmericanAir ..poor guys..they're helping all us Dallas-ites! Nashville bound soon!	en	[{'screen_name': 'americanair', 'name': 'americanair', 'id': '22536055'}]	[]	[]	10	4	53	[]	[]	https://twitter.com/karijobe/status/409847991441182720	False		0								[]				
409799393978482688	409799393978482688	2013-12-09 06:39:23 KST	2013-12-09	06:39:23	+0900	17067902	karijobe	Kari Jobe		2nd canceled flight of the week..on hold with @AmericanAir for 55minutes. Dallas ice has been crazy.	en	[{'screen_name': 'americanair', 'name': 'americanair', 'id': '22536055'}]	[]	[]	11	4	48	[]	[]	https://twitter.com/karijobe/status/409799393978482688	False		0								[]				
409756512806899712	409756512806899712	2013-12-09 03:49:00 KST	2013-12-09	03:49:00	+0900	24024778	kalpenn	Kal Penn		.@AmericanAir Ew.  http://t.co/AS5kYwAyVd	und	[{'screen_name': 'americanair', 'name': 'americanair', 'id': '22536055'}]	[]	['https://pbs.twimg.com/media/Ba-_YJVCUAAcQ7i.jpg']	22	6	37	[]	[]	https://twitter.com/kalpenn/status/409756512806899712	False		1	https://pbs.twimg.com/media/Ba-_YJVCUAAcQ7i.jpg							[]				
409698825201127424	409698825201127424	2013-12-08 23:59:46 KST	2013-12-08	23:59:46	+0900	32876210	richardmarx	Richard Marx		Dear @AmericanAir ...Call Richard Branson. Whatever he suggests, do it. Just...do it. @VirginAmerica rules.	en	[{'screen_name': 'americanair', 'name': 'americanair', 'id': '22536055'}, {'screen_name': 'virginamerica', 'name': 'virgin america', 'id': '12101862'}]	[]	[]	4	10	20	[]	[]	https://twitter.com/richardmarx/status/409698825201127424	False		0								[]				
409439904335020032	409439904335020032	2013-12-08 06:50:54 KST	2013-12-08	06:50:54	+0900	7702542	dloesch	Dana Loesch		. @AmericanAir I have had it. Five cancelled flights and zero notifications. Stranded with a sick kid. Not awesome. Going Southwest.	en	[{'screen_name': 'americanair', 'name': 'americanair', 'id': '22536055'}]	[]	[]	22	15	21	[]	[]	https://twitter.com/DLoesch/status/409439904335020032	False		0								[]				
409379250035101696	409379250035101696	2013-12-08 02:49:53 KST	2013-12-08	02:49:53	+0900	350961525	williegarson	Willie Garson 🇺🇸		Try to speak to someone on the phone at @AmericanAir , I dare you, just try.....	en	[{'screen_name': 'americanair', 'name': 'americanair', 'id': '22536055'}]	[]	[]	8	5	15	[]	[]	https://twitter.com/WillieGarson/status/409379250035101696	False		0								[]				
409031586907455488	409031586907455488	2013-12-07 03:48:24 KST	2013-12-07	03:48:24	+0900	78377317	jaroficial	Jesus Adrian Romero		Ya aterrizamos en Miami.                           Ahora a la prueba de sonido, Hoy American Airlines Arena.	es	[]	[]	[]	18	16	46	[]	[]	https://twitter.com/jaroficial/status/409031586907455488	False		0								[]				
408996841997742080	408996841997742080	2013-12-07 01:30:20 KST	2013-12-07	01:30:20	+0900	15679641	dallasnews	Dallas Morning News		Kanye West show is still on at Dallas’ American Airlines Center (for now, anyway)  http://t.co/vIkZOdafxt @insideaacenter	en	[{'screen_name': 'insideaacenter', 'name': 'moved to @aacenter', 'id': '2694163878'}]	['http://d-news.co/rwlW7']	[]	6	28	9	[]	[]	https://twitter.com/dallasnews/status/408996841997742080	False		0								[]				
408988567474429952	408988567474429952	2013-12-07 00:57:27 KST	2013-12-07	00:57:27	+0900	154221292	casey	Casey Neistat		my flight to Dallas this afternoon was cancelled @AmericanAir calls me, let's me know and rebooks.  that's customer service	en	[{'screen_name': 'americanair', 'name': 'americanair', 'id': '22536055'}]	[]	[]	10	2	33	[]	[]	https://twitter.com/Casey/status/408988567474429952	False		0								[]				
408937978858205184	408937978858205184	2013-12-06 21:36:26 KST	2013-12-06	21:36:26	+0900	80655102	angelalessandra	Alessandra Ambrosio		Bom dia galera !! Quem quer uma carona? Rsrs #americanairlines   Good morning everyone! Who wants a ride?😉  http://t.co/zSM4FEoRiS	pt	[]	[]	['https://pbs.twimg.com/media/BazW7MrCAAAlJB9.jpg']	48	123	318	['americanairlines']	[]	https://twitter.com/AngelAlessandra/status/408937978858205184	False		1	https://pbs.twimg.com/media/BazW7MrCAAAlJB9.jpg							[]				
408385656327778304	408385656327778304	2013-12-05 09:01:42 KST	2013-12-05	09:01:42	+0900	17828988	arielhelwani	Ariel Helwani		Jon Jones vs. Glover Teixeira will go down on 3/15 in Dallas at the American Airlines Center, per Dana White. #ufctonight	en	[]	[]	[]	13	99	36	['ufctonight']	[]	https://twitter.com/arielhelwani/status/408385656327778304	False		0								[]				
408134263070941184	408134263070941184	2013-12-04 16:22:45 KST	2013-12-04	16:22:45	+0900	17243913	kim	🏝 Kim		"Airline agrees to in-flight hot tubs. You heard it here 1st. ""@AmericanAir: That's a pretty good idea, Kim! #jetsinthejets"""	en	[{'screen_name': 'americanair', 'name': 'americanair', 'id': '22536055'}]	[]	[]	8	4	13	['jetsinthejets']	[]	https://twitter.com/kim/status/408134263070941184	False		0								[]				
408061373353320448	408061373353320448	2013-12-04 11:33:07 KST	2013-12-04	11:33:07	+0900	462229611	ararmaher	Maher Arar		During yr I was disappeared in Syria American Airlines (which I flew on 2 JFK) stopped sending me email promotions. Resumed upon my return!	en	[]	[]	[]	5	76	26	[]	[]	https://twitter.com/ArarMaher/status/408061373353320448	False		0								[]				
408052954185228289	408052954185228289	2013-12-04 10:59:40 KST	2013-12-04	10:59:40	+0900	14222536	tyleroakley	🔴Live ttv/tytyoakley |		@AmericanAir Get rid of the piano instrumental versions of pop songs played after every landing or I simply can't fly with you ever again.	en	[]	[]	[]	5	17	102	[]	[]	https://twitter.com/tyleroakley/status/408052954185228289	False		0								[]				
407881823587692544	407881823587692544	2013-12-03 23:39:39 KST	2013-12-03	23:39:39	+0900	28534252	ianjamespoulter	Ian Poulter		Well @AmericanAir staff are so rude and dam right obnoxious #battleaxes #embarrassing	en	[{'screen_name': 'americanair', 'name': 'americanair', 'id': '22536055'}]	[]	[]	48	11	23	['battleaxes', 'embarrassing']	[]	https://twitter.com/IanJamesPoulter/status/407881823587692544	False		0								[]				
407881034995625984	407881034995625984	2013-12-03 23:36:31 KST	2013-12-03	23:36:31	+0900	28534252	ianjamespoulter	Ian Poulter		Well @AmericanAirlines crew so rude and dam right obnoxious. #Battleaxes #embarrassing	en	[]	[]	[]	36	17	21	['battleaxes', 'embarrassing']	[]	https://twitter.com/IanJamesPoulter/status/407881034995625984	False		0								[]				
407786964641792000	407786964641792000	2013-12-03 17:22:43 KST	2013-12-03	17:22:43	+0900	20344826	busyphilipps	Busy Philipps		Oh, @AmericanAir how did my bag not make it on ANY outgoing JFK/LAX flights tonight? It makes no sense! I was there like 2 hrs early!	en	[{'screen_name': 'americanair', 'name': 'americanair', 'id': '22536055'}]	[]	[]	6	0	22	[]	[]	https://twitter.com/BusyPhilipps/status/407786964641792000	False		0								[]				
407692448878829568	407692448878829568	2013-12-03 11:07:09 KST	2013-12-03	11:07:09	+0900	74062442	blumsteinmike	Michael Blumstein		Dallas you Ready!? @ American Airlines Center  http://t.co/s2Vy2CMcCj	en	[]	['http://instagram.com/p/hcS0rWTA0C/']	[]	21	67	134	[]	[]	https://twitter.com/blumsteinmike/status/407692448878829568	False		0								[]				
407638668472377345	407638668472377345	2013-12-03 07:33:26 KST	2013-12-03	07:33:26	+0900	32466494	1061kissfmdfw	106.1 KISS FM		Need a pair of tix for TONIGHT's #KISSJingleBall at the American Airlines Arena? You're in luck! We have a pair..stay tuned on how to win!	en	[]	[]	[]	4	5	15	['kissjingleball']	[]	https://twitter.com/1061KISSFMDFW/status/407638668472377345	False		0								[]				
407359532340236289	407359532340236289	2013-12-02 13:04:15 KST	2013-12-02	13:04:15	+0900	36391714	wiemeyer	Federico Wiemeyer		Hice café y me salió tan aguado que me siento viajando en American Airlines.	es	[]	[]	[]	10	19	32	[]	[]	https://twitter.com/wiemeyer/status/407359532340236289	False		0								[]				
407186867705364480	407186867705364480	2013-12-02 01:38:09 KST	2013-12-02	01:38:09	+0900	37964451	jamespurefoy	James Purefoy		This is coming from AA101 35,000 feet up. #wonderswillnevercease. @AmericanAir	en	[{'screen_name': 'americanair', 'name': 'americanair', 'id': '22536055'}]	[]	[]	18	5	32	['wonderswillnevercease']	[]	https://twitter.com/JamesPurefoy/status/407186867705364480	False		0								[]				
406980262421991424	404683662358491137	2013-12-01 11:57:10 KST	2013-12-01	11:57:10	+0900	17276320	brettsbaker	Brett Baker		Ummm... Do you know @KateUpton? I'd like her phone number. “@AmericanAir: @brettsbaker Brett, how can we help you this evening?”	en	[{'screen_name': 'kateupton', 'name': 'kate upton', 'id': '205915163'}, {'screen_name': 'americanair', 'name': 'americanair', 'id': '22536055'}, {'screen_name': 'brettsbaker', 'name': 'brett baker', 'id': '17276320'}]	[]	[]	1	4	20	[]	[]	https://twitter.com/BrettSBaker/status/406980262421991424	False		0								[]				
