id	conversation_id	created_at	date	time	timezone	user_id	username	name	place	tweet	language	mentions	urls	photos	replies_count	retweets_count	likes_count	hashtags	cashtags	link	retweet	quote_url	video	thumbnail	near	geo	source	user_rt_id	user_rt	retweet_id	reply_to	retweet_date	translate	trans_src	trans_dest
296497227201904640	296497227201904640	2013-01-30 14:57:02 KST	2013-01-30	14:57:02	+0900	22988916	danlevy	Dan Levy		It's cool American Airlines got a new logo, but I think they should concentrate on getting new planes first.	en	[]	[]	[]	1	7	14	[]	[]	https://twitter.com/danlevy/status/296497227201904640	False		0								[]				
296455823125794816	296455823125794816	2013-01-30 12:12:30 KST	2013-01-30	12:12:30	+0900	125128420	jermichaelf88	Jermichael Finley		Scottsdale is calling my Name. #AmericanAirlines	en	[]	[]	[]	19	6	16	['americanairlines']	[]	https://twitter.com/JermichaelF88/status/296455823125794816	False		0								[]				
296409698947702784	296409698947702784	2013-01-30 09:09:13 KST	2013-01-30	09:09:13	+0900	19743731	alfredoflores	Alfredo Flores		Donna on @AmericanAir flight 1793 was one of the most rude flight attendants I have ever met. Sad. Hoping her day gets better.	en	[{'screen_name': 'americanair', 'name': 'americanair', 'id': '22536055'}]	[]	[]	651	1193	991	[]	[]	https://twitter.com/AlfredoFlores/status/296409698947702784	False		0								[]				
295691339377553408	295691339377553408	2013-01-28 09:34:43 KST	2013-01-28	09:34:43	+0900	22386817	michaelbierut	Michael Bierut		"""Talking about fixing what wasn't broken."" Paul Goldberger on the American Airlines redesign  http://t.co/qWAsBXjJ"	en	[]	['http://www.vanityfair.com/online/daily/2013/01/analyzing-american-airlines-disastrous-redesign']	[]	3	17	11	[]	[]	https://twitter.com/michaelbierut/status/295691339377553408	False		0								[]				
295607299488227328	295607299488227328	2013-01-28 04:00:10 KST	2013-01-28	04:00:10	+0900	22548403	tomfelton	Tom Felton		"Surely American Airlines slogan has the be one of the worst and funniest.  ""We know why you fly""  Like its a secret?! Wanna get somewhere!x"	en	[]	[]	[]	192	1322	1272	[]	[]	https://twitter.com/TomFelton/status/295607299488227328	False		0								[]				
295318958666563584	295318958666563584	2013-01-27 08:55:01 KST	2013-01-27	08:55:01	+0900	29839182	thisiswatt	WATT		Tnite we play American Airlines Arena, MIAMI!!!	en	[]	[]	[]	4	9	16	[]	[]	https://twitter.com/thisiswatt/status/295318958666563584	False		0								[]				
295298057673797632	295298057673797632	2013-01-27 07:31:57 KST	2013-01-27	07:31:57	+0900	79650494	codysimpson	Cody Simpson		chill day in Miami. on stage at the American Airlines Arena in 2 hours. tonight's gonna be a party	en	[]	[]	[]	539	1731	1880	[]	[]	https://twitter.com/CodySimpson/status/295298057673797632	False		0								[]				
295255134370414592	295255134370414592	2013-01-27 04:41:24 KST	2013-01-27	04:41:24	+0900	21622407	dankanter	Dan Kanter		Backstage at American Airlines Arena in Miami.  http://t.co/qO9MMBrJ	en	[]	['http://instagr.am/p/U9YWatphSM/']	[]	41	222	208	[]	[]	https://twitter.com/dankanter/status/295255134370414592	False		0								[]				
294972981787099136	294972981787099136	2013-01-26 10:00:13 KST	2013-01-26	10:00:13	+0900	34940839	y100miami	Y100 Miami		Who’s excited to see @justinbieber live at the American Airlines Arena this weekend!  http://t.co/7fzfHKZN	en	[{'screen_name': 'justinbieber', 'name': 'justin bieber', 'id': '27260086'}]	['http://v.iheart.com/1qOC']	[]	12	29	17	[]	[]	https://twitter.com/Y100MIAMI/status/294972981787099136	False		0								[]				
294449678068625408	294449678068625408	2013-01-24 23:20:48 KST	2013-01-24	23:20:48	+0900	14202817	scalzi	John Scalzi		Dear @americanair: The smooth jazz playing at your LAX gates demeans us both.	en	[{'screen_name': 'americanair', 'name': 'americanair', 'id': '22536055'}]	[]	[]	10	9	13	[]	[]	https://twitter.com/scalzi/status/294449678068625408	False		0								[]				
294125231101050880	294125231101050880	2013-01-24 01:51:34 KST	2013-01-24	01:51:34	+0900	158865339	fastcodesign	Co.Design		American Airlines Rebrands Itself, And America Along With It  http://t.co/FCuC4QPr	en	[]	['http://trib.al/iU9cLgu']	[]	3	68	32	[]	[]	https://twitter.com/FastCoDesign/status/294125231101050880	False		0								[]				
293895172054466560	293895172054466560	2013-01-23 10:37:23 KST	2013-01-23	10:37:23	+0900	2735591	fastcompany	Fast Company		American Airlines Rebrands Itself, And America Along With It  http://t.co/dnwkNqUn	en	[]	['http://trib.al/5iWbfib']	[]	5	56	32	[]	[]	https://twitter.com/FastCompany/status/293895172054466560	False		0								[]				
293742445043273728	293742445043273728	2013-01-23 00:30:31 KST	2013-01-23	00:30:31	+0900	158865339	fastcodesign	Co.Design		American Airlines has just rebranded for the first time in over 40 years:  http://t.co/SWjNj3Vw  http://t.co/ajY1Auhw	en	[]	['http://trib.al/7uu9SYk']	['https://pbs.twimg.com/media/BBOVMo0CUAArQqH.jpg']	8	101	36	[]	[]	https://twitter.com/FastCoDesign/status/293742445043273728	False		1	https://pbs.twimg.com/media/BBOVMo0CUAArQqH.jpg							[]				
293725571500875776	293725571500875776	2013-01-22 23:23:28 KST	2013-01-22	23:23:28	+0900	2735591	fastcompany	Fast Company		American Airlines has just rebranded for the first time in over 40 years:  http://t.co/eUVMtjc6  http://t.co/04oHsyVB	en	[]	['http://trib.al/vS7lSWI']	['https://pbs.twimg.com/media/BBOF2d9CIAE5YOv.jpg']	10	103	20	[]	[]	https://twitter.com/FastCompany/status/293725571500875776	False		1	https://pbs.twimg.com/media/BBOF2d9CIAE5YOv.jpg							[]				
293718108823252992	293718108823252992	2013-01-22 22:53:48 KST	2013-01-22	22:53:48	+0900	158865339	fastcodesign	Co.Design		What is the American Airlines brand today? To answer that question, AA first asked, What is America?  http://t.co/1ULWUNOz	en	[]	['http://trib.al/omTzxed']	[]	1	32	34	[]	[]	https://twitter.com/FastCoDesign/status/293718108823252992	False		0								[]				
293461756863475712	293461756863475712	2013-01-22 05:55:09 KST	2013-01-22	05:55:09	+0900	294180303	nbcsmash	Smash		One grand prize winner will be treated to first class travel provided by @AmericanAir to meet the #Smash cast!  http://t.co/uCGyqS66	en	[{'screen_name': 'americanair', 'name': 'americanair', 'id': '22536055'}]	['http://on.fb.me/11540jb']	[]	7	15	18	['smash']	[]	https://twitter.com/NBCSmash/status/293461756863475712	False		0								[]				
293451206263717888	293451206263717888	2013-01-22 05:13:14 KST	2013-01-22	05:13:14	+0900	80195741	cadygroves	cady groves		It's my belief that Toby Keith Is the pilot on EVERY American Airlines flight.	en	[]	[]	[]	1	10	20	[]	[]	https://twitter.com/cadygroves/status/293451206263717888	False		0								[]				
293392560829902849	293392560829902849	2013-01-22 01:20:12 KST	2013-01-22	01:20:12	+0900	9207632	brainpicker	Maria Popova		"""Somebody started to do logos and people started thinking that logos were important."" Massimo Vignelli on @AmericanAir  http://t.co/gTsrUWBl"	en	[{'screen_name': 'americanair', 'name': 'americanair', 'id': '22536055'}]	['http://j.mp/10gTAtw']	[]	0	21	16	[]	[]	https://twitter.com/brainpicker/status/293392560829902849	False		0								[]				
293025225329750016	293025225329750016	2013-01-21 01:00:32 KST	2013-01-21	01:00:32	+0900	151739057	realjoeyfatone	Joey Fatone		Not only did @AmericanAir cancel my flight &amp; I was in first class they book me on a new flight but look at my name!lol  http://t.co/AQ3IuSmv	en	[{'screen_name': 'americanair', 'name': 'americanair', 'id': '22536055'}]	[]	['https://pbs.twimg.com/media/BBEI49KCMAIduZ3.jpg']	45	5	25	[]	[]	https://twitter.com/realjoeyfatone/status/293025225329750016	False		1	https://pbs.twimg.com/media/BBEI49KCMAIduZ3.jpg							[]				
292617013166239744	292617013166239744	2013-01-19 21:58:27 KST	2013-01-19	21:58:27	+0900	14614833	passagensaereas	Melhores Destinos		American Airlines faz promoção para Japão e China a partir de R$2.013  http://t.co/BhSeZB8L	pt	[]	['http://ow.ly/gX7wI']	[]	0	15	9	[]	[]	https://twitter.com/passagensaereas/status/292617013166239744	False		0								[]				
292540056491663360	292540056491663360	2013-01-19 16:52:39 KST	2013-01-19	16:52:39	+0900	9534522	pogue	David Pogue		The new American Airlines logo is so good--a triple pun. It's an eagle, an airplane tail, AND the letter A...   http://t.co/NaMaYAoD	en	[]	['http://lockerz.com/s/277903056']	[]	34	54	19	[]	[]	https://twitter.com/Pogue/status/292540056491663360	False		0								[]				
292456619885879296	292456619885879296	2013-01-19 11:21:06 KST	2013-01-19	11:21:06	+0900	9207632	brainpicker	Maria Popova		"""It has no sense of permanence."" Iconic designer Massimo Vignelli ( http://t.co/Xc80vAVw) on the new @AmericanAir logo  http://t.co/iriwtMry"	en	[{'screen_name': 'americanair', 'name': 'americanair', 'id': '22536055'}]	['http://j.mp/11j28oR', 'http://j.mp/10FQipM']	[]	0	24	16	[]	[]	https://twitter.com/brainpicker/status/292456619885879296	False		0								[]				
292443082912317441	292443082912317441	2013-01-19 10:27:18 KST	2013-01-19	10:27:18	+0900	24916429	gary_hustwit	Gary Hustwit		Q&amp;A with Massimo Vignelli on the @AmericanAir re-design:  http://t.co/KHVbSm5J	en	[{'screen_name': 'americanair', 'name': 'americanair', 'id': '22536055'}]	['http://www.businessweek.com/articles/2013-01-18/q-and-a-original-american-airlines-designer-massimo-vignelli-on-the-redesigned-logo']	[]	3	62	24	[]	[]	https://twitter.com/gary_hustwit/status/292443082912317441	False		0								[]				
292433362294038528	292433362294038528	2013-01-19 09:48:41 KST	2013-01-19	09:48:41	+0900	5988062	theeconomist	The Economist		Baggage fees help American airlines to survive in a competitive industry. Without them fares would undoubtedly rise  http://t.co/31H2CIjW	en	[]	['http://econ.st/VbjkuP']	[]	14	81	23	[]	[]	https://twitter.com/TheEconomist/status/292433362294038528	False		0								[]				
292303333786525696	292303333786525696	2013-01-19 01:12:00 KST	2013-01-19	01:12:00	+0900	22562425	chanelwestcoast	Chanel		Flying first class on American Airlines is basically like flying coach on any other good airline lol #americansucks	en	[]	[]	[]	37	37	42	['americansucks']	[]	https://twitter.com/chanelwestcoast/status/292303333786525696	False		0								[]				
292150834542809088	292150834542809088	2013-01-18 15:06:01 KST	2013-01-18	15:06:01	+0900	972651	mashable	Mashable		American Airlines Has a Brand New Look -  http://t.co/kzct7zpg	en	[]	['http://on.mash.to/Vai37n']	[]	8	67	12	[]	[]	https://twitter.com/mashable/status/292150834542809088	False		0								[]				
292039856782180352	292039856782180352	2013-01-18 07:45:02 KST	2013-01-18	07:45:02	+0900	18997933	paulapoundstone	Paula Poundstone		American Airlines unveiled the new logo they put on their plane's tails, and yet, I still feel empty.	en	[]	[]	[]	2	16	11	[]	[]	https://twitter.com/paulapoundstone/status/292039856782180352	False		0								[]				
292039069414875137	292039069414875137	2013-01-18 07:41:54 KST	2013-01-18	07:41:54	+0900	18997933	paulapoundstone	Paula Poundstone		American Airlines unveiled a new logo. If they'll put 2 people at the customer service desk when they cancel a flight, we'll be all set.	en	[]	[]	[]	5	26	10	[]	[]	https://twitter.com/paulapoundstone/status/292039069414875137	False		0								[]				
292000737339269121	292000737339269121	2013-01-18 05:09:35 KST	2013-01-18	05:09:35	+0900	14204287	jkolko	Jon Kolko		Why is American Airlines making their logo better, instead of making flying suck less?	en	[]	[]	[]	6	39	13	[]	[]	https://twitter.com/jkolko/status/292000737339269121	False		0								[]				
291944814210068480	291944814210068480	2013-01-18 01:27:22 KST	2013-01-18	01:27:22	+0900	2890961	gizmodo	Gizmodo		A glimpse at the new American Airlines and its techie future  http://t.co/WrtzJ8Bu	en	[]	['http://gizmo.do/aZOXzvo']	[]	0	24	14	[]	[]	https://twitter.com/Gizmodo/status/291944814210068480	False		0								[]				
290630975220756481	290630975220756481	2013-01-14 10:26:38 KST	2013-01-14	10:26:38	+0900	14614833	passagensaereas	Melhores Destinos		TAM e American Airlines têm passagens para os Estados Unidos a partir de R$ 1.218 ida+volta  http://t.co/P7g8uJsK	pt	[]	['http://voo.la/c13I']	[]	2	47	23	[]	[]	https://twitter.com/passagensaereas/status/290630975220756481	False		0								[]				
290454165702983680	290454165702983680	2013-01-13 22:44:04 KST	2013-01-13	22:44:04	+0900	14327683	bartmillard	Bart Millard		When @AmericanAir surprises you with an upgrade, you know it's gonna be a good day. Heck my jokes are even funnier!  http://t.co/xaGCpBhy	en	[{'screen_name': 'americanair', 'name': 'americanair', 'id': '22536055'}]	[]	['https://pbs.twimg.com/media/BAfmhlrCQAAv6C9.jpg']	7	3	30	[]	[]	https://twitter.com/BartMillard/status/290454165702983680	False		1	https://pbs.twimg.com/media/BAfmhlrCQAAv6C9.jpg							[]				
289788198727581696	289788198727581696	2013-01-12 02:37:45 KST	2013-01-12	02:37:45	+0900	14614833	passagensaereas	Melhores Destinos		American Airlines faz promoção de passagens para os Estados Unidos a partir de R$ 1.158 (ida e volta)  http://t.co/8xhA1oXx	pt	[]	['http://ow.ly/gJLif']	[]	1	31	9	[]	[]	https://twitter.com/passagensaereas/status/289788198727581696	False		0								[]				
289545298848665601	289545298848665601	2013-01-11 10:32:33 KST	2013-01-11	10:32:33	+0900	14614833	passagensaereas	Melhores Destinos		Promoção na American Airlines: Passagens para os Estados Unidos a partir de R$ 1.325 (ida e volta)  http://t.co/WwPgPqmU	pt	[]	['http://voo.la/e10N']	[]	1	60	20	[]	[]	https://twitter.com/passagensaereas/status/289545298848665601	False		0								[]				
289529247918325760	289529247918325760	2013-01-11 09:28:46 KST	2013-01-11	09:28:46	+0900	342770193	alancumming	Alan  Cumming		Who is excited to see what my @Americanair vegan meal looks like? At least it's on board this time which is a good start! Stay tuned!	en	[{'screen_name': 'americanair', 'name': 'americanair', 'id': '22536055'}]	[]	[]	20	5	20	[]	[]	https://twitter.com/Alancumming/status/289529247918325760	False		0								[]				
288768330666483712	288768330666483712	2013-01-09 07:05:09 KST	2013-01-09	07:05:09	+0900	14681605	thatkevinsmith	KevinSmith		Unlike Humpty Dumpty, @AmericanAir put me &amp; my bag back together again. Thank you Michelle in Tucson and Veronica, the AA Social Media rep.	en	[{'screen_name': 'americanair', 'name': 'americanair', 'id': '22536055'}]	[]	[]	15	10	19	[]	[]	https://twitter.com/ThatKevinSmith/status/288768330666483712	False		0								[]				
288519329530654720	288519329530654720	2013-01-08 14:35:43 KST	2013-01-08	14:35:43	+0900	18454999	allisonkaye	Allison K Scarinzi		So sad how @americanair went from being my most favorite airline to the worst out there. 30 minutes and no bags #notok	en	[{'screen_name': 'americanair', 'name': 'americanair', 'id': '22536055'}]	[]	[]	21	28	40	['notok']	[]	https://twitter.com/AllisonKaye/status/288519329530654720	False		0								[]				
288398271121088515	288398271121088515	2013-01-08 06:34:40 KST	2013-01-08	06:34:40	+0900	14681605	thatkevinsmith	KevinSmith		Dear @AmericanAir: You've lost my bag. When I call your hotline, a message informs me you still haven't found it. You're failing colossally.	en	[{'screen_name': 'americanair', 'name': 'americanair', 'id': '22536055'}]	[]	[]	126	31	27	[]	[]	https://twitter.com/ThatKevinSmith/status/288398271121088515	False		0								[]				
288304566913597440	288304566913597440	2013-01-08 00:22:20 KST	2013-01-08	00:22:20	+0900	207784631	jontronshow	JonTron		Sandwich hands man.  Complementary of the American Airlines Food Menu. #willthisfuckingplanetakeoffalready  http://t.co/uoKVwHQT	en	[]	[]	['https://pbs.twimg.com/media/BABDeeKCAAAo2xy.jpg']	34	75	136	['willthisfuckingplanetakeoffalready']	[]	https://twitter.com/JonTronShow/status/288304566913597440	False		1	https://pbs.twimg.com/media/BABDeeKCAAAo2xy.jpg							[]				
287657305489690624	287657305489690624	2013-01-06 05:30:20 KST	2013-01-06	05:30:20	+0900	24964967	simonrex	Simon Rex - #1 Daddy With No Kids 🤠		Middle seat on American Airlines with a white baby directly behind me crying and kicking my seat. Pretty sweet. I hate white babies.	en	[]	[]	[]	13	28	31	[]	[]	https://twitter.com/SimonRex/status/287657305489690624	False		0								[]				
287360446263091200	287360446263091200	2013-01-05 09:50:43 KST	2013-01-05	09:50:43	+0900	125257151	altairjoficial	Altair Jarabo		"""¿¡ Por que esforzarse en dar un buen servicio si puedes hacerlo con flojera, con caras y de mala gana?!"" -American Airlines"	es	[]	[]	[]	27	40	21	[]	[]	https://twitter.com/altairJoficial/status/287360446263091200	False		0								[]				
287091163142422528	287091163142422528	2013-01-04 16:00:41 KST	2013-01-04	16:00:41	+0900	108538006	1loganhenderson	L̶O̶G̶A̶N̶		Hey @AmericanAir just wanted to say......THANKS FOR FIXING EVERYTHING!!!	en	[{'screen_name': 'americanair', 'name': 'americanair', 'id': '22536055'}]	[]	[]	468	2131	1750	[]	[]	https://twitter.com/1LoganHenderson/status/287091163142422528	False		0								[]				
286894965756420099	286894965756420099	2013-01-04 03:01:04 KST	2013-01-04	03:01:04	+0900	294180303	nbcsmash	Smash		Want to live like a star in New York City? @AmericanAir is flying one lucky winner to NYC to meet the #Smash cast!  http://t.co/uCGyqS66	en	[{'screen_name': 'americanair', 'name': 'americanair', 'id': '22536055'}]	['http://on.fb.me/11540jb']	[]	5	16	16	['smash']	[]	https://twitter.com/NBCSmash/status/286894965756420099	False		0								[]				
286840435970830337	286840435970830337	2013-01-03 23:24:23 KST	2013-01-03	23:24:23	+0900	34176543	thepointsguy	The Points Guy		Oneworld Round The World Tickets Using American Airlines – The Basics  http://t.co/VthaUtpu	en	[]	['http://bit.ly/X32N8X']	[]	2	0	12	[]	[]	https://twitter.com/thepointsguy/status/286840435970830337	False		0								[]				
286812539738804224	286812539738804224	2013-01-03 21:33:32 KST	2013-01-03	21:33:32	+0900	342770193	alancumming	Alan  Cumming		Vegan alert! My meal on my @united flight last night was delish! It was curry and chapati! And it was actually on board.   NB @americanair	en	[{'screen_name': 'united', 'name': 'united airlines', 'id': '260907612'}, {'screen_name': 'americanair', 'name': 'americanair', 'id': '22536055'}]	[]	[]	14	4	16	[]	[]	https://twitter.com/Alancumming/status/286812539738804224	False		0								[]				
286760316321275905	286760316321275905	2013-01-03 18:06:01 KST	2013-01-03	18:06:01	+0900	23027237	nickkroll	nick kroll		Hey @americanair! You'd be michael phelps if gold medals = losing my bags.	en	[{'screen_name': 'americanair', 'name': 'americanair', 'id': '22536055'}]	[]	[]	6	33	47	[]	[]	https://twitter.com/nickkroll/status/286760316321275905	False		0								[]				
286632557137760257	286632557137760257	2013-01-03 09:38:21 KST	2013-01-03	09:38:21	+0900	14614833	passagensaereas	Melhores Destinos		Vamos pro EUA! American Airlines e TAM tem passagens para os EUA por 20 mil pontos.  http://t.co/Kk1JhVJs	pt	[]	['http://ow.ly/gtF49']	[]	4	37	25	[]	[]	https://twitter.com/passagensaereas/status/286632557137760257	False		0								[]				
286459606664888320	286459606664888320	2013-01-02 22:11:07 KST	2013-01-02	22:11:07	+0900	14614833	passagensaereas	Melhores Destinos		American Airlines e TAM tem passagens para os EUA por 20 mil pontos  http://t.co/Kk1JhVJs	pt	[]	['http://ow.ly/gtF49']	[]	4	46	15	[]	[]	https://twitter.com/passagensaereas/status/286459606664888320	False		0								[]				
